age,workclass,fnlwgt,education,education-num,marital-status,occupation,relationship,race,sex,capital-gain,capital-loss,hours-per-week,native-country,__target__
31,Private,204442,HS-grad,9,Never-married,Handlers-cleaners,Not-in-family,Black,Male,6,0,40,United-States,0
36,Private,246348,Bachelors,13,Never-married,Prof-specialty,Not-in-family,White,Female,-9,0,40,United-States,0
34,Private,389933,Assoc-acdm,13,Married-civ-spouse,Protective-serv,Husband,White,Male,9,0,40,United-States,0
33,Federal-gov,208023,Bachelors,13,Never-married,Adm-clerical,Not-in-family,White,Male,17,1,40,United-States,0
21,Private,643519,Some-college,10,Never-married,Tech-support,Own-child,White,Female,1,1,31,United-States,0
53,Private,210150,Some-college,10,Married-civ-spouse,Adm-clerical,Wife,Black,Female,19,0,40,Mexico,0
27,Private,120736,HS-grad,9,Never-married,Machine-op-inspct,Not-in-family,White,Male,4,0,40,United-States,0
39,Private,183547,Some-college,9,Divorced,Other-service,Not-in-family,White,Female,7,-1,40,United-States,0
46,Private,255767,HS-grad,9,Divorced,Craft-repair,Not-in-family,White,Female,12,0,40,United-States,0
43,Private,201558,Bachelors,13,Never-married,Other-service,Not-in-family,White,Female,3,0,31,United-States,0
61,Local-gov,228382,Assoc-voc,11,Married-civ-spouse,Prof-specialty,Husband,White,Male,34,0,60,United-States,1
33,Private,102049,Some-college,10,Married-civ-spouse,Craft-repair,Husband,Asian-Pac-Islander,Male,9,1,40,Philippines,0
29,Private,129615,Bachelors,13,Never-married,Exec-managerial,Own-child,White,Male,10,1,58,United-States,0
34,Private,220923,HS-grad,9,Separated,Machine-op-inspct,Not-in-family,White,Female,18,-1,40,Laos,0
43,Private,165587,10th,6,Married-civ-spouse,Protective-serv,Husband,White,Male,-9,0,40,United-States,0
48,Private,200815,Some-college,10,Separated,Adm-clerical,Unmarried,White,Female,20,1,40,United-States,0
25,Private,304648,HS-grad,9,Never-married,Other-service,Unmarried,Black,Female,31,0,31,United-States,0
36,Private,172066,Bachelors,13,Married-civ-spouse,Prof-specialty,Husband,White,Male,-6,0,40,United-States,1
56,Private,223572,7th-8th,3,Married-civ-spouse,Other-service,Wife,Black,Female,15,-1,40,Puerto-Rico,0
50,Self-emp-inc,61039,Doctorate,14,Married-civ-spouse,Prof-specialty,Husband,White,Male,4475,2047,58,England,0
32,Private,249750,HS-grad,9,Married-civ-spouse,Transport-moving,Husband,White,Male,-3,0,49,United-States,0
56,Private,261118,10th,6,Married-civ-spouse,Craft-repair,Husband,Black,Male,25,1,40,United-States,0
40,Private,43742,HS-grad,9,Divorced,Other-service,Not-in-family,White,Female,11,-1,40,United-States,0
21,?,198469,Some-college,10,Never-married,?,Not-in-family,White,Male,2,0,40,United-States,0
44,State-gov,196350,Doctorate,16,Married-civ-spouse,Prof-specialty,Husband,White,Male,-10,0,49,Honduras,1
28,Private,150192,HS-grad,9,Never-married,Prof-specialty,Own-child,White,Female,18,0,40,El-Salvador,0
30,Local-gov,224019,HS-grad,9,Married-civ-spouse,Other-service,Husband,White,Female,19,0,50,United-States,0
32,Private,444325,HS-grad,9,Married-civ-spouse,Machine-op-inspct,Husband,White,Male,16,0,50,Mexico,1
34,Private,185764,Assoc-voc,7,Married-civ-spouse,?,Wife,Black,Female,7,0,13,United-States,0
32,Private,222972,Bachelors,13,Married-civ-spouse,Prof-specialty,Husband,White,Male,2,1,58,United-States,0
40,Private,250258,HS-grad,9,Married-civ-spouse,Exec-managerial,Husband,White,Male,-11,0,40,United-States,0
52,Private,204885,Preschool,1,Married-spouse-absent,Machine-op-inspct,Unmarried,White,Female,2,0,40,El-Salvador,0
45,Without-pay,200912,Bachelors,13,Married-civ-spouse,Prof-specialty,Husband,White,Male,7,0,30,United-States,0
44,Private,652660,HS-grad,9,Married-civ-spouse,Craft-repair,Husband,Black,Male,4,-1,40,United-States,1
22,Private,234816,11th,7,Divorced,Tech-support,Unmarried,Other,Female,-4,0,40,England,0
39,State-gov,334017,Assoc-acdm,13,Married-civ-spouse,Armed-Forces,Husband,White,Male,4009,2196,40,United-States,0
38,Private,266195,Some-college,10,Never-married,Handlers-cleaners,Not-in-family,White,Male,2,-1,30,United-States,0
39,Private,111593,Assoc-voc,11,Married-civ-spouse,Tech-support,Wife,White,Male,31,0,40,United-States,0
34,Private,204075,HS-grad,9,Married-civ-spouse,Transport-moving,Husband,White,Male,8,0,40,United-States,0
33,State-gov,256851,HS-grad,13,Never-married,Exec-managerial,Not-in-family,White,Male,24,0,40,United-States,0
42,Private,130982,7th-8th,9,Married-civ-spouse,Sales,Husband,Asian-Pac-Islander,Male,23,0,40,Haiti,0
55,Local-gov,257911,Prof-school,15,Never-married,Prof-specialty,Not-in-family,White,Male,15358,-1,60,United-States,1
33,Private,183997,Bachelors,13,Married-spouse-absent,Prof-specialty,Not-in-family,Asian-Pac-Islander,Male,33,0,40,South,0
27,Private,226432,HS-grad,9,Never-married,Adm-clerical,Not-in-family,White,Female,2,0,40,Yugoslavia,0
28,Private,180927,Masters,14,Never-married,Prof-specialty,Not-in-family,White,Male,20,0,50,United-States,0
21,Private,74082,12th,8,Never-married,Handlers-cleaners,Own-child,Black,Male,18,-2,14,United-States,0
24,State-gov,181177,Some-college,10,Never-married,Prof-specialty,Not-in-family,White,Female,13,1,51,Germany,1
32,Private,149659,Bachelors,13,Married-civ-spouse,Adm-clerical,Not-in-family,White,Male,27,-1,40,United-States,0
56,Self-emp-not-inc,145964,Some-college,10,Married-civ-spouse,Tech-support,Husband,White,Male,26,1857,56,United-States,0
25,Private,293349,Assoc-voc,11,Married-civ-spouse,Exec-managerial,Wife,White,Male,13,0,40,United-States,1
53,Private,103314,Some-college,10,Married-civ-spouse,Craft-repair,Husband,White,Male,2,0,49,United-States,0
28,Private,290168,HS-grad,4,Married-civ-spouse,Other-service,Wife,White,Female,8,0,13,Ecuador,0
27,Self-emp-inc,175625,Bachelors,13,Married-civ-spouse,Exec-managerial,Husband,White,Male,7967,0,56,United-States,0
26,Private,187887,HS-grad,9,Never-married,Adm-clerical,Own-child,White,Female,-6,0,37,United-States,0
31,?,453677,HS-grad,9,Married-civ-spouse,?,Other-relative,White,Male,-15,0,40,United-States,0
39,Private,224676,HS-grad,9,Married-civ-spouse,Craft-repair,Husband,White,Male,0,0,50,United-States,0
41,Private,130677,Masters,14,Married-civ-spouse,Exec-managerial,Husband,White,Male,29,1,50,United-States,0
61,?,106104,Some-college,10,Never-married,?,Not-in-family,White,Male,20,0,11,United-States,0
20,Private,189195,HS-grad,9,Never-married,Other-service,Not-in-family,Black,Female,-25,0,40,United-States,0
47,Private,140744,Masters,14,Married-civ-spouse,Prof-specialty,Husband,White,Male,22,1,45,United-States,1
20,Private,198512,HS-grad,9,Married-civ-spouse,?,Other-relative,White,Male,-12,1799,40,United-States,0
33,Private,296112,HS-grad,9,Married-civ-spouse,Prof-specialty,Other-relative,White,Female,13,0,36,United-States,0
44,Self-emp-not-inc,260608,HS-grad,9,Widowed,Tech-support,Not-in-family,White,Male,12,0,50,United-States,0
39,Private,266374,Masters,14,Married-civ-spouse,Adm-clerical,Wife,Black,Female,7833,0,40,United-States,1
67,Private,216335,HS-grad,9,Married-civ-spouse,Transport-moving,Husband,White,Male,-12,0,50,United-States,0
23,Federal-gov,289526,Some-college,10,Never-married,Prof-specialty,Husband,White,Male,8047,0,58,United-States,0
31,Private,191702,Some-college,10,Married-civ-spouse,Exec-managerial,Husband,White,Male,20,1,40,United-States,1
48,Self-emp-inc,103523,Prof-school,15,Married-civ-spouse,Prof-specialty,Husband,Asian-Pac-Islander,Male,35,0,55,United-States,1
41,Private,206564,Some-college,10,Divorced,Adm-clerical,Not-in-family,White,Female,-15,0,44,United-States,0
40,?,148891,HS-grad,9,Married-civ-spouse,?,Husband,Black,Male,-13,0,40,?,0
30,Self-emp-not-inc,199238,Bachelors,13,Never-married,Protective-serv,Own-child,White,Male,7,0,40,United-States,0
33,Self-emp-inc,249475,Some-college,10,Married-civ-spouse,Craft-repair,Husband,White,Male,7903,1867,72,United-States,0
48,Private,263793,Some-college,10,Married-civ-spouse,Other-service,Husband,White,Male,22,0,56,India,0
43,Self-emp-not-inc,221430,HS-grad,9,Married-civ-spouse,Farming-fishing,Husband,White,Male,16,0,64,United-States,0
43,State-gov,117433,Some-college,10,Never-married,Adm-clerical,Not-in-family,White,Male,19,1,40,United-States,0
62,Self-emp-inc,242114,Bachelors,12,Married-civ-spouse,Exec-managerial,Husband,White,Male,12,0,45,United-States,0
28,Private,592292,Some-college,10,Married-civ-spouse,Sales,Husband,White,Male,1,1,30,United-States,1
64,Private,250332,5th-6th,5,Married-civ-spouse,Handlers-cleaners,Husband,White,Male,-5,0,40,Guatemala,0
21,State-gov,57967,Some-college,10,Never-married,Other-service,Own-child,Asian-Pac-Islander,Female,18,0,10,United-States,0
43,Local-gov,290688,HS-grad,9,Never-married,Protective-serv,Not-in-family,Black,Female,3,0,40,United-States,0
43,Private,359237,Masters,14,Divorced,Prof-specialty,Not-in-family,White,Female,30,0,50,United-States,1
35,Local-gov,244557,Some-college,10,Divorced,Sales,Unmarried,White,Male,17,0,13,United-States,0
20,Private,174376,5th-6th,4,Never-married,Machine-op-inspct,Own-child,White,Male,10,0,6,United-States,0
41,Federal-gov,184376,Masters,14,Never-married,Prof-specialty,Not-in-family,White,Female,16,0,40,United-States,0
18,Private,291336,Some-college,10,Never-married,Adm-clerical,Own-child,White,Male,23,0,40,United-States,0
34,Private,114497,Some-college,10,Divorced,Adm-clerical,Unmarried,White,Female,39,0,40,United-States,0
47,State-gov,108193,Some-college,10,Married-civ-spouse,Prof-specialty,Husband,White,Male,-5,0,40,United-States,1
26,Private,158720,Doctorate,4,Never-married,Prof-specialty,Not-in-family,Other,Female,-3,0,40,Outlying-US(Guam-USVI-etc),0
32,Federal-gov,223066,HS-grad,9,Married-civ-spouse,Craft-repair,Husband,White,Male,16,0,40,United-States,0
32,Private,283173,Bachelors,9,Married-AF-spouse,Adm-clerical,Not-in-family,White,Female,13,1780,40,United-States,1
34,?,221122,Some-college,13,Married-civ-spouse,Sales,Husband,White,Male,7545,0,40,United-States,0
38,Self-emp-inc,282594,Prof-school,15,Married-civ-spouse,Prof-specialty,Husband,Asian-Pac-Islander,Male,42,-1,62,Germany,1
17,Local-gov,215002,Some-college,10,Never-married,Machine-op-inspct,Own-child,White,Female,9,1,31,United-States,0
57,Private,134895,Some-college,10,Separated,Adm-clerical,Unmarried,White,Female,15,0,40,United-States,0
28,Self-emp-not-inc,298942,HS-grad,9,Married-civ-spouse,Craft-repair,Wife,Black,Male,-4,0,45,Puerto-Rico,0
40,Private,335136,7th-8th,5,Never-married,Handlers-cleaners,Not-in-family,White,Male,4,0,40,United-States,0
52,Private,180567,Some-college,10,Married-civ-spouse,Transport-moving,Husband,White,Male,-6,0,49,United-States,1
81,Private,215254,HS-grad,9,Never-married,Adm-clerical,Unmarried,Black,Female,9,0,30,United-States,0
49,Private,206087,Preschool,1,Separated,Other-service,Unmarried,White,Male,51,0,40,United-States,0
47,Private,246694,Some-college,10,Married-civ-spouse,Tech-support,Husband,White,Male,12,-1,40,Iran,0
50,Private,176210,HS-grad,9,Married-spouse-absent,Other-service,Unmarried,Black,Female,10,-1,40,Italy,0
37,Self-emp-inc,199650,Some-college,10,Married-civ-spouse,Exec-managerial,Wife,White,Male,34,0,50,United-States,0
54,Private,200879,HS-grad,9,Widowed,Other-service,Not-in-family,White,Female,-7,0,40,United-States,0
22,Private,199903,Some-college,10,Never-married,Other-service,Husband,White,Male,20,1,45,Hungary,0
44,Self-emp-not-inc,82404,Preschool,6,Married-civ-spouse,Adm-clerical,Husband,White,Male,15,1,40,United-States,0
34,Private,267579,HS-grad,9,Separated,Other-service,Unmarried,White,Female,18,1,40,United-States,0
53,Private,236545,12th,5,Married-civ-spouse,Prof-specialty,Husband,White,Male,-4,0,36,Puerto-Rico,0
42,Private,190138,Some-college,10,Divorced,Other-service,Not-in-family,Amer-Indian-Eskimo,Female,21,1,49,United-States,0
28,Private,60556,Bachelors,13,Never-married,Other-service,Not-in-family,White,Female,25,0,40,United-States,0
56,Private,120022,10th,6,Married-civ-spouse,Prof-specialty,Unmarried,Black,Male,22,0,40,United-States,1
53,Self-emp-inc,227333,Masters,14,Married-civ-spouse,Prof-specialty,Wife,White,Female,3894,0,50,United-States,1
44,Private,251378,Assoc-acdm,13,Married-civ-spouse,Prof-specialty,Wife,Black,Female,3,0,40,Jamaica,0
29,Private,167441,HS-grad,9,Never-married,Tech-support,Other-relative,White,Female,13,0,40,United-States,0
39,Private,298678,5th-6th,10,Married-spouse-absent,Sales,Unmarried,White,Male,8,0,40,Columbia,0
17,?,220593,11th,7,Married-civ-spouse,?,Husband,White,Female,10,0,10,United-States,0
37,Private,240620,Assoc-acdm,4,Married-civ-spouse,Other-service,Unmarried,White,Female,-6,-1,40,Hungary,0
45,Private,129196,Bachelors,13,Married-civ-spouse,Prof-specialty,Husband,Asian-Pac-Islander,Male,25,0,40,?,0
45,Private,105157,Bachelors,15,Married-civ-spouse,Prof-specialty,Husband,Other,Male,10,0,40,?,1
60,Private,40438,HS-grad,9,Divorced,Other-service,Unmarried,White,Female,19,-1,40,United-States,0
33,Private,208116,HS-grad,9,Divorced,Adm-clerical,Unmarried,Amer-Indian-Eskimo,Female,28,-1,40,United-States,0
25,Private,211980,Bachelors,15,Never-married,Prof-specialty,Not-in-family,Asian-Pac-Islander,Male,14,0,50,Taiwan,0
44,Private,209257,HS-grad,10,Divorced,Tech-support,Not-in-family,White,Male,2,1,75,United-States,0
45,Local-gov,230857,Masters,14,Divorced,Prof-specialty,Unmarried,White,Female,42,1,40,United-States,0
55,Local-gov,149226,Masters,14,Married-civ-spouse,Prof-specialty,Wife,White,Female,7888,0,40,England,1
54,Private,216007,Bachelors,13,Married-civ-spouse,Prof-specialty,Husband,White,Male,40,0,40,United-States,1
61,Private,105930,7th-8th,4,Married-civ-spouse,Transport-moving,Husband,White,Male,4578,0,44,United-States,0
25,Private,264799,Bachelors,9,Never-married,Transport-moving,Not-in-family,White,Female,22,0,40,United-States,0
19,Private,226986,Some-college,10,Never-married,Tech-support,Own-child,White,Male,0,0,40,Dominican-Republic,0
37,Private,171329,Some-college,10,Married-civ-spouse,Tech-support,Husband,White,Male,9,0,49,United-States,0
28,Private,210131,HS-grad,9,Married-AF-spouse,Priv-house-serv,Wife,White,Female,28,0,40,Ecuador,0
26,Private,223400,Assoc-voc,11,Married-civ-spouse,Other-service,Wife,White,Female,12,1,40,United-States,0
37,Private,140863,7th-8th,5,Never-married,Craft-repair,Not-in-family,White,Male,19,0,59,United-States,0
42,Private,120762,9th,5,Married-civ-spouse,Adm-clerical,Wife,Asian-Pac-Islander,Female,-7,0,40,Jamaica,0
34,Self-emp-not-inc,336474,Assoc-acdm,10,Never-married,Sales,Not-in-family,White,Female,15,0,40,United-States,0
54,Self-emp-not-inc,103938,Bachelors,13,Married-civ-spouse,Prof-specialty,Husband,White,Male,7792,0,59,United-States,1
35,Private,214235,Prof-school,16,Never-married,Prof-specialty,Not-in-family,White,Male,30,0,50,United-States,1
18,Private,272454,Some-college,10,Never-married,Sales,Own-child,White,Male,26,0,56,United-States,0
62,Private,140850,Preschool,2,Married-civ-spouse,Craft-repair,Husband,White,Male,20,0,40,Dominican-Republic,0
30,Local-gov,188783,Some-college,10,Married-civ-spouse,Protective-serv,Husband,White,Male,7,0,40,United-States,0
37,Local-gov,530051,Some-college,10,Married-civ-spouse,Craft-repair,Husband,White,Male,22,0,40,?,0
29,Private,258796,Bachelors,13,Never-married,Prof-specialty,Not-in-family,White,Male,20,0,40,Cuba,0
36,Private,314244,HS-grad,9,Married-civ-spouse,Craft-repair,Husband,Asian-Pac-Islander,Male,11,0,40,Ireland,0
53,Private,559660,Some-college,10,Divorced,Transport-moving,Not-in-family,White,Male,-12,0,40,United-States,0
16,?,260915,HS-grad,9,Married-civ-spouse,?,Husband,White,Male,21,-1,18,?,0
19,Private,183144,7th-8th,13,Never-married,Other-service,Not-in-family,Black,Female,24,0,40,United-States,0
29,Private,284832,Bachelors,13,Never-married,Exec-managerial,Own-child,White,Male,17,1,40,United-States,0
44,Private,277696,Some-college,10,Divorced,Other-service,Unmarried,Black,Female,26,0,50,United-States,0
27,Private,237310,HS-grad,9,Married-civ-spouse,Tech-support,Husband,White,Male,9,1,60,United-States,1
24,Private,155748,HS-grad,9,Never-married,Farming-fishing,Own-child,White,Male,22,0,40,United-States,0
33,Self-emp-not-inc,131422,Bachelors,13,Divorced,Exec-managerial,Not-in-family,White,Male,14,-1,40,United-States,0
32,Private,636118,Some-college,10,Married-civ-spouse,Craft-repair,Husband,Asian-Pac-Islander,Male,-9,0,40,Cambodia,0
32,Private,281662,HS-grad,9,Never-married,Adm-clerical,Not-in-family,Black,Female,14,-1,22,United-States,0
54,Private,326931,HS-grad,9,Married-civ-spouse,Farming-fishing,Husband,White,Male,16,0,40,Puerto-Rico,0
58,Without-pay,204597,Some-college,10,Married-civ-spouse,Other-service,Husband,White,Male,3259,1,40,United-States,0
24,Private,79671,Assoc-voc,11,Married-civ-spouse,Tech-support,Wife,White,Female,30,0,40,United-States,0
33,Private,232715,HS-grad,9,Never-married,Machine-op-inspct,Not-in-family,White,Female,18,0,20,United-States,0
16,Private,258418,HS-grad,9,Never-married,Other-service,Not-in-family,White,Female,15,-1,37,United-States,0
66,Self-emp-inc,142306,HS-grad,9,Married-civ-spouse,Exec-managerial,Husband,White,Male,24,0,58,United-States,1
50,Private,163402,10th,6,Never-married,Machine-op-inspct,Own-child,White,Male,17,-1,40,United-States,0
46,Private,216741,Assoc-voc,3,Married-civ-spouse,Craft-repair,Not-in-family,White,Male,24,1,45,Ireland,0
57,Private,220884,10th,6,Married-spouse-absent,Other-service,Not-in-family,White,Female,14,0,40,United-States,0
47,Private,221135,Assoc-acdm,12,Divorced,Other-service,Unmarried,White,Female,11,-1,40,United-States,0
48,Private,237044,Masters,14,Never-married,Machine-op-inspct,Own-child,Asian-Pac-Islander,Female,30,0,40,India,0
31,Private,117891,9th,5,Never-married,Handlers-cleaners,Not-in-family,White,Male,30,0,40,United-States,0
31,Private,216554,HS-grad,9,Widowed,Machine-op-inspct,Not-in-family,Black,Female,22,0,40,United-States,0
55,Private,108695,1st-4th,2,Married-civ-spouse,Craft-repair,Husband,White,Male,12,1,40,United-States,0
36,Private,220683,HS-grad,9,Separated,Other-service,Not-in-family,White,Female,10,1,30,United-States,0
54,Private,199477,Assoc-voc,11,Married-civ-spouse,Tech-support,Husband,White,Male,33,0,40,United-States,0
53,Private,209254,Assoc-acdm,13,Married-civ-spouse,Prof-specialty,Husband,White,Male,17,0,40,Haiti,1
52,Private,291008,Masters,14,Married-spouse-absent,Other-service,Other-relative,Other,Female,41,-1,40,Japan,0
59,Private,84152,Assoc-voc,11,Separated,Exec-managerial,Unmarried,White,Male,26,1,40,United-States,0
21,Private,108416,11th,6,Never-married,Other-service,Not-in-family,Black,Female,39,0,36,United-States,0
36,Self-emp-not-inc,209827,Bachelors,13,Married-spouse-absent,Other-service,Not-in-family,Black,Male,15,0,36,United-States,0
20,?,258048,Some-college,10,Never-married,?,Not-in-family,White,Female,3662,0,40,United-States,0
49,Private,230653,10th,7,Divorced,Craft-repair,Husband,Asian-Pac-Islander,Male,8,-1,40,United-States,0
49,Local-gov,252181,HS-grad,9,Married-civ-spouse,Prof-specialty,Husband,White,Male,6,0,40,Vietnam,0
24,Self-emp-not-inc,218879,HS-grad,9,Never-married,Farming-fishing,Not-in-family,White,Male,-9,0,76,United-States,0
32,Private,55884,HS-grad,9,Never-married,Priv-house-serv,Not-in-family,White,Female,1,-1,23,El-Salvador,0
39,State-gov,191411,Bachelors,13,Never-married,Prof-specialty,Not-in-family,White,Male,31,0,40,United-States,0
44,Self-emp-inc,206425,Prof-school,15,Married-civ-spouse,Prof-specialty,Husband,Asian-Pac-Islander,Male,4678,1,68,United-States,1
36,Private,355492,10th,4,Married-civ-spouse,Protective-serv,Husband,White,Male,-22,0,40,United-States,0
31,Federal-gov,292828,Bachelors,13,Never-married,Prof-specialty,Not-in-family,White,Male,4,1,58,United-States,0
55,Private,109706,HS-grad,9,Never-married,Craft-repair,Own-child,White,Male,-9,1880,31,United-States,0
66,Private,257131,7th-8th,5,Married-civ-spouse,Transport-moving,Husband,White,Male,4156,0,40,United-States,0
57,State-gov,219081,Masters,14,Married-civ-spouse,Prof-specialty,Wife,Black,Female,4409,0,40,United-States,1
58,State-gov,102062,Doctorate,16,Married-civ-spouse,Prof-specialty,Husband,Asian-Pac-Islander,Male,1,0,40,United-States,1
72,Private,201299,10th,5,Widowed,Other-service,Not-in-family,White,Female,13,0,35,United-States,0
37,Self-emp-not-inc,203990,Some-college,10,Never-married,Craft-repair,Own-child,White,Male,15,0,29,United-States,0
44,Private,301966,10th,6,Married-civ-spouse,Armed-Forces,Wife,White,Male,13,0,40,United-States,0
31,Private,81769,Bachelors,13,Never-married,Sales,Not-in-family,White,Female,26,0,30,United-States,0
23,Private,318827,HS-grad,9,Never-married,Handlers-cleaners,Husband,White,Female,5,0,40,?,0
75,Private,201605,7th-8th,3,Divorced,Priv-house-serv,Not-in-family,White,Female,17,2073,40,El-Salvador,0
40,Private,309188,Bachelors,13,Never-married,Prof-specialty,Not-in-family,White,Male,52,1,45,United-States,0
28,Private,93388,Assoc-voc,11,Married-civ-spouse,Exec-managerial,Wife,White,Female,2,1,40,United-States,1
48,Private,381066,HS-grad,9,Widowed,Machine-op-inspct,Unmarried,White,Female,20,-1,40,Columbia,0
22,Private,105009,Some-college,10,Never-married,Adm-clerical,Not-in-family,White,Female,3,0,40,United-States,0
26,Private,224056,HS-grad,9,Divorced,Machine-op-inspct,Unmarried,Other,Female,-1,0,30,?,0
19,?,460205,Some-college,10,Never-married,Sales,Own-child,White,Female,38,0,7,United-States,0
45,Federal-gov,195830,HS-grad,9,Married-civ-spouse,Adm-clerical,Other-relative,White,Male,18,2032,40,United-States,0
35,Private,300326,HS-grad,9,Never-married,Transport-moving,Wife,Black,Female,17,0,40,United-States,0
49,Private,229975,7th-8th,4,Married-civ-spouse,Transport-moving,Husband,White,Male,17,0,40,Portugal,0
42,Private,163881,Some-college,6,Married-civ-spouse,Tech-support,Husband,White,Male,-4,0,40,United-States,0
51,Private,225674,10th,4,Married-civ-spouse,Craft-repair,Husband,Asian-Pac-Islander,Male,-10,0,40,Nicaragua,0
33,?,280007,Bachelors,13,Never-married,?,Not-in-family,White,Male,0,0,40,United-States,0
53,Private,251527,HS-grad,9,Married-civ-spouse,Farming-fishing,Husband,Amer-Indian-Eskimo,Male,14,-1,40,United-States,0
35,State-gov,212524,Bachelors,13,Never-married,Protective-serv,Own-child,White,Male,13,1,40,United-States,0
69,Private,266916,HS-grad,9,Separated,Exec-managerial,Unmarried,White,Female,3,0,40,United-States,0
73,?,269603,HS-grad,9,Married-civ-spouse,?,Husband,White,Male,11,0,40,United-States,0
41,Private,382440,Bachelors,13,Divorced,Prof-specialty,Not-in-family,White,Male,6,-1,50,United-States,0
57,Private,277050,9th,3,Married-civ-spouse,Machine-op-inspct,Husband,White,Male,11,0,40,United-States,0
31,Private,111329,5th-6th,6,Divorced,Machine-op-inspct,Other-relative,Asian-Pac-Islander,Male,28,0,40,?,0
25,Private,265242,Some-college,10,Married-civ-spouse,?,Husband,Black,Male,18,0,40,United-States,0
75,Private,40719,HS-grad,9,Married-civ-spouse,Transport-moving,Husband,White,Male,14,0,40,United-States,0
18,Private,51773,11th,7,Never-married,Sales,Own-child,White,Female,24,-1,9,United-States,0
49,Private,161212,5th-6th,1,Never-married,Craft-repair,Unmarried,White,Male,26,1,40,Mexico,0
34,Private,174095,HS-grad,9,Never-married,Other-service,Unmarried,White,Female,4,0,37,Columbia,0
49,Private,98534,Prof-school,15,Married-civ-spouse,Prof-specialty,Husband,White,Male,33,0,70,Puerto-Rico,1
34,Private,213931,HS-grad,9,Married-civ-spouse,Craft-repair,Husband,Black,Female,9,-1,40,Haiti,0
41,Private,209810,1st-4th,4,Married-spouse-absent,Craft-repair,Other-relative,Black,Female,36,0,40,United-States,0
23,Private,152537,HS-grad,9,Married-AF-spouse,Sales,Wife,Black,Female,5,0,20,Trinadad&Tobago,0
30,Private,201762,HS-grad,9,Never-married,Other-service,Not-in-family,White,Female,1,0,40,United-States,0
48,Private,253923,Masters,14,Married-civ-spouse,Prof-specialty,Wife,White,Female,13,1,40,Cambodia,0
57,Private,294412,HS-grad,9,Widowed,Other-service,Unmarried,Black,Female,20,-1,40,United-States,0
54,Private,194300,HS-grad,9,Married-civ-spouse,Prof-specialty,Husband,White,Male,4,0,70,United-States,1
35,Self-emp-not-inc,321038,Bachelors,13,Married-civ-spouse,Exec-managerial,Husband,White,Male,46,0,50,United-States,1
18,Private,224572,HS-grad,9,Never-married,Prof-specialty,Not-in-family,White,Male,10,0,31,United-States,0
33,Private,34338,Some-college,10,Never-married,Adm-clerical,Own-child,White,Female,12,0,30,United-States,0
33,Private,232454,HS-grad,9,Married-civ-spouse,Handlers-cleaners,Husband,White,Male,6,-2,40,United-States,0
28,Federal-gov,192328,HS-grad,9,Never-married,Transport-moving,Not-in-family,White,Male,15,0,40,Honduras,0
44,Private,143175,Masters,14,Married-civ-spouse,Prof-specialty,Husband,White,Male,14971,1,44,United-States,1
49,Private,227442,Masters,14,Married-civ-spouse,Prof-specialty,Unmarried,White,Female,8115,0,50,United-States,0
47,Private,206681,Bachelors,13,Married-civ-spouse,Prof-specialty,Husband,Asian-Pac-Islander,Male,4,0,59,Japan,0
39,Federal-gov,99817,HS-grad,9,Never-married,Adm-clerical,Unmarried,White,Female,-14,0,40,United-States,0
32,Federal-gov,172951,Some-college,10,Married-civ-spouse,Adm-clerical,Husband,Black,Male,12,0,40,El-Salvador,0
26,Private,354635,Bachelors,13,Never-married,Exec-managerial,Not-in-family,White,Female,7,0,58,?,0
30,Private,245558,HS-grad,9,Never-married,Machine-op-inspct,Not-in-family,White,Female,7,1,40,?,0
24,Private,167715,Some-college,10,Never-married,Other-service,Own-child,Asian-Pac-Islander,Female,4,1919,40,El-Salvador,0
60,Private,213708,10th,5,Married-civ-spouse,Other-service,Husband,Black,Female,-15,-1,40,United-States,0
33,Private,261682,HS-grad,9,Married-civ-spouse,Transport-moving,Wife,White,Female,18,0,50,United-States,1
31,Private,250435,11th,5,Never-married,Sales,Not-in-family,White,Female,-9,-1,40,United-States,0
71,Self-emp-inc,138712,Bachelors,13,Married-civ-spouse,Prof-specialty,Husband,White,Male,17,0,58,United-States,1
56,Self-emp-inc,125037,Doctorate,16,Married-civ-spouse,Prof-specialty,Wife,White,Female,15387,0,50,England,1
34,Private,317145,Bachelors,13,Never-married,Other-service,Unmarried,Black,Female,18,0,30,United-States,0
36,Private,181738,Some-college,10,Never-married,Handlers-cleaners,Not-in-family,White,Male,1,1,40,United-States,0
38,Self-emp-not-inc,111280,Assoc-voc,11,Never-married,Prof-specialty,Husband,White,Male,26,0,50,United-States,0
22,Private,200592,HS-grad,9,Never-married,Adm-clerical,Not-in-family,Other,Female,-8,-1,40,Dominican-Republic,0
36,State-gov,233168,Some-college,10,Married-civ-spouse,Tech-support,Not-in-family,White,Male,-15,1,68,United-States,0
53,Private,289069,Some-college,10,Separated,Other-service,Not-in-family,White,Male,4291,0,35,United-States,0
55,Private,199345,HS-grad,9,Married-civ-spouse,Sales,Husband,Black,Male,-3,0,40,France,1
51,Private,268897,Masters,3,Married-civ-spouse,Exec-managerial,Not-in-family,White,Female,3,1,40,Ireland,0
27,Private,240999,Some-college,10,Never-married,Adm-clerical,Not-in-family,Black,Male,14,0,40,United-States,0
46,Self-emp-inc,576335,Some-college,10,Married-civ-spouse,Exec-managerial,Husband,White,Male,19,0,69,United-States,0
41,Self-emp-not-inc,266861,Bachelors,13,Married-civ-spouse,Sales,Husband,White,Male,15059,-1,45,United-States,1
34,Private,274835,Bachelors,13,Never-married,Craft-repair,Not-in-family,Black,Male,13,0,40,Cuba,0
48,Private,69119,Assoc-voc,11,Married-civ-spouse,Tech-support,Husband,White,Female,27,0,44,United-States,1
42,Private,120768,Prof-school,15,Married-civ-spouse,Prof-specialty,Husband,White,Male,15313,1,49,United-States,1
65,Self-emp-not-inc,118754,Prof-school,15,Married-civ-spouse,Craft-repair,Husband,White,Male,16,1,61,United-States,1
18,?,300837,11th,7,Never-married,?,Own-child,White,Male,16,0,10,United-States,0
59,Self-emp-inc,132485,Prof-school,15,Married-civ-spouse,Prof-specialty,Husband,White,Male,15788,-1,72,?,1
53,Private,228105,HS-grad,9,Divorced,Other-service,Not-in-family,White,Male,20,0,40,United-States,0
51,Private,236018,HS-grad,13,Separated,Other-service,Not-in-family,White,Female,5,0,40,United-States,0
28,Private,257903,Assoc-voc,11,Divorced,Tech-support,Not-in-family,Other,Female,17,0,37,United-States,0
36,Private,44419,Doctorate,16,Never-married,Prof-specialty,Not-in-family,White,Male,20,0,40,United-States,0
34,State-gov,142488,HS-grad,9,Married-civ-spouse,Protective-serv,Husband,White,Male,-6,1903,40,United-States,0
18,Private,302304,Masters,14,Never-married,Prof-specialty,Not-in-family,White,Male,25,0,40,United-States,0
19,Private,86192,Some-college,10,Never-married,Sales,Own-child,White,Male,28,1,7,United-States,0
24,Private,60010,HS-grad,9,Never-married,Other-service,Other-relative,Black,Female,8,0,21,United-States,0
43,Private,213886,Some-college,10,Married-civ-spouse,Handlers-cleaners,Husband,White,Male,14,0,40,Poland,0
43,Self-emp-not-inc,249640,Bachelors,13,Married-civ-spouse,Prof-specialty,Husband,White,Male,28,0,50,United-States,1
50,Private,198659,Some-college,14,Divorced,Exec-managerial,Unmarried,Black,Female,25,1,40,?,0
65,Private,209186,1st-4th,2,Married-civ-spouse,Craft-repair,Husband,White,Male,4337,0,40,Mexico,0
56,Private,244578,1st-4th,2,Divorced,Machine-op-inspct,Not-in-family,White,Male,18,-1,40,Outlying-US(Guam-USVI-etc),0
18,Private,348441,11th,7,Never-married,Other-service,Own-child,White,Female,3,0,19,El-Salvador,0
22,Private,217466,HS-grad,9,Never-married,Farming-fishing,Not-in-family,Black,Female,6,-1,40,United-States,0
42,Local-gov,372793,HS-grad,9,Divorced,Other-service,Unmarried,White,Female,-14,0,40,United-States,0
35,Private,256704,9th,4,Separated,Machine-op-inspct,Not-in-family,Asian-Pac-Islander,Female,7,0,40,Cambodia,0
54,Private,187723,HS-grad,9,Married-civ-spouse,Craft-repair,Husband,White,Male,22,0,45,United-States,1
41,Private,232349,7th-8th,6,Married-spouse-absent,Exec-managerial,Not-in-family,White,Male,25,0,40,Dominican-Republic,0
44,Federal-gov,31958,Some-college,10,Married-civ-spouse,Exec-managerial,Husband,White,Male,19,0,50,United-States,1
33,Private,216125,5th-6th,2,Married-civ-spouse,Craft-repair,Husband,White,Male,-8,0,40,Mexico,0
46,Private,265260,HS-grad,9,Married-civ-spouse,Transport-moving,Husband,White,Male,-8,1852,40,United-States,0
42,Self-emp-inc,242442,HS-grad,9,Married-civ-spouse,Sales,Husband,White,Male,36,1,50,United-States,0
22,Private,153281,Some-college,10,Never-married,Craft-repair,Own-child,Asian-Pac-Islander,Male,-7,1,40,South,0
82,Private,186054,7th-8th,3,Divorced,Transport-moving,Not-in-family,White,Male,45,0,40,United-States,0
28,Private,259734,HS-grad,9,Widowed,Other-service,Not-in-family,White,Male,-8,-1,35,?,0
21,Private,295957,Some-college,10,Married-AF-spouse,?,Wife,White,Female,-23,0,10,United-States,0
45,Private,192346,HS-grad,9,Divorced,Farming-fishing,Not-in-family,White,Male,2,0,40,United-States,0
53,?,188412,Some-college,10,Married-civ-spouse,?,Wife,White,Female,36,0,19,United-States,1
56,Federal-gov,223363,7th-8th,14,Married-civ-spouse,Adm-clerical,Wife,White,Female,-6,0,50,United-States,0
35,Private,289052,Assoc-acdm,13,Married-civ-spouse,Craft-repair,Husband,White,Male,3,0,44,United-States,1
48,Self-emp-inc,176305,Doctorate,16,Married-civ-spouse,Prof-specialty,Husband,White,Male,34,0,74,United-States,1
32,Local-gov,124795,Bachelors,13,Never-married,Adm-clerical,Not-in-family,Black,Female,10,0,40,United-States,0
57,Private,178802,Masters,14,Married-civ-spouse,Prof-specialty,Husband,White,Male,37,1,61,United-States,1
29,Private,211461,HS-grad,9,Married-civ-spouse,Transport-moving,Husband,White,Male,11,0,55,United-States,0
47,Private,242569,Some-college,11,Married-civ-spouse,Craft-repair,Husband,White,Male,8002,1,40,United-States,0
78,Private,203896,HS-grad,9,Never-married,Other-service,Not-in-family,White,Male,17,0,24,United-States,0
19,Private,103535,11th,5,Never-married,Prof-specialty,Not-in-family,White,Male,0,0,13,United-States,0
37,Private,108005,11th,7,Never-married,Craft-repair,Own-child,White,Male,9,1826,22,United-States,0
30,Private,276065,Bachelors,13,Never-married,Transport-moving,Unmarried,White,Male,-5,0,40,Greece,0
55,Private,234241,HS-grad,9,Never-married,Prof-specialty,Not-in-family,White,Male,-2,0,40,United-States,0
38,Private,62123,HS-grad,9,Divorced,Adm-clerical,Not-in-family,Black,Female,9,0,30,United-States,0
28,Private,226542,Bachelors,13,Married-civ-spouse,Sales,Husband,White,Male,-14,0,40,United-States,0
29,Private,259679,Bachelors,13,Never-married,Other-service,Own-child,White,Female,7,0,36,United-States,0
56,Private,182680,Masters,14,Married-civ-spouse,Prof-specialty,Wife,White,Male,21,1,40,England,1
56,Private,105792,10th,6,Married-civ-spouse,Prof-specialty,Husband,White,Male,-3,-1,40,United-States,1
55,Private,186916,Prof-school,15,Married-civ-spouse,Prof-specialty,Husband,Black,Male,7586,0,56,Canada,1
38,Self-emp-not-inc,130851,Bachelors,13,Never-married,Farming-fishing,Husband,White,Male,15,1,62,United-States,0
29,Private,133759,10th,3,Never-married,Handlers-cleaners,Own-child,White,Male,23,0,40,United-States,0
31,Private,243083,Some-college,10,Never-married,Craft-repair,Not-in-family,White,Male,26,1,40,United-States,0
35,Private,217829,Some-college,10,Married-civ-spouse,Exec-managerial,Wife,White,Female,7901,0,40,United-States,1
42,Local-gov,203494,Masters,14,Married-civ-spouse,Prof-specialty,Husband,Black,Female,12,0,40,United-States,0
25,?,222787,HS-grad,9,Never-married,?,Other-relative,White,Female,-8,0,30,Greece,0
48,Private,299768,HS-grad,9,Married-civ-spouse,Transport-moving,Husband,White,Male,-3,0,50,United-States,0
42,Private,130039,Some-college,10,Married-civ-spouse,Prof-specialty,Husband,Amer-Indian-Eskimo,Male,27,0,69,United-States,1
45,Private,273970,Some-college,10,Married-civ-spouse,Protective-serv,Husband,White,Male,7740,0,40,United-States,0
29,Self-emp-inc,190448,Masters,14,Never-married,Prof-specialty,Not-in-family,Asian-Pac-Islander,Female,19,0,40,United-States,0
26,Private,84300,11th,7,Never-married,Other-service,Own-child,White,Female,18,-1,40,United-States,0
28,Private,70796,HS-grad,9,Never-married,Transport-moving,Not-in-family,Amer-Indian-Eskimo,Male,-12,0,40,United-States,0
45,Private,174072,HS-grad,9,Married-civ-spouse,Machine-op-inspct,Husband,White,Male,37,-1,36,United-States,0
22,State-gov,186447,10th,7,Never-married,Sales,Own-child,White,Female,-18,0,11,United-States,0
22,Private,233342,Some-college,10,Married-civ-spouse,Adm-clerical,Husband,Asian-Pac-Islander,Male,-29,0,49,Philippines,0
52,Federal-gov,203091,Some-college,10,Married-civ-spouse,Protective-serv,Husband,White,Male,21,0,49,United-States,0
46,Private,188127,9th,6,Married-civ-spouse,Transport-moving,Husband,Black,Male,3395,1,49,United-States,1
32,Private,152332,Some-college,10,Married-civ-spouse,Sales,Husband,White,Male,-1,0,40,United-States,1
56,Self-emp-not-inc,191533,Masters,14,Married-civ-spouse,Prof-specialty,Husband,White,Male,20,0,62,United-States,1
61,Local-gov,251002,Masters,14,Married-civ-spouse,Exec-managerial,Husband,White,Male,26,1820,70,United-States,1
33,Self-emp-not-inc,182056,Bachelors,13,Never-married,Protective-serv,Not-in-family,White,Male,-2,0,40,United-States,0
54,Private,296282,HS-grad,9,Married-civ-spouse,Adm-clerical,Husband,White,Male,8,-1,40,United-States,0
17,?,175908,Doctorate,7,Never-married,?,Own-child,White,Female,8,0,23,United-States,0
36,Private,369106,HS-grad,9,Married-civ-spouse,Sales,Husband,White,Male,3,1,50,Canada,1
30,Federal-gov,184311,Some-college,10,Never-married,Adm-clerical,Own-child,White,Male,11,1,40,United-States,0
51,Federal-gov,40255,Doctorate,14,Married-civ-spouse,Prof-specialty,Husband,White,Male,14,1,50,United-States,1
54,Private,243364,HS-grad,9,Married-civ-spouse,Transport-moving,Husband,White,Male,-7,0,40,United-States,0
27,Self-emp-not-inc,188466,Some-college,10,Never-married,Adm-clerical,Unmarried,Amer-Indian-Eskimo,Female,14,0,56,United-States,0
36,Private,209051,HS-grad,9,Married-spouse-absent,Other-service,Not-in-family,White,Female,32,-1,40,?,0
26,Self-emp-inc,134371,Bachelors,13,Married-civ-spouse,Prof-specialty,Husband,White,Male,4,0,60,United-States,1
51,Private,241786,10th,4,Married-civ-spouse,Handlers-cleaners,Wife,Black,Male,1,0,40,England,0
48,Private,268376,7th-8th,4,Married-civ-spouse,Tech-support,Husband,Other,Male,20,0,40,Iran,1
48,Private,173166,Bachelors,13,Married-civ-spouse,Prof-specialty,Husband,White,Male,32,0,46,United-States,0
45,Local-gov,188766,7th-8th,6,Divorced,Other-service,Unmarried,White,Female,44,0,40,United-States,0
24,Private,218414,HS-grad,9,Never-married,Machine-op-inspct,Own-child,White,Male,16,-1,44,United-States,0
36,State-gov,365635,Bachelors,13,Married-civ-spouse,Prof-specialty,Husband,White,Male,10,0,40,United-States,0
32,Private,196911,Bachelors,13,Never-married,Sales,Not-in-family,Amer-Indian-Eskimo,Male,7,1,56,United-States,0
61,Private,268541,9th,2,Married-civ-spouse,Transport-moving,Husband,White,Male,32,0,40,United-States,0
25,Private,304954,HS-grad,9,Never-married,Handlers-cleaners,Not-in-family,Amer-Indian-Eskimo,Male,14,1844,49,United-States,0
24,Private,30328,Masters,14,Never-married,Exec-managerial,Not-in-family,Other,Female,24,0,40,United-States,0
48,Local-gov,42549,HS-grad,10,Divorced,Adm-clerical,Not-in-family,White,Male,0,0,40,United-States,0
20,Private,187376,Some-college,10,Never-married,Other-service,Own-child,White,Male,15,0,50,United-States,0
36,Private,218294,HS-grad,9,Married-civ-spouse,Transport-moving,Husband,White,Male,-12,0,40,Ireland,0
44,Local-gov,174737,Bachelors,13,Married-civ-spouse,Tech-support,Husband,White,Male,23,0,40,United-States,1
35,Private,314562,Some-college,10,Married-civ-spouse,Exec-managerial,Husband,Asian-Pac-Islander,Male,30,1948,49,India,1
15,Private,232801,11th,7,Never-married,?,Own-child,White,Female,21,0,8,United-States,0
40,Private,216627,Bachelors,13,Never-married,Priv-house-serv,Not-in-family,Black,Female,9,-1,35,United-States,0
47,?,224037,10th,6,Married-civ-spouse,?,Husband,White,Male,-19,0,19,?,0
19,?,273867,11th,6,Married-civ-spouse,?,Husband,White,Male,2925,-1,22,United-States,0
36,Self-emp-not-inc,388259,Bachelors,13,Married-civ-spouse,Prof-specialty,Husband,Asian-Pac-Islander,Male,10,0,58,Philippines,0
52,Private,163036,Some-college,10,Divorced,Sales,Unmarried,White,Female,8033,0,37,United-States,0
46,Private,194813,Assoc-voc,11,Married-civ-spouse,Sales,Husband,White,Male,7771,1,40,United-States,0
50,Private,214613,HS-grad,9,Divorced,Adm-clerical,Not-in-family,White,Male,8,-1,40,United-States,0
16,Private,87028,11th,7,Never-married,Other-service,Own-child,White,Male,15,-1,15,United-States,0
43,State-gov,192586,Some-college,6,Never-married,Prof-specialty,Not-in-family,White,Male,3999,1,40,Trinadad&Tobago,0
52,Private,172922,Some-college,10,Married-civ-spouse,Machine-op-inspct,Husband,White,Male,16,0,40,United-States,0
44,Private,216512,HS-grad,9,Divorced,Transport-moving,Unmarried,White,Female,2,0,40,United-States,0
37,Self-emp-inc,368051,Bachelors,13,Married-civ-spouse,Prof-specialty,Husband,White,Male,19,0,40,United-States,1
72,?,536201,Assoc-acdm,13,Married-AF-spouse,?,Wife,White,Male,13,0,16,United-States,0
31,Private,273351,Some-college,10,Never-married,Protective-serv,Not-in-family,White,Male,31,1,40,United-States,0
44,Private,218381,Assoc-acdm,12,Separated,Other-service,Unmarried,White,Female,23,0,40,United-States,0
31,Private,220446,Bachelors,13,Never-married,Exec-managerial,Own-child,White,Male,2,0,40,?,0
25,Private,195367,HS-grad,9,Divorced,Adm-clerical,Not-in-family,Black,Female,14,-1,46,United-States,0
68,Local-gov,416742,Bachelors,13,Married-civ-spouse,Protective-serv,Husband,White,Male,35,0,59,United-States,0
51,Private,263343,HS-grad,9,Divorced,Craft-repair,Unmarried,White,Female,14,-1,40,United-States,0
21,?,278793,HS-grad,9,Never-married,Other-service,Own-child,Black,Female,-17,0,21,United-States,0
52,Private,279643,HS-grad,9,Never-married,Other-service,Wife,Amer-Indian-Eskimo,Female,-8,0,40,United-States,0
47,Private,102511,7th-8th,3,Married-civ-spouse,Transport-moving,Husband,White,Male,3457,0,40,United-States,0
28,?,283965,Some-college,9,Never-married,?,Other-relative,Other,Female,14,0,30,United-States,0
59,Self-emp-inc,194205,Masters,14,Married-civ-spouse,Exec-managerial,Husband,White,Male,30,0,57,United-States,1
50,Private,433503,1st-4th,3,Never-married,Other-service,Not-in-family,White,Female,17,-1,40,Trinadad&Tobago,0
70,?,280922,Some-college,10,Married-civ-spouse,?,Husband,White,Male,6,0,58,Philippines,0
47,Private,95537,HS-grad,9,Married-civ-spouse,Transport-moving,Husband,White,Male,11,0,40,United-States,0
25,Private,239985,5th-6th,3,Never-married,Handlers-cleaners,Not-in-family,Black,Male,2,0,40,Mexico,0
34,Private,295796,Some-college,10,Never-married,Craft-repair,Not-in-family,Asian-Pac-Islander,Male,-4,0,44,Vietnam,0
28,Private,209950,HS-grad,9,Never-married,Other-service,Own-child,White,Female,19,0,50,United-States,0
25,Private,203479,HS-grad,9,Married-civ-spouse,Craft-repair,Husband,White,Male,-3,1773,40,Poland,0
29,Private,125443,Some-college,10,Married-civ-spouse,Craft-repair,Husband,Asian-Pac-Islander,Male,7,0,40,Vietnam,0
32,State-gov,223100,Prof-school,10,Never-married,Prof-specialty,Unmarried,Black,Male,19,0,40,United-States,0
52,Private,197371,Bachelors,13,Married-spouse-absent,Other-service,Other-relative,Other,Female,-1,0,36,Mexico,0
33,Private,400036,Bachelors,13,Married-civ-spouse,Craft-repair,Husband,White,Male,2,0,40,India,0
44,Federal-gov,209524,Some-college,13,Married-civ-spouse,Prof-specialty,Not-in-family,White,Male,3,1,36,United-States,0
40,Private,102966,HS-grad,9,Divorced,Exec-managerial,Unmarried,White,Male,24,0,50,United-States,0
69,?,156380,Assoc-acdm,13,Married-civ-spouse,?,Husband,White,Male,22,0,40,United-States,0
37,Private,315418,HS-grad,9,Divorced,Adm-clerical,Not-in-family,White,Female,7,0,40,United-States,0
48,Private,99045,9th,6,Never-married,Handlers-cleaners,Husband,White,Male,6,0,40,United-States,0
32,Private,39089,Some-college,11,Married-civ-spouse,Tech-support,Husband,White,Male,28,1,50,United-States,1
19,?,95382,11th,7,Never-married,?,Own-child,White,Female,3,0,8,United-States,0
49,Self-emp-not-inc,252144,HS-grad,9,Married-civ-spouse,Prof-specialty,Husband,White,Male,7,0,40,United-States,0
36,Private,201161,Some-college,10,Married-civ-spouse,Protective-serv,Husband,Amer-Indian-Eskimo,Male,4,0,56,United-States,0
58,State-gov,180057,Some-college,10,Married-civ-spouse,?,Husband,White,Male,24,0,40,United-States,1
65,Federal-gov,434608,Some-college,10,Married-civ-spouse,Craft-repair,Husband,Amer-Indian-Eskimo,Male,22,0,55,United-States,0
22,Private,190036,1st-4th,3,Never-married,Other-service,Not-in-family,Black,Female,18,0,40,United-States,0
49,State-gov,213831,Masters,14,Married-civ-spouse,Prof-specialty,Husband,White,Male,37,1874,70,United-States,0
19,?,245385,HS-grad,9,Never-married,?,Own-child,White,Male,23,0,23,United-States,0
52,Private,281208,Some-college,10,Married-civ-spouse,Craft-repair,Husband,White,Male,17,0,40,United-States,0
25,Private,138052,Some-college,13,Never-married,Handlers-cleaners,Own-child,Black,Male,10,0,57,United-States,0
76,?,208583,11th,7,Married-civ-spouse,?,Husband,Asian-Pac-Islander,Female,6,0,11,Cuba,0
22,Private,37997,HS-grad,9,Never-married,Tech-support,Own-child,White,Female,27,-1,30,United-States,0
40,Private,99926,Bachelors,13,Never-married,Exec-managerial,Not-in-family,White,Male,-12,0,49,United-States,0
48,Private,30050,Some-college,10,Married-civ-spouse,Machine-op-inspct,Husband,White,Male,16,0,40,United-States,0
31,?,313243,Bachelors,13,Married-civ-spouse,?,Husband,White,Male,11,-1,40,United-States,0
67,?,184258,Some-college,10,Widowed,?,Not-in-family,White,Female,23,0,40,United-States,0
27,Private,222476,Bachelors,13,Never-married,Prof-specialty,Not-in-family,Black,Female,-6,0,40,United-States,0
43,Private,249350,Bachelors,13,Separated,Craft-repair,Not-in-family,Black,Female,32,0,40,United-States,0
48,Private,362940,Prof-school,15,Married-civ-spouse,Prof-specialty,Husband,White,Male,15361,1,57,India,1
46,Private,167044,HS-grad,9,Separated,Other-service,Not-in-family,White,Female,8,0,40,United-States,0
23,Private,416655,HS-grad,9,Never-married,Handlers-cleaners,Own-child,White,Male,22,0,40,United-States,0
45,Local-gov,260747,Some-college,10,Divorced,Protective-serv,Not-in-family,White,Male,-4,0,56,United-States,1
44,Local-gov,295089,HS-grad,9,Divorced,Exec-managerial,Unmarried,White,Female,5,1,40,United-States,0
38,Private,271963,HS-grad,9,Married-civ-spouse,Craft-repair,Husband,White,Male,1,0,50,United-States,0
31,Private,240152,Bachelors,13,Never-married,Prof-specialty,Not-in-family,White,Female,11,0,73,United-States,0
45,Self-emp-not-inc,141471,Bachelors,13,Married-civ-spouse,Prof-specialty,Husband,Asian-Pac-Islander,Male,9,0,71,United-States,1
73,Private,99870,HS-grad,9,Widowed,Other-service,Unmarried,White,Female,1,0,37,United-States,0
35,Self-emp-not-inc,224577,Bachelors,13,Divorced,Prof-specialty,Not-in-family,Amer-Indian-Eskimo,Male,15,0,58,United-States,0
38,Private,191332,Some-college,10,Divorced,Craft-repair,Not-in-family,White,Male,14,0,49,United-States,0
64,Private,203430,5th-6th,3,Never-married,Other-service,Not-in-family,White,Male,38,1,40,Mexico,0
17,?,164869,10th,6,Never-married,?,Unmarried,White,Female,18,-1,40,United-States,0
47,Self-emp-not-inc,108014,Prof-school,15,Married-civ-spouse,Prof-specialty,Husband,White,Male,7732,1,59,United-States,1
36,Private,126236,Bachelors,13,Never-married,Sales,Unmarried,White,Female,4,0,40,Yugoslavia,0
50,Private,178510,HS-grad,9,Separated,Other-service,Not-in-family,White,Female,9,0,40,United-States,0
42,Private,160583,Bachelors,7,Divorced,Machine-op-inspct,Unmarried,White,Female,13,0,40,United-States,0
62,Private,169050,Assoc-voc,11,Divorced,Craft-repair,Not-in-family,White,Male,19,0,40,United-States,0
21,Private,226368,Some-college,10,Never-married,Other-service,Own-child,White,Male,0,0,24,Nicaragua,0
24,Private,85277,11th,14,Never-married,Prof-specialty,Not-in-family,Black,Female,32,1,40,United-States,0
34,Private,34711,Some-college,10,Never-married,Prof-specialty,Not-in-family,White,Male,19,1,71,United-States,0
67,Private,269658,Some-college,10,Married-civ-spouse,Other-service,Wife,Black,Female,41,0,40,Philippines,0
57,Private,167364,10th,6,Married-civ-spouse,Transport-moving,Husband,Amer-Indian-Eskimo,Male,9,1,40,United-States,0
54,Private,138603,HS-grad,9,Divorced,Other-service,Unmarried,Black,Female,16,0,37,United-States,0
21,Private,282500,Some-college,10,Never-married,Craft-repair,Own-child,Black,Male,-1,1,6,Mexico,0
64,Self-emp-not-inc,192118,10th,4,Married-civ-spouse,Farming-fishing,Husband,Black,Male,3278,-1,57,United-States,0
47,Local-gov,154220,Bachelors,13,Married-civ-spouse,Craft-repair,Husband,White,Male,10,0,56,United-States,0
48,Private,226979,9th,5,Divorced,Machine-op-inspct,Unmarried,White,Male,42,-1,40,United-States,0
33,Private,222663,Assoc-voc,11,Never-married,Tech-support,Not-in-family,Black,Female,34,1,40,United-States,1
77,Self-emp-not-inc,66176,HS-grad,9,Married-civ-spouse,Craft-repair,Husband,White,Male,18,1856,69,United-States,0
58,Private,281553,10th,6,Married-civ-spouse,Machine-op-inspct,Husband,White,Male,6,0,40,United-States,0
54,Private,128082,HS-grad,9,Separated,Transport-moving,Other-relative,Black,Male,-2,-1,67,United-States,1
17,Private,236529,11th,7,Never-married,Tech-support,Own-child,White,Female,41,0,10,United-States,0
31,Private,199999,HS-grad,9,Never-married,Exec-managerial,Not-in-family,White,Male,31,2173,40,United-States,0
36,Self-emp-not-inc,220077,Bachelors,7,Widowed,Prof-specialty,Not-in-family,White,Female,-26,-1,36,United-States,0
41,Self-emp-not-inc,66218,Prof-school,15,Married-civ-spouse,Prof-specialty,Husband,White,Male,15495,1,60,United-States,1
25,Private,233230,HS-grad,9,Married-civ-spouse,Machine-op-inspct,Husband,White,Male,13,0,40,United-States,0
37,Local-gov,238667,Assoc-acdm,12,Never-married,Adm-clerical,Not-in-family,White,Female,-2,1,40,United-States,0
34,Private,220647,10th,3,Married-civ-spouse,Other-service,Wife,White,Female,-22,0,40,United-States,0
46,Private,57786,Bachelors,13,Divorced,Other-service,Not-in-family,White,Female,9,0,40,United-States,0
44,Private,110141,Masters,13,Married-civ-spouse,Prof-specialty,Wife,Asian-Pac-Islander,Male,4106,0,40,Ireland,0
26,Private,234528,HS-grad,9,Never-married,Other-service,Wife,White,Female,13,0,40,?,0
23,Private,96484,10th,6,Never-married,Handlers-cleaners,Own-child,White,Male,40,-1,40,United-States,0
63,Local-gov,141647,Assoc-voc,11,Separated,Adm-clerical,Unmarried,Amer-Indian-Eskimo,Female,3,0,40,United-States,0
54,Private,222989,HS-grad,9,Widowed,Adm-clerical,Other-relative,White,Female,7,1827,40,United-States,0
43,?,111300,Some-college,10,Married-civ-spouse,?,Wife,White,Female,28,0,7,United-States,0
22,Private,225282,Masters,14,Never-married,Prof-specialty,Not-in-family,White,Female,26,0,40,United-States,0
48,Private,164123,10th,5,Married-civ-spouse,Transport-moving,Husband,White,Male,22,0,49,United-States,0
32,Private,307446,7th-8th,3,Never-married,Machine-op-inspct,Not-in-family,Other,Male,11,-1,40,Puerto-Rico,0
19,?,33575,Some-college,10,Never-married,?,Own-child,White,Male,11,0,19,United-States,0
42,Private,247693,Some-college,10,Divorced,Adm-clerical,Unmarried,White,Female,19,-1,40,United-States,0
25,?,254168,HS-grad,9,Never-married,?,Not-in-family,White,Male,-19,1,30,United-States,0
30,Private,112372,Some-college,10,Married-spouse-absent,Craft-repair,Other-relative,White,Male,16,0,40,United-States,0
35,Private,234486,Some-college,10,Never-married,Other-service,Other-relative,White,Male,19,1,30,Portugal,0
35,Private,195195,HS-grad,9,Never-married,Prof-specialty,Not-in-family,White,Male,32,0,60,United-States,0
54,Self-emp-not-inc,240100,Some-college,10,Never-married,Prof-specialty,Not-in-family,Black,Male,27,1806,49,United-States,0
49,Private,43706,Some-college,10,Married-spouse-absent,Sales,Unmarried,White,Male,6,0,49,United-States,1
63,Private,229162,HS-grad,9,Married-spouse-absent,Other-service,Other-relative,Black,Male,16,-1,40,United-States,0
23,Private,203142,HS-grad,9,Never-married,Other-service,Not-in-family,White,Male,35,0,40,United-States,0
42,Private,177597,Masters,14,Never-married,Other-service,Not-in-family,White,Female,6,0,40,United-States,0
39,Private,322149,11th,6,Never-married,Other-service,Not-in-family,Black,Female,22,-1,40,United-States,0
61,Self-emp-not-inc,176571,Some-college,10,Widowed,Other-service,Not-in-family,Black,Female,16,0,40,United-States,0
45,Private,242001,Some-college,10,Divorced,Adm-clerical,Unmarried,White,Female,33,0,40,United-States,0
35,Private,308672,HS-grad,9,Divorced,Adm-clerical,Unmarried,White,Female,11,0,40,United-States,0
46,Private,175514,Bachelors,13,Divorced,Other-service,Unmarried,White,Female,40,-1,50,United-States,0
27,Private,362459,Prof-school,15,Never-married,Prof-specialty,Own-child,Black,Male,11,0,22,United-States,0
58,Private,115341,Assoc-acdm,13,Married-civ-spouse,Sales,Husband,Black,Male,-5,1,43,Poland,0
26,Private,283020,HS-grad,9,Widowed,Other-service,Not-in-family,White,Female,4,0,31,Hong,0
34,Private,268506,HS-grad,9,Married-civ-spouse,Exec-managerial,Wife,White,Male,29,1,50,United-States,1
46,Private,46731,Prof-school,15,Never-married,Prof-specialty,Not-in-family,White,Male,40,1,45,United-States,0
32,Private,321089,HS-grad,9,Married-civ-spouse,Machine-op-inspct,Husband,White,Male,1,0,40,China,0
63,Never-worked,269237,Bachelors,13,Never-married,?,Not-in-family,White,Male,31,0,40,?,0
26,?,304562,HS-grad,9,Never-married,?,Not-in-family,White,Female,-1,0,40,?,0
33,Private,224800,HS-grad,9,Married-spouse-absent,Sales,Not-in-family,Black,Male,1,-1,30,United-States,0
21,Private,28483,7th-8th,3,Never-married,Other-service,Own-child,Black,Male,-8,0,40,United-States,0
52,Local-gov,173617,Masters,14,Divorced,Adm-clerical,Unmarried,Black,Female,34,0,40,Canada,0
60,Private,206271,HS-grad,9,Separated,Machine-op-inspct,Not-in-family,White,Male,14,1,74,United-States,0
57,Self-emp-inc,132476,Doctorate,15,Married-civ-spouse,Prof-specialty,Husband,White,Male,55,0,72,United-States,1
40,Private,196613,Some-college,10,Married-civ-spouse,Sales,Husband,White,Male,2,-1,40,United-States,0
37,Private,140980,9th,7,Never-married,Tech-support,Not-in-family,White,Female,22,-1,40,United-States,0
39,Private,218444,Some-college,10,Married-civ-spouse,Craft-repair,Husband,White,Male,-9,0,49,United-States,0
33,Self-emp-not-inc,417209,Bachelors,13,Married-civ-spouse,Prof-specialty,Husband,White,Male,13,0,50,United-States,0
30,Self-emp-not-inc,44788,Some-college,10,Married-civ-spouse,Farming-fishing,Not-in-family,White,Male,5,1,50,United-States,0
31,Private,261334,HS-grad,9,Never-married,Farming-fishing,Own-child,White,Male,-1,0,50,United-States,0
32,Private,227169,Some-college,10,Never-married,Prof-specialty,Own-child,White,Male,3,1,50,United-States,0
51,Private,99939,HS-grad,9,Married-civ-spouse,Other-service,Husband,Amer-Indian-Eskimo,Male,3,-1,40,United-States,0
27,Private,65862,12th,7,Married-civ-spouse,Sales,Husband,White,Male,-10,0,40,United-States,0
26,State-gov,296096,Some-college,10,Divorced,Other-service,Other-relative,White,Female,14,0,31,United-States,0
53,Private,179460,7th-8th,3,Divorced,Priv-house-serv,Not-in-family,White,Female,29,2027,40,United-States,0
49,Private,117480,10th,7,Never-married,Transport-moving,Own-child,White,Male,15,0,50,United-States,0
52,Private,461709,Some-college,10,Divorced,Machine-op-inspct,Not-in-family,Amer-Indian-Eskimo,Male,-19,0,40,United-States,0
57,Private,249906,7th-8th,5,Never-married,Craft-repair,Not-in-family,White,Male,7,0,44,United-States,0
38,Self-emp-not-inc,120012,HS-grad,3,Married-civ-spouse,Sales,Not-in-family,Asian-Pac-Islander,Male,25,1,44,Thailand,0
29,Private,216630,HS-grad,9,Married-civ-spouse,Exec-managerial,Wife,White,Male,-5,0,64,Hong,0
42,Private,325091,Some-college,10,Married-civ-spouse,Transport-moving,Husband,White,Male,7,0,40,United-States,1
32,Private,104374,Assoc-voc,11,Married-civ-spouse,Exec-managerial,Husband,White,Male,34,0,37,United-States,0
37,Without-pay,204606,Bachelors,13,Married-civ-spouse,Other-service,Husband,White,Male,9,0,40,United-States,0
26,Private,215049,Some-college,14,Never-married,Exec-managerial,Unmarried,White,Female,31,0,36,United-States,0
29,Private,238056,9th,3,Never-married,Other-service,Own-child,White,Female,26,0,20,Cuba,0
26,Private,217724,HS-grad,9,Never-married,Craft-repair,Husband,Asian-Pac-Islander,Male,-1,1855,40,India,0
56,Private,216481,Assoc-acdm,13,Married-civ-spouse,Exec-managerial,Husband,Asian-Pac-Islander,Female,31,0,40,Italy,0
45,Federal-gov,207353,Bachelors,13,Married-civ-spouse,Prof-specialty,Husband,White,Male,15,0,44,United-States,1
19,Private,352966,10th,6,Never-married,Craft-repair,Own-child,White,Male,30,0,40,United-States,0
24,Private,224474,9th,5,Never-married,Other-service,Not-in-family,White,Male,22,0,40,United-States,0
35,Private,219119,HS-grad,9,Married-civ-spouse,Transport-moving,Husband,White,Male,6,0,40,United-States,0
30,Private,248064,HS-grad,9,Separated,Machine-op-inspct,Own-child,Black,Male,16,0,40,?,0
38,Private,128613,Masters,5,Never-married,Prof-specialty,Unmarried,White,Female,1,-1,40,United-States,0
25,Private,383686,Bachelors,13,Never-married,Sales,Own-child,Asian-Pac-Islander,Female,19,0,44,Jamaica,0
70,Private,144204,HS-grad,9,Widowed,Other-service,Not-in-family,White,Female,-6,-1,30,United-States,0
48,Private,235056,Some-college,10,Divorced,Sales,Unmarried,White,Female,16,0,63,United-States,0
19,Private,627507,HS-grad,9,Never-married,Handlers-cleaners,Own-child,White,Male,12,0,11,United-States,0
40,Private,150296,Bachelors,13,Separated,Prof-specialty,Not-in-family,Asian-Pac-Islander,Female,9,1,40,Japan,0
33,Private,242965,HS-grad,9,Married-civ-spouse,Transport-moving,Husband,Black,Male,6,-1,40,United-States,0
53,Private,167148,10th,6,Married-civ-spouse,Other-service,Husband,White,Male,-5,-1,49,United-States,0
59,?,253852,Some-college,10,Widowed,?,Not-in-family,White,Female,18,0,40,United-States,0
33,Local-gov,343821,Bachelors,13,Never-married,Other-service,Other-relative,White,Female,27,0,31,United-States,0
46,Private,212716,Some-college,10,Separated,Craft-repair,Not-in-family,White,Male,8,-1,40,United-States,0
68,Private,222151,7th-8th,3,Widowed,Other-service,Not-in-family,White,Female,22,0,40,United-States,0
32,Private,242256,Some-college,10,Divorced,Adm-clerical,Not-in-family,White,Female,39,0,40,United-States,0
90,Private,185525,10th,6,Divorced,Prof-specialty,Not-in-family,White,Male,46,1,50,United-States,0
40,Self-emp-not-inc,39482,HS-grad,9,Widowed,Other-service,Not-in-family,White,Female,15,-1,40,United-States,0
29,Private,118398,HS-grad,9,Never-married,Other-service,Not-in-family,White,Male,13,0,40,?,0
58,Private,326434,5th-6th,2,Married-civ-spouse,Craft-repair,Husband,White,Male,4504,1,40,Mexico,0
40,Private,212057,Prof-school,15,Never-married,Other-service,Not-in-family,White,Male,40,1,40,United-States,0
43,Self-emp-not-inc,319408,Assoc-acdm,12,Never-married,Farming-fishing,Not-in-family,White,Male,11,1,40,United-States,0
36,Private,675674,HS-grad,9,Never-married,Other-service,Not-in-family,White,Male,7,0,50,United-States,0
75,Private,122128,HS-grad,9,Widowed,Other-service,Unmarried,White,Female,21,0,40,United-States,0
47,Local-gov,126126,Assoc-acdm,12,Divorced,Prof-specialty,Not-in-family,White,Female,27,1,40,United-States,0
51,Private,33365,Masters,14,Married-civ-spouse,Exec-managerial,Wife,White,Female,24,0,69,United-States,1
54,Self-emp-inc,258384,Some-college,10,Married-civ-spouse,Sales,Husband,White,Male,3,0,50,United-States,0
32,Private,165613,HS-grad,9,Married-civ-spouse,Machine-op-inspct,Husband,White,Male,-1,0,40,United-States,0
33,Private,283810,Masters,14,Never-married,Prof-specialty,Unmarried,Black,Female,8,0,40,Haiti,0
57,Private,259780,Assoc-voc,11,Married-civ-spouse,Tech-support,Husband,White,Male,19,2,50,United-States,0
27,Private,215101,Assoc-voc,11,Never-married,Tech-support,Wife,White,Female,9,0,40,United-States,0
54,Private,246285,HS-grad,10,Married-civ-spouse,Transport-moving,Husband,White,Male,18,1,40,United-States,0
18,Private,225754,Some-college,10,Never-married,Sales,Own-child,White,Male,36,0,19,United-States,0
20,Private,227064,HS-grad,9,Never-married,Other-service,Own-child,White,Male,15,1,30,United-States,0
54,Private,205077,Masters,14,Never-married,Prof-specialty,Not-in-family,Asian-Pac-Islander,Male,17,1,40,China,1
55,Private,148776,Some-college,10,Divorced,Other-service,Not-in-family,White,Female,13,0,40,United-States,0
42,Private,213887,HS-grad,9,Married-civ-spouse,Other-service,Husband,White,Male,4,0,35,?,0
23,Private,185374,Some-college,10,Never-married,Adm-clerical,Other-relative,Black,Female,15,0,40,United-States,0
56,?,45574,Some-college,10,Married-AF-spouse,?,Wife,White,Female,32,-1,18,Philippines,1
44,Self-emp-not-inc,175757,HS-grad,9,Married-civ-spouse,Farming-fishing,Husband,White,Male,-6,0,50,Germany,1
31,Private,552397,HS-grad,9,Never-married,Craft-repair,Not-in-family,White,Male,29,1789,40,Columbia,0
22,Private,299848,Some-college,10,Never-married,Tech-support,Own-child,White,Male,15,0,45,United-States,0
46,Private,316857,Some-college,10,Married-civ-spouse,Machine-op-inspct,Husband,White,Female,-2,0,40,Mexico,0
57,State-gov,217930,Masters,14,Divorced,Prof-specialty,Unmarried,Other,Female,18,1,36,United-States,0
51,Private,203866,Bachelors,13,Married-civ-spouse,Adm-clerical,Wife,White,Female,18,0,21,United-States,0
58,Self-emp-not-inc,121415,Assoc-acdm,13,Married-civ-spouse,Sales,Husband,White,Male,-1,-1,61,United-States,1
40,Private,124054,Assoc-voc,11,Separated,Tech-support,Not-in-family,White,Female,8,1,40,United-States,0
30,Self-emp-not-inc,30564,Bachelors,13,Never-married,Prof-specialty,Not-in-family,White,Male,4566,0,68,United-States,1
30,Federal-gov,62170,7th-8th,14,Never-married,Prof-specialty,Not-in-family,White,Female,15,0,40,United-States,0
27,Private,177203,Assoc-acdm,13,Never-married,Armed-Forces,Not-in-family,Other,Female,-1,0,40,United-States,0
52,Private,202584,Bachelors,11,Married-civ-spouse,Exec-managerial,Husband,White,Male,-3,1,45,United-States,0
54,Self-emp-inc,129452,Prof-school,15,Married-civ-spouse,Prof-specialty,Husband,Asian-Pac-Islander,Male,15807,1896,49,Ecuador,1
40,Local-gov,174170,Some-college,10,Separated,Adm-clerical,Not-in-family,White,Male,3,0,40,United-States,0
24,Private,366378,Bachelors,13,Never-married,Adm-clerical,Not-in-family,White,Male,19,0,60,United-States,0
28,Private,749720,HS-grad,9,Married-civ-spouse,Craft-repair,Wife,White,Male,18,0,40,United-States,0
70,Private,193506,11th,3,Widowed,Priv-house-serv,Unmarried,Black,Female,27,-1,40,United-States,0
40,Private,98851,Some-college,10,Married-civ-spouse,Other-service,Husband,Asian-Pac-Islander,Male,7,1,40,South,0
37,State-gov,125383,Masters,15,Never-married,Prof-specialty,Not-in-family,White,Female,10,2204,40,United-States,0
27,State-gov,469387,Some-college,10,Never-married,Prof-specialty,Own-child,White,Male,7,0,40,United-States,0
29,Private,177266,Some-college,10,Never-married,Prof-specialty,Other-relative,Black,Female,12,-1,30,Haiti,0
26,Private,190616,Some-college,10,Never-married,Craft-repair,Own-child,White,Male,12,1,45,United-States,0
60,Private,236476,11th,6,Divorced,Other-service,Unmarried,White,Female,-1,0,35,United-States,0
47,Private,106131,HS-grad,9,Widowed,Other-service,Unmarried,White,Female,18,0,40,United-States,0
44,Local-gov,127485,Bachelors,13,Married-civ-spouse,Exec-managerial,Wife,White,Female,7863,0,40,United-States,0
61,Private,158336,7th-8th,4,Married-civ-spouse,Transport-moving,Husband,White,Male,5,0,40,United-States,0
29,Local-gov,226325,Some-college,10,Married-civ-spouse,Other-service,Wife,White,Female,18,0,22,United-States,0
28,Private,144694,Doctorate,15,Never-married,Prof-specialty,Not-in-family,White,Male,27,1,50,?,0
30,Private,255665,Masters,6,Married-civ-spouse,Prof-specialty,Other-relative,White,Male,-13,1781,45,China,0
47,Private,161531,Some-college,10,Divorced,Exec-managerial,Not-in-family,White,Female,-13,0,40,United-States,0
19,Private,142794,Some-college,10,Never-married,Other-service,Own-child,White,Male,29,0,40,United-States,0
55,Private,221613,7th-8th,4,Divorced,Other-service,Unmarried,Black,Female,29,-2,36,United-States,0
54,Self-emp-inc,290199,9th,4,Never-married,Handlers-cleaners,Not-in-family,White,Male,25,0,40,England,0
32,Private,140581,Bachelors,13,Never-married,Exec-managerial,Unmarried,White,Female,0,0,40,United-States,1
20,Private,289117,HS-grad,9,Never-married,Other-service,Own-child,Amer-Indian-Eskimo,Female,22,0,23,United-States,0
34,Local-gov,195819,HS-grad,9,Married-civ-spouse,Protective-serv,Not-in-family,Black,Male,3,0,40,United-States,0
48,Private,337579,10th,6,Never-married,Craft-repair,Own-child,White,Male,34,0,40,United-States,0
31,Private,290241,Masters,14,Divorced,Prof-specialty,Not-in-family,White,Female,19,0,40,United-States,0
19,Without-pay,216657,HS-grad,9,Never-married,Protective-serv,Not-in-family,White,Female,-4,0,40,United-States,0
59,Private,116950,HS-grad,9,Separated,Other-service,Unmarried,Black,Female,17,0,40,Peru,0
47,Private,204120,HS-grad,9,Married-civ-spouse,Machine-op-inspct,Not-in-family,White,Male,22,1790,40,United-States,0
19,Private,91026,HS-grad,9,Never-married,Sales,Own-child,White,Female,39,0,24,United-States,0
29,Private,247601,HS-grad,9,Never-married,Other-service,Not-in-family,White,Male,10,1,40,?,0
25,Private,227152,HS-grad,9,Never-married,Prof-specialty,Not-in-family,White,Female,-5,1,40,Mexico,0
51,Private,293923,HS-grad,9,Widowed,Other-service,Unmarried,Black,Female,5,-1,34,United-States,0
22,State-gov,316179,11th,10,Never-married,Other-service,Own-child,White,Male,-1,-1,30,United-States,0
52,Private,159300,Prof-school,15,Married-civ-spouse,Prof-specialty,Husband,White,Male,7922,0,49,United-States,1
33,State-gov,239306,10th,15,Never-married,Farming-fishing,Own-child,White,Male,29,0,68,United-States,0
56,Private,183448,HS-grad,9,Separated,Other-service,Not-in-family,White,Female,27,0,40,United-States,0
49,Private,291689,HS-grad,9,Married-civ-spouse,Craft-repair,Husband,White,Male,6,-1,43,United-States,0
41,Private,94676,9th,7,Married-civ-spouse,Other-service,Wife,White,Female,3,0,40,Scotland,0
49,Self-emp-inc,259583,Bachelors,11,Married-civ-spouse,Prof-specialty,Husband,White,Male,40,0,40,Vietnam,1
66,Private,236112,Assoc-acdm,13,Married-civ-spouse,Sales,Husband,White,Male,-10,0,49,United-States,1
25,Private,319749,HS-grad,9,Never-married,Protective-serv,Not-in-family,Black,Male,-2,0,30,United-States,0
42,Private,204102,Bachelors,13,Married-spouse-absent,Farming-fishing,Unmarried,White,Female,14961,-1,36,Guatemala,0
26,Private,183207,HS-grad,9,Married-civ-spouse,Craft-repair,Not-in-family,White,Male,-10,0,36,United-States,0
21,Private,109301,Bachelors,13,Never-married,Other-service,Not-in-family,White,Male,10,0,30,United-States,0
67,Self-emp-not-inc,227454,Assoc-voc,10,Divorced,Farming-fishing,Own-child,White,Male,21,1,62,United-States,0
44,Private,190169,Masters,14,Married-civ-spouse,Prof-specialty,Husband,White,Male,17,0,58,United-States,1
20,Private,409165,Some-college,10,Never-married,Other-service,Not-in-family,Black,Female,35,0,40,United-States,0
30,Private,128739,Some-college,10,Never-married,Farming-fishing,Unmarried,White,Female,22,-1,22,United-States,0
44,Self-emp-not-inc,313679,Some-college,10,Married-civ-spouse,Other-service,Husband,Amer-Indian-Eskimo,Male,49,0,56,United-States,1
18,?,246361,Bachelors,13,Never-married,?,Own-child,White,Female,-19,0,19,United-States,0
30,State-gov,89572,Masters,14,Never-married,Prof-specialty,Not-in-family,White,Male,-2,0,51,United-States,0
25,Local-gov,176062,Some-college,10,Divorced,Adm-clerical,Not-in-family,White,Female,19,-1,40,United-States,0
33,Private,256295,HS-grad,9,Married-civ-spouse,Other-service,Husband,White,Male,-2,0,40,United-States,0
51,Private,164233,HS-grad,9,Divorced,Adm-clerical,Unmarried,White,Female,10,1,40,United-States,0
53,Private,57311,Some-college,10,Married-civ-spouse,Handlers-cleaners,Husband,White,Male,-1,1,40,Portugal,0
27,Private,178364,Some-college,10,Married-civ-spouse,Adm-clerical,Husband,White,Male,43,1,58,United-States,1
27,Private,29914,Some-college,10,Never-married,Other-service,Own-child,Black,Female,15,0,49,United-States,0
47,State-gov,173641,Doctorate,14,Married-civ-spouse,Prof-specialty,Wife,Asian-Pac-Islander,Female,4168,1,40,India,1
24,Private,231504,HS-grad,9,Never-married,Sales,Unmarried,White,Female,17,0,40,?,0
25,Private,279197,11th,6,Never-married,Other-service,Not-in-family,Black,Female,22,0,40,United-States,0
51,Private,256644,Some-college,10,Married-civ-spouse,Craft-repair,Husband,White,Male,20,0,31,El-Salvador,0
57,Private,265521,Some-college,10,Separated,Other-service,Not-in-family,Black,Male,39,0,10,United-States,0
46,Private,126626,7th-8th,3,Never-married,Craft-repair,Other-relative,Other,Male,4,1,40,Mexico,0
47,Private,45227,HS-grad,9,Married-civ-spouse,Sales,Husband,White,Male,2,1807,40,United-States,1
68,Private,192196,Some-college,10,Divorced,Craft-repair,Not-in-family,White,Male,2,0,40,United-States,0
35,Private,40343,HS-grad,9,Married-civ-spouse,Transport-moving,Husband,White,Male,17,0,49,United-States,0
52,Private,200020,Some-college,10,Never-married,Adm-clerical,Not-in-family,White,Female,36,0,68,United-States,0
40,Private,173486,HS-grad,9,Divorced,Adm-clerical,Not-in-family,White,Female,13,-1,40,United-States,0
31,Local-gov,419469,Assoc-acdm,13,Married-civ-spouse,Prof-specialty,Husband,White,Male,14,0,40,United-States,0
32,Private,214000,Some-college,10,Married-civ-spouse,Exec-managerial,Husband,White,Male,18,0,40,United-States,1
32,Private,274040,Some-college,10,Married-civ-spouse,Exec-managerial,Husband,White,Male,28,1,50,United-States,1
55,Private,125571,Bachelors,13,Married-civ-spouse,Tech-support,Husband,White,Male,7740,0,57,United-States,0
50,Private,216451,HS-grad,9,Married-civ-spouse,Transport-moving,Husband,White,Male,-1,0,40,United-States,0
27,Private,405161,Some-college,10,Never-married,Craft-repair,Own-child,White,Female,11,0,30,United-States,0
64,Local-gov,238427,Assoc-acdm,12,Married-civ-spouse,Adm-clerical,Husband,White,Male,6,0,40,United-States,0
56,?,227650,10th,5,Divorced,?,Unmarried,Black,Female,-7,-1,40,United-States,0
36,Private,117421,Some-college,10,Married-civ-spouse,Transport-moving,Husband,Amer-Indian-Eskimo,Male,0,1,40,United-States,0
39,Private,166202,Bachelors,10,Married-civ-spouse,Prof-specialty,Husband,White,Male,34,0,58,?,0
25,Private,250207,Bachelors,13,Never-married,Craft-repair,Not-in-family,White,Male,20,0,40,United-States,0
57,Private,233739,HS-grad,9,Married-civ-spouse,Craft-repair,Husband,White,Male,12,0,45,United-States,1
57,Local-gov,208356,Assoc-acdm,12,Married-civ-spouse,Adm-clerical,Husband,Black,Male,0,0,40,United-States,1
59,Private,219474,HS-grad,9,Divorced,Other-service,Not-in-family,White,Female,-1,-1,40,United-States,0
53,Federal-gov,339213,Bachelors,13,Married-civ-spouse,Protective-serv,Husband,White,Male,6,0,40,United-States,1
24,Private,196691,5th-6th,3,Never-married,Handlers-cleaners,Not-in-family,White,Male,32,0,40,Mexico,0
18,Private,209460,HS-grad,9,Never-married,Other-service,Not-in-family,White,Female,-1,-1,10,United-States,0
34,Private,88641,Some-college,10,Married-civ-spouse,Transport-moving,Husband,White,Male,36,0,58,United-States,0
59,Private,100087,HS-grad,6,Married-civ-spouse,Other-service,Husband,Amer-Indian-Eskimo,Female,-5,0,40,United-States,0
50,Private,135505,10th,3,Married-civ-spouse,Transport-moving,Husband,Black,Male,5,0,40,Portugal,0
61,Private,303728,9th,6,Married-civ-spouse,Craft-repair,Husband,Black,Male,9,0,40,United-States,0
32,Private,238789,HS-grad,9,Married-civ-spouse,Transport-moving,Husband,White,Male,30,0,40,Mexico,0
59,?,148359,10th,6,Married-civ-spouse,?,Husband,White,Male,10,0,40,England,0
30,Private,445079,HS-grad,9,Never-married,Other-service,Not-in-family,Black,Female,31,0,25,United-States,0
54,Private,185647,Masters,14,Married-civ-spouse,Prof-specialty,Husband,White,Male,17,0,40,United-States,0
72,?,238788,Some-college,10,Never-married,?,Not-in-family,White,Male,2,1,40,United-States,0
62,Private,82368,Doctorate,16,Married-civ-spouse,Prof-specialty,Husband,Asian-Pac-Islander,Male,9,0,40,United-States,1
30,Private,228972,Bachelors,13,Married-civ-spouse,Transport-moving,Husband,White,Male,27,1,49,United-States,0
23,Private,145685,Bachelors,13,Never-married,Tech-support,Own-child,Black,Male,-2,-1,62,United-States,0
22,Private,47864,HS-grad,9,Never-married,Handlers-cleaners,Own-child,White,Male,22,0,22,United-States,0
24,Private,226109,HS-grad,9,Never-married,Craft-repair,Other-relative,White,Male,-9,0,30,Mexico,0
39,Local-gov,210720,Assoc-acdm,12,Separated,Adm-clerical,Not-in-family,White,Female,-19,1,40,United-States,0
49,Local-gov,168451,HS-grad,9,Married-civ-spouse,Handlers-cleaners,Husband,Amer-Indian-Eskimo,Female,39,0,50,Cuba,0
32,Federal-gov,26075,Bachelors,13,Never-married,Adm-clerical,Own-child,White,Male,18,0,40,United-States,0
29,Local-gov,276375,Some-college,10,Never-married,Adm-clerical,Not-in-family,White,Female,-9,0,40,United-States,0
19,?,283856,11th,7,Never-married,?,Not-in-family,White,Female,6,1855,20,China,0
47,Private,232439,5th-6th,3,Separated,Other-service,Not-in-family,White,Male,-6,0,30,Haiti,0
21,Private,214487,Some-college,10,Never-married,Other-service,Other-relative,White,Male,18,1,21,United-States,0
35,Private,109636,Masters,10,Never-married,Adm-clerical,Unmarried,Asian-Pac-Islander,Female,11,1,40,Vietnam,0
59,Private,121515,7th-8th,3,Widowed,Other-service,Not-in-family,White,Female,21,-1,36,United-States,0
61,Without-pay,77319,10th,6,Married-civ-spouse,Transport-moving,Husband,Asian-Pac-Islander,Male,13,0,61,United-States,1
49,Private,165370,Some-college,10,Married-civ-spouse,Exec-managerial,Husband,White,Male,39,0,40,Puerto-Rico,1
36,Private,221793,HS-grad,9,Never-married,Handlers-cleaners,Not-in-family,White,Male,16,0,45,United-States,0
21,?,236891,Some-college,10,Never-married,?,Own-child,White,Female,8,1,13,United-States,0
60,?,47628,HS-grad,9,Married-civ-spouse,?,Husband,Amer-Indian-Eskimo,Male,-8,-1,22,United-States,0
37,Self-emp-not-inc,313600,Bachelors,13,Married-civ-spouse,Exec-managerial,Husband,White,Male,31,0,58,United-States,0
38,Private,413401,Bachelors,13,Married-civ-spouse,Prof-specialty,Wife,White,Male,31,1,40,United-States,1
37,Private,138236,11th,7,Married-spouse-absent,Other-service,Unmarried,White,Female,25,-1,50,United-States,0
53,Private,214871,10th,6,Married-civ-spouse,Other-service,Wife,Black,Female,0,0,40,United-States,0
44,Private,244512,Bachelors,13,Married-civ-spouse,Exec-managerial,Husband,White,Male,2,0,50,China,1
29,Private,224154,Some-college,10,Divorced,Other-service,Own-child,Asian-Pac-Islander,Female,20,0,23,Greece,0
35,Private,574677,HS-grad,9,Separated,Other-service,Other-relative,Black,Male,-1,0,30,Mexico,0
33,Private,164974,Bachelors,13,Never-married,Prof-specialty,Not-in-family,Asian-Pac-Islander,Male,39,1849,49,South,0
36,Private,37509,HS-grad,9,Divorced,Adm-clerical,Not-in-family,White,Female,-4,0,40,United-States,0
60,Private,132847,Bachelors,13,Married-civ-spouse,Other-service,Wife,White,Female,11,0,40,United-States,1
36,Private,251434,Bachelors,13,Married-civ-spouse,Exec-managerial,Husband,White,Male,9,0,40,United-States,0
28,Self-emp-not-inc,152780,Some-college,10,Married-civ-spouse,Craft-repair,Husband,Asian-Pac-Islander,Male,12,0,59,?,0
58,Private,125608,7th-8th,10,Divorced,Handlers-cleaners,Unmarried,White,Male,5,1,25,United-States,0
25,?,158453,Assoc-voc,14,Never-married,Adm-clerical,Not-in-family,Other,Female,10,0,13,United-States,0
37,Private,237469,1st-4th,2,Married-spouse-absent,Craft-repair,Unmarried,White,Male,-2,1,40,Mexico,0
57,Private,235872,HS-grad,9,Never-married,Other-service,Own-child,White,Female,4,0,40,United-States,0
34,Private,194767,5th-6th,4,Married-spouse-absent,Machine-op-inspct,Not-in-family,White,Male,-5,0,40,Dominican-Republic,0
52,Private,195141,Some-college,10,Married-civ-spouse,Prof-specialty,Husband,White,Male,36,1,40,United-States,0
51,Private,136938,HS-grad,9,Married-civ-spouse,Craft-repair,Husband,Amer-Indian-Eskimo,Male,7,-1,37,United-States,0
48,Self-emp-inc,277497,Assoc-voc,11,Married-civ-spouse,Sales,Husband,White,Male,45,0,40,United-States,1
22,?,196628,HS-grad,9,Never-married,?,Not-in-family,Asian-Pac-Islander,Female,21,-1,20,China,0
51,Private,199699,10th,11,Married-civ-spouse,Transport-moving,Husband,White,Male,4101,0,40,United-States,1
40,Self-emp-not-inc,197625,HS-grad,9,Never-married,Craft-repair,Not-in-family,White,Male,-2,0,58,United-States,0
66,Private,83603,7th-8th,3,Married-civ-spouse,Transport-moving,Husband,White,Male,3342,0,60,El-Salvador,0
18,Private,390751,Some-college,10,Never-married,Sales,Own-child,White,Male,19,1,12,United-States,0
26,Private,142945,HS-grad,9,Married-civ-spouse,Transport-moving,Own-child,Black,Male,28,0,71,United-States,0
26,Self-emp-not-inc,45590,HS-grad,9,Never-married,Handlers-cleaners,Not-in-family,White,Male,23,0,50,United-States,0
20,Private,212742,Some-college,10,Never-married,Other-service,Own-child,Asian-Pac-Islander,Male,0,0,30,Cuba,0
60,Private,220862,HS-grad,9,Married-civ-spouse,Prof-specialty,Wife,White,Male,28,0,40,United-States,1
47,Private,222135,5th-6th,3,Married-civ-spouse,Other-service,Wife,Amer-Indian-Eskimo,Male,3,0,40,Japan,0
19,Private,230245,Prof-school,3,Never-married,Other-service,Not-in-family,White,Female,17,0,23,United-States,0
37,Private,44203,HS-grad,9,Widowed,Adm-clerical,Other-relative,White,Female,20,0,36,United-States,0
61,Private,126976,Prof-school,13,Divorced,Prof-specialty,Not-in-family,White,Female,5,1783,58,United-States,0
36,Private,205498,11th,5,Never-married,Transport-moving,Not-in-family,White,Male,-4,0,40,United-States,0
52,Self-emp-not-inc,142535,7th-8th,6,Married-civ-spouse,Farming-fishing,Husband,White,Male,5,0,70,United-States,1
47,Private,263138,HS-grad,9,Separated,Protective-serv,Unmarried,Black,Female,6,0,40,United-States,0
44,Private,273626,Bachelors,13,Married-civ-spouse,Prof-specialty,Husband,White,Male,15,0,40,United-States,1
25,Private,502428,12th,8,Never-married,Other-service,Own-child,White,Male,26,-1,31,United-States,0
34,Private,40195,Some-college,10,Divorced,Transport-moving,Not-in-family,White,Male,1,1,40,South,0
67,Private,233764,Bachelors,13,Divorced,Protective-serv,Not-in-family,Black,Male,9,0,74,United-States,0
40,Self-emp-not-inc,399015,Some-college,10,Married-civ-spouse,Exec-managerial,Husband,White,Male,7645,0,40,United-States,1
39,Private,284239,Some-college,10,Married-civ-spouse,Machine-op-inspct,Husband,Black,Male,7627,0,40,Peru,0
79,Private,303819,Bachelors,13,Divorced,?,Not-in-family,White,Male,30,0,40,Greece,0
32,Private,203265,10th,6,Never-married,Machine-op-inspct,Not-in-family,Black,Male,11,0,40,United-States,0
47,Self-emp-inc,189485,Bachelors,13,Married-civ-spouse,Prof-specialty,Husband,White,Male,-2,0,50,United-States,1
17,Private,111259,11th,7,Never-married,Other-service,Own-child,White,Female,11,-1,12,United-States,0
28,State-gov,206556,Bachelors,13,Never-married,Prof-specialty,Own-child,White,Male,22,1,65,?,0
32,Self-emp-not-inc,238910,7th-8th,3,Married-civ-spouse,Farming-fishing,Husband,White,Male,4,0,40,United-States,0
31,Private,145886,Preschool,2,Never-married,Machine-op-inspct,Not-in-family,White,Male,4147,0,40,Mexico,0
50,Private,211723,Assoc-voc,14,Married-civ-spouse,Exec-managerial,Unmarried,Amer-Indian-Eskimo,Male,21,0,40,United-States,0
49,Private,108631,HS-grad,9,Married-AF-spouse,Other-service,Not-in-family,Black,Male,-3,0,40,United-States,0
38,Private,158259,Assoc-voc,11,Married-civ-spouse,Armed-Forces,Husband,Black,Male,14,1,40,United-States,0
37,Private,176533,Assoc-voc,11,Married-civ-spouse,Tech-support,Husband,White,Male,33,1,50,United-States,0
28,Private,178220,Assoc-voc,11,Married-civ-spouse,Tech-support,Husband,White,Male,7415,1,36,United-States,0
18,Private,180786,10th,5,Never-married,Other-service,Own-child,White,Female,45,0,40,United-States,0
52,Private,232565,HS-grad,9,Never-married,Craft-repair,Not-in-family,Black,Female,35,0,40,United-States,0
41,Private,59743,Some-college,10,Married-civ-spouse,Armed-Forces,Wife,White,Male,29,0,50,United-States,0
43,Private,218872,HS-grad,9,Married-civ-spouse,Handlers-cleaners,Husband,White,Male,-15,0,40,United-States,1
43,Private,224342,HS-grad,9,Married-civ-spouse,Handlers-cleaners,Husband,White,Male,19,0,95,United-States,0
30,Private,291461,HS-grad,9,Never-married,Other-service,Own-child,White,Female,23,0,11,United-States,0
33,Private,251552,Some-college,10,Never-married,Sales,Not-in-family,White,Male,22,1935,40,United-States,0
25,Private,117300,Assoc-voc,11,Married-civ-spouse,Tech-support,Wife,White,Female,7,1,68,United-States,1
28,Self-emp-not-inc,257145,Some-college,10,Married-civ-spouse,Adm-clerical,Husband,White,Male,27,0,71,United-States,0
34,Self-emp-not-inc,260398,Assoc-voc,11,Married-civ-spouse,Tech-support,Husband,White,Male,10,1,40,United-States,0
18,Private,265888,12th,9,Separated,Other-service,Not-in-family,White,Female,40,0,30,United-States,0
40,Private,268642,HS-grad,9,Married-civ-spouse,Farming-fishing,Husband,White,Male,16,0,40,South,1
23,Private,189874,Some-college,10,Never-married,Other-service,Own-child,White,Male,38,1,31,El-Salvador,0
32,?,154935,Bachelors,13,Never-married,?,Not-in-family,Black,Female,6,0,35,Philippines,0
50,Private,339146,Some-college,10,Married-civ-spouse,Exec-managerial,Husband,White,Male,25,0,40,United-States,0
28,Private,315904,Assoc-voc,11,Divorced,Tech-support,Not-in-family,White,Male,11,0,40,United-States,0
44,Self-emp-inc,206393,Masters,6,Married-civ-spouse,Prof-specialty,Husband,White,Male,-3,0,50,United-States,1
27,Private,167681,Some-college,10,Married-civ-spouse,Other-service,Wife,Black,Female,-4,1,36,El-Salvador,0
41,Private,218582,10th,3,Married-civ-spouse,Protective-serv,Husband,Other,Male,12,0,40,United-States,0
20,Private,509676,10th,7,Never-married,Handlers-cleaners,Own-child,White,Male,39,0,21,United-States,0
19,?,202230,HS-grad,9,Never-married,?,Not-in-family,White,Female,0,0,21,United-States,0
49,Private,144245,HS-grad,9,Married-civ-spouse,Handlers-cleaners,Husband,White,Male,-2,0,40,United-States,0
44,Private,265725,10th,6,Married-civ-spouse,Transport-moving,Husband,White,Male,9,0,40,United-States,0
26,?,237623,Some-college,10,Never-married,?,Own-child,White,Female,8,0,30,United-States,0
53,Private,379783,Some-college,10,Married-civ-spouse,Craft-repair,Husband,Asian-Pac-Islander,Male,1,0,40,Hong,0
53,Private,229799,HS-grad,9,Married-civ-spouse,Transport-moving,Husband,White,Male,14,0,44,United-States,0
65,Self-emp-not-inc,161760,Some-college,10,Divorced,Tech-support,Not-in-family,White,Male,15,1,40,United-States,0
38,Private,219215,HS-grad,9,Married-civ-spouse,Craft-repair,Husband,White,Male,-12,1,50,Jamaica,0
32,Private,239291,Assoc-voc,11,Divorced,Prof-specialty,Not-in-family,White,Male,13,0,50,United-States,0
60,Private,72575,7th-8th,4,Married-civ-spouse,Transport-moving,Husband,Black,Male,-12,0,40,United-States,0
28,Private,114040,Masters,14,Never-married,Prof-specialty,Not-in-family,White,Female,14,1,40,United-States,0
39,Private,288669,Some-college,10,Divorced,Sales,Unmarried,White,Female,47,-1,10,United-States,0
29,Private,757491,Some-college,10,Divorced,Sales,Not-in-family,White,Male,22,1,58,United-States,0
91,Private,199862,9th,2,Widowed,Priv-house-serv,Not-in-family,White,Female,27,-1,36,United-States,0
46,?,247415,HS-grad,9,Married-civ-spouse,?,Husband,White,Male,2,0,40,?,0
38,Private,218260,Bachelors,13,Married-civ-spouse,Prof-specialty,Wife,White,Female,20,-1,40,United-States,1
27,Self-emp-inc,283343,HS-grad,9,Never-married,Farming-fishing,Not-in-family,White,Male,10,-1,23,United-States,0
32,Self-emp-inc,235965,Some-college,10,Married-civ-spouse,Exec-managerial,Husband,White,Male,16,1,67,United-States,1
53,Private,191331,HS-grad,9,Married-civ-spouse,Handlers-cleaners,Husband,White,Male,2,0,40,Mexico,0
36,Self-emp-not-inc,200255,Assoc-voc,11,Married-civ-spouse,Prof-specialty,Husband,White,Male,7988,1,50,United-States,1
40,Private,180396,Some-college,10,Married-civ-spouse,Craft-repair,Not-in-family,White,Male,6,1,71,United-States,1
43,Private,139054,9th,13,Married-civ-spouse,Transport-moving,Husband,Asian-Pac-Islander,Male,10,1801,44,Taiwan,0
18,Private,221607,Bachelors,13,Married-spouse-absent,Other-service,Not-in-family,Black,Male,16,1,40,Guatemala,0
58,Private,66162,HS-grad,9,Married-civ-spouse,Other-service,Husband,White,Male,0,0,59,United-States,0
39,Self-emp-not-inc,224818,Some-college,10,Divorced,Other-service,Unmarried,White,Male,13,0,40,United-States,0
60,Private,157341,10th,6,Divorced,Other-service,Not-in-family,White,Female,35,0,50,United-States,0
19,Private,103919,11th,7,Never-married,Sales,Own-child,White,Female,6,0,20,United-States,0
26,Private,314138,HS-grad,9,Married-civ-spouse,Machine-op-inspct,Wife,Black,Male,6,0,40,United-States,0
57,Self-emp-not-inc,142978,Bachelors,13,Married-civ-spouse,Prof-specialty,Husband,Black,Male,16,0,40,United-States,0
30,Self-emp-not-inc,254331,Some-college,10,Married-civ-spouse,Tech-support,Husband,Amer-Indian-Eskimo,Male,15,0,48,United-States,0
26,Local-gov,234702,HS-grad,9,Never-married,Adm-clerical,Unmarried,Black,Female,33,1,31,Vietnam,0
72,Self-emp-not-inc,134081,Assoc-acdm,13,Married-spouse-absent,Exec-managerial,Unmarried,White,Male,-20,1,70,United-States,0
27,Private,174330,HS-grad,9,Never-married,Craft-repair,Not-in-family,White,Male,5,1,50,United-States,0
43,Private,89322,HS-grad,9,Divorced,Adm-clerical,Not-in-family,White,Male,28,0,40,United-States,0
30,Private,163723,Assoc-voc,11,Married-civ-spouse,Prof-specialty,Husband,White,Male,4,1,50,United-States,1
25,Private,197008,HS-grad,9,Never-married,Other-service,Not-in-family,Black,Male,41,0,25,Ecuador,0
44,Private,245870,Assoc-acdm,12,Never-married,Adm-clerical,Not-in-family,White,Female,11,2222,40,United-States,0
33,Private,189426,Some-college,10,Divorced,Exec-managerial,Not-in-family,White,Male,-18,0,40,Outlying-US(Guam-USVI-etc),0
51,Private,220942,Masters,14,Married-civ-spouse,Machine-op-inspct,Wife,White,Female,30,0,86,Mexico,0
57,Private,240805,Bachelors,13,Married-civ-spouse,Prof-specialty,Wife,White,Female,7588,0,35,United-States,1
45,State-gov,344416,Bachelors,13,Never-married,Prof-specialty,Not-in-family,Black,Female,4,0,40,United-States,0
58,Private,189089,1st-4th,3,Divorced,Machine-op-inspct,Unmarried,Other,Male,14,1,40,Yugoslavia,0
21,Private,295808,HS-grad,9,Never-married,Transport-moving,Own-child,White,Female,42,1,40,United-States,0
31,Private,251046,Assoc-acdm,13,Divorced,Craft-repair,Not-in-family,White,Female,18,1793,40,United-States,0
23,Private,190067,HS-grad,9,Married-civ-spouse,Tech-support,Wife,White,Male,-24,1,50,United-States,1
39,Private,441492,Some-college,10,Never-married,Tech-support,Own-child,White,Female,5,0,40,United-States,0
21,Self-emp-inc,48383,HS-grad,9,Married-civ-spouse,Transport-moving,Husband,White,Male,5,0,58,United-States,1
51,Private,257866,10th,6,Married-spouse-absent,Prof-specialty,Other-relative,White,Male,23,1,22,Nicaragua,0
20,?,280950,1st-4th,4,Married-civ-spouse,?,Husband,White,Male,29,1,18,United-States,0
39,Self-emp-inc,36384,Some-college,10,Married-civ-spouse,Transport-moving,Husband,White,Male,14,0,66,United-States,0
26,Private,173376,HS-grad,9,Never-married,Transport-moving,Not-in-family,Black,Female,-3,1,59,Ireland,0
50,Private,244031,Some-college,10,Separated,Craft-repair,Not-in-family,White,Male,31,0,40,Mexico,0
21,Private,236603,HS-grad,9,Never-married,Other-service,Not-in-family,White,Female,33,-1,40,Italy,0
54,Private,191064,Some-college,10,Married-civ-spouse,Other-service,Husband,Black,Male,4,1,67,United-States,0
60,Self-emp-not-inc,150118,Doctorate,16,Married-civ-spouse,Prof-specialty,Husband,White,Male,7,0,70,?,1
50,Private,269663,HS-grad,3,Divorced,Other-service,Unmarried,Asian-Pac-Islander,Female,20,-1,37,Haiti,0
58,Self-emp-not-inc,184533,HS-grad,9,Married-civ-spouse,Tech-support,Husband,White,Male,4171,0,40,United-States,0
29,?,217094,Bachelors,13,Never-married,?,Not-in-family,White,Female,18,0,40,United-States,0
46,Private,208330,HS-grad,9,Married-civ-spouse,Farming-fishing,Husband,White,Male,20,1852,40,United-States,1
34,Private,173979,HS-grad,9,Never-married,Other-service,Not-in-family,White,Female,-20,1,50,United-States,0
32,Private,73101,Assoc-acdm,4,Married-civ-spouse,Tech-support,Not-in-family,White,Male,20,0,40,Yugoslavia,0
53,?,206411,Some-college,10,Never-married,?,Own-child,White,Male,-23,0,40,United-States,0
55,Private,240709,Masters,3,Married-spouse-absent,Other-service,Not-in-family,White,Male,4221,0,40,Ecuador,0
32,Private,281120,HS-grad,9,Married-civ-spouse,Handlers-cleaners,Husband,White,Male,1,-1,40,United-States,0
22,Private,161464,Some-college,10,Never-married,Prof-specialty,Own-child,White,Male,34,0,40,United-States,0
21,?,272159,HS-grad,9,Never-married,?,Husband,White,Male,0,0,40,United-States,0
25,Self-emp-inc,107406,Bachelors,13,Never-married,Exec-managerial,Not-in-family,White,Male,19,0,73,?,0
34,Private,130221,HS-grad,9,Separated,Other-service,Unmarried,Asian-Pac-Islander,Male,21,0,40,?,0
61,Private,158745,HS-grad,9,Separated,Handlers-cleaners,Unmarried,Amer-Indian-Eskimo,Female,33,0,40,United-States,0
45,Private,202881,HS-grad,9,Married-civ-spouse,Machine-op-inspct,Wife,Black,Male,17,0,40,United-States,0
52,Private,233751,HS-grad,9,Married-civ-spouse,Machine-op-inspct,Husband,White,Male,-6,1,49,United-States,1
55,Without-pay,204650,HS-grad,9,Widowed,Farming-fishing,Not-in-family,White,Female,-2,0,36,United-States,0
22,Private,217951,10th,5,Never-married,Other-service,Other-relative,Other,Female,18,-1,30,United-States,0
72,Private,216955,Some-college,10,Widowed,Prof-specialty,Not-in-family,White,Female,29,-1,49,United-States,0
48,Private,279590,Masters,5,Married-civ-spouse,Transport-moving,Husband,White,Male,15,0,67,United-States,0
42,Private,174748,Bachelors,13,Married-civ-spouse,Prof-specialty,Husband,White,Male,24,1854,40,United-States,1
25,Private,311493,Some-college,10,Never-married,Sales,Own-child,White,Female,12,0,40,United-States,0
32,Private,128085,Bachelors,13,Married-civ-spouse,Prof-specialty,Wife,White,Female,17,1,40,United-States,0
66,?,263952,Bachelors,13,Widowed,?,Not-in-family,White,Female,-12,-1,20,United-States,0
32,Private,292849,Bachelors,13,Never-married,Exec-managerial,Not-in-family,White,Male,18,0,40,Ireland,0
19,Private,179777,12th,8,Never-married,Other-service,Own-child,Black,Male,-8,0,9,United-States,0
72,Self-emp-not-inc,182260,Assoc-acdm,13,Married-civ-spouse,Sales,Husband,White,Male,6,-1,49,United-States,0
34,Federal-gov,117381,Bachelors,13,Never-married,Prof-specialty,Not-in-family,Asian-Pac-Islander,Male,19,0,40,Philippines,0
51,Private,237021,12th,6,Married-civ-spouse,Transport-moving,Husband,White,Male,-20,0,40,United-States,0
36,Local-gov,168862,Some-college,14,Separated,Adm-clerical,Unmarried,White,Female,44,0,40,United-States,0
29,Private,240712,7th-8th,3,Never-married,Prof-specialty,Not-in-family,White,Male,15976,0,40,Thailand,0
48,Federal-gov,174666,Assoc-acdm,12,Never-married,Adm-clerical,Not-in-family,White,Male,-13,-1,40,United-States,0
50,Private,227258,Bachelors,13,Married-civ-spouse,Craft-repair,Husband,White,Male,23,0,40,United-States,1
27,Without-pay,159007,HS-grad,9,Never-married,Other-service,Not-in-family,Black,Male,-11,0,30,United-States,0
32,Private,299843,Bachelors,13,Never-married,Sales,Own-child,White,Male,-3,-1,40,United-States,0
29,Self-emp-not-inc,183199,Some-college,10,Married-civ-spouse,Craft-repair,Husband,White,Male,25,1,49,United-States,0
50,Private,214050,Some-college,10,Married-civ-spouse,Transport-moving,Husband,White,Male,3,0,40,United-States,0
30,Private,370279,Bachelors,13,Married-civ-spouse,Prof-specialty,Husband,White,Male,10,1840,59,United-States,1
37,Private,104063,HS-grad,9,Married-spouse-absent,Craft-repair,Not-in-family,Asian-Pac-Islander,Male,-32,0,40,Hungary,0
32,Private,193582,Bachelors,13,Never-married,Transport-moving,Not-in-family,White,Male,-3,0,40,United-States,0
66,?,96568,Bachelors,13,Never-married,?,Own-child,White,Female,16,0,20,United-States,0
33,Private,201826,Prof-school,14,Married-civ-spouse,Prof-specialty,Husband,Asian-Pac-Islander,Male,13,1878,40,Guatemala,1
23,Private,285141,Prof-school,15,Separated,Prof-specialty,Unmarried,White,Male,34,0,40,United-States,0
67,?,130651,Assoc-acdm,13,Married-civ-spouse,?,Husband,White,Male,36,0,67,Honduras,0
32,Private,221267,HS-grad,9,Never-married,Tech-support,Not-in-family,White,Male,6,0,40,United-States,0
26,Private,176137,Some-college,10,Never-married,Other-service,Not-in-family,Other,Male,14,0,40,Japan,0
44,Private,140921,Bachelors,13,Married-civ-spouse,Craft-repair,Husband,Black,Male,50,1,40,United-States,0
32,Private,88524,Bachelors,13,Never-married,Other-service,Not-in-family,Asian-Pac-Islander,Male,5,0,55,Cambodia,0
53,Private,214343,HS-grad,9,Separated,Other-service,Not-in-family,Black,Female,5,-1,40,Mexico,0
58,Private,274951,HS-grad,9,Married-civ-spouse,Other-service,Wife,White,Female,13,0,40,United-States,1
34,Local-gov,42000,Bachelors,13,Married-civ-spouse,Prof-specialty,Not-in-family,White,Male,6,1,40,United-States,0
55,?,286420,Masters,14,Never-married,?,Not-in-family,Asian-Pac-Islander,Female,5,0,40,Dominican-Republic,0
38,Private,180887,Bachelors,13,Never-married,Prof-specialty,Not-in-family,Asian-Pac-Islander,Female,5,2104,40,South,1
47,Private,198067,Masters,14,Married-civ-spouse,Prof-specialty,Husband,White,Female,27,1,40,United-States,1
19,?,282453,Some-college,13,Never-married,?,Not-in-family,White,Male,4,1829,40,United-States,0
57,Private,67070,9th,3,Married-civ-spouse,Exec-managerial,Husband,Asian-Pac-Islander,Male,28,0,63,England,0
38,Private,305673,7th-8th,10,Married-civ-spouse,Other-service,Husband,Other,Male,17,0,40,Philippines,0
29,Private,242984,HS-grad,9,Married-civ-spouse,Transport-moving,Husband,White,Male,-19,1,40,United-States,0
49,Private,228778,Some-college,10,Married-civ-spouse,Farming-fishing,Husband,White,Male,34,1834,40,United-States,0
40,State-gov,166530,Doctorate,16,Married-civ-spouse,Prof-specialty,Husband,White,Male,35,1,51,?,1
52,Private,151360,Masters,14,Never-married,Prof-specialty,Unmarried,White,Female,48,0,40,United-States,1
67,Private,255789,HS-grad,9,Married-civ-spouse,Transport-moving,Husband,White,Male,-5,0,58,United-States,1
18,Private,264989,Some-college,10,Never-married,Other-service,Other-relative,White,Male,7,1,30,Guatemala,0
51,Private,186019,9th,6,Married-civ-spouse,Transport-moving,Husband,White,Male,4286,0,40,United-States,0
24,Private,159464,HS-grad,9,Never-married,Other-service,Not-in-family,White,Female,3,0,40,Guatemala,0
46,Private,215450,9th,6,Divorced,Craft-repair,Not-in-family,White,Male,59,0,40,United-States,0
56,Private,202625,HS-grad,9,Widowed,Other-service,Other-relative,Other,Female,17,0,40,United-States,0
61,?,211548,Some-college,10,Married-civ-spouse,?,Husband,White,Male,9,0,40,Japan,0
49,Private,212808,HS-grad,9,Married-civ-spouse,Other-service,Husband,Black,Male,19,0,40,India,1
33,Private,210094,HS-grad,9,Never-married,Handlers-cleaners,Not-in-family,Amer-Indian-Eskimo,Male,4040,-1,40,United-States,0
41,Private,200788,Some-college,10,Never-married,Craft-repair,Not-in-family,White,Male,23,0,49,United-States,1
23,Private,222983,Bachelors,13,Never-married,Adm-clerical,Not-in-family,White,Male,32,0,31,United-States,0
34,Private,277815,Bachelors,16,Married-civ-spouse,Prof-specialty,Husband,White,Male,8,0,40,United-States,1
39,Self-emp-not-inc,242741,Some-college,10,Divorced,Handlers-cleaners,Not-in-family,Asian-Pac-Islander,Male,12,0,40,Honduras,0
44,Private,221686,HS-grad,9,Widowed,Sales,Other-relative,White,Female,19,0,30,United-States,0
34,Private,265279,Bachelors,13,Separated,Prof-specialty,Unmarried,Black,Female,0,0,46,United-States,1
36,Private,95312,HS-grad,9,Never-married,Handlers-cleaners,Own-child,Amer-Indian-Eskimo,Male,12,-1,40,United-States,0
52,Self-emp-not-inc,117464,Prof-school,16,Divorced,Prof-specialty,Not-in-family,White,Male,7404,0,50,United-States,1
35,Private,190654,Prof-school,15,Never-married,Prof-specialty,Not-in-family,White,Male,16,0,49,United-States,0
37,Private,149013,HS-grad,9,Married-civ-spouse,Sales,Husband,White,Female,22,-1,49,United-States,1
41,Private,224084,10th,6,Married-civ-spouse,Transport-moving,Husband,White,Male,25,0,40,United-States,1
78,State-gov,114512,11th,7,Widowed,Priv-house-serv,Not-in-family,White,Female,12,0,40,United-States,0
35,Private,212305,Assoc-voc,5,Divorced,Other-service,Not-in-family,White,Female,39,0,40,United-States,0
21,?,173078,Assoc-voc,11,Never-married,?,Own-child,White,Male,23,0,19,United-States,0
26,?,278247,HS-grad,9,Never-married,?,Other-relative,White,Male,1,1800,40,Columbia,0
23,Private,347283,Bachelors,13,Never-married,Prof-specialty,Own-child,White,Male,4,0,50,?,0
27,Private,360424,HS-grad,9,Separated,Adm-clerical,Unmarried,Other,Male,12,1809,40,Dominican-Republic,0
27,Private,281946,Some-college,10,Married-civ-spouse,Handlers-cleaners,Husband,White,Male,18,0,40,United-States,0
42,Private,317250,Some-college,10,Widowed,Priv-house-serv,Unmarried,White,Female,12,0,30,United-States,0
62,?,304033,Some-college,10,Married-civ-spouse,?,Husband,White,Male,-2,0,17,United-States,0
44,Private,342717,Some-college,10,Married-civ-spouse,Protective-serv,Husband,White,Male,19,0,40,United-States,0
48,Private,50235,HS-grad,9,Divorced,Machine-op-inspct,Unmarried,White,Female,22,0,40,United-States,0
58,Local-gov,601942,9th,9,Married-civ-spouse,Other-service,Other-relative,Black,Female,10,0,40,Trinadad&Tobago,0
52,Self-emp-not-inc,190186,Some-college,10,Divorced,Craft-repair,Not-in-family,White,Male,12,0,66,United-States,0
40,Private,460717,HS-grad,9,Married-civ-spouse,Craft-repair,Husband,White,Male,9,1791,50,United-States,0
26,Private,196348,Masters,10,Never-married,Prof-specialty,Not-in-family,White,Female,32,0,40,United-States,1
53,State-gov,233491,Some-college,10,Married-civ-spouse,Adm-clerical,Husband,White,Female,-1,1,40,United-States,0
53,Self-emp-not-inc,255646,Assoc-voc,11,Married-civ-spouse,Craft-repair,Husband,White,Male,54,1,40,United-States,0
45,Private,509627,Some-college,10,Widowed,Other-service,Not-in-family,White,Female,17,0,40,United-States,0
38,Private,157751,Bachelors,7,Married-civ-spouse,Craft-repair,Husband,White,Male,12,0,50,United-States,1
59,Private,304874,Preschool,2,Married-civ-spouse,Machine-op-inspct,Husband,White,Male,2,0,40,United-States,0
35,Private,55284,HS-grad,9,Married-civ-spouse,Craft-repair,Husband,White,Male,-28,1833,40,Cuba,0
71,Private,33560,Bachelors,13,Never-married,Craft-repair,Not-in-family,White,Male,27,0,40,United-States,0
48,Private,124958,HS-grad,9,Married-civ-spouse,Prof-specialty,Husband,White,Male,6,0,60,France,1
21,State-gov,290536,HS-grad,9,Never-married,Adm-clerical,Not-in-family,Black,Female,11,0,31,?,0
45,Self-emp-not-inc,243491,HS-grad,9,Divorced,Adm-clerical,Unmarried,White,Male,31,0,40,United-States,0
33,Private,468747,Bachelors,13,Married-civ-spouse,Sales,Own-child,White,Male,36,0,40,United-States,0
19,Private,165634,11th,7,Never-married,Handlers-cleaners,Own-child,Black,Female,11,0,40,United-States,0
21,?,216000,10th,6,Married-civ-spouse,?,Husband,White,Male,11,0,40,United-States,0
26,Private,292204,HS-grad,3,Never-married,Adm-clerical,Own-child,White,Female,-9,-1,40,Haiti,0
20,Private,179602,Bachelors,13,Never-married,Adm-clerical,Own-child,White,Female,24,0,36,United-States,0
55,?,234568,HS-grad,9,Married-AF-spouse,?,Wife,White,Female,4,0,40,United-States,0
16,Private,183022,1st-4th,4,Never-married,Handlers-cleaners,Not-in-family,White,Male,32,0,40,United-States,0
30,Private,218174,Bachelors,13,Married-civ-spouse,Exec-managerial,Husband,Other,Male,8,0,40,Jamaica,0
53,Self-emp-inc,240780,Bachelors,13,Married-civ-spouse,Prof-specialty,Husband,White,Male,-3,1,57,?,1
58,?,272115,Bachelors,12,Married-civ-spouse,?,Husband,Other,Male,-16,0,30,?,0
17,Private,121312,11th,7,Never-married,Sales,Own-child,White,Male,45,0,36,United-States,0
46,Private,210093,HS-grad,3,Married-spouse-absent,Farming-fishing,Not-in-family,White,Female,5,0,31,Dominican-Republic,0
40,Private,202293,HS-grad,9,Divorced,Adm-clerical,Not-in-family,White,Male,26,-1,40,Columbia,0
66,Self-emp-inc,209433,Bachelors,13,Married-civ-spouse,Protective-serv,Husband,White,Male,49,0,60,United-States,0
20,?,93411,10th,6,Married-civ-spouse,?,Husband,Amer-Indian-Eskimo,Male,14,0,6,?,0
61,Self-emp-inc,241444,Bachelors,13,Married-civ-spouse,Prof-specialty,Husband,White,Male,20,0,57,United-States,1
26,Private,294095,HS-grad,9,Separated,Craft-repair,Not-in-family,White,Male,-1,0,40,Dominican-Republic,0
51,Private,134749,HS-grad,9,Widowed,Other-service,Unmarried,White,Female,-4,-1,36,United-States,0
65,State-gov,185123,HS-grad,13,Never-married,Exec-managerial,Not-in-family,White,Male,0,0,45,United-States,0
41,Private,320347,HS-grad,9,Separated,Other-service,Own-child,Black,Male,18,0,12,United-States,0
38,Private,332475,Some-college,10,Never-married,Adm-clerical,Not-in-family,White,Female,2,0,31,United-States,0
29,Local-gov,58744,Assoc-acdm,13,Married-civ-spouse,Prof-specialty,Wife,White,Female,15,2,60,England,1
29,Private,180428,HS-grad,9,Married-civ-spouse,Sales,Husband,White,Male,-6,0,40,United-States,0
42,Private,227585,10th,13,Never-married,Other-service,Not-in-family,White,Male,7,0,40,United-States,0
51,Federal-gov,250118,Masters,14,Married-civ-spouse,Exec-managerial,Husband,White,Male,7740,0,40,United-States,1
52,Private,110266,Some-college,10,Married-civ-spouse,Transport-moving,Husband,White,Male,12,1,40,Iran,0
28,Private,287572,HS-grad,9,Married-civ-spouse,Transport-moving,Husband,Black,Male,-6,0,40,Germany,0
37,Private,239918,Bachelors,13,Separated,Craft-repair,Not-in-family,White,Male,22,0,40,United-States,0
29,Local-gov,313771,Bachelors,13,Never-married,Adm-clerical,Not-in-family,White,Female,42,0,40,United-States,0
17,?,217950,Some-college,10,Never-married,?,Own-child,White,Female,16,0,7,United-States,0
41,Federal-gov,123584,10th,6,Married-civ-spouse,Transport-moving,Husband,White,Male,3523,1,40,United-States,1
55,Private,251128,Assoc-voc,9,Married-civ-spouse,Craft-repair,Husband,White,Male,7,0,40,United-States,0
31,Private,211375,Bachelors,13,Never-married,Prof-specialty,Not-in-family,White,Male,23,0,40,United-States,0
22,?,286601,11th,7,Married-civ-spouse,?,Own-child,White,Male,-3,0,14,United-States,0
45,Self-emp-inc,90660,Prof-school,14,Married-civ-spouse,Prof-specialty,Husband,Asian-Pac-Islander,Male,15738,0,62,United-States,1
45,Private,193457,7th-8th,3,Married-spouse-absent,Craft-repair,Unmarried,White,Male,11,0,40,?,0
52,State-gov,134547,Masters,14,Married-civ-spouse,Prof-specialty,Wife,White,Female,20,0,50,United-States,0
32,Private,207055,9th,5,Married-civ-spouse,Machine-op-inspct,Husband,White,Male,2,1,40,United-States,0
35,Private,237013,Bachelors,13,Divorced,Prof-specialty,Not-in-family,White,Male,1,-1,44,United-States,0
45,State-gov,177946,Masters,14,Married-civ-spouse,Prof-specialty,Not-in-family,White,Female,22,1,50,United-States,1
30,Local-gov,47598,Some-college,10,Never-married,Protective-serv,Not-in-family,White,Male,1,0,40,United-States,0
32,Self-emp-not-inc,299541,HS-grad,9,Divorced,Craft-repair,Not-in-family,Black,Male,-27,0,40,United-States,0
39,Private,311774,Bachelors,13,Never-married,Craft-repair,Not-in-family,Black,Female,16,0,40,Ireland,0
60,Private,265855,Some-college,10,Divorced,Farming-fishing,Not-in-family,Asian-Pac-Islander,Male,20,0,40,Nicaragua,0
64,Self-emp-not-inc,107984,Some-college,10,Widowed,Sales,Not-in-family,Black,Female,7,-1,40,United-States,0
49,Private,99536,1st-4th,2,Married-civ-spouse,Transport-moving,Not-in-family,White,Male,3948,-1,40,United-States,0
64,?,405355,Bachelors,12,Married-civ-spouse,?,Husband,White,Male,35,0,65,United-States,1
32,Private,312526,11th,7,Married-civ-spouse,Tech-support,Husband,White,Female,9,0,58,United-States,0
48,Private,177227,HS-grad,9,Married-civ-spouse,Sales,Not-in-family,White,Male,1,0,40,United-States,0
38,Private,324473,Assoc-voc,11,Never-married,Craft-repair,Not-in-family,White,Male,-20,1,40,United-States,1
42,Federal-gov,155985,Some-college,10,Married-civ-spouse,Protective-serv,Husband,Amer-Indian-Eskimo,Male,17,1816,50,United-States,0
50,Self-emp-not-inc,51139,HS-grad,9,Widowed,Farming-fishing,Not-in-family,White,Male,27,0,37,United-States,0
40,Local-gov,264044,Some-college,10,Married-civ-spouse,Adm-clerical,Wife,Black,Female,18,0,40,United-States,0
47,Private,195863,11th,4,Married-spouse-absent,Other-service,Not-in-family,White,Male,10,-1,40,United-States,0
34,Federal-gov,214404,Assoc-acdm,12,Divorced,Adm-clerical,Not-in-family,White,Female,6,0,40,United-States,0
21,?,223562,11th,7,Never-married,?,Own-child,White,Male,11,-1,7,United-States,0
35,Self-emp-not-inc,243173,Bachelors,13,Married-civ-spouse,Prof-specialty,Wife,White,Male,-7,0,50,United-States,1
49,Self-emp-inc,132365,Bachelors,13,Married-civ-spouse,Exec-managerial,Husband,White,Male,10,0,45,United-States,1
32,Private,112034,Prof-school,15,Never-married,Prof-specialty,Not-in-family,Asian-Pac-Islander,Male,41,1,50,United-States,0
47,Private,201722,HS-grad,9,Married-civ-spouse,Craft-repair,Other-relative,Asian-Pac-Islander,Female,8,0,40,Taiwan,0
48,Federal-gov,181641,Bachelors,13,Married-civ-spouse,Adm-clerical,Husband,White,Female,10,0,66,United-States,1
48,Private,238643,HS-grad,9,Widowed,Other-service,Not-in-family,Black,Female,0,-1,40,United-States,0
30,Private,161605,Bachelors,13,Never-married,Prof-specialty,Not-in-family,White,Male,25,1,70,United-States,0
34,Private,485275,HS-grad,9,Married-civ-spouse,Sales,Not-in-family,Asian-Pac-Islander,Male,-1,0,50,Cambodia,0
35,Private,134995,Bachelors,13,Married-civ-spouse,Exec-managerial,Husband,White,Male,15,-1,9,United-States,1
37,Self-emp-not-inc,240799,Bachelors,13,Married-civ-spouse,Prof-specialty,Husband,White,Male,21,0,59,United-States,0
26,Private,82709,Masters,14,Never-married,Other-service,Unmarried,Asian-Pac-Islander,Female,29,0,40,China,0
27,Never-worked,190593,11th,7,Never-married,Prof-specialty,Not-in-family,Black,Female,1,0,40,United-States,0
38,Private,174008,HS-grad,9,Married-civ-spouse,Tech-support,Husband,White,Male,5,0,50,Puerto-Rico,1
30,Private,208891,Bachelors,13,Married-civ-spouse,Prof-specialty,Wife,White,Female,23,0,40,United-States,1
25,Private,124851,Assoc-voc,11,Married-civ-spouse,Tech-support,Husband,White,Male,15,0,58,United-States,0
40,Private,243023,Assoc-acdm,3,Divorced,Other-service,Not-in-family,White,Female,20,-1,45,Hong,0
28,State-gov,164354,Some-college,10,Married-civ-spouse,Prof-specialty,Husband,White,Male,26,1,57,United-States,1
26,Private,366181,Prof-school,15,Never-married,Tech-support,Not-in-family,White,Male,9,1,60,United-States,0
51,Private,181545,Some-college,10,Divorced,Exec-managerial,Unmarried,White,Female,6,0,40,United-States,0
23,Private,106915,Bachelors,13,Never-married,Prof-specialty,Own-child,White,Male,19,0,40,United-States,0
28,Private,130832,Some-college,10,Never-married,Craft-repair,Own-child,White,Male,29,0,30,United-States,0
36,Self-emp-not-inc,118566,Some-college,10,Married-civ-spouse,Exec-managerial,Husband,Asian-Pac-Islander,Male,15,0,40,Japan,0
31,Private,237442,Bachelors,13,Never-married,Sales,Not-in-family,White,Male,16,0,50,United-States,0
40,Private,198473,Some-college,10,Married-civ-spouse,Sales,Husband,White,Male,20,1,18,United-States,0
51,Private,110110,Masters,14,Married-civ-spouse,Prof-specialty,Husband,White,Male,46,0,50,Canada,1
49,Private,118276,10th,3,Married-civ-spouse,Machine-op-inspct,Husband,White,Male,16,0,40,United-States,0
58,Private,200599,7th-8th,3,Married-civ-spouse,Craft-repair,Husband,White,Male,10,0,40,Iran,0
36,Federal-gov,163236,Bachelors,13,Separated,Exec-managerial,Not-in-family,White,Male,9,0,56,United-States,1
49,Private,178944,Some-college,10,Separated,Transport-moving,Unmarried,Black,Male,41,0,40,Portugal,1
48,Federal-gov,282522,Masters,14,Divorced,Prof-specialty,Wife,White,Female,23,0,51,United-States,0
27,?,225618,Some-college,10,Never-married,?,Own-child,White,Female,15,0,40,?,0
18,Private,306873,Some-college,10,Never-married,Sales,Own-child,White,Male,3,0,23,United-States,0
36,Private,212071,Assoc-acdm,3,Married-civ-spouse,Farming-fishing,Husband,White,Male,-1,0,40,United-States,0
46,Private,122311,Bachelors,13,Never-married,Exec-managerial,Not-in-family,White,Male,27,0,44,United-States,1
30,Private,298072,Some-college,10,Divorced,Sales,Unmarried,Amer-Indian-Eskimo,Female,22,0,30,United-States,0
32,Private,228023,Bachelors,13,Married-civ-spouse,Sales,Husband,White,Male,23,0,43,United-States,0
34,Private,199327,Masters,13,Never-married,Prof-specialty,Not-in-family,White,Female,4,0,40,United-States,0
42,Private,192423,Some-college,10,Divorced,Sales,Not-in-family,White,Male,14,0,49,United-States,0
34,Private,213520,HS-grad,9,Married-civ-spouse,Transport-moving,Husband,White,Male,-13,0,40,United-States,0
34,Local-gov,266802,Bachelors,13,Never-married,Prof-specialty,Not-in-family,Black,Female,-6,1,40,United-States,0
34,Private,145955,Bachelors,13,Never-married,Handlers-cleaners,Husband,White,Male,24,0,40,United-States,0
35,Private,201459,HS-grad,9,Widowed,Craft-repair,Husband,White,Male,15,0,40,Canada,0
40,Self-emp-not-inc,115706,Some-college,10,Divorced,Exec-managerial,Not-in-family,White,Female,17,-1,30,United-States,0
28,Private,213627,Bachelors,13,Married-civ-spouse,Prof-specialty,Husband,White,Male,-4,0,44,United-States,0
40,Self-emp-inc,158384,Bachelors,13,Married-civ-spouse,Prof-specialty,Husband,White,Male,4156,0,72,United-States,1
70,Self-emp-not-inc,98799,Assoc-voc,11,Married-civ-spouse,Tech-support,Husband,White,Male,29,0,61,United-States,1
19,?,292229,11th,7,Married-civ-spouse,?,Other-relative,White,Male,-32,0,8,United-States,0
41,Private,280748,HS-grad,9,Married-spouse-absent,Other-service,Other-relative,Black,Female,21,1780,40,Hong,0
18,Private,190234,HS-grad,9,Never-married,Other-service,Own-child,White,Male,-13,-1,40,United-States,0
21,?,206186,11th,6,Never-married,?,Not-in-family,White,Male,13,0,40,Honduras,0
48,Self-emp-not-inc,145052,HS-grad,9,Divorced,Transport-moving,Not-in-family,Black,Female,21,0,31,United-States,0
27,Private,228101,12th,8,Divorced,Other-service,Unmarried,Black,Male,4186,-1,40,United-States,0
32,Private,131640,10th,5,Married-civ-spouse,Transport-moving,Husband,White,Male,33,0,66,United-States,0
19,?,498312,HS-grad,9,Never-married,?,Own-child,Black,Female,12,-1,40,United-States,0
27,State-gov,234633,Some-college,10,Never-married,Tech-support,Not-in-family,White,Female,16,1,51,United-States,0
32,Local-gov,361569,Assoc-acdm,13,Married-civ-spouse,Adm-clerical,Wife,Black,Male,11,0,36,United-States,0
24,Self-emp-inc,205385,Some-college,10,Never-married,Prof-specialty,Unmarried,White,Female,-7,0,40,United-States,0
54,Self-emp-not-inc,203393,Doctorate,15,Married-civ-spouse,Prof-specialty,Husband,Black,Male,7,1,40,United-States,0
71,?,192676,Assoc-acdm,13,Married-civ-spouse,?,Husband,White,Male,31,0,40,United-States,0
32,Private,265735,12th,6,Married-civ-spouse,Prof-specialty,Husband,White,Male,2,1,63,United-States,0
49,Private,138122,HS-grad,9,Married-civ-spouse,Other-service,Wife,White,Female,2,-1,40,Ecuador,0
41,Self-emp-inc,133108,Some-college,14,Married-civ-spouse,Prof-specialty,Husband,Black,Male,19,1,67,United-States,1
31,Private,171141,10th,10,Never-married,Prof-specialty,Not-in-family,White,Male,15,0,40,United-States,0
58,Private,182446,Masters,14,Married-civ-spouse,Prof-specialty,Wife,White,Female,-7,1,40,United-States,1
58,Self-emp-inc,205073,Masters,6,Married-civ-spouse,Prof-specialty,Husband,White,Male,6,0,55,United-States,1
33,Private,216102,Bachelors,13,Separated,Prof-specialty,Not-in-family,White,Male,34,0,68,United-States,0
61,Private,157843,Bachelors,13,Married-civ-spouse,Prof-specialty,Husband,White,Male,28,1,50,United-States,1
50,Private,99117,Masters,14,Divorced,Exec-managerial,Unmarried,White,Female,18,0,40,United-States,0
58,Private,195684,1st-4th,2,Married-civ-spouse,Craft-repair,Husband,White,Male,28,0,40,United-States,0
23,?,265340,HS-grad,9,Never-married,Other-service,Not-in-family,Black,Female,8,1,40,United-States,0
27,Private,246286,HS-grad,9,Never-married,Exec-managerial,Unmarried,Black,Female,22,-1,40,?,1
31,State-gov,289011,Bachelors,13,Never-married,Prof-specialty,Not-in-family,White,Female,-3,0,40,United-States,0
40,Local-gov,214436,Assoc-acdm,12,Divorced,Adm-clerical,Not-in-family,White,Male,-7,-1,40,United-States,0
15,Private,208845,Some-college,10,Never-married,Adm-clerical,Own-child,White,Male,27,1,31,United-States,0
34,Local-gov,207095,HS-grad,9,Married-civ-spouse,Transport-moving,Husband,Black,Male,21,0,34,United-States,0
22,Private,111999,7th-8th,14,Never-married,Farming-fishing,Not-in-family,White,Male,26,0,71,United-States,0
57,Private,210099,7th-8th,3,Married-civ-spouse,Farming-fishing,Husband,White,Male,10,0,40,Mexico,0
54,Private,402877,Some-college,4,Never-married,Craft-repair,Not-in-family,Black,Male,8,0,40,United-States,0
32,Local-gov,216586,11th,3,Never-married,Other-service,Other-relative,Black,Female,20,-1,40,United-States,0
38,Federal-gov,138780,Bachelors,13,Married-civ-spouse,Prof-specialty,Not-in-family,White,Male,35,0,40,United-States,0
45,State-gov,335134,Bachelors,16,Never-married,Prof-specialty,Not-in-family,Asian-Pac-Islander,Female,30,1,40,Taiwan,0
61,Private,111027,HS-grad,13,Widowed,?,Not-in-family,White,Female,10,0,40,United-States,0
36,Private,117207,Bachelors,13,Never-married,Prof-specialty,Not-in-family,White,Female,0,0,51,United-States,0
42,State-gov,99594,Some-college,10,Married-civ-spouse,Prof-specialty,Husband,White,Male,15,2132,40,United-States,0
39,Federal-gov,283000,Bachelors,13,Married-civ-spouse,Machine-op-inspct,Husband,White,Male,33,1753,40,United-States,1
28,Private,200012,HS-grad,9,Never-married,Other-service,Not-in-family,White,Male,4,0,40,United-States,0
40,State-gov,122224,Doctorate,15,Married-civ-spouse,Protective-serv,Husband,White,Male,34,0,40,United-States,0
27,Private,229604,HS-grad,9,Never-married,Machine-op-inspct,Own-child,White,Male,17,0,40,United-States,0
21,Private,109213,Masters,15,Never-married,Adm-clerical,Own-child,White,Female,19,1,49,United-States,0
22,Private,237548,HS-grad,9,Never-married,Handlers-cleaners,Not-in-family,White,Male,29,0,40,United-States,0
51,Private,153133,10th,3,Married-civ-spouse,Machine-op-inspct,Husband,White,Male,-18,0,40,Mexico,0
32,Private,478734,Some-college,10,Never-married,Other-service,Other-relative,Black,Male,2,-1,40,Mexico,0
54,Local-gov,145858,Masters,14,Married-civ-spouse,Prof-specialty,Own-child,White,Female,0,0,40,United-States,1
23,Self-emp-not-inc,213315,Some-college,10,Never-married,Sales,Not-in-family,White,Male,31,1,50,United-States,0
40,Private,156666,Bachelors,13,Married-civ-spouse,Exec-managerial,Husband,White,Female,14,0,21,United-States,0
18,?,179513,11th,7,Never-married,?,Own-child,White,Male,16,0,18,United-States,0
53,Private,109096,Masters,14,Married-civ-spouse,Exec-managerial,Husband,White,Male,9,0,58,United-States,0
29,?,228555,HS-grad,9,Married-civ-spouse,?,Not-in-family,Other,Female,-2,0,40,Jamaica,0
38,Private,187432,10th,6,Married-spouse-absent,Other-service,Unmarried,Other,Female,18,-1,45,United-States,0
48,Private,175393,Some-college,10,Divorced,Craft-repair,Not-in-family,Black,Female,32,0,50,United-States,0
52,Private,204350,HS-grad,9,Married-civ-spouse,Transport-moving,Husband,Asian-Pac-Islander,Male,3,1,50,Taiwan,0
33,Private,267137,Some-college,10,Never-married,Sales,Husband,White,Male,20,0,69,United-States,0
23,?,366132,11th,7,Never-married,?,Other-relative,Black,Female,4,0,40,United-States,0
16,Private,111575,11th,7,Never-married,Other-service,Own-child,White,Male,23,0,30,United-States,0
29,State-gov,172535,Some-college,10,Divorced,Prof-specialty,Not-in-family,White,Male,18,1,60,United-States,0
32,Private,127291,Bachelors,13,Married-civ-spouse,Prof-specialty,Not-in-family,White,Male,6,1,58,United-States,0
47,Federal-gov,227746,Some-college,10,Never-married,Adm-clerical,Unmarried,Other,Male,-7,0,40,United-States,1
53,Private,222433,Preschool,2,Married-spouse-absent,Craft-repair,Not-in-family,White,Male,30,0,40,Mexico,0
28,?,216427,HS-grad,9,Never-married,?,Own-child,White,Male,-1,-1,18,?,0
46,Federal-gov,199492,Some-college,10,Married-civ-spouse,Exec-managerial,Husband,White,Male,7783,2,40,United-States,1
79,Private,112563,Assoc-acdm,4,Married-civ-spouse,Prof-specialty,Husband,Other,Male,6,0,69,Philippines,0
30,Private,206151,HS-grad,9,Never-married,Other-service,Not-in-family,White,Female,5,0,38,United-States,0
26,Private,157505,12th,8,Never-married,Other-service,Own-child,Black,Male,21,-1,30,United-States,0
53,Private,131539,Some-college,10,Married-spouse-absent,Other-service,Not-in-family,White,Female,4367,0,40,United-States,0
18,Private,280103,11th,7,Never-married,Other-service,Not-in-family,White,Female,39,-1,30,United-States,0
32,Federal-gov,140151,Some-college,10,Never-married,Protective-serv,Not-in-family,White,Male,7,0,40,United-States,0
58,Private,169627,Preschool,2,Never-married,Craft-repair,Unmarried,White,Female,4711,1,23,United-States,0
59,Private,419711,HS-grad,9,Divorced,Tech-support,Not-in-family,Black,Female,27,1,30,United-States,0
41,State-gov,109736,10th,10,Married-civ-spouse,Other-service,Husband,White,Male,1,1873,40,United-States,0
49,Private,185851,HS-grad,9,Never-married,Transport-moving,Not-in-family,White,Female,5,1867,51,United-States,0
46,Self-emp-not-inc,136702,Some-college,10,Married-civ-spouse,Prof-specialty,Husband,White,Male,19,1,50,Scotland,1
52,Private,217066,10th,13,Married-civ-spouse,Prof-specialty,Husband,White,Male,43,0,40,United-States,0
23,Private,137964,HS-grad,9,Never-married,Handlers-cleaners,Not-in-family,White,Male,2,0,30,Cuba,0
25,Private,165857,1st-4th,4,Married-civ-spouse,Adm-clerical,Husband,White,Female,4,0,40,El-Salvador,0
43,Federal-gov,44022,Doctorate,15,Never-married,Prof-specialty,Not-in-family,White,Male,7,0,50,United-States,0
31,?,331939,Assoc-acdm,13,Married-civ-spouse,Protective-serv,Husband,White,Male,15,-1,40,United-States,0
25,State-gov,311862,Bachelors,13,Never-married,Craft-repair,Not-in-family,White,Male,3927,1837,40,United-States,0
32,Federal-gov,480942,Bachelors,13,Married-civ-spouse,Adm-clerical,Wife,Black,Male,15058,1851,40,?,1
55,Private,227873,HS-grad,9,Never-married,Transport-moving,Not-in-family,White,Male,20,0,40,United-States,0
19,Never-worked,104381,10th,6,Never-married,?,Own-child,White,Female,26,0,40,United-States,0
77,Self-emp-not-inc,62691,HS-grad,9,Married-civ-spouse,Transport-moving,Husband,White,Male,10,0,50,Honduras,0
30,Private,210142,HS-grad,9,Married-civ-spouse,Transport-moving,Husband,White,Male,11,0,40,United-States,0
44,Private,322350,Bachelors,13,Separated,Exec-managerial,Not-in-family,White,Male,20,-1,40,United-States,0
30,State-gov,214980,1st-4th,7,Never-married,?,Own-child,White,Male,25,1800,30,United-States,0
29,Private,115685,Masters,14,Married-civ-spouse,Prof-specialty,Husband,White,Male,4479,0,49,Ecuador,0
41,Private,145974,Bachelors,13,Never-married,Exec-managerial,Not-in-family,Asian-Pac-Islander,Male,-1,0,40,Vietnam,0
51,Private,240297,Bachelors,13,Separated,Exec-managerial,Unmarried,Black,Female,-1,-1,51,Iran,0
39,Private,145273,10th,7,Divorced,Craft-repair,Not-in-family,White,Male,5,0,58,United-States,0
39,Private,89651,Bachelors,13,Married-civ-spouse,Tech-support,Husband,White,Male,16,0,40,United-States,0
21,Private,118260,Masters,14,Never-married,Prof-specialty,Not-in-family,White,Male,30,1,40,United-States,0
47,Private,263757,Doctorate,15,Married-civ-spouse,Other-service,Wife,White,Female,6,0,50,United-States,0
23,Private,201634,HS-grad,9,Never-married,Sales,Own-child,White,Female,26,0,30,United-States,0
23,Private,219459,HS-grad,9,Married-civ-spouse,Adm-clerical,Wife,White,Female,4,-1,24,Mexico,0
33,State-gov,168796,Some-college,10,Never-married,Prof-specialty,Not-in-family,White,Male,36,0,40,United-States,0
54,Private,217422,HS-grad,9,Married-civ-spouse,Craft-repair,Husband,White,Male,-29,1,55,United-States,0
46,Private,178626,Some-college,10,Married-civ-spouse,Exec-managerial,Husband,Black,Male,55,2,62,United-States,1
34,Federal-gov,216184,Bachelors,13,Never-married,Adm-clerical,Not-in-family,White,Male,-10,0,40,United-States,0
24,?,189361,HS-grad,9,Married-civ-spouse,?,Husband,White,Male,32,0,40,United-States,0
56,Private,323541,Some-college,10,Married-civ-spouse,Exec-managerial,Wife,White,Female,43,0,40,United-States,0
22,Private,140786,Assoc-voc,11,Never-married,Tech-support,Not-in-family,White,Female,7515,0,40,United-States,0
41,Self-emp-inc,342828,Prof-school,15,Married-civ-spouse,Prof-specialty,Husband,Black,Male,29,0,61,?,1
30,Private,220781,Prof-school,16,Never-married,Prof-specialty,Not-in-family,White,Male,9,1,60,?,0
60,Self-emp-inc,206447,Prof-school,15,Married-civ-spouse,Prof-specialty,Husband,White,Male,26,1,56,United-States,1
38,Private,227341,HS-grad,9,Never-married,Other-service,Own-child,White,Female,7,0,20,United-States,0
45,Self-emp-not-inc,236383,Bachelors,13,Divorced,Exec-managerial,Not-in-family,White,Male,15,-1,40,United-States,0
49,Private,206995,HS-grad,9,Divorced,Machine-op-inspct,Unmarried,Other,Female,22,0,40,?,0
19,?,194772,Some-college,10,Never-married,?,Husband,White,Female,28,-1,16,?,0
33,Private,179043,HS-grad,9,Married-civ-spouse,Farming-fishing,Husband,White,Male,16,1,50,United-States,0
26,Private,227312,Some-college,10,Never-married,Craft-repair,Not-in-family,Black,Female,16,0,63,United-States,0
45,Self-emp-not-inc,246680,Bachelors,13,Married-civ-spouse,Prof-specialty,Husband,White,Male,25,1,40,United-States,0
41,Private,215604,Bachelors,13,Separated,Craft-repair,Not-in-family,White,Female,15,1,40,United-States,0
42,Private,229757,HS-grad,9,Divorced,Adm-clerical,Unmarried,White,Female,5,0,46,United-States,0
27,Private,318572,Some-college,9,Married-civ-spouse,Exec-managerial,Husband,White,Male,4,1,58,United-States,1
20,?,248869,10th,5,Married-civ-spouse,?,Husband,White,Female,4322,0,40,Honduras,0
33,Private,183612,Some-college,10,Married-civ-spouse,Other-service,Wife,White,Female,-17,0,40,United-States,0
61,Private,214713,HS-grad,9,Married-spouse-absent,Craft-repair,Not-in-family,Asian-Pac-Islander,Male,-22,-1,40,Ireland,0
55,Private,263461,Some-college,10,Married-civ-spouse,Transport-moving,Husband,Black,Male,-4,0,40,United-States,0
24,Private,217650,HS-grad,9,Married-civ-spouse,Sales,Wife,White,Female,26,0,36,El-Salvador,0
37,Local-gov,204822,Masters,14,Married-civ-spouse,Transport-moving,Husband,White,Male,30,0,50,United-States,1
30,Private,219158,HS-grad,9,Never-married,Adm-clerical,Not-in-family,Black,Female,46,-1,40,United-States,0
24,Private,150765,HS-grad,9,Never-married,Sales,Not-in-family,White,Male,25,-1,49,United-States,0
31,Private,297219,HS-grad,9,Married-civ-spouse,Sales,Husband,Black,Male,11,0,40,United-States,0
28,Private,192852,5th-6th,2,Married-civ-spouse,Machine-op-inspct,Wife,White,Female,4423,0,40,Mexico,0
71,Private,90169,7th-8th,4,Married-civ-spouse,Farming-fishing,Husband,White,Male,14,-1,22,?,0
52,Private,272519,Bachelors,13,Married-civ-spouse,Exec-managerial,Husband,White,Female,3,1,60,United-States,1
21,Private,181993,HS-grad,9,Never-married,Craft-repair,Not-in-family,White,Male,-3,0,40,United-States,0
36,Self-emp-not-inc,112111,Bachelors,13,Widowed,Sales,Not-in-family,White,Female,27,-1,25,United-States,0
78,Self-emp-not-inc,418293,Bachelors,13,Married-civ-spouse,?,Wife,White,Female,51,0,40,United-States,1
53,Self-emp-not-inc,233011,Doctorate,16,Married-civ-spouse,Prof-specialty,Husband,White,Male,15383,0,60,?,1
45,Private,187524,HS-grad,9,Married-civ-spouse,Tech-support,Husband,Black,Male,-16,0,40,?,0
45,Private,279340,10th,7,Never-married,Craft-repair,Unmarried,Black,Female,26,0,40,United-States,0
17,Private,44577,11th,7,Never-married,Sales,Own-child,White,Female,2,0,21,United-States,0
60,Private,226743,HS-grad,9,Separated,Adm-clerical,Unmarried,White,Female,23,-1,40,United-States,0
19,?,201103,Some-college,10,Never-married,?,Own-child,White,Female,-4,0,30,United-States,0
59,Private,224881,Some-college,10,Married-civ-spouse,Craft-repair,Husband,Asian-Pac-Islander,Male,14,0,40,Laos,0
55,Private,112280,9th,5,Married-civ-spouse,Machine-op-inspct,Husband,White,Male,4363,0,40,United-States,0
53,Private,103526,HS-grad,9,Divorced,Craft-repair,Other-relative,Other,Female,8,-1,40,Dominican-Republic,0
47,?,285721,10th,6,Married-civ-spouse,?,Husband,White,Male,-5,0,40,Columbia,0
32,Private,192289,HS-grad,9,Widowed,Other-service,Not-in-family,White,Female,-2,0,40,United-States,0
41,Federal-gov,48348,Masters,10,Married-civ-spouse,Exec-managerial,Husband,White,Male,-8,0,40,United-States,0
44,Private,222008,Assoc-acdm,9,Divorced,Other-service,Not-in-family,White,Male,-17,1976,40,United-States,0
29,State-gov,82161,HS-grad,9,Married-civ-spouse,Adm-clerical,Husband,White,Male,0,0,40,United-States,0
25,Private,220331,HS-grad,9,Never-married,Handlers-cleaners,Own-child,White,Male,-9,0,40,United-States,0
46,Private,141258,10th,6,Married-civ-spouse,Farming-fishing,Husband,White,Male,20,0,40,?,0
60,Self-emp-not-inc,141755,Assoc-acdm,13,Married-civ-spouse,Exec-managerial,Husband,White,Male,56,0,69,United-States,1
22,Private,249815,HS-grad,9,Married-civ-spouse,Craft-repair,Husband,White,Male,12,-1,40,United-States,0
22,Private,224737,Some-college,10,Married-civ-spouse,Adm-clerical,Wife,White,Female,23,0,30,United-States,0
59,Self-emp-not-inc,135007,Some-college,10,Married-civ-spouse,Farming-fishing,Husband,White,Male,4085,0,64,United-States,0
30,Private,605836,HS-grad,9,Divorced,Craft-repair,Husband,Black,Male,16,1914,50,United-States,0
40,Private,135662,HS-grad,9,Separated,Transport-moving,Not-in-family,White,Male,3,-1,40,?,1
38,Private,215292,HS-grad,9,Married-civ-spouse,Handlers-cleaners,Husband,White,Male,7,1840,40,United-States,0
26,Private,219661,10th,9,Married-civ-spouse,Other-service,Husband,Black,Male,23,-1,50,United-States,0
46,Private,208027,Some-college,10,Married-civ-spouse,Tech-support,Wife,White,Female,10,0,40,United-States,0
28,Private,208490,Some-college,10,Never-married,Craft-repair,Own-child,Amer-Indian-Eskimo,Male,37,-1,49,United-States,0
37,Private,301010,Bachelors,13,Never-married,Handlers-cleaners,Not-in-family,White,Male,15,0,40,Iran,0
36,Private,203002,1st-4th,1,Married-spouse-absent,Other-service,Not-in-family,White,Male,12,1,40,United-States,0
31,Private,211070,Masters,13,Married-civ-spouse,Tech-support,Husband,White,Male,29,0,40,United-States,0
34,Private,84082,Masters,14,Never-married,Protective-serv,Not-in-family,Asian-Pac-Islander,Female,-1,0,40,Cambodia,0
43,Private,70280,Assoc-voc,11,Never-married,Transport-moving,Not-in-family,White,Male,24,0,49,United-States,0
55,Private,154356,HS-grad,9,Divorced,Farming-fishing,Unmarried,White,Female,26,0,40,United-States,0
56,State-gov,101723,Preschool,2,Never-married,Other-service,Not-in-family,White,Male,38,-1,40,United-States,0
54,Local-gov,218829,Bachelors,13,Married-civ-spouse,Protective-serv,Husband,White,Male,-5,0,40,United-States,0
45,Private,225450,5th-6th,3,Never-married,Other-service,Unmarried,Black,Female,3930,0,66,?,0
50,Private,221251,HS-grad,9,Separated,Exec-managerial,Not-in-family,White,Male,16,-1,40,United-States,0
65,Private,208690,Assoc-acdm,4,Married-civ-spouse,Transport-moving,Husband,White,Male,3775,-1,40,Ecuador,0
34,Private,137042,HS-grad,9,Married-civ-spouse,Transport-moving,Husband,White,Male,22,1,40,United-States,0
36,Self-emp-not-inc,230973,7th-8th,7,Married-civ-spouse,Farming-fishing,Husband,White,Male,18,1847,21,United-States,0
47,Private,254389,Masters,6,Separated,Tech-support,Not-in-family,Other,Female,22,0,40,United-States,0
46,Private,129765,Masters,14,Never-married,Prof-specialty,Other-relative,Asian-Pac-Islander,Female,8,0,40,India,0
31,Self-emp-not-inc,183044,Bachelors,13,Married-civ-spouse,Prof-specialty,Husband,White,Male,24,0,49,United-States,1
27,Private,164182,Assoc-voc,11,Never-married,Tech-support,Not-in-family,Amer-Indian-Eskimo,Male,13,0,40,United-States,0
53,Self-emp-inc,160823,Assoc-voc,10,Married-civ-spouse,Exec-managerial,Husband,White,Male,45,0,44,United-States,1
62,Private,264383,10th,6,Married-civ-spouse,Farming-fishing,Husband,White,Male,12,0,40,United-States,0
35,Private,289135,Prof-school,15,Never-married,Prof-specialty,Husband,Asian-Pac-Islander,Male,34,1,40,Vietnam,0
45,Private,177390,Some-college,10,Divorced,Adm-clerical,Unmarried,White,Female,39,0,69,United-States,0
36,Local-gov,131821,Bachelors,13,Married-civ-spouse,Protective-serv,Husband,White,Male,17,0,40,United-States,0
43,Private,181037,Some-college,10,Married-civ-spouse,Craft-repair,Husband,Black,Male,8,0,40,United-States,0
43,Private,143842,HS-grad,9,Widowed,Transport-moving,Unmarried,Amer-Indian-Eskimo,Male,4303,-1,40,United-States,0
40,Private,137638,Some-college,10,Married-civ-spouse,Other-service,Wife,Black,Female,-15,0,40,Philippines,0
27,Private,226528,HS-grad,9,Never-married,Farming-fishing,Other-relative,White,Male,-15,0,45,United-States,0
25,Private,280338,Assoc-voc,11,Never-married,Craft-repair,Not-in-family,White,Male,-8,-1,50,United-States,0
51,Self-emp-not-inc,197818,HS-grad,9,Married-civ-spouse,Transport-moving,Husband,White,Male,3973,0,6,United-States,0
29,Private,164485,Some-college,10,Married-civ-spouse,Craft-repair,Husband,Amer-Indian-Eskimo,Male,10,0,69,United-States,1
51,Private,312492,Bachelors,13,Married-civ-spouse,Craft-repair,Husband,White,Male,-3,0,40,United-States,0
56,Local-gov,185541,Masters,14,Widowed,Prof-specialty,Not-in-family,White,Female,14,0,40,United-States,0
28,Self-emp-not-inc,213586,Some-college,10,Married-civ-spouse,Farming-fishing,Husband,White,Male,30,1,55,United-States,0
48,Private,391169,Some-college,10,Married-civ-spouse,Other-service,Wife,White,Female,20,0,53,United-States,0
25,Private,304824,HS-grad,9,Never-married,Adm-clerical,Own-child,White,Female,-6,1798,40,United-States,0
51,Private,256823,10th,3,Married-civ-spouse,Other-service,Husband,White,Male,27,1,40,Guatemala,0
46,Private,197900,Masters,14,Never-married,Machine-op-inspct,Unmarried,Other,Female,9,0,40,United-States,0
56,Private,112143,HS-grad,9,Married-civ-spouse,Handlers-cleaners,Husband,White,Male,-9,0,56,United-States,0
42,Private,159662,Some-college,10,Married-civ-spouse,Adm-clerical,Wife,White,Female,12,1,40,Cuba,1
32,Private,104880,HS-grad,9,Divorced,Craft-repair,Not-in-family,White,Male,-18,-1,64,United-States,0
38,Private,171981,Some-college,10,Divorced,Craft-repair,Unmarried,White,Male,0,-1,49,United-States,0
42,Private,226185,HS-grad,9,Never-married,Exec-managerial,Not-in-family,White,Male,6,0,40,United-States,0
19,?,193314,Some-college,10,Never-married,?,Own-child,White,Male,-4,0,31,United-States,0
71,Private,292301,Assoc-acdm,12,Married-civ-spouse,Other-service,Husband,Asian-Pac-Islander,Male,9,0,30,Ireland,0
65,Self-emp-not-inc,205028,7th-8th,5,Married-civ-spouse,Craft-repair,Husband,Asian-Pac-Islander,Male,2629,0,49,Philippines,0
43,Private,210698,Some-college,10,Never-married,Adm-clerical,Not-in-family,White,Male,6,0,40,Italy,0
27,Private,228583,Assoc-voc,11,Married-civ-spouse,Tech-support,Wife,White,Female,39,1,60,United-States,1
25,Private,262025,Assoc-voc,11,Married-civ-spouse,Transport-moving,Husband,White,Male,3,0,40,United-States,0
31,Private,241795,9th,4,Never-married,Other-service,Not-in-family,White,Male,23,0,40,Greece,0
31,Local-gov,213750,Bachelors,13,Married-civ-spouse,Protective-serv,Husband,White,Male,22,-1,40,United-States,0
19,Private,381102,12th,8,Never-married,Priv-house-serv,Own-child,Amer-Indian-Eskimo,Female,38,0,40,United-States,0
38,Private,215252,Assoc-voc,11,Never-married,Other-service,Not-in-family,White,Female,17,0,16,United-States,0
44,Private,203444,Some-college,10,Divorced,Priv-house-serv,Not-in-family,White,Female,12,0,40,United-States,0
50,Local-gov,215412,Masters,14,Married-civ-spouse,Prof-specialty,Husband,White,Male,7762,0,51,United-States,1
39,Self-emp-not-inc,43003,7th-8th,3,Never-married,Farming-fishing,Not-in-family,White,Male,22,1,66,United-States,0
31,Private,305597,Bachelors,13,Married-civ-spouse,Exec-managerial,Husband,White,Male,22,1823,40,United-States,0
28,Private,243416,Some-college,10,Never-married,Exec-managerial,Not-in-family,White,Male,32,0,67,United-States,0
52,Private,290510,7th-8th,9,Married-spouse-absent,Craft-repair,Not-in-family,White,Male,2,-1,40,Dominican-Republic,0
29,Private,208904,HS-grad,9,Separated,Adm-clerical,Not-in-family,White,Female,12,0,40,United-States,0
38,Private,300062,Some-college,10,Divorced,Handlers-cleaners,Not-in-family,Amer-Indian-Eskimo,Male,3,-1,40,United-States,0
31,Private,207785,HS-grad,9,Never-married,Other-service,Other-relative,Asian-Pac-Islander,Male,6,0,40,Vietnam,0
54,Private,191607,7th-8th,3,Widowed,Other-service,Unmarried,White,Female,3167,0,40,United-States,0
35,Private,179731,HS-grad,9,Divorced,Farming-fishing,Not-in-family,White,Male,-6,0,45,United-States,0
55,State-gov,126886,Doctorate,16,Married-civ-spouse,Prof-specialty,Husband,Asian-Pac-Islander,Male,4239,0,40,United-States,1
52,State-gov,263947,Masters,14,Married-civ-spouse,Prof-specialty,Wife,Black,Female,20,1,40,United-States,1
50,Private,184480,10th,4,Divorced,Farming-fishing,Not-in-family,White,Male,40,0,50,United-States,0
51,Private,173811,Masters,14,Separated,Prof-specialty,Not-in-family,White,Female,12,0,40,United-States,0
66,Private,166987,9th,5,Never-married,Machine-op-inspct,Not-in-family,Black,Male,-3,1,40,United-States,0
38,Private,458288,Some-college,10,Married-spouse-absent,Sales,Not-in-family,White,Female,14,0,40,?,0
27,Private,94860,Some-college,10,Married-civ-spouse,Prof-specialty,Husband,White,Male,25,0,40,United-States,1
24,?,258411,Some-college,10,Never-married,?,Not-in-family,White,Female,19,0,71,United-States,0
36,Private,98373,Assoc-voc,11,Married-civ-spouse,Prof-specialty,Husband,White,Male,8,1,40,United-States,0
49,Self-emp-not-inc,207548,Some-college,10,Separated,Other-service,Own-child,White,Male,24,0,40,United-States,0
67,Private,219340,9th,5,Never-married,Other-service,Unmarried,White,Male,12,0,40,United-States,0
22,Private,369024,Masters,14,Never-married,Prof-specialty,Own-child,White,Female,26,0,40,?,0
28,Private,54385,HS-grad,9,Married-civ-spouse,Tech-support,Husband,White,Male,19,1,63,United-States,1
26,Private,82288,Doctorate,5,Never-married,Prof-specialty,Own-child,White,Female,11,0,31,United-States,0
61,?,394779,11th,9,Divorced,?,Not-in-family,Black,Female,-3,-1,40,United-States,0
25,Private,39142,HS-grad,9,Never-married,Adm-clerical,Not-in-family,White,Female,7,1806,40,United-States,0
44,Private,251750,Some-college,10,Never-married,Handlers-cleaners,Unmarried,White,Male,1,1826,49,England,0
36,Private,211065,HS-grad,9,Widowed,Other-service,Other-relative,White,Female,18,-1,40,United-States,0
54,Private,395669,10th,6,Divorced,Machine-op-inspct,Not-in-family,Black,Male,4,0,40,United-States,0
49,Private,201782,HS-grad,9,Widowed,Other-service,Not-in-family,White,Female,5,-1,40,United-States,0
48,Federal-gov,324813,Bachelors,13,Married-civ-spouse,Exec-managerial,Husband,White,Male,38,0,40,United-States,1
34,Private,216453,HS-grad,9,Married-civ-spouse,Prof-specialty,Wife,Asian-Pac-Islander,Female,-22,0,40,Mexico,0
54,Private,112694,10th,3,Married-civ-spouse,Machine-op-inspct,Husband,Black,Female,-13,0,40,Honduras,0
40,Private,203059,Assoc-acdm,4,Married-civ-spouse,Craft-repair,Husband,Other,Male,7,0,40,Mexico,0
19,Private,302389,10th,4,Never-married,Craft-repair,Own-child,White,Male,29,-1,30,United-States,0
21,?,208227,Bachelors,12,Married-spouse-absent,?,Not-in-family,White,Female,30,0,35,United-States,0
33,Private,259235,HS-grad,9,Widowed,Transport-moving,Not-in-family,Black,Male,15,1764,40,United-States,0
45,Private,34609,HS-grad,9,Married-civ-spouse,Machine-op-inspct,Not-in-family,Amer-Indian-Eskimo,Female,-22,1,40,United-States,0
57,Private,264991,1st-4th,2,Never-married,Other-service,Not-in-family,White,Female,55,0,40,Guatemala,0
35,Federal-gov,131176,Prof-school,4,Divorced,Prof-specialty,Not-in-family,Asian-Pac-Islander,Female,7919,0,40,Vietnam,0
29,Private,134692,HS-grad,9,Married-spouse-absent,Prof-specialty,Not-in-family,White,Male,32,0,40,United-States,0
39,Private,223781,Some-college,10,Married-civ-spouse,Craft-repair,Husband,White,Male,36,0,50,United-States,1
56,Private,253016,Preschool,2,Divorced,Machine-op-inspct,Unmarried,Black,Female,31,-1,40,United-States,0
34,?,287386,Some-college,10,Never-married,?,Not-in-family,Black,Female,7,1781,40,United-States,0
57,Private,70198,7th-8th,5,Married-civ-spouse,Farming-fishing,Husband,White,Male,3223,-1,63,United-States,0
52,Private,266289,10th,6,Divorced,Other-service,Not-in-family,White,Female,-21,0,40,United-States,0
42,Private,239246,Some-college,10,Married-civ-spouse,Handlers-cleaners,Not-in-family,Asian-Pac-Islander,Male,23,0,49,Poland,0
27,Private,272175,12th,8,Never-married,Other-service,Unmarried,Black,Male,12,0,40,United-States,0
27,Private,259882,HS-grad,9,Never-married,Craft-repair,Not-in-family,Other,Male,19,1,69,?,0
47,Federal-gov,152399,Bachelors,13,Separated,Priv-house-serv,Not-in-family,White,Female,-6,0,40,?,0
23,Private,333840,12th,6,Never-married,Transport-moving,Not-in-family,Black,Male,6,0,40,United-States,0
42,Private,219252,Bachelors,13,Never-married,Prof-specialty,Not-in-family,White,Male,9,0,69,United-States,0
27,Federal-gov,53872,HS-grad,9,Widowed,Tech-support,Not-in-family,Black,Female,-4,1794,40,United-States,1
68,Self-emp-inc,220516,Bachelors,13,Married-civ-spouse,Transport-moving,Husband,White,Male,28,1,59,United-States,0
29,Self-emp-not-inc,207422,HS-grad,9,Never-married,Exec-managerial,Not-in-family,White,Male,-3,0,23,United-States,0
28,Private,199848,HS-grad,9,Never-married,Handlers-cleaners,Other-relative,Asian-Pac-Islander,Male,20,0,35,Greece,0
38,Private,216201,Some-college,10,Married-civ-spouse,Transport-moving,Husband,White,Male,-4,1,55,United-States,0
64,Self-emp-inc,122722,Doctorate,16,Married-civ-spouse,Prof-specialty,Husband,White,Male,29,0,71,United-States,1
26,Private,268792,1st-4th,6,Never-married,Machine-op-inspct,Unmarried,White,Female,3618,-1,40,El-Salvador,0
31,Private,275624,Bachelors,13,Never-married,Prof-specialty,Unmarried,White,Female,-3,0,40,Puerto-Rico,0
57,Private,242657,Assoc-acdm,13,Married-civ-spouse,Farming-fishing,Husband,White,Male,9,0,50,United-States,1
23,Private,57541,HS-grad,9,Married-civ-spouse,Transport-moving,Husband,White,Male,12,0,40,United-States,0
53,Private,225380,10th,6,Married-civ-spouse,Sales,Husband,White,Male,20,0,44,United-States,0
20,Private,170205,Assoc-acdm,13,Never-married,Other-service,Own-child,White,Female,16,0,25,?,0
29,Private,244567,Some-college,10,Never-married,Adm-clerical,Not-in-family,White,Female,0,1,40,United-States,0
33,Local-gov,300649,Bachelors,13,Married-civ-spouse,Protective-serv,Husband,White,Male,7964,1,56,United-States,0
70,Private,113714,7th-8th,4,Widowed,Sales,Not-in-family,White,Female,3110,-1,50,United-States,0
27,Private,303966,Some-college,10,Divorced,Craft-repair,Other-relative,White,Male,8,0,40,Hong,0
24,Private,345743,HS-grad,9,Never-married,Tech-support,Not-in-family,Black,Female,12,1,40,United-States,0
32,Private,165704,HS-grad,9,Never-married,Exec-managerial,Unmarried,Asian-Pac-Islander,Female,9,0,40,Philippines,0
25,Private,47647,Some-college,10,Married-civ-spouse,Transport-moving,Other-relative,White,Male,14,1,40,Dominican-Republic,0
47,Self-emp-inc,101076,Prof-school,15,Married-civ-spouse,Prof-specialty,Husband,Black,Male,15131,0,68,United-States,1
55,Private,207558,5th-6th,2,Married-civ-spouse,Craft-repair,Husband,White,Male,9,0,40,Mexico,0
37,Private,330344,Some-college,10,Separated,Other-service,Unmarried,White,Female,29,0,31,United-States,0
33,Private,146194,Bachelors,13,Married-civ-spouse,Exec-managerial,Husband,White,Male,1,0,40,Ecuador,0
53,Private,279282,Bachelors,13,Divorced,Adm-clerical,Not-in-family,White,Male,1,0,49,United-States,0
22,Private,78733,10th,6,Never-married,Other-service,Not-in-family,White,Male,-17,0,40,United-States,0
18,?,284678,10th,6,Never-married,?,Not-in-family,White,Male,9,0,30,United-States,0
36,Local-gov,189340,11th,6,Married-civ-spouse,Prof-specialty,Wife,White,Female,3,1859,45,United-States,0
57,Private,223197,Some-college,10,Separated,Tech-support,Not-in-family,White,Female,1,0,40,United-States,0
18,Private,137908,11th,7,Never-married,Other-service,Own-child,White,Male,17,0,12,United-States,0
47,Private,117660,Some-college,10,Married-civ-spouse,Transport-moving,Husband,White,Male,-7,1,35,United-States,0
53,Self-emp-inc,192566,Masters,14,Married-civ-spouse,Prof-specialty,Husband,White,Male,30,1854,40,United-States,0
59,Local-gov,191117,Masters,14,Married-civ-spouse,Prof-specialty,Husband,White,Male,42,0,40,United-States,1
51,Private,310608,HS-grad,9,Married-civ-spouse,Craft-repair,Husband,White,Male,9,0,40,United-States,0
58,Private,137783,Assoc-acdm,13,Widowed,Sales,Unmarried,White,Female,12,0,40,United-States,0
35,Local-gov,338196,Bachelors,13,Married-spouse-absent,Other-service,Not-in-family,Other,Male,11,0,55,Puerto-Rico,0
42,Private,354855,Some-college,10,Divorced,Adm-clerical,Not-in-family,White,Male,-4,1,50,United-States,0
40,State-gov,288359,Assoc-acdm,12,Married-civ-spouse,Protective-serv,Husband,White,Male,24,0,40,United-States,0
27,Local-gov,181002,Assoc-voc,11,Married-civ-spouse,Tech-support,Wife,White,Female,16,0,40,United-States,0
24,Private,208788,7th-8th,3,Never-married,Machine-op-inspct,Not-in-family,Black,Male,23,0,35,El-Salvador,0
37,Private,451764,Bachelors,13,Divorced,Other-service,Not-in-family,White,Female,20,-1,40,United-States,0
45,Private,228515,Some-college,10,Married-civ-spouse,Exec-managerial,Husband,White,Male,21,0,61,United-States,1
32,Private,244599,HS-grad,9,Married-civ-spouse,Transport-moving,Husband,White,Male,3,0,64,United-States,0
29,Private,36207,11th,6,Married-civ-spouse,Other-service,Husband,White,Male,-12,0,40,?,0
53,Private,271639,Some-college,10,Married-civ-spouse,Tech-support,Husband,White,Male,-1,1,50,United-States,1
41,Private,183177,Some-college,10,Never-married,Exec-managerial,Not-in-family,White,Male,18,1,40,Portugal,0
27,Private,104708,Bachelors,13,Never-married,Prof-specialty,Not-in-family,White,Male,-27,1,40,United-States,0
28,State-gov,257040,Some-college,10,Never-married,Craft-repair,Not-in-family,White,Male,34,1,40,United-States,0
40,Private,127924,Bachelors,13,Separated,Sales,Unmarried,White,Female,20,-1,34,United-States,0
33,Private,238153,Bachelors,13,Married-civ-spouse,Exec-managerial,Husband,White,Male,-4,0,56,United-States,1
48,Private,247187,Some-college,10,Married-civ-spouse,Craft-repair,Husband,White,Male,34,1,40,United-States,0
42,Private,210119,Some-college,10,Never-married,Sales,Not-in-family,White,Female,-1,0,22,United-States,0
45,Private,253596,Bachelors,13,Never-married,Exec-managerial,Not-in-family,White,Female,16,-1,40,United-States,0
54,Private,260121,Preschool,2,Married-civ-spouse,Other-service,Not-in-family,White,Male,25,0,40,United-States,0
45,Private,200815,Masters,14,Married-civ-spouse,Prof-specialty,Wife,White,Female,42,0,40,United-States,1
20,Private,169210,11th,10,Never-married,Other-service,Own-child,White,Female,25,0,30,United-States,0
41,Private,320296,Some-college,10,Married-civ-spouse,Tech-support,Husband,White,Male,28,0,40,United-States,1
45,Private,112400,Some-college,10,Divorced,Sales,Unmarried,White,Female,-3,1,40,United-States,0
27,Private,221491,HS-grad,9,Married-civ-spouse,Farming-fishing,Husband,White,Female,-1,0,50,United-States,1
35,Private,271167,Bachelors,13,Married-civ-spouse,Transport-moving,Husband,White,Male,-13,0,40,United-States,0
28,Private,188505,Masters,14,Never-married,Prof-specialty,Unmarried,Asian-Pac-Islander,Female,28,1,36,Philippines,0
21,Private,300219,HS-grad,9,Married-civ-spouse,Adm-clerical,Not-in-family,White,Female,26,0,40,United-States,0
24,Private,184706,Assoc-voc,3,Never-married,Craft-repair,Not-in-family,White,Male,24,0,50,Mexico,0
19,Private,85591,Bachelors,13,Never-married,Sales,Own-child,White,Female,33,0,19,United-States,0
65,Local-gov,116729,Some-college,10,Married-civ-spouse,Tech-support,Husband,White,Male,20,0,40,Canada,1
65,Private,69388,10th,6,Divorced,Other-service,Unmarried,Black,Female,5,0,24,United-States,0
52,Local-gov,126382,HS-grad,9,Married-civ-spouse,Tech-support,Not-in-family,White,Male,14,1,40,United-States,0
33,Private,162976,Bachelors,13,Married-civ-spouse,Sales,Husband,White,Male,20,1,40,United-States,1
20,Private,123977,HS-grad,9,Never-married,Other-service,Not-in-family,White,Male,-12,1,49,United-States,0
30,Private,234854,HS-grad,9,Never-married,Craft-repair,Not-in-family,Black,Male,23,1825,40,United-States,0
45,Federal-gov,166099,Assoc-voc,11,Married-civ-spouse,Tech-support,Husband,White,Male,37,0,40,United-States,1
27,Private,119874,Masters,14,Never-married,Prof-specialty,Not-in-family,Asian-Pac-Islander,Female,23,0,40,Japan,0
35,Local-gov,212721,Bachelors,13,Never-married,Prof-specialty,Not-in-family,White,Female,31,1,50,?,0
44,Private,221996,9th,5,Never-married,Handlers-cleaners,Unmarried,Other,Female,8,0,40,United-States,0
33,Private,179529,HS-grad,9,Married-civ-spouse,Adm-clerical,Husband,White,Male,-18,0,49,United-States,0
58,?,128489,HS-grad,9,Widowed,?,Not-in-family,White,Female,13,0,40,United-States,0
46,Private,303365,Masters,14,Married-civ-spouse,Exec-managerial,Wife,Amer-Indian-Eskimo,Female,23,0,40,United-States,0
22,Private,232892,11th,7,Never-married,Transport-moving,Own-child,White,Male,8,0,44,United-States,0
54,Private,142055,HS-grad,9,Married-civ-spouse,Craft-repair,Husband,White,Male,13,0,40,United-States,0
32,State-gov,364457,Assoc-acdm,13,Never-married,Prof-specialty,Not-in-family,White,Male,10,0,40,United-States,0
46,Local-gov,208966,Bachelors,13,Divorced,Prof-specialty,Not-in-family,White,Female,-10,0,55,United-States,0
30,Private,292165,HS-grad,9,Never-married,Prof-specialty,Not-in-family,White,Female,18,0,40,United-States,0
36,Self-emp-inc,65956,HS-grad,9,Married-civ-spouse,Sales,Husband,White,Female,-2,0,40,United-States,0
32,Private,38640,HS-grad,9,Married-civ-spouse,Handlers-cleaners,Other-relative,Black,Male,13,-1,58,United-States,0
29,Private,321248,HS-grad,9,Separated,Adm-clerical,Unmarried,Black,Female,19,1,37,United-States,0
65,Private,49462,Some-college,10,Never-married,Craft-repair,Not-in-family,White,Male,9,0,40,United-States,0
21,?,145214,HS-grad,9,Married-civ-spouse,?,Husband,White,Male,19,0,49,United-States,0
58,Private,80152,Doctorate,16,Married-civ-spouse,Prof-specialty,Wife,White,Female,24,0,50,Taiwan,1
48,Private,294553,Some-college,9,Married-civ-spouse,Craft-repair,Husband,White,Male,7882,0,70,United-States,1
50,Private,231519,12th,6,Married-civ-spouse,Machine-op-inspct,Husband,White,Female,-4,1,40,Nicaragua,0
77,Private,104858,HS-grad,9,Widowed,Adm-clerical,Not-in-family,White,Female,0,0,30,United-States,0
57,Private,275891,Some-college,10,Divorced,Other-service,Unmarried,Black,Female,32,0,30,United-States,0
33,Private,250131,1st-4th,3,Married-spouse-absent,Other-service,Not-in-family,White,Female,6,0,59,Mexico,0
50,Private,168132,Masters,14,Married-civ-spouse,Adm-clerical,Wife,White,Female,7,0,40,United-States,0
43,Private,334815,Assoc-voc,11,Married-civ-spouse,Tech-support,Husband,White,Male,14,0,40,Italy,1
20,Private,202151,Some-college,10,Never-married,Prof-specialty,Own-child,White,Male,21,0,30,United-States,0
32,Local-gov,62388,Doctorate,16,Married-civ-spouse,Prof-specialty,Husband,Amer-Indian-Eskimo,Male,-14,0,40,Poland,0
31,Private,296072,Some-college,10,Married-civ-spouse,Transport-moving,Husband,Black,Male,6,1,40,United-States,0
61,Federal-gov,237955,Assoc-acdm,12,Married-civ-spouse,Farming-fishing,Husband,White,Male,23,-2,40,United-States,0
17,?,244484,11th,7,Never-married,?,Other-relative,White,Female,12,-1,40,United-States,0
50,Private,110185,Bachelors,13,Never-married,Craft-repair,Not-in-family,Other,Male,-10,0,40,?,0
57,Private,281776,10th,3,Married-civ-spouse,Transport-moving,Husband,Black,Male,12,0,40,Trinadad&Tobago,0
45,Private,180244,7th-8th,11,Married-civ-spouse,Transport-moving,Husband,White,Male,14,0,40,United-States,0
63,Self-emp-not-inc,187725,Assoc-voc,6,Married-civ-spouse,Protective-serv,Husband,White,Male,11,0,57,United-States,1
32,Private,277628,HS-grad,9,Never-married,Adm-clerical,Not-in-family,Black,Female,-8,0,40,United-States,0
46,Private,42740,Bachelors,13,Married-spouse-absent,Prof-specialty,Not-in-family,White,Male,17,0,40,?,0
35,Self-emp-not-inc,129498,Some-college,13,Married-civ-spouse,Craft-repair,Husband,White,Male,12,1,40,United-States,0
69,Self-emp-inc,111192,Prof-school,15,Married-civ-spouse,Prof-specialty,Husband,Black,Male,17,0,66,United-States,1
36,State-gov,295537,Some-college,10,Married-civ-spouse,Adm-clerical,Other-relative,Black,Female,19,-1,40,United-States,0
30,Local-gov,119459,Assoc-acdm,9,Married-civ-spouse,Sales,Husband,White,Male,-18,0,40,United-States,0
54,Private,122048,Masters,14,Married-civ-spouse,Prof-specialty,Husband,White,Male,32,0,40,United-States,1
27,Private,211438,HS-grad,9,Married-civ-spouse,Machine-op-inspct,Other-relative,White,Male,4,0,40,Mexico,0
30,Private,239370,Some-college,10,Divorced,Other-service,Not-in-family,White,Male,0,1,12,United-States,0
39,Self-emp-inc,198968,Bachelors,13,Married-civ-spouse,Prof-specialty,Husband,White,Male,18,1,71,United-States,1
56,Private,729126,Bachelors,13,Married-civ-spouse,Sales,Husband,White,Male,19,1851,50,United-States,0
65,Private,307688,7th-8th,12,Married-civ-spouse,Craft-repair,Husband,Other,Male,15684,1,40,Dominican-Republic,1
37,Private,217371,HS-grad,9,Never-married,Other-service,Not-in-family,White,Female,-5,0,30,United-States,0
23,Private,276323,Some-college,10,Never-married,Craft-repair,Own-child,White,Female,28,1,30,United-States,0
53,Private,56200,HS-grad,9,Married-civ-spouse,Handlers-cleaners,Husband,White,Male,-9,0,40,United-States,0
17,Private,236972,11th,7,Never-married,Sales,Own-child,White,Female,4,-1,11,United-States,0
66,Private,222245,7th-8th,3,Widowed,Priv-house-serv,Not-in-family,White,Female,3950,-1,40,United-States,0
43,Private,160092,Some-college,10,Married-civ-spouse,Tech-support,Husband,White,Male,8,1,40,United-States,1
31,Private,192648,Assoc-acdm,13,Married-civ-spouse,Farming-fishing,Not-in-family,White,Male,5,0,40,United-States,0
24,Private,202923,Bachelors,13,Married-civ-spouse,Exec-managerial,Wife,White,Female,13,1853,50,United-States,0
43,Private,188072,Some-college,10,Never-married,Other-service,Other-relative,White,Female,39,1,40,United-States,0
68,Self-emp-not-inc,610442,Assoc-acdm,13,Married-civ-spouse,Farming-fishing,Husband,White,Male,3919,-1,50,United-States,1
61,Self-emp-not-inc,284996,HS-grad,9,Widowed,Other-service,Own-child,White,Female,12,-1,30,United-States,0
60,Private,202719,HS-grad,9,Separated,Handlers-cleaners,Unmarried,White,Female,25,-1,40,United-States,0
51,Private,45268,HS-grad,9,Divorced,Tech-support,Unmarried,Black,Male,20,-1,40,United-States,0
72,?,301621,10th,5,Married-civ-spouse,?,Husband,White,Male,-4,0,40,United-States,0
49,Local-gov,191651,HS-grad,9,Married-spouse-absent,Tech-support,Not-in-family,White,Male,16,0,37,?,0
63,Private,93128,9th,5,Divorced,Craft-repair,Not-in-family,White,Male,4805,0,40,United-States,0
62,Private,90888,Some-college,10,Married-civ-spouse,Transport-moving,Husband,Asian-Pac-Islander,Male,19,1,50,Taiwan,1
16,?,258385,Some-college,10,Never-married,?,Not-in-family,White,Female,0,0,40,United-States,0
55,Private,149195,9th,5,Married-civ-spouse,Farming-fishing,Husband,White,Male,38,0,40,United-States,0
36,Private,221746,HS-grad,9,Married-civ-spouse,Transport-moving,Husband,White,Male,1,1,40,United-States,0
49,Private,26759,Some-college,10,Divorced,Exec-managerial,Unmarried,White,Female,-4,0,40,United-States,0
22,Private,117743,Prof-school,15,Never-married,Tech-support,Not-in-family,White,Male,17,0,50,United-States,1
45,Local-gov,250826,Bachelors,13,Widowed,Prof-specialty,Not-in-family,White,Female,46,0,50,United-States,1
67,Self-emp-not-inc,92630,HS-grad,9,Widowed,Farming-fishing,Unmarried,White,Male,0,1,23,United-States,0
31,Private,210926,HS-grad,9,Never-married,Craft-repair,Not-in-family,Asian-Pac-Islander,Female,-6,0,40,Ireland,0
29,Private,195054,HS-grad,9,Never-married,Prof-specialty,Own-child,White,Female,26,0,50,Laos,0
52,Private,229077,Prof-school,15,Married-civ-spouse,Craft-repair,Husband,White,Male,7802,1,56,United-States,1
64,Private,239342,Assoc-voc,11,Divorced,Tech-support,Not-in-family,White,Female,18,0,40,United-States,0
26,Private,210167,Assoc-voc,11,Married-civ-spouse,Tech-support,Wife,White,Male,24,0,40,United-States,0
52,Private,256941,Bachelors,13,Never-married,Prof-specialty,Not-in-family,White,Female,50,1,40,United-States,1
47,Private,220430,10th,6,Married-civ-spouse,Machine-op-inspct,Husband,Other,Male,-8,0,40,Mexico,0
54,Self-emp-not-inc,212875,HS-grad,9,Widowed,Other-service,Not-in-family,White,Female,12,-1,13,United-States,0
28,Private,176357,HS-grad,9,Married-civ-spouse,Tech-support,Husband,White,Male,23,1,49,United-States,0
22,Private,173775,7th-8th,4,Married-civ-spouse,Machine-op-inspct,Not-in-family,White,Male,33,0,40,United-States,0
25,Private,221185,HS-grad,9,Never-married,?,Not-in-family,White,Female,20,0,8,Haiti,0
23,Private,282247,11th,7,Never-married,Other-service,Own-child,Black,Female,8,1775,23,United-States,0
32,Private,246852,HS-grad,9,Never-married,Other-service,Not-in-family,Black,Female,-16,0,36,United-States,0
67,?,265329,Assoc-acdm,13,Married-civ-spouse,?,Husband,White,Male,13,0,40,United-States,0
21,Private,171208,Masters,11,Never-married,Priv-house-serv,Own-child,White,Female,20,1,35,United-States,0
25,Private,197836,Some-college,10,Married-civ-spouse,Craft-repair,Husband,White,Male,-11,0,40,United-States,0
47,Private,118292,7th-8th,13,Married-civ-spouse,Transport-moving,Husband,White,Male,-1,0,45,United-States,1
27,Private,100700,1st-4th,4,Divorced,Other-service,Unmarried,Black,Female,20,1,40,Italy,0
18,?,238805,HS-grad,4,Never-married,?,Other-relative,White,Male,-1,0,6,United-States,0
32,Private,210762,Bachelors,13,Married-civ-spouse,Exec-managerial,Husband,White,Male,-6,0,45,United-States,0
29,Local-gov,315559,Assoc-acdm,12,Never-married,Adm-clerical,Not-in-family,White,Female,10,0,40,United-States,0
23,Private,266166,1st-4th,2,Never-married,Machine-op-inspct,Not-in-family,White,Male,24,0,40,Mexico,0
26,Private,474754,HS-grad,9,Married-civ-spouse,Transport-moving,Husband,White,Male,14,-1,57,United-States,0
44,Private,150411,7th-8th,3,Married-civ-spouse,Machine-op-inspct,Not-in-family,White,Male,4369,0,40,Trinadad&Tobago,0
47,Private,231627,Bachelors,13,Married-spouse-absent,Craft-repair,Not-in-family,White,Male,5,-1,45,El-Salvador,0
41,Private,47664,Some-college,10,Divorced,Sales,Not-in-family,White,Female,38,0,9,United-States,0
60,Private,135249,HS-grad,9,Married-civ-spouse,Machine-op-inspct,Husband,White,Male,3,-1,40,United-States,0
45,Self-emp-inc,184960,Doctorate,16,Never-married,Prof-specialty,Not-in-family,White,Female,6,0,71,?,1
49,Private,310869,HS-grad,9,Married-civ-spouse,Machine-op-inspct,Husband,White,Male,13,1,40,United-States,1
60,Private,232377,5th-6th,3,Married-civ-spouse,Craft-repair,Husband,White,Male,22,1,40,Mexico,0
34,Private,216630,Some-college,10,Married-civ-spouse,Transport-moving,Husband,White,Male,3,0,56,United-States,0
25,State-gov,87297,Prof-school,16,Never-married,Prof-specialty,Not-in-family,White,Male,31,0,40,United-States,0
19,?,264275,Some-college,10,Never-married,?,Own-child,White,Female,2,0,21,Hong,0
21,Private,174930,Some-college,10,Never-married,Exec-managerial,Own-child,White,Male,-4,0,8,United-States,1
41,Federal-gov,112144,Some-college,10,Never-married,Adm-clerical,Husband,Black,Male,15,0,40,United-States,0
31,Private,118237,Assoc-voc,11,Never-married,Tech-support,Own-child,White,Male,-5,0,50,United-States,0
25,Private,206327,Bachelors,13,Never-married,Prof-specialty,Not-in-family,White,Male,7,0,40,United-States,0
19,Private,124798,10th,6,Never-married,Other-service,Own-child,Black,Male,17,0,13,United-States,0
28,Local-gov,220935,Masters,14,Never-married,Prof-specialty,Not-in-family,White,Female,24,0,50,United-States,0
39,Local-gov,182060,Some-college,5,Married-civ-spouse,Other-service,Husband,White,Male,1,-1,49,United-States,0
31,Private,383485,Some-college,10,Married-civ-spouse,Craft-repair,Husband,White,Male,15,0,40,United-States,1
19,Private,192510,HS-grad,9,Separated,Handlers-cleaners,Not-in-family,Black,Male,38,0,40,United-States,0
32,Local-gov,186436,Bachelors,13,Never-married,Exec-managerial,Not-in-family,White,Male,16,0,40,United-States,0
30,Private,214268,Some-college,10,Separated,Machine-op-inspct,Unmarried,White,Female,1,0,30,United-States,0
30,?,137888,10th,6,Widowed,?,Other-relative,Black,Female,29,0,40,United-States,0
45,Private,172589,Bachelors,13,Married-civ-spouse,Prof-specialty,Husband,White,Male,30,0,40,United-States,1
34,Private,372205,Bachelors,13,Never-married,Prof-specialty,Not-in-family,White,Male,15,1849,36,United-States,0
56,Private,232639,Some-college,10,Widowed,Other-service,Unmarried,Black,Female,31,0,40,United-States,0
44,Private,210746,Masters,13,Married-civ-spouse,Prof-specialty,Husband,White,Male,-2,0,59,Haiti,1
18,Private,232671,HS-grad,9,Never-married,Transport-moving,Own-child,Black,Male,-2,0,24,United-States,0
34,Federal-gov,178902,Some-college,10,Never-married,Craft-repair,Not-in-family,White,Male,17,1870,40,United-States,0
26,Private,200721,HS-grad,9,Never-married,Farming-fishing,Own-child,White,Male,0,0,50,United-States,0
55,Private,224871,Some-college,10,Divorced,Transport-moving,Unmarried,White,Male,6,0,40,United-States,0
21,Private,157982,Masters,14,Never-married,Prof-specialty,Not-in-family,Asian-Pac-Islander,Female,12,1,50,China,0
62,Private,111550,10th,6,Married-civ-spouse,Other-service,Husband,White,Male,1,-1,40,Iran,0
59,Self-emp-inc,219588,Masters,14,Widowed,Exec-managerial,Not-in-family,White,Female,22,0,40,United-States,0
38,Private,242946,Assoc-voc,11,Divorced,Tech-support,Not-in-family,White,Female,4744,1,72,United-States,1
40,Private,646921,HS-grad,9,Never-married,Craft-repair,Other-relative,White,Male,-5,1800,40,United-States,0
37,Private,129046,7th-8th,3,Never-married,Other-service,Not-in-family,White,Female,20,0,50,Canada,0
27,Private,238793,Some-college,11,Never-married,Craft-repair,Not-in-family,White,Male,15,1,40,United-States,0
30,?,168129,HS-grad,9,Married-civ-spouse,?,Husband,White,Male,15,0,70,Iran,0
25,Private,295499,Assoc-voc,11,Never-married,Transport-moving,Own-child,Black,Male,3,0,40,United-States,0
35,Private,141612,1st-4th,3,Never-married,Priv-house-serv,Not-in-family,White,Female,35,1866,36,United-States,0
34,Private,162542,Assoc-acdm,13,Married-civ-spouse,Other-service,Wife,White,Female,9,0,40,Japan,0
30,Private,171879,HS-grad,9,Never-married,Other-service,Own-child,Black,Female,-7,0,40,United-States,0
36,Federal-gov,110190,Some-college,10,Never-married,Other-service,Unmarried,White,Male,8,1,30,United-States,0
24,Private,307975,HS-grad,9,Never-married,Handlers-cleaners,Not-in-family,Amer-Indian-Eskimo,Male,-8,0,40,United-States,0
47,Private,100886,Prof-school,15,Married-civ-spouse,Prof-specialty,Husband,White,Male,8023,0,59,United-States,1
35,Private,161177,Bachelors,13,Married-civ-spouse,Transport-moving,Husband,White,Male,5,0,40,United-States,0
19,?,328061,Bachelors,13,Never-married,?,Own-child,White,Female,44,1,40,United-States,0
44,Private,220591,HS-grad,9,Never-married,Machine-op-inspct,Other-relative,White,Female,-23,-1,40,Haiti,0
47,Private,381751,HS-grad,9,Widowed,Other-service,Unmarried,Black,Female,-4,-1,40,United-States,0
27,Private,222721,HS-grad,9,Married-civ-spouse,Protective-serv,Husband,White,Male,-4,1,40,United-States,0
34,Self-emp-not-inc,237291,Bachelors,13,Married-civ-spouse,Prof-specialty,Husband,White,Male,42,0,40,United-States,1
73,?,107575,Prof-school,15,Married-civ-spouse,?,Wife,White,Female,34,0,65,Poland,0
36,Private,204778,HS-grad,9,Never-married,Handlers-cleaners,Not-in-family,White,Male,27,0,40,Canada,0
30,Private,207435,Bachelors,13,Never-married,Other-service,Not-in-family,Black,Male,-20,1888,40,?,0
54,Private,130830,Masters,10,Divorced,Exec-managerial,Not-in-family,White,Female,9,1,30,United-States,0
30,Self-emp-not-inc,283991,Some-college,10,Married-civ-spouse,Farming-fishing,Husband,White,Male,20,1,68,United-States,0
57,Federal-gov,117042,Masters,14,Never-married,Prof-specialty,Not-in-family,White,Female,2,1757,40,United-States,0
37,Federal-gov,197705,HS-grad,9,Married-civ-spouse,Transport-moving,Husband,White,Male,17,0,45,United-States,1
66,Private,255140,HS-grad,9,Married-civ-spouse,Craft-repair,Husband,White,Male,5,0,40,Peru,0
51,Private,225149,Some-college,10,Married-civ-spouse,Prof-specialty,Husband,White,Male,22,0,64,United-States,1
42,Self-emp-not-inc,279080,Masters,14,Married-civ-spouse,Exec-managerial,Husband,White,Male,18,0,40,United-States,1
36,Private,175886,Some-college,10,Married-civ-spouse,Craft-repair,Husband,White,Male,7860,1,40,United-States,1
31,Private,237314,Preschool,1,Never-married,Machine-op-inspct,Not-in-family,White,Male,4376,0,40,Mexico,0
35,Local-gov,101952,Some-college,10,Never-married,Tech-support,Not-in-family,White,Female,17,0,40,United-States,0
50,Private,223388,Some-college,10,Married-civ-spouse,Tech-support,Husband,White,Male,15,0,40,United-States,0
25,Private,251277,Masters,11,Never-married,Prof-specialty,Not-in-family,Asian-Pac-Islander,Female,23,0,40,India,0
31,Private,216583,HS-grad,9,Never-married,Handlers-cleaners,Other-relative,White,Male,22,0,30,Japan,0
27,Local-gov,129161,Masters,14,Never-married,Tech-support,Not-in-family,White,Male,8,0,40,United-States,0
53,Local-gov,179948,Masters,13,Married-civ-spouse,Protective-serv,Husband,Asian-Pac-Islander,Male,14,0,40,United-States,0
32,Private,168651,HS-grad,9,Married-civ-spouse,Other-service,Wife,White,Male,-9,0,49,United-States,0
48,Self-emp-not-inc,238787,Assoc-voc,11,Married-civ-spouse,Protective-serv,Husband,White,Male,19,0,60,United-States,0
27,Private,213446,HS-grad,9,Never-married,Other-service,Other-relative,White,Male,5,0,40,United-States,0
23,Private,223697,HS-grad,9,Never-married,Other-service,Not-in-family,Black,Female,30,1,40,United-States,0
49,Private,202048,Masters,14,Married-civ-spouse,Exec-managerial,Wife,White,Female,7702,1,50,England,0
44,Private,109304,Bachelors,13,Married-civ-spouse,Prof-specialty,Husband,Asian-Pac-Islander,Male,3,0,58,United-States,1
33,Private,212326,HS-grad,9,Married-civ-spouse,Craft-repair,Husband,White,Male,11,0,40,United-States,0
55,?,81619,11th,7,Never-married,?,Not-in-family,White,Male,28,0,40,United-States,0
47,Local-gov,257585,Masters,14,Never-married,Exec-managerial,Unmarried,Asian-Pac-Islander,Female,22,0,40,Jamaica,0
51,Private,190037,11th,9,Never-married,Other-service,Own-child,White,Female,27,-1,40,United-States,0
51,Private,208853,11th,7,Never-married,Machine-op-inspct,Not-in-family,Other,Female,10,0,40,Nicaragua,0
33,Private,322818,HS-grad,9,Never-married,Adm-clerical,Not-in-family,White,Male,1,0,40,United-States,0
39,Private,188012,Some-college,10,Divorced,Craft-repair,Unmarried,White,Female,22,1,40,United-States,0
42,Local-gov,172726,Some-college,10,Married-spouse-absent,Protective-serv,Unmarried,Black,Male,19,-1,30,United-States,0
19,Private,115226,10th,3,Never-married,Other-service,Other-relative,White,Male,47,1831,18,Guatemala,0
35,Private,348932,1st-4th,3,Never-married,Other-service,Unmarried,Black,Male,24,1,40,Cambodia,1
45,Private,145531,Assoc-voc,11,Never-married,Prof-specialty,Not-in-family,White,Male,4313,0,8,United-States,0
27,Private,247577,HS-grad,9,Never-married,Other-service,Not-in-family,White,Female,24,1,51,United-States,0
60,Private,169732,10th,6,Married-civ-spouse,Craft-repair,Husband,White,Male,-6,0,40,United-States,0
30,Private,217771,Bachelors,13,Never-married,Prof-specialty,Not-in-family,White,Male,7838,0,67,United-States,0
29,Private,150163,HS-grad,14,Never-married,Exec-managerial,Not-in-family,Black,Female,21,0,40,United-States,0
36,Private,258489,Some-college,10,Married-civ-spouse,Exec-managerial,Wife,Asian-Pac-Islander,Female,18,1,40,Philippines,0
33,Self-emp-not-inc,147558,Bachelors,13,Married-civ-spouse,Prof-specialty,Husband,White,Male,15,0,57,United-States,1
40,Self-emp-not-inc,240891,Some-college,10,Divorced,Exec-managerial,Unmarried,Black,Male,7,0,50,Ireland,0
17,?,306644,HS-grad,9,Married-AF-spouse,?,Wife,White,Female,-12,-1,40,Mexico,0
34,Private,129858,Some-college,10,Divorced,Sales,Not-in-family,White,Male,29,1,56,United-States,0
39,Private,94681,Some-college,10,Widowed,Sales,Other-relative,Amer-Indian-Eskimo,Female,20,-1,40,United-States,0
61,?,263038,10th,10,Married-civ-spouse,?,Other-relative,White,Male,-2,0,40,United-States,0
44,Private,182406,Assoc-acdm,12,Married-civ-spouse,Adm-clerical,Husband,Asian-Pac-Islander,Male,14,0,40,Taiwan,0
27,Private,321228,11th,5,Never-married,Prof-specialty,Not-in-family,White,Female,23,1,35,United-States,0
43,Private,168056,Bachelors,16,Divorced,Prof-specialty,Not-in-family,White,Female,2,0,74,United-States,0
33,Private,33794,Some-college,10,Separated,Craft-repair,Unmarried,White,Female,64,0,44,United-States,0
49,Local-gov,382878,Masters,14,Married-civ-spouse,Prof-specialty,Wife,White,Female,30,1,40,?,1
25,Self-emp-inc,215668,HS-grad,9,Married-civ-spouse,Handlers-cleaners,Husband,White,Male,3,1,29,United-States,0
17,Private,207561,Some-college,10,Married-civ-spouse,Craft-repair,Husband,White,Male,14,1,49,United-States,0
52,Private,15531,Masters,14,Married-civ-spouse,Prof-specialty,Husband,White,Male,19,1,40,United-States,1
77,Private,329712,Assoc-acdm,12,Divorced,Adm-clerical,Not-in-family,White,Male,-2,-1,40,United-States,0
18,Private,219156,Some-college,10,Never-married,Handlers-cleaners,Own-child,White,Male,12,-1,9,United-States,0
16,Private,248443,Some-college,10,Never-married,Sales,Own-child,White,Female,29,0,10,United-States,0
55,Private,257569,9th,6,Married-civ-spouse,Craft-repair,Husband,White,Male,11,0,40,United-States,0
54,Self-emp-not-inc,189243,Some-college,9,Divorced,Transport-moving,Not-in-family,White,Female,20,0,40,United-States,0
59,?,292979,HS-grad,9,Married-civ-spouse,?,Husband,White,Male,-19,-1,40,United-States,0
27,Self-emp-not-inc,129003,Bachelors,13,Never-married,Exec-managerial,Own-child,White,Male,6,0,45,United-States,0
46,Self-emp-not-inc,93029,Some-college,10,Married-civ-spouse,Prof-specialty,Husband,White,Male,14,1,50,United-States,1
55,Private,105981,Some-college,10,Married-civ-spouse,Transport-moving,Husband,Amer-Indian-Eskimo,Male,-3,1,40,United-States,0
49,Local-gov,250868,Masters,14,Never-married,Prof-specialty,Unmarried,White,Female,8198,0,40,United-States,1
28,Local-gov,290155,Bachelors,13,Never-married,Prof-specialty,Not-in-family,White,Male,21,-1,40,?,0
47,Private,193081,HS-grad,9,Divorced,Craft-repair,Unmarried,White,Male,26,-1,40,United-States,0
58,Private,151486,Bachelors,13,Divorced,Exec-managerial,Not-in-family,White,Female,3853,0,30,United-States,0
34,Private,328748,Some-college,10,Never-married,Tech-support,Not-in-family,White,Male,4642,0,49,United-States,0
42,Private,115778,HS-grad,9,Married-civ-spouse,Exec-managerial,Husband,White,Male,13,1,50,United-States,1
33,Private,193464,Some-college,10,Never-married,Craft-repair,Own-child,White,Male,-1,0,40,United-States,0
63,Private,104086,Bachelors,13,Married-civ-spouse,Transport-moving,Husband,White,Male,15117,-1,40,United-States,1
38,Private,125505,Some-college,10,Married-civ-spouse,Tech-support,Husband,White,Male,7784,2162,40,United-States,1
25,Private,245715,5th-6th,3,Never-married,Machine-op-inspct,Unmarried,White,Male,25,0,40,Mexico,0
49,Private,89446,10th,6,Divorced,Transport-moving,Not-in-family,White,Female,35,0,40,United-States,0
61,Self-emp-not-inc,202555,Bachelors,13,Married-civ-spouse,Prof-specialty,Husband,White,Male,9,-1,45,United-States,1
36,Private,319717,Some-college,10,Married-civ-spouse,Protective-serv,Husband,White,Male,52,0,58,United-States,1
33,Private,265314,HS-grad,9,Married-civ-spouse,Craft-repair,Husband,White,Male,10,-1,40,United-States,0
63,Private,172925,9th,5,Married-civ-spouse,Priv-house-serv,Husband,White,Male,-2,0,40,United-States,0
39,Private,254308,Some-college,10,Never-married,Protective-serv,Not-in-family,White,Male,-10,0,50,United-States,0
19,State-gov,199193,Some-college,10,Never-married,Other-service,Own-child,White,Male,4,1,7,United-States,0
44,Private,105106,Some-college,10,Married-civ-spouse,Prof-specialty,Husband,White,Male,5,0,50,United-States,1
40,Private,140264,HS-grad,9,Divorced,Craft-repair,Not-in-family,Black,Female,4,2015,40,United-States,0
40,Private,96185,Assoc-voc,11,Married-civ-spouse,Tech-support,Wife,White,Female,18,1,35,United-States,0
20,?,181484,Some-college,10,Married-civ-spouse,?,Wife,White,Female,13,0,40,United-States,0
40,Private,40841,Assoc-voc,11,Married-civ-spouse,Adm-clerical,Husband,White,Male,7,1,44,United-States,0
42,Private,252960,Some-college,10,Separated,Craft-repair,Other-relative,White,Female,18,0,40,United-States,0
24,Private,114229,HS-grad,9,Never-married,Other-service,Own-child,Amer-Indian-Eskimo,Female,15,1763,40,United-States,0
30,Federal-gov,116099,Bachelors,13,Never-married,Prof-specialty,Not-in-family,Asian-Pac-Islander,Female,19,1841,40,Philippines,0
38,Private,389778,7th-8th,6,Married-civ-spouse,Machine-op-inspct,Husband,White,Male,13,0,58,Greece,0
69,Private,164052,HS-grad,9,Never-married,Other-service,Unmarried,White,Female,14,0,36,United-States,0
21,Private,321382,Bachelors,13,Never-married,?,Husband,White,Male,19,1,40,United-States,0
37,Private,182139,HS-grad,9,Married-civ-spouse,Exec-managerial,Husband,White,Male,17,0,40,United-States,1
41,Private,38683,9th,6,Never-married,Adm-clerical,Unmarried,Black,Female,16,-1,40,United-States,0
57,Private,313994,HS-grad,9,Married-civ-spouse,Tech-support,Husband,White,Female,27,0,40,?,1
41,Private,398373,7th-8th,5,Married-civ-spouse,Machine-op-inspct,Husband,White,Male,1,0,40,Italy,0
36,Private,213604,Assoc-acdm,13,Married-civ-spouse,Transport-moving,Husband,White,Male,-9,0,50,United-States,1
35,Private,201756,Bachelors,13,Married-spouse-absent,Adm-clerical,Unmarried,Asian-Pac-Islander,Female,23,0,40,India,0
29,Local-gov,427866,Bachelors,13,Married-civ-spouse,Protective-serv,Husband,Black,Male,26,1,40,?,0
22,Private,281922,10th,9,Married-civ-spouse,Other-service,Husband,Black,Female,5,-1,40,United-States,0
67,Private,191694,HS-grad,13,Married-civ-spouse,Exec-managerial,Husband,White,Male,7679,0,57,United-States,1
37,Private,160969,Some-college,10,Married-civ-spouse,Adm-clerical,Husband,White,Female,10,-1,30,United-States,0
44,?,227570,11th,7,Married-civ-spouse,?,Wife,Black,Female,34,0,40,United-States,0
31,Private,188896,HS-grad,9,Never-married,Transport-moving,Husband,White,Male,3,0,50,United-States,0
55,?,289228,Some-college,10,Never-married,?,Not-in-family,White,Male,-11,0,40,United-States,0
58,Private,105622,Assoc-voc,11,Married-civ-spouse,Tech-support,Husband,White,Male,29,0,44,United-States,0
49,Private,262874,7th-8th,3,Divorced,Other-service,Not-in-family,Other,Female,16,0,40,United-States,1
34,Private,317642,HS-grad,9,Married-civ-spouse,Machine-op-inspct,Wife,Black,Male,31,1,40,United-States,0
52,Private,86948,Some-college,10,Divorced,Craft-repair,Not-in-family,Black,Female,-12,1,40,United-States,0
35,Private,138947,HS-grad,9,Divorced,Sales,Unmarried,White,Female,32,0,36,United-States,0
47,Private,170634,Bachelors,13,Married-civ-spouse,Transport-moving,Husband,White,Male,7578,-1,40,United-States,1
40,Local-gov,165706,Some-college,10,Divorced,Adm-clerical,Unmarried,White,Female,1,0,40,United-States,0
60,Private,199822,HS-grad,9,Married-civ-spouse,Adm-clerical,Wife,Black,Female,13,0,50,United-States,0
38,Private,217933,HS-grad,9,Married-spouse-absent,Sales,Not-in-family,White,Female,19,0,40,United-States,0
31,Private,158663,Some-college,10,Never-married,Other-service,Not-in-family,White,Female,-10,0,40,Outlying-US(Guam-USVI-etc),0
19,?,348817,Some-college,10,Never-married,?,Husband,White,Male,1,0,4,United-States,0
68,Self-emp-not-inc,132721,Doctorate,4,Married-civ-spouse,Prof-specialty,Husband,White,Male,-5,0,40,United-States,1
33,Private,185251,Some-college,10,Married-spouse-absent,Craft-repair,Husband,Other,Male,22,0,60,?,0
66,Private,191216,Assoc-voc,11,Married-civ-spouse,Tech-support,Husband,White,Male,28,0,70,United-States,1
32,Private,130653,Bachelors,13,Never-married,Sales,Not-in-family,White,Male,9,0,40,United-States,0
49,Private,85985,Assoc-voc,11,Divorced,Tech-support,Not-in-family,White,Male,7,0,44,United-States,0
27,Private,180723,HS-grad,9,Married-civ-spouse,Craft-repair,Husband,White,Male,26,0,67,United-States,0
29,Federal-gov,265781,HS-grad,9,Married-civ-spouse,Exec-managerial,Husband,Asian-Pac-Islander,Male,7,-1,61,United-States,1
18,Private,186929,Some-college,10,Never-married,Other-service,Own-child,White,Male,35,0,13,United-States,0
86,Private,271616,9th,5,Separated,Adm-clerical,Not-in-family,White,Male,2922,0,40,United-States,0
64,Self-emp-not-inc,259769,Some-college,10,Divorced,Craft-repair,Not-in-family,White,Male,-3,0,63,United-States,0
60,Self-emp-not-inc,106132,Assoc-acdm,3,Never-married,Farming-fishing,Own-child,White,Male,24,1,63,United-States,0
46,Self-emp-inc,110435,5th-6th,4,Divorced,Other-service,Not-in-family,Asian-Pac-Islander,Female,36,0,40,Guatemala,0
30,Private,609093,7th-8th,4,Never-married,Craft-repair,Not-in-family,White,Male,19,1,40,Haiti,0
25,Private,250320,HS-grad,9,Married-civ-spouse,Transport-moving,Husband,Amer-Indian-Eskimo,Male,25,0,40,United-States,0
33,Private,204540,Bachelors,13,Never-married,Exec-managerial,Not-in-family,Black,Female,-5,0,40,United-States,0
68,Self-emp-inc,101546,7th-8th,4,Married-civ-spouse,Craft-repair,Husband,White,Male,26,0,69,Iran,0
25,Self-emp-inc,56995,HS-grad,9,Never-married,Other-service,Own-child,White,Male,8,0,15,United-States,0
31,State-gov,271792,Bachelors,13,Married-civ-spouse,Transport-moving,Not-in-family,White,Male,2,0,40,United-States,0
35,Self-emp-inc,332553,Bachelors,13,Never-married,Prof-specialty,Not-in-family,White,Male,38,0,65,United-States,0
30,Private,201940,HS-grad,9,Divorced,Transport-moving,Other-relative,White,Male,-25,1,40,United-States,0
33,Private,235608,7th-8th,15,Widowed,Prof-specialty,Unmarried,Black,Female,24,1,40,United-States,0
35,Private,159217,HS-grad,9,Never-married,Other-service,Not-in-family,White,Male,9,0,40,United-States,0
70,?,157883,Some-college,10,Married-civ-spouse,?,Husband,White,Male,-3,1,40,United-States,0
53,Private,113701,Some-college,10,Married-civ-spouse,Sales,Husband,White,Male,-7,1,40,United-States,0
33,Self-emp-not-inc,104612,HS-grad,9,Married-civ-spouse,Transport-moving,Husband,White,Male,-13,-1,45,United-States,0
28,Private,188636,Assoc-voc,9,Never-married,Prof-specialty,Not-in-family,White,Male,15,1,40,United-States,0
52,Private,199996,1st-4th,3,Married-civ-spouse,Machine-op-inspct,Not-in-family,White,Female,26,0,40,United-States,0
30,Self-emp-not-inc,170395,Some-college,10,Married-civ-spouse,Handlers-cleaners,Husband,Other,Male,-19,0,44,El-Salvador,0
22,Never-worked,212132,Bachelors,13,Never-married,?,Not-in-family,White,Female,4,0,40,United-States,0
44,State-gov,219963,Some-college,10,Married-spouse-absent,Craft-repair,Not-in-family,Black,Female,26,1,40,United-States,0
47,Private,157413,5th-6th,3,Divorced,Craft-repair,Unmarried,Other,Male,13,0,40,Mexico,0
30,Private,266566,HS-grad,9,Never-married,Machine-op-inspct,Not-in-family,Black,Male,19,0,40,United-States,0
31,Private,181283,Assoc-voc,11,Never-married,Tech-support,Wife,White,Female,39,1,40,United-States,0
19,Private,175136,Some-college,10,Never-married,Handlers-cleaners,Own-child,White,Male,15,0,30,United-States,0
24,Private,228854,Bachelors,13,Never-married,Sales,Other-relative,Black,Male,10,-1,40,?,0
43,Self-emp-not-inc,371794,Doctorate,10,Married-civ-spouse,Exec-managerial,Husband,White,Male,4391,0,69,United-States,1
52,Self-emp-inc,225700,Masters,13,Married-civ-spouse,Adm-clerical,Husband,White,Male,21,-1,50,United-States,1
50,Private,209943,9th,6,Separated,Other-service,Unmarried,White,Female,23,0,50,United-States,0
37,Self-emp-not-inc,191882,Bachelors,13,Divorced,Exec-managerial,Husband,White,Male,32,-1,40,United-States,0
55,Federal-gov,140262,Masters,14,Married-civ-spouse,Adm-clerical,Not-in-family,White,Male,22,-1,40,United-States,0
19,Private,121939,Some-college,10,Never-married,Other-service,Not-in-family,White,Female,13,0,30,United-States,0
51,Self-emp-not-inc,251002,Assoc-voc,11,Married-civ-spouse,Farming-fishing,Husband,White,Male,32,0,50,United-States,0
51,Self-emp-inc,174448,Prof-school,15,Married-civ-spouse,Prof-specialty,Husband,White,Male,15329,1,50,?,1
18,Private,191515,HS-grad,9,Never-married,Farming-fishing,Own-child,White,Male,8,-1,40,United-States,0
30,?,58328,HS-grad,9,Married-civ-spouse,?,Husband,White,Male,1,0,40,?,0
65,?,220821,Doctorate,6,Married-civ-spouse,?,Husband,Asian-Pac-Islander,Male,42,0,11,United-States,1
38,Private,214112,HS-grad,9,Married-civ-spouse,Farming-fishing,Husband,White,Male,6,0,58,United-States,0
19,?,183549,11th,7,Never-married,?,Not-in-family,White,Female,17,0,40,United-States,0
53,Private,274100,HS-grad,9,Never-married,Sales,Not-in-family,White,Female,12,0,50,United-States,0
48,Private,396812,9th,6,Married-civ-spouse,Prof-specialty,Husband,Asian-Pac-Islander,Male,21,0,40,South,0
49,Private,179353,10th,4,Divorced,Machine-op-inspct,Unmarried,White,Male,10,0,40,United-States,0
51,Private,230836,HS-grad,9,Separated,Machine-op-inspct,Unmarried,White,Female,25,0,22,Poland,0
62,Private,209877,Bachelors,13,Divorced,Adm-clerical,Not-in-family,White,Female,23,0,40,United-States,0
55,Self-emp-inc,202050,HS-grad,9,Married-civ-spouse,Farming-fishing,Husband,Amer-Indian-Eskimo,Male,34,1879,70,United-States,1
31,Private,164443,11th,7,Never-married,Tech-support,Own-child,White,Female,6,0,9,United-States,0
39,?,360257,Bachelors,13,Married-civ-spouse,?,Wife,White,Male,3,-1,34,United-States,0
51,Private,240842,HS-grad,9,Married-civ-spouse,Other-service,Husband,White,Male,27,2079,40,United-States,0
52,Private,220989,HS-grad,9,Divorced,Other-service,Wife,White,Female,26,0,36,United-States,0
18,Private,133410,11th,7,Never-married,Other-service,Own-child,Black,Female,25,-1,10,United-States,0
41,Private,295637,Masters,14,Never-married,Prof-specialty,Not-in-family,White,Male,4489,0,50,United-States,0
78,?,187007,10th,6,Widowed,?,Not-in-family,White,Female,15,-1,8,United-States,0
30,Private,199293,Doctorate,13,Married-civ-spouse,Prof-specialty,Husband,Black,Male,9,0,58,United-States,1
50,Private,275286,HS-grad,9,Married-civ-spouse,Farming-fishing,Wife,White,Male,7617,0,50,United-States,1
33,Private,139281,Bachelors,13,Married-civ-spouse,Prof-specialty,Husband,Asian-Pac-Islander,Male,20,0,40,India,0
35,Self-emp-not-inc,314881,Bachelors,13,Married-civ-spouse,Prof-specialty,Not-in-family,White,Male,20,-1,58,United-States,0
28,?,247884,HS-grad,9,Never-married,?,Own-child,White,Female,4,0,21,United-States,0
43,Private,257639,Masters,14,Married-civ-spouse,Sales,Unmarried,White,Female,9,0,40,United-States,0
30,State-gov,68506,Assoc-voc,5,Never-married,Adm-clerical,Husband,Black,Male,16,0,40,United-States,0
55,Private,138174,Masters,14,Married-civ-spouse,Exec-managerial,Husband,White,Male,9,0,40,United-States,0
38,State-gov,251530,Some-college,10,Married-civ-spouse,Craft-repair,Husband,White,Male,20,0,75,United-States,0
55,Private,272714,HS-grad,9,Divorced,Other-service,Unmarried,White,Female,29,-1,30,United-States,0
49,Private,372477,Some-college,10,Married-civ-spouse,Transport-moving,Husband,White,Male,20,0,49,United-States,1
48,?,270993,Bachelors,13,Married-civ-spouse,?,Husband,White,Male,-7,1,40,United-States,0
32,Private,28600,Some-college,9,Married-civ-spouse,Other-service,Husband,White,Male,19,1,50,United-States,1
44,Private,214158,HS-grad,9,Married-civ-spouse,Tech-support,Husband,White,Male,11,0,50,United-States,0
36,Self-emp-not-inc,287732,Bachelors,13,Never-married,?,Not-in-family,White,Male,32,0,22,United-States,0
23,Private,70437,7th-8th,5,Never-married,Handlers-cleaners,Not-in-family,White,Male,14,0,44,United-States,0
16,Private,119364,Some-college,10,Never-married,Other-service,Own-child,White,Male,0,1,21,United-States,0
33,Federal-gov,229108,Some-college,10,Divorced,Adm-clerical,Not-in-family,White,Female,-14,0,40,United-States,0
36,Private,225545,HS-grad,9,Married-civ-spouse,Exec-managerial,Husband,Asian-Pac-Islander,Male,25,0,44,India,1
29,Private,278163,7th-8th,3,Divorced,Other-service,Not-in-family,White,Female,22,0,26,United-States,0
50,Private,254270,Some-college,10,Widowed,Other-service,Not-in-family,White,Female,11,0,8,United-States,0
16,?,220590,Some-college,10,Never-married,?,Own-child,White,Female,18,0,59,United-States,0
51,Private,232558,HS-grad,9,Married-civ-spouse,Craft-repair,Husband,Amer-Indian-Eskimo,Male,12,1,59,United-States,0
56,Private,168918,Masters,14,Married-civ-spouse,Tech-support,Not-in-family,White,Male,17,0,51,United-States,0
61,Private,51769,Assoc-acdm,13,Widowed,Sales,Not-in-family,White,Female,-2,0,17,United-States,0
31,Local-gov,110311,Assoc-acdm,13,Divorced,Adm-clerical,Not-in-family,White,Male,23,0,40,United-States,0
36,Private,216594,HS-grad,9,Married-spouse-absent,Other-service,Not-in-family,White,Male,24,-1,50,?,0
30,Private,87882,HS-grad,10,Married-civ-spouse,Transport-moving,Husband,White,Male,20,0,65,United-States,0
59,Federal-gov,380191,Doctorate,16,Married-civ-spouse,Prof-specialty,Husband,White,Male,52,1,57,United-States,1
27,Private,192533,HS-grad,9,Never-married,Handlers-cleaners,Not-in-family,Black,Male,10,1847,31,United-States,0
65,Private,111945,7th-8th,5,Widowed,Sales,Not-in-family,White,Female,15,-1,40,United-States,0
33,Private,294286,HS-grad,9,Married-spouse-absent,Adm-clerical,Unmarried,White,Female,20,-1,75,Dominican-Republic,0
37,Self-emp-inc,233118,Prof-school,10,Married-civ-spouse,Prof-specialty,Husband,White,Male,27,0,60,United-States,1
46,Self-emp-inc,109525,Prof-school,15,Married-civ-spouse,Prof-specialty,Husband,Asian-Pac-Islander,Male,15808,0,67,United-States,1
30,Private,274147,HS-grad,9,Divorced,Craft-repair,Unmarried,Black,Female,14,0,40,United-States,0
31,Local-gov,243041,Bachelors,13,Never-married,Sales,Not-in-family,White,Female,30,0,40,United-States,0
52,Private,267162,Doctorate,15,Married-spouse-absent,Other-service,Not-in-family,White,Female,32,0,23,?,0
23,Private,79465,7th-8th,4,Never-married,Transport-moving,Not-in-family,Other,Male,20,0,40,Nicaragua,0
59,State-gov,207042,HS-grad,5,Divorced,Prof-specialty,Unmarried,White,Female,16,2106,40,?,0
37,Private,193919,HS-grad,9,Divorced,Craft-repair,Not-in-family,White,Male,29,0,45,United-States,0
52,Self-emp-not-inc,128554,Doctorate,16,Married-civ-spouse,Prof-specialty,Husband,White,Male,35,-1,74,United-States,1
30,Private,291142,Assoc-voc,11,Never-married,Tech-support,Not-in-family,White,Female,19,0,40,United-States,0
27,Private,279398,HS-grad,9,Never-married,Adm-clerical,Not-in-family,White,Female,20,0,40,United-States,0
41,?,121349,Some-college,10,Married-civ-spouse,?,Husband,White,Male,-22,0,40,United-States,0
49,Self-emp-not-inc,143988,Bachelors,13,Married-civ-spouse,Exec-managerial,Husband,White,Male,15427,0,50,United-States,1
25,Private,260722,HS-grad,9,Never-married,Protective-serv,Own-child,White,Female,16,0,22,United-States,0
41,Private,225179,HS-grad,9,Never-married,Other-service,Not-in-family,White,Female,8,0,25,China,0
52,Private,191641,Masters,14,Married-civ-spouse,Exec-managerial,Husband,White,Male,19,0,49,Iran,0
27,Self-emp-not-inc,111459,Assoc-voc,11,Never-married,Sales,Not-in-family,White,Male,29,1,67,United-States,0
17,Private,243949,HS-grad,9,Never-married,Other-service,Own-child,White,Female,6,1,23,United-States,0
54,Private,79770,Masters,14,Never-married,Prof-specialty,Unmarried,Black,Female,16,1,40,United-States,0
49,Private,229000,HS-grad,9,Married-civ-spouse,Craft-repair,Husband,White,Male,-5,0,40,United-States,0
32,Private,196637,Some-college,10,Separated,Other-service,Not-in-family,White,Female,28,-1,50,United-States,0
21,?,169146,Some-college,10,Never-married,?,Not-in-family,White,Female,47,0,10,United-States,0
30,Federal-gov,540315,HS-grad,9,Separated,Adm-clerical,Unmarried,Black,Female,6,-1,40,United-States,0
42,Private,564799,HS-grad,9,Divorced,Farming-fishing,Unmarried,White,Male,11,0,49,United-States,0
29,Self-emp-not-inc,248760,Bachelors,13,Married-spouse-absent,Sales,Unmarried,White,Female,11,0,50,Haiti,0
26,Private,211207,Bachelors,13,Never-married,Other-service,Own-child,Black,Female,14,0,40,El-Salvador,0
39,Self-emp-not-inc,89127,Some-college,10,Separated,Protective-serv,Not-in-family,White,Male,31,1,40,United-States,0
19,Private,213895,Some-college,10,Never-married,Other-service,Not-in-family,White,Male,30,0,40,United-States,0
39,Self-emp-not-inc,74195,Some-college,10,Married-civ-spouse,Craft-repair,Husband,White,Male,19,0,56,United-States,1
19,Private,280779,Some-college,10,Never-married,Craft-repair,Own-child,White,Female,5,1862,15,United-States,0
33,Private,47206,11th,15,Never-married,Exec-managerial,Unmarried,White,Female,8,0,40,United-States,0
30,Private,43090,HS-grad,9,Never-married,Farming-fishing,Not-in-family,White,Female,27,0,30,United-States,0
22,Private,33738,Some-college,10,Never-married,Craft-repair,Own-child,White,Male,38,1,40,United-States,0
57,Private,264714,Preschool,1,Married-civ-spouse,Craft-repair,Husband,White,Male,25,1,40,Mexico,0
26,Private,30755,HS-grad,9,Never-married,Other-service,Unmarried,White,Female,31,0,37,United-States,0
43,Private,203886,Some-college,10,Married-civ-spouse,Exec-managerial,Husband,White,Male,49,1,49,United-States,1
52,Private,262440,Some-college,10,Married-civ-spouse,Tech-support,Husband,Amer-Indian-Eskimo,Male,38,-1,40,United-States,0
30,Self-emp-not-inc,98448,Some-college,10,Never-married,Craft-repair,Not-in-family,White,Male,-1,0,40,United-States,0
32,Private,56094,HS-grad,9,Never-married,Adm-clerical,Not-in-family,Black,Female,21,1,40,United-States,0
24,Private,182462,HS-grad,9,Never-married,Handlers-cleaners,Unmarried,Amer-Indian-Eskimo,Male,27,0,40,United-States,0
27,Local-gov,261638,HS-grad,9,Never-married,Prof-specialty,Not-in-family,Asian-Pac-Islander,Female,45,-1,40,Philippines,0
29,Private,117396,11th,6,Never-married,Handlers-cleaners,Not-in-family,White,Male,27,0,40,United-States,0
29,Local-gov,245734,HS-grad,9,Never-married,Prof-specialty,Not-in-family,White,Male,4,0,40,United-States,0
61,Private,161536,Assoc-voc,4,Married-civ-spouse,Tech-support,Husband,White,Male,14723,1,50,United-States,1
25,Private,281794,HS-grad,9,Never-married,Other-service,Other-relative,White,Female,14,0,36,United-States,0
32,Private,212662,10th,3,Divorced,Other-service,Not-in-family,White,Female,7,0,40,Ireland,0
49,Local-gov,273274,Masters,14,Married-civ-spouse,Prof-specialty,Wife,White,Male,-6,1,40,United-States,0
34,Private,219058,Some-college,10,Divorced,Adm-clerical,Unmarried,White,Female,15,1,40,United-States,0
34,Self-emp-not-inc,303368,HS-grad,9,Married-civ-spouse,Farming-fishing,Husband,Black,Male,16,1822,50,United-States,0
41,Private,178837,Bachelors,13,Divorced,Priv-house-serv,Unmarried,White,Female,1,-1,40,United-States,0
31,Private,197381,HS-grad,9,Never-married,Tech-support,Own-child,Asian-Pac-Islander,Male,19,0,40,Columbia,0
19,Private,91680,Some-college,10,Never-married,Sales,Own-child,White,Male,31,0,9,United-States,0
28,?,289728,Bachelors,13,Never-married,?,Wife,White,Female,7,0,19,?,0
26,Private,222610,HS-grad,9,Never-married,Other-service,Own-child,White,Female,27,0,40,United-States,0
57,Private,296868,HS-grad,9,Married-civ-spouse,Craft-repair,Husband,Black,Male,19,1,71,United-States,1
16,Private,380925,Some-college,10,Never-married,Other-service,Own-child,Black,Female,48,0,29,United-States,0
32,Private,259406,11th,3,Married-civ-spouse,Other-service,Husband,Other,Male,-4,0,40,Iran,0
44,Local-gov,201612,Masters,14,Never-married,Prof-specialty,Not-in-family,White,Female,12,0,40,United-States,0
19,?,245270,HS-grad,9,Never-married,Other-service,Own-child,Black,Female,2,0,40,Haiti,0
27,Federal-gov,181165,Some-college,10,Never-married,Other-service,Unmarried,White,Male,45,0,21,?,1
28,Private,328736,Assoc-voc,11,Married-civ-spouse,Tech-support,Husband,Asian-Pac-Islander,Male,13,0,50,Taiwan,0
37,Local-gov,244154,7th-8th,4,Married-civ-spouse,Protective-serv,Husband,White,Male,9,1,40,United-States,1
34,Private,270483,HS-grad,9,Divorced,Other-service,Not-in-family,White,Male,-11,0,40,United-States,1
62,?,171691,Bachelors,13,Never-married,?,Not-in-family,White,Male,-6,0,40,United-States,0
17,Private,334829,Some-college,10,Never-married,Other-service,Own-child,White,Male,22,0,21,United-States,0
25,?,214581,HS-grad,6,Married-civ-spouse,?,Wife,White,Female,-18,1839,40,United-States,0
55,Private,173030,Some-college,10,Widowed,Exec-managerial,Unmarried,White,Female,38,0,40,United-States,0
39,State-gov,192458,Some-college,10,Never-married,Prof-specialty,Not-in-family,White,Male,17,1,50,United-States,0
32,Private,159544,Some-college,10,Divorced,Exec-managerial,Other-relative,Black,Female,18,0,40,United-States,0
17,Private,244371,HS-grad,9,Never-married,Handlers-cleaners,Own-child,White,Male,45,0,25,United-States,0
16,Private,178804,11th,5,Never-married,Other-service,Own-child,Other,Female,26,0,40,United-States,0
51,Private,177097,Some-college,10,Married-civ-spouse,Transport-moving,Husband,White,Male,33,0,40,Mexico,0
59,?,202566,Bachelors,13,Never-married,?,Not-in-family,Black,Female,10,0,11,United-States,0
39,Self-emp-not-inc,48627,Some-college,10,Married-civ-spouse,Protective-serv,Husband,White,Male,25,0,58,Philippines,1
26,Private,139340,HS-grad,9,Never-married,Other-service,Not-in-family,White,Female,-4,-1,37,Haiti,0
32,Self-emp-not-inc,138104,Bachelors,13,Married-civ-spouse,Adm-clerical,Husband,White,Male,14,0,40,China,1
20,Private,115189,11th,6,Never-married,Priv-house-serv,Not-in-family,Black,Male,22,0,22,United-States,0
43,Private,172987,10th,6,Never-married,Prof-specialty,Not-in-family,Black,Male,44,0,40,United-States,0
42,Private,229424,Bachelors,13,Married-civ-spouse,Tech-support,Husband,White,Female,12,0,40,United-States,1
19,?,277964,10th,6,Never-married,?,Own-child,White,Female,28,-1,40,United-States,0
53,Private,406019,Bachelors,13,Married-civ-spouse,Prof-specialty,Husband,White,Male,15,0,49,United-States,1
27,Private,176672,HS-grad,9,Separated,Other-service,Not-in-family,Black,Female,22,-1,23,Cuba,0
62,?,358441,Some-college,10,Married-spouse-absent,?,Not-in-family,White,Male,15,1,30,United-States,0
45,Private,307859,HS-grad,9,Married-civ-spouse,Tech-support,Other-relative,White,Male,0,0,60,United-States,0
53,Private,216368,HS-grad,9,Never-married,Other-service,Not-in-family,White,Female,13,-1,36,United-States,0
24,Private,200255,HS-grad,9,Never-married,Other-service,Not-in-family,Black,Male,16,0,40,United-States,0
24,Private,178008,Some-college,10,Married-civ-spouse,Sales,Husband,Asian-Pac-Islander,Male,-9,0,30,Philippines,0
19,?,159128,11th,7,Never-married,?,Other-relative,White,Female,20,0,9,United-States,0
54,Private,227706,Bachelors,13,Married-civ-spouse,Exec-managerial,Husband,Asian-Pac-Islander,Male,-10,1853,40,Philippines,0
28,Private,207103,7th-8th,3,Never-married,Tech-support,Not-in-family,White,Male,1,1,22,Dominican-Republic,0
27,Private,296118,HS-grad,9,Never-married,Handlers-cleaners,Own-child,White,Male,9,1866,45,United-States,0
35,State-gov,341461,Some-college,10,Married-civ-spouse,Tech-support,Husband,White,Male,18,1814,40,United-States,0
35,Self-emp-not-inc,105661,Assoc-voc,13,Married-civ-spouse,Exec-managerial,Husband,Black,Male,29,0,57,United-States,1
44,Self-emp-not-inc,171087,Some-college,10,Married-spouse-absent,Other-service,Not-in-family,White,Female,28,0,40,United-States,0
38,Private,41127,Bachelors,13,Married-civ-spouse,Prof-specialty,Husband,White,Male,12,0,44,United-States,1
21,Private,236820,11th,7,Never-married,Other-service,Own-child,White,Female,25,0,22,Columbia,0
58,Private,167890,HS-grad,9,Married-spouse-absent,Adm-clerical,Unmarried,Black,Female,3603,-1,40,Jamaica,0
51,Self-emp-inc,103365,7th-8th,3,Married-civ-spouse,Craft-repair,Husband,White,Male,4619,0,40,United-States,0
27,Private,204204,11th,7,Never-married,Sales,Not-in-family,White,Female,-2,0,40,Germany,0
38,Private,246833,12th,9,Married-civ-spouse,Farming-fishing,Husband,White,Male,2,1,40,United-States,0
36,Local-gov,195831,HS-grad,9,Widowed,Prof-specialty,Not-in-family,White,Male,18,0,67,United-States,0
57,Private,227997,1st-4th,2,Divorced,Handlers-cleaners,Unmarried,White,Male,33,0,40,Mexico,0
80,Self-emp-not-inc,250435,HS-grad,9,Widowed,Other-service,Not-in-family,Black,Female,21,-1,45,United-States,0
43,Self-emp-inc,225639,Bachelors,13,Married-civ-spouse,Prof-specialty,Husband,White,Male,16,0,57,United-States,1
51,Private,198319,12th,6,Married-civ-spouse,Machine-op-inspct,Wife,White,Male,7590,1,40,United-States,1
46,Private,185479,Masters,14,Married-civ-spouse,Prof-specialty,Husband,White,Male,12,0,57,Cuba,0
24,Private,123223,Bachelors,13,Never-married,Tech-support,Unmarried,Other,Female,17,-1,45,El-Salvador,0
41,Self-emp-not-inc,229440,Some-college,10,Never-married,Craft-repair,Not-in-family,White,Male,15,1,40,United-States,0
58,Private,207679,7th-8th,3,Never-married,Priv-house-serv,Not-in-family,White,Female,15,0,17,Puerto-Rico,0
55,Private,274426,HS-grad,9,Married-civ-spouse,Exec-managerial,Husband,White,Male,-8,0,40,United-States,0
29,Private,453344,HS-grad,9,Divorced,Priv-house-serv,Not-in-family,White,Female,16,-1,40,United-States,0
50,Private,224476,10th,3,Divorced,Other-service,Unmarried,Black,Female,22,-1,36,United-States,0
51,Private,204707,1st-4th,2,Divorced,Craft-repair,Not-in-family,White,Male,3998,0,40,United-States,0
29,Private,208615,Bachelors,13,Married-spouse-absent,Exec-managerial,Not-in-family,White,Male,-1,1,37,United-States,0
17,Private,290779,11th,7,Never-married,Sales,Own-child,White,Female,15,-1,29,United-States,0
54,Self-emp-not-inc,133840,Some-college,10,Married-civ-spouse,Handlers-cleaners,Husband,White,Male,15,0,65,United-States,0
74,Self-emp-not-inc,175227,HS-grad,9,Widowed,Machine-op-inspct,Not-in-family,White,Female,13,2112,50,United-States,0
61,Self-emp-not-inc,213895,HS-grad,9,Widowed,Farming-fishing,Not-in-family,White,Female,1,0,45,United-States,0
18,?,200011,11th,7,Married-civ-spouse,?,Wife,White,Female,13,0,20,United-States,0
41,Self-emp-not-inc,251707,Assoc-acdm,13,Married-civ-spouse,Protective-serv,Husband,White,Male,20,0,58,United-States,1
30,Private,259646,Bachelors,13,Never-married,Craft-repair,Not-in-family,White,Female,-4,0,40,Guatemala,0
49,Self-emp-not-inc,222500,7th-8th,3,Married-civ-spouse,Transport-moving,Husband,White,Male,40,0,40,Dominican-Republic,0
32,Private,328772,HS-grad,9,Never-married,Machine-op-inspct,Not-in-family,White,Female,7,-2,36,Poland,0
54,Private,200150,10th,4,Never-married,Other-service,Not-in-family,Other,Female,17,0,40,United-States,0
25,?,278134,Some-college,10,Never-married,Prof-specialty,Not-in-family,White,Female,10,0,40,United-States,0
35,Self-emp-not-inc,384962,HS-grad,9,Married-civ-spouse,Transport-moving,Husband,White,Male,7,0,59,United-States,1
47,Private,249988,10th,3,Married-civ-spouse,Prof-specialty,Wife,Other,Female,-17,0,35,Puerto-Rico,0
30,Local-gov,238182,Some-college,10,Married-civ-spouse,Protective-serv,Wife,White,Male,11,0,40,United-States,0
22,Self-emp-not-inc,275367,HS-grad,9,Never-married,Farming-fishing,Unmarried,Black,Male,-3,1,40,United-States,0
30,Private,208266,HS-grad,9,Divorced,Handlers-cleaners,Unmarried,Asian-Pac-Islander,Female,2,0,40,Columbia,0
39,Private,189866,Some-college,10,Married-civ-spouse,Exec-managerial,Husband,White,Male,19,0,40,United-States,0
50,Private,293868,Some-college,10,Married-civ-spouse,Sales,Husband,White,Male,19,0,40,United-States,0
30,Private,164399,Assoc-voc,11,Married-civ-spouse,Transport-moving,Husband,White,Male,12,0,40,United-States,0
25,Private,265055,HS-grad,9,Widowed,Other-service,Not-in-family,White,Female,23,0,40,Thailand,0
42,Private,247015,HS-grad,9,Widowed,Exec-managerial,Unmarried,Black,Female,22,0,40,United-States,0
29,Local-gov,207666,HS-grad,9,Married-civ-spouse,Other-service,Wife,White,Female,2,1,35,England,0
49,Private,192758,HS-grad,9,Widowed,Priv-house-serv,Not-in-family,White,Female,5,1,40,United-States,0
57,Private,287580,7th-8th,4,Married-civ-spouse,Transport-moving,Husband,White,Male,5,0,40,Holand-Netherlands,0
29,Federal-gov,245285,HS-grad,9,Married-civ-spouse,Transport-moving,Husband,White,Male,6,0,54,United-States,0
44,Private,318928,Assoc-acdm,12,Married-civ-spouse,Prof-specialty,Husband,White,Male,20,0,50,United-States,0
48,Private,205965,HS-grad,9,Divorced,Adm-clerical,Not-in-family,White,Male,1,2206,40,United-States,0
46,Private,144845,Some-college,10,Married-civ-spouse,Prof-specialty,Husband,White,Male,8170,1,40,United-States,1
37,Private,209177,HS-grad,9,Married-civ-spouse,Prof-specialty,Wife,White,Female,10,0,36,India,0
47,Self-emp-not-inc,201749,1st-4th,3,Married-civ-spouse,Other-service,Husband,White,Male,5,0,65,Honduras,0
68,Private,314436,HS-grad,9,Married-AF-spouse,Machine-op-inspct,Other-relative,White,Female,-24,0,40,Mexico,0
49,Private,194472,Some-college,10,Married-civ-spouse,Transport-moving,Husband,Other,Male,4,-1,40,?,0
43,Private,200466,HS-grad,9,Married-civ-spouse,Other-service,Wife,Black,Female,1,1,37,Japan,0
47,Private,174001,Some-college,10,Married-civ-spouse,Sales,Husband,White,Male,20,1818,40,United-States,0
21,?,241524,Some-college,10,Married-civ-spouse,?,Husband,White,Male,-10,0,40,United-States,0
27,Private,195403,11th,6,Married-civ-spouse,Machine-op-inspct,Unmarried,White,Female,-3,0,35,Cambodia,0
58,Private,149497,7th-8th,6,Married-civ-spouse,Transport-moving,Husband,White,Male,19,0,40,United-States,1
18,?,104641,HS-grad,9,Never-married,?,Own-child,White,Female,32,1,22,United-States,0
30,Private,51898,HS-grad,9,Never-married,Transport-moving,Not-in-family,White,Male,5,0,40,United-States,0
29,Private,157075,Some-college,10,Married-civ-spouse,Craft-repair,Husband,White,Male,3,-1,40,United-States,1
35,Private,54355,HS-grad,9,Married-civ-spouse,Sales,Husband,White,Male,15276,0,45,United-States,1
45,Private,241979,Some-college,3,Married-civ-spouse,Craft-repair,Husband,White,Male,1,0,40,Hong,0
32,Self-emp-not-inc,57204,Assoc-acdm,10,Never-married,Sales,Not-in-family,Asian-Pac-Islander,Male,7,1,71,Thailand,0
22,?,224290,Some-college,10,Never-married,?,Own-child,White,Female,1,1,20,United-States,0
50,Private,211405,Some-college,10,Divorced,Sales,Not-in-family,White,Male,14,1,59,United-States,1
25,Private,244833,Prof-school,15,Never-married,Prof-specialty,Not-in-family,Other,Male,22,0,50,?,0
74,?,147631,7th-8th,4,Widowed,?,Not-in-family,White,Female,29,-1,40,United-States,0
42,Private,154220,7th-8th,3,Married-civ-spouse,Machine-op-inspct,Husband,Amer-Indian-Eskimo,Male,15,0,40,El-Salvador,0
54,Private,208355,9th,5,Married-civ-spouse,Machine-op-inspct,Husband,White,Male,-3,0,40,United-States,0
27,Private,187344,10th,6,Never-married,Transport-moving,Not-in-family,White,Male,50,0,40,United-States,0
29,Private,176577,Some-college,10,Married-civ-spouse,Craft-repair,Husband,White,Male,38,0,44,United-States,1
23,Self-emp-not-inc,224514,Some-college,10,Divorced,Sales,Unmarried,White,Female,-2,0,31,United-States,0
65,Private,284959,Some-college,13,Married-civ-spouse,Sales,Husband,White,Male,23,0,50,United-States,1
28,Private,68852,Some-college,10,Never-married,Tech-support,Not-in-family,Black,Male,6,1,40,United-States,0
79,?,172985,HS-grad,9,Widowed,?,Not-in-family,White,Female,14,0,25,United-States,0
43,Private,178707,Bachelors,13,Never-married,Sales,Own-child,White,Male,22,0,45,United-States,0
52,Private,171030,Masters,14,Widowed,Exec-managerial,Unmarried,White,Female,23,0,36,United-States,0
48,Private,241659,HS-grad,9,Married-civ-spouse,Transport-moving,Husband,White,Male,12,0,40,United-States,1
38,Federal-gov,122260,Bachelors,13,Never-married,Adm-clerical,Not-in-family,White,Male,13,1,40,United-States,0
45,Private,287847,HS-grad,9,Married-civ-spouse,Transport-moving,Husband,Black,Male,23,-1,40,United-States,0
49,Federal-gov,232209,Some-college,10,Divorced,Other-service,Not-in-family,White,Female,17,0,45,United-States,0
44,Self-emp-not-inc,196668,Bachelors,13,Married-civ-spouse,Prof-specialty,Husband,White,Male,27,-1,57,United-States,0
47,Private,207082,Bachelors,13,Married-civ-spouse,Prof-specialty,Husband,White,Male,17,0,56,United-States,1
73,Self-emp-not-inc,102033,Assoc-voc,11,Married-civ-spouse,Craft-repair,Husband,White,Male,9,0,40,United-States,0
19,?,219205,Some-college,10,Married-civ-spouse,?,Husband,White,Male,12,1,40,Dominican-Republic,0
61,Local-gov,190012,Some-college,10,Widowed,Other-service,Not-in-family,White,Female,23,0,40,United-States,0
35,Private,214314,7th-8th,4,Married-civ-spouse,Craft-repair,Husband,White,Male,15,0,40,United-States,0
41,Private,134142,Some-college,10,Divorced,Adm-clerical,Unmarried,White,Male,29,1,59,United-States,0
54,Private,195769,HS-grad,9,Separated,Craft-repair,Unmarried,White,Male,-13,0,40,United-States,0
33,Private,485332,HS-grad,9,Never-married,Transport-moving,Not-in-family,White,Male,-3,1871,50,United-States,0
56,Self-emp-not-inc,188605,Masters,14,Married-civ-spouse,Transport-moving,Husband,White,Male,12,1,40,United-States,0
37,Private,60175,Some-college,9,Divorced,Priv-house-serv,Not-in-family,White,Female,24,0,40,United-States,0
35,State-gov,332852,Assoc-acdm,13,Never-married,Protective-serv,Not-in-family,White,Male,13,0,40,United-States,0
47,Self-emp-not-inc,256727,Bachelors,13,Never-married,Prof-specialty,Not-in-family,White,Male,30,0,45,United-States,0
61,Private,245994,Assoc-voc,9,Married-civ-spouse,Other-service,Wife,White,Female,7,0,37,United-States,1
16,Private,163277,Some-college,10,Never-married,Adm-clerical,Own-child,White,Male,17,0,23,United-States,0
33,Federal-gov,246079,Prof-school,15,Married-civ-spouse,Prof-specialty,Husband,White,Male,17,0,57,United-States,0
58,Self-emp-not-inc,277712,Prof-school,15,Married-civ-spouse,Prof-specialty,Husband,Asian-Pac-Islander,Male,15731,1,59,United-States,1
36,State-gov,770672,HS-grad,9,Never-married,Other-service,Own-child,Black,Female,10,0,40,United-States,0
32,Private,241999,Doctorate,15,Never-married,Handlers-cleaners,Not-in-family,White,Male,30,0,40,United-States,0
28,Private,173691,Some-college,10,Never-married,Craft-repair,Own-child,Amer-Indian-Eskimo,Male,-12,1,55,United-States,0
44,Federal-gov,383060,HS-grad,9,Never-married,Other-service,Not-in-family,Amer-Indian-Eskimo,Male,8,0,40,United-States,0
45,Private,485049,Some-college,10,Never-married,Craft-repair,Not-in-family,White,Male,15,0,40,United-States,0
75,?,257781,Assoc-acdm,12,Married-AF-spouse,?,Wife,White,Female,-5,0,21,United-States,0
39,Private,99956,HS-grad,9,Never-married,Craft-repair,Not-in-family,White,Male,22,0,40,United-States,0
43,Self-emp-not-inc,230932,Some-college,10,Divorced,Exec-managerial,Not-in-family,White,Male,9,0,45,United-States,0
58,Private,155755,HS-grad,9,Married-civ-spouse,Other-service,Husband,Asian-Pac-Islander,Female,-1,0,40,Thailand,0
27,Local-gov,162424,Assoc-voc,15,Married-civ-spouse,Other-service,Husband,White,Male,5,0,49,United-States,0
59,?,153093,Some-college,10,Married-civ-spouse,?,Husband,White,Male,4335,1873,65,United-States,1
52,Private,264259,Bachelors,13,Married-civ-spouse,Sales,Husband,White,Male,17,0,56,United-States,0
26,Private,204367,11th,7,Never-married,Handlers-cleaners,Not-in-family,Black,Male,2,0,40,United-States,0
24,Private,196798,11th,14,Never-married,Prof-specialty,Not-in-family,White,Female,30,0,40,United-States,0
32,Private,219109,HS-grad,9,Married-civ-spouse,Handlers-cleaners,Wife,Black,Male,-9,0,50,South,1
25,Self-emp-not-inc,197928,Bachelors,13,Never-married,Prof-specialty,Not-in-family,Amer-Indian-Eskimo,Female,15,0,68,United-States,0
37,Private,221661,HS-grad,9,Divorced,Craft-repair,Unmarried,White,Male,1,1,56,United-States,0
37,Self-emp-not-inc,372445,Bachelors,13,Never-married,Other-service,Not-in-family,Asian-Pac-Islander,Female,3,0,31,Japan,0
53,Federal-gov,221029,HS-grad,9,Divorced,Adm-clerical,Not-in-family,White,Female,22,0,40,United-States,0
23,Private,173048,HS-grad,9,Never-married,Other-service,Own-child,White,Male,18,1,29,United-States,0
62,Private,254373,Bachelors,13,Married-civ-spouse,Transport-moving,Husband,Black,Male,6,0,40,United-States,0
38,Private,139873,10th,13,Married-spouse-absent,Other-service,Unmarried,Other,Female,15,-1,40,United-States,0
19,?,269328,HS-grad,9,Never-married,?,Own-child,White,Female,-5,0,37,United-States,0
40,Private,80235,7th-8th,4,Married-civ-spouse,Other-service,Unmarried,White,Male,-4,0,40,Peru,1
44,Private,220609,Bachelors,13,Married-civ-spouse,Craft-repair,Husband,White,Male,-6,0,40,United-States,0
34,Self-emp-not-inc,191339,HS-grad,9,Married-civ-spouse,Farming-fishing,Husband,White,Male,23,0,67,United-States,0
20,Private,321307,Assoc-voc,11,Married-civ-spouse,Tech-support,Wife,White,Male,7,0,40,United-States,0
30,Private,282463,7th-8th,3,Never-married,Farming-fishing,Not-in-family,White,Male,15,1,40,United-States,0
75,Self-emp-not-inc,337978,Assoc-acdm,12,Married-civ-spouse,Adm-clerical,Husband,White,Male,-14,1,49,United-States,0
20,Local-gov,227050,12th,7,Never-married,Other-service,Not-in-family,Black,Male,54,0,40,United-States,0
35,Private,179928,HS-grad,9,Married-civ-spouse,Craft-repair,Wife,Asian-Pac-Islander,Male,-4,0,40,India,0
69,State-gov,184261,Doctorate,16,Married-civ-spouse,Prof-specialty,Husband,Asian-Pac-Islander,Male,17,1,51,United-States,1
44,Private,320946,Prof-school,16,Never-married,Prof-specialty,Not-in-family,Asian-Pac-Islander,Female,12,0,58,?,0
35,Private,244206,HS-grad,9,Married-civ-spouse,Transport-moving,Husband,Amer-Indian-Eskimo,Male,2,0,40,United-States,0
17,Private,231001,11th,7,Never-married,Sales,Own-child,White,Male,3,0,17,Scotland,0
33,Private,189820,HS-grad,9,Never-married,Other-service,Other-relative,White,Male,31,0,40,Mexico,0
43,Private,127786,HS-grad,9,Married-civ-spouse,Machine-op-inspct,Husband,White,Male,-3,1,40,Mexico,0
41,Federal-gov,240086,Some-college,10,Never-married,Adm-clerical,Not-in-family,White,Male,9,0,40,United-States,0
28,Private,259428,7th-8th,3,Never-married,Other-service,Not-in-family,Black,Female,28,0,40,Mexico,0
32,Private,202380,HS-grad,9,Married-civ-spouse,Transport-moving,Husband,White,Male,11,1860,66,United-States,0
62,Self-emp-not-inc,52290,HS-grad,9,Divorced,Prof-specialty,Not-in-family,White,Male,-5,0,40,United-States,0
37,Self-emp-not-inc,331580,Some-college,10,Married-civ-spouse,Exec-managerial,Husband,White,Male,18,0,55,United-States,0
28,Private,169829,HS-grad,9,Never-married,Exec-managerial,Not-in-family,Asian-Pac-Islander,Female,4213,-1,74,Ecuador,0
50,Self-emp-not-inc,214851,HS-grad,9,Married-civ-spouse,Farming-fishing,Husband,White,Male,7,0,50,Mexico,1
48,Private,301865,HS-grad,9,Never-married,Machine-op-inspct,Other-relative,Black,Male,7,0,36,United-States,0
28,State-gov,98893,Bachelors,13,Never-married,Adm-clerical,Unmarried,White,Female,32,-1,40,United-States,0
24,Federal-gov,262650,Masters,14,Never-married,Adm-clerical,Not-in-family,White,Female,6,0,40,United-States,0
37,Self-emp-not-inc,195714,Bachelors,13,Married-civ-spouse,Exec-managerial,Husband,White,Male,16,0,57,United-States,1
36,Self-emp-not-inc,183873,Some-college,10,Separated,Craft-repair,Not-in-family,White,Male,32,0,50,United-States,0
38,Private,303167,HS-grad,9,Never-married,Adm-clerical,Other-relative,White,Female,26,0,40,United-States,0
30,Private,120609,Assoc-voc,11,Never-married,Tech-support,Wife,Asian-Pac-Islander,Female,31,1,40,India,0
36,Self-emp-not-inc,99053,Bachelors,13,Married-civ-spouse,Prof-specialty,Unmarried,Asian-Pac-Islander,Male,31,1,57,South,0
47,Private,228562,HS-grad,9,Married-civ-spouse,Tech-support,Wife,Asian-Pac-Islander,Male,12,1,40,India,0
35,Local-gov,214378,Bachelors,13,Married-civ-spouse,Sales,Husband,Amer-Indian-Eskimo,Male,10,0,45,United-States,0
33,Private,207902,Bachelors,13,Married-civ-spouse,Sales,Husband,White,Male,7443,0,56,United-States,1
39,Private,216924,HS-grad,9,Separated,Transport-moving,Not-in-family,Black,Female,6,0,36,United-States,0
20,?,208755,HS-grad,9,Never-married,Other-service,Not-in-family,Black,Female,8,1,40,United-States,0
31,Private,106126,11th,7,Never-married,Prof-specialty,Own-child,Black,Female,10,-1,40,United-States,0
41,Self-emp-inc,237421,Assoc-voc,11,Separated,Exec-managerial,Husband,Black,Male,4233,0,40,United-States,0
32,Private,194036,HS-grad,9,Divorced,Farming-fishing,Not-in-family,Black,Male,23,1,40,United-States,0
67,Self-emp-inc,334211,Bachelors,13,Married-civ-spouse,Sales,Husband,White,Male,34,0,71,United-States,1
93,Self-emp-inc,299395,HS-grad,9,Widowed,Machine-op-inspct,Not-in-family,Amer-Indian-Eskimo,Female,23,0,50,United-States,0
36,Self-emp-inc,108849,Some-college,10,Married-civ-spouse,Exec-managerial,Husband,White,Male,20,1,58,Hong,1
35,Private,230675,HS-grad,9,Married-civ-spouse,Protective-serv,Husband,Black,Male,28,1,50,United-States,0
40,?,307571,HS-grad,9,Never-married,?,Not-in-family,White,Female,27,-1,40,United-States,0
59,Private,118739,Doctorate,16,Married-civ-spouse,Prof-specialty,Husband,White,Male,2,0,50,United-States,1
62,Private,263821,HS-grad,9,Divorced,Adm-clerical,Not-in-family,White,Female,2,0,37,United-States,0
22,Private,240092,HS-grad,9,Never-married,?,Own-child,Black,Male,13,0,20,United-States,0
25,Private,185839,HS-grad,9,Married-civ-spouse,Craft-repair,Husband,White,Male,7,0,40,Ireland,0
34,Self-emp-inc,121108,HS-grad,9,Married-civ-spouse,Craft-repair,Husband,White,Male,-4,0,56,United-States,0
59,Private,226717,Assoc-voc,11,Divorced,Craft-repair,Not-in-family,White,Male,3927,0,45,United-States,0
17,Private,196666,Some-college,10,Never-married,Adm-clerical,Own-child,White,Female,24,0,10,United-States,0
70,Private,186048,HS-grad,9,Widowed,Transport-moving,Unmarried,White,Male,20,-1,40,Haiti,0
59,Private,231052,1st-4th,2,Married-civ-spouse,Craft-repair,Husband,White,Male,28,0,40,Mexico,0
43,Private,130669,10th,6,Married-civ-spouse,Machine-op-inspct,Husband,White,Male,12,0,40,United-States,0
44,Private,291751,10th,9,Separated,Transport-moving,Not-in-family,Black,Female,24,0,40,United-States,0
16,Private,511670,HS-grad,9,Never-married,Sales,Own-child,White,Female,23,0,40,Hong,0
46,Private,287387,Masters,14,Divorced,Exec-managerial,Unmarried,White,Female,31,0,51,United-States,0
36,Self-emp-not-inc,181729,Bachelors,13,Married-civ-spouse,Craft-repair,Husband,White,Male,9,-1,57,United-States,1
60,Private,216224,7th-8th,3,Divorced,Transport-moving,Unmarried,White,Male,33,0,40,United-States,0
27,Private,136768,HS-grad,9,Married-civ-spouse,Craft-repair,Husband,Black,Male,15,0,50,?,1
26,Private,262384,HS-grad,9,Widowed,?,Not-in-family,White,Female,0,1850,50,Nicaragua,0
39,Private,304874,Some-college,3,Separated,Other-service,Unmarried,Black,Female,-15,-1,40,United-States,0
55,Self-emp-inc,130552,Prof-school,15,Separated,Prof-specialty,Not-in-family,White,Male,42,0,40,Iran,1
33,Self-emp-not-inc,253021,HS-grad,9,Never-married,Prof-specialty,Not-in-family,Amer-Indian-Eskimo,Male,6,0,59,United-States,0
45,Local-gov,371394,Assoc-acdm,13,Married-spouse-absent,Adm-clerical,Unmarried,White,Female,16,-1,37,United-States,0
24,Private,197099,HS-grad,9,Married-civ-spouse,Machine-op-inspct,Husband,White,Male,11,0,40,United-States,0
37,Local-gov,226504,Assoc-acdm,12,Never-married,Adm-clerical,Not-in-family,White,Female,32,-1,40,United-States,0
29,Private,210876,HS-grad,9,Never-married,Sales,Not-in-family,White,Female,20,1,22,United-States,0
40,State-gov,82751,Assoc-acdm,13,Married-civ-spouse,Prof-specialty,Husband,White,Male,23,0,50,United-States,0
19,Private,200589,11th,7,Never-married,Tech-support,Own-child,White,Female,43,-1,10,United-States,0
37,Self-emp-inc,153983,HS-grad,9,Never-married,Other-service,Not-in-family,Black,Male,8,-1,40,United-States,0
46,Private,351462,1st-4th,4,Married-civ-spouse,Transport-moving,Husband,Asian-Pac-Islander,Male,-9,0,40,United-States,0
52,Local-gov,212704,Masters,14,Married-spouse-absent,Prof-specialty,Not-in-family,White,Male,17,2025,40,Guatemala,0
42,State-gov,338432,Some-college,10,Married-civ-spouse,Craft-repair,Husband,Asian-Pac-Islander,Male,11,0,40,Taiwan,0
27,Self-emp-not-inc,264341,Bachelors,13,Never-married,Prof-specialty,Not-in-family,White,Female,6,0,25,United-States,0
50,Private,234552,HS-grad,9,Divorced,Craft-repair,Unmarried,Black,Female,-32,2218,36,United-States,0
42,Private,209472,Bachelors,13,Never-married,Exec-managerial,Not-in-family,White,Male,15406,-1,40,Mexico,0
31,Private,187292,Some-college,4,Never-married,Farming-fishing,Not-in-family,White,Male,5,0,40,United-States,0
34,Private,164165,Bachelors,13,Never-married,Other-service,Not-in-family,White,Female,2,1792,40,United-States,0
21,?,259947,HS-grad,9,Never-married,?,Own-child,White,Female,30,0,9,United-States,0
36,Private,235876,Assoc-acdm,13,Married-civ-spouse,Exec-managerial,Husband,White,Male,38,1,50,United-States,1
31,Private,242379,Bachelors,13,Married-civ-spouse,Other-service,Wife,White,Female,3891,0,40,United-States,0
31,Local-gov,176569,Masters,14,Never-married,Prof-specialty,Not-in-family,Black,Female,-8,0,70,United-States,0
19,Private,451351,Some-college,10,Never-married,Other-service,Other-relative,White,Male,6,0,7,United-States,0
52,Private,103549,Some-college,5,Never-married,Transport-moving,Not-in-family,White,Male,25,1,40,United-States,0
29,Local-gov,140170,10th,5,Never-married,Other-service,Not-in-family,Black,Female,28,0,40,United-States,0
39,Private,193992,Bachelors,13,Married-civ-spouse,Exec-managerial,Husband,White,Male,3,0,58,United-States,0
75,Self-emp-not-inc,184590,7th-8th,6,Married-civ-spouse,Farming-fishing,Husband,White,Male,21,0,50,United-States,1
44,Private,178519,Doctorate,16,Married-civ-spouse,Prof-specialty,Husband,Asian-Pac-Islander,Male,35,0,60,?,1
28,Private,238655,Some-college,10,Married-civ-spouse,Craft-repair,Husband,White,Male,-3,0,40,United-States,0
37,Self-emp-not-inc,335769,Some-college,10,Divorced,Tech-support,Unmarried,White,Female,19,0,40,United-States,0
19,Private,77250,Some-college,10,Never-married,Other-service,Own-child,White,Male,19,0,40,United-States,0
26,Private,39008,7th-8th,3,Never-married,Priv-house-serv,Unmarried,White,Female,26,0,40,United-States,0
44,Private,167015,HS-grad,9,Never-married,Tech-support,Not-in-family,Amer-Indian-Eskimo,Male,11,0,40,United-States,0
29,Private,216041,HS-grad,9,Never-married,Adm-clerical,Not-in-family,White,Female,-7,1815,40,United-States,0
42,Private,188124,HS-grad,9,Married-civ-spouse,Exec-managerial,Not-in-family,White,Male,-3,0,50,United-States,0
31,Private,201192,Some-college,10,Married-civ-spouse,Protective-serv,Husband,White,Male,21,1,40,United-States,0
33,?,225811,Assoc-acdm,13,Never-married,?,Unmarried,Black,Female,12,0,22,United-States,0
48,Private,79512,Preschool,2,Married-civ-spouse,Handlers-cleaners,Unmarried,Black,Male,3364,0,40,Dominican-Republic,0
31,Self-emp-inc,206669,Prof-school,7,Never-married,Sales,Own-child,Asian-Pac-Islander,Male,-5,1,50,South,0
27,Self-emp-inc,153709,Some-college,10,Never-married,Adm-clerical,Own-child,White,Male,18,0,62,United-States,0
61,Private,115443,10th,6,Married-civ-spouse,Transport-moving,Husband,Amer-Indian-Eskimo,Male,-10,0,40,United-States,0
35,Local-gov,218294,Bachelors,13,Never-married,Adm-clerical,Not-in-family,Black,Female,6,0,40,United-States,0
25,Private,127611,Assoc-voc,15,Married-spouse-absent,Prof-specialty,Not-in-family,Black,Female,10,0,40,Germany,0
38,Private,44692,HS-grad,9,Never-married,Exec-managerial,Not-in-family,White,Female,-12,0,36,United-States,0
17,Private,99163,Doctorate,15,Never-married,Prof-specialty,Own-child,White,Male,19,0,40,United-States,0
46,Local-gov,101860,Assoc-acdm,13,Divorced,Other-service,Unmarried,White,Female,36,0,22,United-States,0
28,?,39185,Some-college,7,Never-married,?,Not-in-family,White,Female,23,0,40,United-States,0
56,Self-emp-not-inc,289602,Some-college,10,Married-civ-spouse,Prof-specialty,Husband,Asian-Pac-Islander,Male,11,0,61,Taiwan,0
50,Private,132479,10th,6,Married-civ-spouse,Transport-moving,Husband,White,Male,-10,-1,40,United-States,0
25,Private,237713,HS-grad,9,Never-married,Other-service,Own-child,White,Male,32,0,13,United-States,0
55,Self-emp-not-inc,174469,HS-grad,9,Married-civ-spouse,Craft-repair,Husband,White,Male,15,-1,50,United-States,1
43,Federal-gov,218735,HS-grad,9,Never-married,Adm-clerical,Unmarried,White,Female,-9,0,40,United-States,0
60,?,86317,Some-college,10,Married-civ-spouse,Sales,Other-relative,White,Male,-2,0,7,United-States,0
36,Private,321864,Preschool,1,Married-civ-spouse,Handlers-cleaners,Husband,White,Male,30,0,40,Mexico,0
33,Private,141328,HS-grad,9,Married-civ-spouse,Transport-moving,Husband,White,Male,0,1878,40,United-States,0
50,Never-worked,400216,Some-college,10,Married-civ-spouse,?,Husband,White,Male,27,0,40,?,0
61,Private,195578,Prof-school,15,Married-civ-spouse,Prof-specialty,Husband,White,Male,27,0,58,?,1
36,Local-gov,116022,HS-grad,9,Never-married,Other-service,Not-in-family,Black,Male,12,0,20,United-States,0
42,Private,208832,7th-8th,3,Married-civ-spouse,Other-service,Husband,Other,Male,10,0,40,United-States,0
31,Private,327491,Assoc-voc,7,Never-married,Priv-house-serv,Unmarried,Black,Female,28,0,40,United-States,0
47,Local-gov,237456,Bachelors,13,Married-civ-spouse,Protective-serv,Husband,Black,Male,25,0,40,United-States,0
45,Local-gov,259853,Some-college,10,Married-civ-spouse,Craft-repair,Husband,Black,Male,27,0,40,Cuba,0
36,Local-gov,252820,Bachelors,13,Married-civ-spouse,Prof-specialty,Husband,White,Male,5,0,63,United-States,0
58,Private,235246,Some-college,10,Married-civ-spouse,Armed-Forces,Husband,Asian-Pac-Islander,Male,26,0,40,Canada,1
51,Private,172091,Assoc-acdm,11,Married-civ-spouse,Adm-clerical,Husband,White,Male,39,0,40,Columbia,1
52,Private,83253,9th,3,Never-married,Handlers-cleaners,Not-in-family,Asian-Pac-Islander,Male,4,0,40,Laos,0
36,Self-emp-inc,86772,HS-grad,9,Never-married,Prof-specialty,Not-in-family,White,Male,18,-1,60,United-States,1
36,Private,235205,HS-grad,9,Separated,Other-service,Unmarried,White,Female,19,1801,31,United-States,0
51,Self-emp-inc,81818,Prof-school,15,Married-civ-spouse,Prof-specialty,Husband,White,Male,7996,0,50,United-States,1
41,State-gov,47251,Some-college,10,Divorced,Exec-managerial,Not-in-family,White,Female,4,0,40,Poland,0
28,?,205627,HS-grad,9,Never-married,?,Not-in-family,White,Male,-2,0,40,Laos,0
20,Private,231707,HS-grad,9,Never-married,Other-service,Not-in-family,White,Male,-8,1,31,?,0
37,Private,155743,Some-college,10,Married-spouse-absent,Craft-repair,Not-in-family,White,Male,26,0,30,United-States,0
37,Private,106530,Some-college,10,Never-married,Adm-clerical,Not-in-family,White,Female,35,0,40,United-States,0
31,Private,103052,10th,5,Married-civ-spouse,Transport-moving,Husband,White,Male,29,0,55,United-States,0
25,Private,286013,Some-college,10,Never-married,Farming-fishing,Own-child,White,Male,-16,1,50,United-States,0
44,Private,169473,9th,11,Married-civ-spouse,Sales,Husband,White,Male,18,0,40,United-States,0
24,Private,229491,Assoc-voc,5,Never-married,Handlers-cleaners,Own-child,White,Male,14,0,40,United-States,0
18,?,644896,Assoc-acdm,13,Never-married,?,Own-child,White,Female,14,1,44,United-States,0
47,Private,223570,HS-grad,9,Separated,Other-service,Not-in-family,White,Female,1,0,50,United-States,0
46,Local-gov,134106,Bachelors,13,Married-civ-spouse,Prof-specialty,Husband,White,Male,8,0,49,United-States,0
20,Local-gov,198991,HS-grad,9,Separated,Adm-clerical,Not-in-family,White,Male,12,1,36,United-States,0
31,Private,121554,Assoc-acdm,13,Never-married,Prof-specialty,Not-in-family,Black,Female,30,0,40,Thailand,0
56,Private,98635,HS-grad,9,Married-civ-spouse,Craft-repair,Husband,White,Male,25,0,40,United-States,0
22,Private,55143,HS-grad,9,Never-married,Adm-clerical,Own-child,White,Male,-1,1,40,United-States,0
29,Private,183323,HS-grad,9,Married-civ-spouse,Machine-op-inspct,Wife,White,Female,5,1881,40,United-States,0
27,Private,224740,5th-6th,2,Married-civ-spouse,Other-service,Unmarried,White,Male,35,0,40,Dominican-Republic,0
34,Private,79438,7th-8th,4,Never-married,Machine-op-inspct,Not-in-family,Other,Male,36,1,50,Greece,0
65,Self-emp-inc,213072,Doctorate,16,Married-civ-spouse,Prof-specialty,Husband,White,Male,15232,0,50,United-States,1
57,Private,255111,Assoc-voc,11,Married-civ-spouse,Exec-managerial,Husband,White,Male,25,1,40,United-States,1
35,Private,382841,HS-grad,9,Never-married,Craft-repair,Not-in-family,White,Male,24,0,40,United-States,0
47,Private,236527,Some-college,10,Married-civ-spouse,Exec-managerial,Husband,White,Male,7973,1,40,United-States,1
49,Private,258631,HS-grad,9,Married-civ-spouse,Machine-op-inspct,Wife,White,Female,-1,-1,40,United-States,0
45,Self-emp-inc,357018,Doctorate,16,Married-civ-spouse,Prof-specialty,Husband,White,Male,4748,-1,51,England,1
35,Private,343233,HS-grad,9,Married-civ-spouse,Sales,Wife,White,Male,4,0,40,United-States,1
38,Private,377052,10th,5,Married-civ-spouse,Craft-repair,Husband,Black,Male,16,0,57,United-States,0
42,Private,168510,1st-4th,2,Divorced,Craft-repair,Unmarried,White,Male,1,-1,40,Mexico,0
47,Private,194589,10th,6,Divorced,Other-service,Unmarried,Black,Female,4,0,36,?,0
41,Private,38401,Some-college,10,Never-married,Adm-clerical,Not-in-family,White,Male,12,1,40,United-States,0
30,Private,403638,Assoc-acdm,10,Married-civ-spouse,Protective-serv,Wife,White,Female,24,0,33,?,0
29,Private,212003,Some-college,10,Never-married,Handlers-cleaners,Not-in-family,Amer-Indian-Eskimo,Male,9,1,30,United-States,0
56,Private,196262,9th,6,Divorced,Transport-moving,Not-in-family,White,Male,44,0,40,United-States,0
40,Private,191036,Prof-school,14,Divorced,Prof-specialty,Unmarried,Black,Female,3,0,37,Germany,1
68,Private,129237,HS-grad,9,Never-married,Other-service,Unmarried,White,Female,-2,1,50,United-States,0
51,Local-gov,178161,Bachelors,13,Separated,Prof-specialty,Not-in-family,Asian-Pac-Islander,Female,7,1,50,Scotland,0
38,Private,232164,Some-college,10,Separated,Exec-managerial,Not-in-family,White,Female,19,0,50,United-States,0
22,Private,174127,Assoc-voc,11,Never-married,Tech-support,Not-in-family,White,Female,11,0,46,United-States,1
20,Private,164039,HS-grad,7,Separated,Other-service,Unmarried,Amer-Indian-Eskimo,Female,3922,-1,50,United-States,0
52,Private,250535,11th,10,Divorced,Transport-moving,Not-in-family,White,Female,29,0,8,United-States,0
22,Private,245548,11th,4,Never-married,?,Not-in-family,White,Female,9,-1,40,United-States,0
51,Private,197759,Some-college,10,Divorced,Sales,Unmarried,White,Male,28,0,40,United-States,1
71,?,149481,Bachelors,13,Married-civ-spouse,?,Husband,White,Female,39,1,63,United-States,0
59,?,128886,Some-college,10,Married-civ-spouse,?,Not-in-family,White,Female,28,0,40,United-States,0
59,Self-emp-not-inc,126415,Assoc-voc,11,Widowed,Tech-support,Not-in-family,White,Female,44,0,40,United-States,0
36,Private,197361,HS-grad,9,Never-married,Transport-moving,Own-child,White,Male,31,0,40,El-Salvador,0
40,Private,292984,HS-grad,9,Never-married,Adm-clerical,Not-in-family,Amer-Indian-Eskimo,Female,26,0,22,United-States,0
56,Private,222860,5th-6th,3,Married-civ-spouse,Machine-op-inspct,Wife,Black,Female,22,0,40,Mexico,0
32,Private,220651,HS-grad,9,Never-married,Adm-clerical,Unmarried,White,Female,8,0,40,?,0
26,Private,199137,Assoc-voc,7,Never-married,Other-service,Own-child,White,Female,3786,0,40,United-States,0
60,Private,126807,7th-8th,3,Married-civ-spouse,Transport-moving,Husband,Other,Male,-26,0,40,Portugal,0
43,Private,134071,Some-college,11,Married-civ-spouse,Tech-support,Husband,Asian-Pac-Islander,Male,24,1,40,India,0
45,Federal-gov,186411,Assoc-acdm,4,Married-civ-spouse,Prof-specialty,Husband,White,Male,27,1,40,United-States,1
55,Private,212463,7th-8th,3,Divorced,Exec-managerial,Unmarried,Other,Female,8,2059,30,Cambodia,0
39,State-gov,320367,Assoc-acdm,13,Married-spouse-absent,Prof-specialty,Not-in-family,White,Male,16,0,49,?,0
31,Private,215279,5th-6th,2,Married-civ-spouse,Craft-repair,Husband,White,Male,-1,0,40,Mexico,0
32,Private,238519,HS-grad,9,Never-married,Other-service,Other-relative,Black,Female,8,-1,15,Haiti,0
34,Private,165659,Some-college,10,Married-civ-spouse,Transport-moving,Husband,White,Male,7855,1,50,United-States,0
25,Local-gov,210123,Masters,14,Married-civ-spouse,Prof-specialty,Wife,White,Female,11,0,40,United-States,0
53,Private,154437,HS-grad,9,Married-civ-spouse,Transport-moving,Husband,White,Male,0,0,40,United-States,0
30,Private,44930,Bachelors,13,Never-married,Adm-clerical,Not-in-family,Black,Male,-3,0,40,United-States,0
26,Private,236941,Prof-school,15,Never-married,Prof-specialty,Not-in-family,White,Male,10,1,45,United-States,0
33,Self-emp-inc,123913,Prof-school,15,Married-civ-spouse,Prof-specialty,Husband,Asian-Pac-Islander,Male,15974,1,69,Germany,1
36,Private,52256,Some-college,10,Married-civ-spouse,Sales,Husband,White,Male,14,0,57,United-States,0
28,Private,91010,Some-college,10,Never-married,Sales,Not-in-family,White,Male,36,1,49,United-States,0
28,Private,93718,Some-college,4,Married-civ-spouse,Machine-op-inspct,Husband,White,Male,16,1,40,United-States,0
35,Private,296977,11th,3,Separated,Handlers-cleaners,Other-relative,Other,Female,5,0,24,Columbia,0
53,Private,272581,HS-grad,9,Divorced,Other-service,Not-in-family,White,Female,16,0,40,United-States,0
49,Self-emp-not-inc,301401,Prof-school,9,Married-civ-spouse,Prof-specialty,Husband,White,Male,36,1,40,?,1
29,Self-emp-not-inc,216981,HS-grad,9,Never-married,Craft-repair,Not-in-family,Asian-Pac-Islander,Male,-4,1,40,?,0
39,Private,151634,HS-grad,9,Never-married,Sales,Unmarried,Amer-Indian-Eskimo,Female,11,0,21,United-States,0
35,Private,262897,Bachelors,13,Married-civ-spouse,Craft-repair,Husband,White,Male,18,-1,40,Haiti,0
59,Private,154019,1st-4th,2,Separated,Transport-moving,Other-relative,White,Male,21,-1,40,Mexico,0
32,Private,163767,Bachelors,13,Never-married,Other-service,Not-in-family,White,Male,17,0,44,Canada,0
34,Private,262427,HS-grad,9,Never-married,Adm-clerical,Not-in-family,Black,Female,-11,0,30,United-States,0
62,Private,145116,HS-grad,9,Widowed,?,Unmarried,Black,Female,24,1,40,United-States,0
34,Self-emp-inc,190371,Assoc-voc,16,Married-civ-spouse,Prof-specialty,Husband,White,Male,14,1,50,United-States,0
60,Private,103686,12th,8,Married-civ-spouse,Transport-moving,Husband,White,Male,-3,0,40,United-States,0
18,Private,197855,11th,7,Never-married,Handlers-cleaners,Own-child,White,Female,28,-1,9,United-States,0
57,Private,168977,Prof-school,9,Married-civ-spouse,Transport-moving,Husband,Black,Male,10,0,40,United-States,1
54,Private,97746,Some-college,10,Married-civ-spouse,Exec-managerial,Husband,White,Male,6,1,40,United-States,1
32,Private,224743,HS-grad,9,Never-married,Other-service,Other-relative,White,Male,11,1796,40,United-States,0
39,Self-emp-not-inc,118433,Bachelors,13,Never-married,Prof-specialty,Not-in-family,White,Female,19,0,58,United-States,0
28,Private,218457,Assoc-voc,7,Married-civ-spouse,Prof-specialty,Husband,White,Male,9,0,49,United-States,1
21,Private,173455,HS-grad,9,Never-married,Craft-repair,Not-in-family,White,Male,12,1835,23,United-States,0
54,Private,87849,HS-grad,9,Divorced,Adm-clerical,Unmarried,White,Female,18,-1,66,United-States,0
40,Private,262374,HS-grad,9,Never-married,Other-service,Not-in-family,White,Male,-5,1,65,United-States,0
41,Private,35592,Some-college,10,Never-married,Tech-support,Not-in-family,White,Male,19,1840,57,United-States,0
44,Federal-gov,200214,Bachelors,13,Married-civ-spouse,Prof-specialty,Husband,White,Male,13,0,40,United-States,1
20,Private,264129,HS-grad,9,Never-married,Sales,Own-child,Black,Male,34,-1,23,United-States,0
30,Federal-gov,156731,HS-grad,9,Married-civ-spouse,Exec-managerial,Husband,White,Male,11,0,65,United-States,1
70,Self-emp-not-inc,87296,HS-grad,9,Married-civ-spouse,Farming-fishing,Husband,White,Male,-25,0,49,United-States,0
36,Private,470404,HS-grad,9,Married-civ-spouse,Machine-op-inspct,Wife,White,Female,8,0,40,Mexico,0
33,Private,110382,Bachelors,13,Married-civ-spouse,Transport-moving,Husband,White,Male,3,1766,35,United-States,0
50,Private,167558,Bachelors,13,Married-civ-spouse,Craft-repair,Husband,White,Male,-26,0,40,United-States,1
36,Private,276507,9th,5,Never-married,Handlers-cleaners,Not-in-family,White,Male,26,0,40,United-States,0
57,Private,232099,HS-grad,9,Divorced,Adm-clerical,Unmarried,Black,Female,4,0,40,United-States,0
40,Private,267719,Bachelors,13,Never-married,Prof-specialty,Not-in-family,Asian-Pac-Islander,Male,-1,1854,40,Outlying-US(Guam-USVI-etc),0
48,Local-gov,261402,HS-grad,9,Never-married,Adm-clerical,Not-in-family,White,Female,21,-1,40,United-States,0
33,Self-emp-not-inc,273445,Bachelors,10,Divorced,Other-service,Unmarried,White,Female,-10,1,50,United-States,0
59,Private,217274,1st-4th,2,Married-civ-spouse,Handlers-cleaners,Not-in-family,White,Male,3634,0,68,United-States,0
47,Private,209103,Bachelors,13,Married-civ-spouse,Exec-managerial,Husband,White,Male,-9,1864,40,United-States,0
43,Private,131494,Bachelors,13,Married-civ-spouse,Tech-support,Wife,White,Female,31,1836,40,United-States,1
28,State-gov,186009,HS-grad,9,Never-married,Tech-support,Own-child,White,Female,-21,1,40,United-States,0
56,Private,283282,Some-college,10,Widowed,Craft-repair,Not-in-family,White,Male,5,0,50,United-States,0
16,Private,207489,Some-college,10,Never-married,Handlers-cleaners,Own-child,White,Male,13,0,40,United-States,0
20,Private,312443,Bachelors,13,Never-married,Exec-managerial,Husband,White,Male,22,0,40,United-States,0
55,Private,190652,Some-college,10,Separated,Priv-house-serv,Unmarried,White,Female,-6,-1,40,United-States,0
42,Private,296467,Bachelors,13,Married-civ-spouse,Prof-specialty,Wife,White,Female,7521,2100,58,United-States,1
52,Private,350817,Masters,14,Married-civ-spouse,Prof-specialty,Wife,White,Male,42,0,40,United-States,1
38,Private,134776,Some-college,10,Never-married,Exec-managerial,Not-in-family,White,Female,12,0,12,United-States,0
22,Private,279921,HS-grad,9,Never-married,Machine-op-inspct,Not-in-family,Asian-Pac-Islander,Male,15,0,59,United-States,0
55,Private,185300,Some-college,10,Divorced,Other-service,Unmarried,White,Female,22,-1,40,United-States,0
30,Private,316836,HS-grad,9,Married-civ-spouse,Adm-clerical,Wife,Black,Female,6,-1,37,United-States,0
24,State-gov,271441,Some-college,10,Married-civ-spouse,Sales,Husband,Black,Male,29,0,40,United-States,0
45,Private,233422,HS-grad,9,Widowed,Transport-moving,Unmarried,Black,Female,10,0,40,Italy,0
47,Private,225513,HS-grad,9,Married-civ-spouse,Transport-moving,Unmarried,White,Female,6,0,40,Trinadad&Tobago,0
41,Private,103883,Some-college,10,Married-civ-spouse,Prof-specialty,Wife,Black,Female,33,0,49,United-States,1
35,Private,235854,Some-college,14,Married-civ-spouse,Prof-specialty,Husband,White,Male,11,-1,44,United-States,0
38,Local-gov,217869,Assoc-acdm,12,Never-married,Adm-clerical,Not-in-family,White,Female,-10,0,40,United-States,0
41,Private,178734,Some-college,10,Never-married,Adm-clerical,Not-in-family,White,Female,33,0,40,United-States,0
32,Private,221781,HS-grad,9,Widowed,Adm-clerical,Not-in-family,Black,Female,-1,-1,40,United-States,0
31,?,140302,HS-grad,9,Married-civ-spouse,?,Husband,White,Male,11,0,40,?,0
31,Without-pay,210597,Assoc-voc,11,Never-married,Other-service,Not-in-family,White,Male,-7,-1,40,United-States,0
22,Private,222834,HS-grad,9,Never-married,Other-service,Not-in-family,White,Male,3,-1,40,United-States,0
51,Private,280043,HS-grad,9,Married-civ-spouse,Transport-moving,Husband,White,Male,15,0,40,United-States,0
58,Private,102439,Some-college,10,Married-civ-spouse,Transport-moving,Husband,Black,Male,16,0,40,United-States,0
70,Private,137987,Masters,14,Widowed,Exec-managerial,Not-in-family,White,Female,20,-1,49,United-States,0
48,?,41012,HS-grad,9,Widowed,?,Not-in-family,White,Female,-8,-1,30,United-States,0
46,Private,138526,Assoc-acdm,9,Married-civ-spouse,Tech-support,Husband,White,Male,39,1,40,United-States,0
32,Private,191326,Prof-school,15,Married-civ-spouse,Prof-specialty,Husband,Black,Male,16,0,40,Jamaica,1
51,Self-emp-not-inc,202259,Some-college,10,Separated,Exec-managerial,Not-in-family,White,Male,30,0,44,United-States,0
46,Local-gov,201322,Masters,14,Married-civ-spouse,Prof-specialty,Husband,White,Male,7805,0,50,United-States,1
23,State-gov,315484,Some-college,10,Never-married,Protective-serv,Not-in-family,White,Male,33,1,40,United-States,0
29,Private,130311,HS-grad,9,Never-married,Sales,Not-in-family,White,Male,13,1,56,United-States,0
42,Self-emp-not-inc,169297,Some-college,10,Married-civ-spouse,Protective-serv,Husband,White,Male,36,1,66,United-States,1
29,Private,227349,9th,2,Married-civ-spouse,Tech-support,Husband,Other,Male,11,0,40,Mexico,1
41,Private,227939,HS-grad,9,Married-civ-spouse,Adm-clerical,Wife,Black,Male,3,0,40,United-States,1
54,Private,234940,HS-grad,9,Married-civ-spouse,Tech-support,Wife,White,Female,10,-1,40,Italy,1
32,Private,198124,Some-college,10,Married-civ-spouse,Protective-serv,Husband,White,Male,-10,0,40,United-States,1
38,Private,290415,Some-college,10,Divorced,Other-service,Unmarried,Black,Female,34,-1,40,United-States,0
40,Private,188835,HS-grad,9,Married-civ-spouse,Adm-clerical,Husband,White,Male,7635,0,50,United-States,1
30,Self-emp-not-inc,247055,Bachelors,13,Never-married,Sales,Own-child,White,Male,3,0,58,Poland,0
31,Private,50465,HS-grad,9,Never-married,Tech-support,Not-in-family,White,Female,16,1,40,United-States,0
21,Private,303594,Some-college,10,Never-married,Prof-specialty,Own-child,White,Male,10,1,35,United-States,0
31,Local-gov,134732,Bachelors,14,Separated,Protective-serv,Not-in-family,White,Male,35,0,40,United-States,0
46,Private,204977,HS-grad,9,Married-civ-spouse,Prof-specialty,Wife,White,Female,3,0,40,United-States,1
19,Private,211533,HS-grad,9,Never-married,Other-service,Other-relative,White,Male,-1,0,30,?,0
36,Private,199486,Masters,14,Married-civ-spouse,Prof-specialty,Husband,White,Male,44,0,40,United-States,1
27,Private,258698,Assoc-voc,11,Married-civ-spouse,Adm-clerical,Wife,Other,Female,-4,0,40,Iran,0
27,Private,254159,Some-college,4,Never-married,?,Own-child,Black,Female,11,0,40,United-States,0
47,Private,169043,Some-college,10,Married-civ-spouse,Sales,Husband,White,Male,16,1,40,United-States,1
17,Private,140945,11th,7,Never-married,Sales,Own-child,White,Female,16,-1,7,United-States,0
31,Self-emp-not-inc,94540,Some-college,10,Divorced,Tech-support,Own-child,White,Male,26,1,59,United-States,0
54,Self-emp-inc,131114,Doctorate,16,Married-civ-spouse,Prof-specialty,Husband,Asian-Pac-Islander,Female,4006,1,37,United-States,1
18,Private,170283,HS-grad,9,Never-married,Sales,Own-child,White,Male,6,0,21,United-States,0
30,Federal-gov,43213,HS-grad,9,Married-civ-spouse,Farming-fishing,Husband,Amer-Indian-Eskimo,Male,17,0,40,United-States,0
20,?,119099,Some-college,10,Married-AF-spouse,?,Wife,White,Female,17,0,34,United-States,0
60,Private,244665,Some-college,10,Married-civ-spouse,Prof-specialty,Wife,White,Female,15,0,40,United-States,0
26,Private,128841,HS-grad,9,Never-married,Handlers-cleaners,Not-in-family,White,Male,19,0,20,United-States,0
16,Private,196764,11th,7,Never-married,Sales,Own-child,White,Female,17,0,9,United-States,0
28,State-gov,120812,Doctorate,15,Never-married,Prof-specialty,Not-in-family,White,Male,45,1,50,United-States,0
36,Self-emp-not-inc,203045,Bachelors,13,Never-married,Adm-clerical,Not-in-family,White,Female,32,2087,40,United-States,0
75,Self-emp-inc,107060,Doctorate,16,Married-civ-spouse,Prof-specialty,Husband,Asian-Pac-Islander,Male,27,-1,58,United-States,1
40,Private,191845,HS-grad,9,Married-civ-spouse,Tech-support,Unmarried,Black,Female,-6,0,50,United-States,1
33,Private,193922,Bachelors,13,Married-civ-spouse,Sales,Husband,White,Male,20,1,50,Italy,0
52,Private,249024,HS-grad,9,Divorced,Farming-fishing,Unmarried,White,Female,-3,1851,29,United-States,0
45,Private,231320,Bachelors,13,Never-married,Prof-specialty,Not-in-family,White,Male,25,0,73,United-States,0
52,Private,243841,11th,7,Divorced,Other-service,Unmarried,White,Female,-9,0,40,Yugoslavia,0
79,Local-gov,135638,Bachelors,13,Married-civ-spouse,Prof-specialty,Husband,White,Male,20,0,58,United-States,1
51,Private,357329,7th-8th,6,Divorced,Other-service,Unmarried,White,Female,-1,0,40,United-States,0
21,?,258795,HS-grad,9,Never-married,?,Husband,White,Male,6,-1,30,?,0
30,?,188214,11th,6,Married-civ-spouse,?,Husband,Asian-Pac-Islander,Male,-17,0,40,United-States,0
29,Private,289711,Some-college,10,Never-married,Prof-specialty,Own-child,White,Female,18,1,31,United-States,0
46,Private,210079,5th-6th,3,Divorced,Machine-op-inspct,Unmarried,White,Female,3728,-1,40,Mexico,0
20,Private,190816,7th-8th,3,Never-married,Farming-fishing,Not-in-family,White,Male,6,1,40,United-States,0
36,Self-emp-not-inc,38123,Assoc-voc,11,Never-married,Prof-specialty,Not-in-family,White,Male,26,1,50,United-States,1
39,Local-gov,176442,Some-college,10,Married-civ-spouse,Prof-specialty,Husband,White,Male,7836,1,68,United-States,1
29,Private,182071,HS-grad,9,Married-civ-spouse,Transport-moving,Husband,White,Male,6,0,40,United-States,0
69,Private,254474,11th,6,Never-married,?,Not-in-family,Black,Female,6,0,40,United-States,0
29,Private,200807,12th,8,Never-married,Other-service,Unmarried,Amer-Indian-Eskimo,Female,7,-1,40,United-States,0
53,Private,230938,Masters,14,Married-spouse-absent,Prof-specialty,Unmarried,White,Female,22,0,45,Haiti,0
36,Local-gov,314486,Bachelors,13,Married-civ-spouse,Other-service,Husband,White,Male,28,0,40,United-States,0
49,Private,238864,Bachelors,13,Divorced,Sales,Unmarried,Other,Female,23,0,30,Canada,0
53,Private,251761,Masters,14,Married-civ-spouse,Prof-specialty,Wife,White,Female,8257,1,40,England,1
49,Private,149991,7th-8th,7,Divorced,Prof-specialty,Not-in-family,Asian-Pac-Islander,Male,23,-1,40,Trinadad&Tobago,0
39,Self-emp-inc,222932,Prof-school,15,Married-civ-spouse,Prof-specialty,Husband,Asian-Pac-Islander,Male,26,1,58,United-States,1
17,Private,102641,Some-college,10,Never-married,Prof-specialty,Own-child,Asian-Pac-Islander,Male,18,1884,40,Italy,0
43,Private,188165,10th,6,Married-civ-spouse,Machine-op-inspct,Wife,Amer-Indian-Eskimo,Female,26,0,40,United-States,0
42,Private,138596,Assoc-acdm,13,Married-civ-spouse,Exec-managerial,Husband,White,Male,36,0,49,United-States,1
32,Private,252746,HS-grad,9,Married-civ-spouse,Sales,Husband,White,Male,-5,0,44,United-States,1
17,?,228319,Some-college,10,Never-married,?,Own-child,White,Female,23,0,30,United-States,0
21,?,98452,11th,7,Never-married,?,Other-relative,White,Female,4,-1,8,United-States,0
18,Private,257364,11th,7,Never-married,Sales,Own-child,Amer-Indian-Eskimo,Female,19,-1,40,United-States,0
53,Private,295885,10th,10,Married-civ-spouse,Craft-repair,Husband,Black,Male,19,0,40,United-States,0
33,State-gov,351012,HS-grad,9,Married-civ-spouse,Prof-specialty,Not-in-family,White,Male,3792,1,40,France,1
56,Private,250383,Assoc-acdm,13,Married-civ-spouse,Craft-repair,Husband,White,Male,-17,0,56,United-States,0
42,Private,210747,HS-grad,9,Married-civ-spouse,Prof-specialty,Husband,White,Male,7646,2193,59,France,1
43,Private,45473,HS-grad,9,Divorced,Other-service,Not-in-family,White,Female,-7,0,50,Columbia,0
18,Private,244665,11th,7,Never-married,Other-service,Own-child,White,Female,41,0,40,United-States,0
49,Self-emp-not-inc,145403,Prof-school,9,Married-civ-spouse,Farming-fishing,Husband,White,Male,40,-1,64,United-States,1
41,Private,217543,Doctorate,15,Married-civ-spouse,Sales,Not-in-family,White,Male,-1,1,45,Scotland,0
29,Private,229330,10th,6,Widowed,Other-service,Not-in-family,Black,Female,-4,0,40,United-States,0
30,Private,103040,HS-grad,9,Never-married,Exec-managerial,Not-in-family,Asian-Pac-Islander,Male,5,1925,67,United-States,0
43,Private,243434,Some-college,10,Never-married,Prof-specialty,Not-in-family,Asian-Pac-Islander,Male,32,0,40,Taiwan,0
47,Federal-gov,369894,Bachelors,13,Married-civ-spouse,Prof-specialty,Husband,White,Male,18,-1,55,United-States,1
44,Private,140924,9th,5,Married-civ-spouse,Handlers-cleaners,Husband,White,Male,5,1776,40,United-States,0
68,Self-emp-not-inc,171554,Some-college,10,Widowed,Tech-support,Not-in-family,White,Female,4,0,40,United-States,0
61,Private,155216,9th,6,Divorced,Transport-moving,Not-in-family,White,Male,37,0,40,United-States,0
51,Private,51715,Assoc-voc,11,Married-civ-spouse,Transport-moving,Husband,White,Male,16,0,40,United-States,0
47,Private,236693,Some-college,10,Widowed,Adm-clerical,Not-in-family,White,Female,28,0,74,United-States,0
30,Private,258279,12th,8,Never-married,Other-service,Own-child,Black,Male,29,0,40,United-States,0
52,Private,199130,Doctorate,16,Married-civ-spouse,Prof-specialty,Husband,White,Male,4247,-1,67,?,1
57,Private,109252,12th,7,Divorced,Prof-specialty,Not-in-family,White,Male,3304,0,40,United-States,0
33,Private,72382,HS-grad,9,Married-spouse-absent,Farming-fishing,Husband,White,Male,4,1884,40,United-States,0
35,Private,181161,Some-college,10,Never-married,Adm-clerical,Unmarried,White,Female,30,0,36,United-States,0
47,Private,223077,Bachelors,13,Married-spouse-absent,Craft-repair,Not-in-family,White,Female,47,-1,40,United-States,0
42,Self-emp-inc,159284,Some-college,10,Divorced,Prof-specialty,Not-in-family,White,Male,23,2086,50,United-States,1
30,Federal-gov,409660,Bachelors,13,Married-civ-spouse,Protective-serv,Husband,White,Male,4,0,40,United-States,0
40,Private,190918,Some-college,10,Married-civ-spouse,Exec-managerial,Husband,White,Male,51,1,57,United-States,1
35,Private,143762,Bachelors,13,Never-married,Prof-specialty,Not-in-family,White,Male,10,1,58,United-States,0
36,Private,199711,12th,8,Separated,Other-service,Not-in-family,Black,Female,17,0,40,United-States,0
25,?,351774,HS-grad,9,Married-civ-spouse,?,Wife,Black,Female,1,0,40,Japan,0
56,Private,204156,HS-grad,9,Married-civ-spouse,Transport-moving,Husband,White,Male,18,0,40,Mexico,0
31,Private,234647,Bachelors,13,Married-civ-spouse,Craft-repair,Husband,White,Male,15,0,40,?,1
33,Private,184588,HS-grad,9,Never-married,Farming-fishing,Other-relative,Black,Male,-12,0,59,United-States,0
62,Private,252915,Bachelors,13,Married-civ-spouse,Tech-support,Husband,White,Male,20,0,50,United-States,0
24,Local-gov,186904,HS-grad,9,Married-spouse-absent,Adm-clerical,Not-in-family,White,Male,3,-1,40,Vietnam,0
31,Private,152710,Bachelors,13,Separated,Prof-specialty,Own-child,Asian-Pac-Islander,Male,8,1820,60,Peru,0
22,Private,296387,HS-grad,9,Never-married,Adm-clerical,Not-in-family,White,Female,14,0,40,United-States,0
45,Private,96193,7th-8th,3,Divorced,Other-service,Unmarried,White,Female,37,-1,40,Dominican-Republic,0
27,Private,261396,HS-grad,9,Divorced,Adm-clerical,Not-in-family,White,Female,5,-1,31,United-States,0
17,?,240423,Some-college,10,Never-married,?,Not-in-family,White,Male,12,0,40,Dominican-Republic,0
32,Private,256530,Masters,14,Never-married,Prof-specialty,Not-in-family,Asian-Pac-Islander,Female,27,0,40,Hong,0
63,Self-emp-not-inc,251303,10th,5,Married-civ-spouse,Craft-repair,Husband,White,Male,12,-1,40,United-States,0
32,Private,298145,Prof-school,15,Married-civ-spouse,Prof-specialty,Husband,White,Male,11,1,45,United-States,0
56,Private,280060,HS-grad,9,Married-spouse-absent,Machine-op-inspct,Other-relative,Other,Female,10,0,40,Hungary,0
65,Private,354490,Assoc-acdm,13,Married-civ-spouse,Sales,Husband,White,Male,17,0,58,United-States,1
17,Private,195654,HS-grad,9,Never-married,Handlers-cleaners,Own-child,Black,Male,37,-1,40,United-States,0
42,Private,209042,Some-college,10,Married-civ-spouse,Craft-repair,Husband,White,Male,10,1,40,United-States,0
36,Self-emp-not-inc,136721,Some-college,10,Never-married,Craft-repair,Other-relative,White,Male,-7,1,58,United-States,0
19,?,122131,11th,6,Never-married,?,Other-relative,White,Female,12,0,21,United-States,0
50,Local-gov,41674,HS-grad,9,Married-spouse-absent,Adm-clerical,Not-in-family,Black,Female,22,1811,37,United-States,0
50,Private,365427,HS-grad,9,Married-civ-spouse,Craft-repair,Husband,White,Male,14,-1,40,United-States,0
49,Local-gov,131756,Masters,14,Never-married,Prof-specialty,Unmarried,White,Female,15,0,50,United-States,0
47,Federal-gov,137434,Masters,14,Never-married,Prof-specialty,Unmarried,White,Male,1,0,50,United-States,0
29,Private,244721,HS-grad,9,Never-married,Adm-clerical,Not-in-family,White,Female,5,0,36,United-States,0
18,?,67017,Some-college,10,Never-married,?,Not-in-family,Amer-Indian-Eskimo,Male,25,0,40,United-States,0
38,Private,335490,Some-college,10,Divorced,Other-service,Not-in-family,Black,Female,-4,0,40,Italy,0
22,Private,304854,11th,7,Never-married,Prof-specialty,Own-child,White,Male,28,-1,40,United-States,0
27,Private,211138,Assoc-voc,3,Married-civ-spouse,Other-service,Wife,White,Female,-11,0,40,Mexico,0
32,Private,98038,Bachelors,13,Married-civ-spouse,Tech-support,Husband,Asian-Pac-Islander,Male,0,0,40,Taiwan,0
38,Self-emp-not-inc,262533,Some-college,10,Divorced,Adm-clerical,Not-in-family,Amer-Indian-Eskimo,Male,25,-1,40,United-States,0
61,Local-gov,241544,Assoc-voc,11,Separated,Tech-support,Not-in-family,White,Female,37,0,40,United-States,0
44,Private,193783,Some-college,10,Married-civ-spouse,Handlers-cleaners,Husband,White,Male,3,1,40,Poland,0
52,Private,238634,12th,6,Married-civ-spouse,Tech-support,Husband,White,Male,9,-1,44,United-States,1
70,Self-emp-not-inc,243159,HS-grad,9,Married-civ-spouse,Farming-fishing,Husband,White,Male,-5,0,55,United-States,0
33,Self-emp-not-inc,243836,Prof-school,15,Never-married,Prof-specialty,Not-in-family,White,Male,-2,0,49,United-States,0
41,Private,164033,Some-college,10,Married-civ-spouse,Sales,Husband,White,Male,1,0,40,United-States,0
42,Private,127305,HS-grad,9,Married-civ-spouse,Machine-op-inspct,Husband,Other,Female,-7,0,40,Nicaragua,0
54,Private,177117,HS-grad,9,Married-civ-spouse,Machine-op-inspct,Husband,Other,Male,19,0,40,Haiti,0
23,Private,271156,Assoc-voc,11,Never-married,Tech-support,Not-in-family,White,Female,45,0,44,United-States,0
83,Local-gov,196885,12th,9,Separated,?,Unmarried,Amer-Indian-Eskimo,Female,8,0,40,United-States,0
37,Local-gov,124831,Assoc-acdm,12,Never-married,Adm-clerical,Not-in-family,White,Female,26,0,40,United-States,0
51,Private,220003,Bachelors,13,Married-civ-spouse,Exec-managerial,Husband,Asian-Pac-Islander,Male,-17,-1,40,Hong,0
29,Private,243097,Bachelors,13,Never-married,Adm-clerical,Not-in-family,Black,Female,24,1865,40,United-States,0
53,Private,137182,9th,6,Married-civ-spouse,Transport-moving,Husband,White,Male,10,0,58,United-States,1
23,Private,202846,11th,13,Never-married,Other-service,Own-child,White,Female,4,0,50,United-States,0
17,Private,275390,11th,7,Never-married,Sales,Own-child,White,Female,21,0,9,United-States,0
61,Private,182709,7th-8th,4,Married-civ-spouse,Machine-op-inspct,Husband,White,Male,-8,-1,40,Hungary,0
58,Private,224687,Some-college,10,Never-married,Exec-managerial,Not-in-family,White,Female,36,-1,50,United-States,0
33,Self-emp-not-inc,113507,Some-college,13,Married-civ-spouse,Exec-managerial,Husband,Black,Male,32,0,40,England,0
30,Private,192072,HS-grad,9,Never-married,Sales,Not-in-family,White,Male,27,0,40,United-States,0
48,Local-gov,160424,HS-grad,9,Married-AF-spouse,?,Unmarried,White,Female,-6,0,20,United-States,0
50,Private,162352,Assoc-voc,11,Married-civ-spouse,Other-service,Unmarried,Amer-Indian-Eskimo,Female,15,0,40,United-States,0
35,Private,246119,12th,6,Married-civ-spouse,Tech-support,Husband,White,Male,19,0,45,United-States,0
54,Private,295682,Bachelors,13,Divorced,Adm-clerical,Not-in-family,White,Female,4303,0,40,United-States,0
70,Private,327245,Doctorate,15,Married-civ-spouse,Prof-specialty,Husband,White,Male,7806,1,50,Taiwan,1
51,Private,213320,Bachelors,13,Never-married,Prof-specialty,Not-in-family,White,Male,22,0,40,United-States,1
61,Private,157498,Some-college,4,Married-civ-spouse,Craft-repair,Husband,White,Male,22,1,40,United-States,0
52,State-gov,276058,Some-college,10,Never-married,Tech-support,Own-child,White,Male,26,0,40,United-States,0
44,Private,138923,Some-college,10,Divorced,Sales,Not-in-family,White,Female,8,-1,40,United-States,0
49,Private,214448,Bachelors,13,Married-civ-spouse,Machine-op-inspct,Husband,White,Male,-15,0,40,United-States,0
32,Private,404133,Prof-school,5,Never-married,Handlers-cleaners,Not-in-family,White,Male,3759,0,45,United-States,0
36,Self-emp-inc,245652,Bachelors,13,Married-spouse-absent,Exec-managerial,Wife,White,Male,3,0,40,United-States,0
45,Private,98829,Assoc-acdm,12,Married-civ-spouse,Prof-specialty,Husband,Black,Male,32,0,40,Ecuador,0
32,Private,218778,HS-grad,9,Never-married,Handlers-cleaners,Own-child,White,Male,29,1815,50,United-States,0
61,Self-emp-not-inc,352857,Bachelors,13,Married-civ-spouse,Prof-specialty,Husband,White,Male,12,1,40,United-States,1
33,Private,258591,Some-college,10,Married-civ-spouse,Exec-managerial,Not-in-family,White,Male,1,1,40,United-States,1
31,Private,184985,HS-grad,9,Divorced,Transport-moving,Not-in-family,White,Male,18,0,40,United-States,0
34,Local-gov,284286,Assoc-acdm,12,Divorced,Adm-clerical,Not-in-family,White,Female,28,-1,40,United-States,0
34,Self-emp-not-inc,227431,HS-grad,9,Never-married,Farming-fishing,Own-child,Amer-Indian-Eskimo,Male,17,0,50,United-States,0
20,?,188049,HS-grad,7,Married-AF-spouse,?,Other-relative,White,Female,-10,0,22,United-States,0
19,Private,179565,Some-college,10,Never-married,Other-service,Own-child,White,Male,1,0,30,United-States,0
35,Self-emp-not-inc,191810,Bachelors,13,Married-civ-spouse,Other-service,Husband,Asian-Pac-Islander,Male,3430,0,50,Japan,0
34,Private,87208,HS-grad,9,Never-married,Adm-clerical,Unmarried,Black,Female,22,0,31,Greece,0
22,Private,223140,HS-grad,9,Never-married,Handlers-cleaners,Not-in-family,Asian-Pac-Islander,Male,-12,0,40,India,0
48,Private,265365,HS-grad,9,Married-civ-spouse,Transport-moving,Husband,White,Male,1,0,50,Greece,0
49,Private,207272,Bachelors,13,Married-civ-spouse,Prof-specialty,Not-in-family,White,Male,42,0,40,Mexico,1
42,Private,284580,Some-college,10,Married-civ-spouse,Exec-managerial,Husband,Asian-Pac-Islander,Male,30,0,40,India,0
65,Self-emp-not-inc,182242,Some-college,10,Married-civ-spouse,Tech-support,Husband,White,Male,12,0,49,Scotland,0
33,Private,231176,Some-college,10,Married-spouse-absent,Craft-repair,Other-relative,Asian-Pac-Islander,Male,7,1,50,Mexico,0
51,Federal-gov,281812,Some-college,10,Married-civ-spouse,Adm-clerical,Wife,White,Male,-3,0,40,United-States,0
46,Federal-gov,96151,Bachelors,13,Divorced,Prof-specialty,Not-in-family,Amer-Indian-Eskimo,Male,-1,0,40,United-States,0
40,Private,216536,Doctorate,4,Never-married,Prof-specialty,Not-in-family,White,Male,5,1,50,?,0
53,Private,144188,Doctorate,15,Married-civ-spouse,Prof-specialty,Husband,Asian-Pac-Islander,Male,38,0,30,Trinadad&Tobago,1
29,Private,211700,HS-grad,9,Married-civ-spouse,Craft-repair,Husband,White,Male,3,0,44,United-States,0
24,Private,257042,HS-grad,9,Married-civ-spouse,Adm-clerical,Husband,White,Male,26,0,40,United-States,0
50,Private,154177,Assoc-acdm,13,Married-civ-spouse,Sales,Husband,White,Male,30,0,57,United-States,0
34,Private,180988,Bachelors,13,Never-married,Prof-specialty,Not-in-family,White,Male,-5,-1,49,United-States,0
42,Private,158400,HS-grad,9,Divorced,Craft-repair,Unmarried,White,Male,-8,0,44,United-States,0
58,Private,202143,9th,5,Never-married,Craft-repair,Not-in-family,White,Male,15,0,40,United-States,0
31,Local-gov,217548,HS-grad,9,Never-married,Craft-repair,Not-in-family,White,Male,9,1,69,United-States,0
21,?,264585,Some-college,7,Never-married,?,Not-in-family,White,Female,18,0,40,United-States,0
30,Private,223557,Prof-school,16,Never-married,Prof-specialty,Not-in-family,White,Male,5,1,40,?,0
32,Private,403932,Bachelors,13,Never-married,Adm-clerical,Not-in-family,White,Female,16,0,40,Italy,1
32,Local-gov,262420,Bachelors,13,Never-married,Other-service,Other-relative,Asian-Pac-Islander,Male,0,0,40,Vietnam,0
57,Private,135844,Assoc-acdm,12,Married-civ-spouse,Other-service,Husband,White,Male,-23,0,40,Canada,0
65,Private,135220,Prof-school,13,Married-civ-spouse,Tech-support,Husband,White,Male,28,1,57,United-States,0
46,Private,143579,Bachelors,13,Married-spouse-absent,Prof-specialty,Unmarried,Asian-Pac-Islander,Female,13,1839,40,Vietnam,1
25,Private,181951,HS-grad,9,Never-married,Farming-fishing,Not-in-family,White,Female,-5,0,40,United-States,0
59,Private,306410,Bachelors,9,Married-civ-spouse,Prof-specialty,Husband,Black,Male,22,0,40,United-States,1
42,State-gov,254311,Doctorate,14,Married-civ-spouse,Prof-specialty,Husband,White,Male,16,0,40,United-States,0
43,Private,222651,HS-grad,9,Divorced,Other-service,Not-in-family,White,Female,41,-1,31,United-States,0
29,Local-gov,231835,HS-grad,9,Never-married,Handlers-cleaners,Own-child,Black,Male,4,0,40,Mexico,0
71,Private,128380,12th,11,Married-civ-spouse,Exec-managerial,Husband,White,Male,5,0,40,United-States,1
32,Private,133764,Bachelors,13,Never-married,Sales,Not-in-family,Black,Male,38,1,40,United-States,0
18,Private,171472,11th,7,Never-married,Handlers-cleaners,Own-child,White,Male,23,-1,13,United-States,0
18,?,436284,HS-grad,9,Never-married,?,Other-relative,White,Male,9,1,40,England,0
31,Private,234794,HS-grad,9,Never-married,Sales,Not-in-family,White,Female,41,0,50,United-States,0
43,Private,277084,Some-college,10,Divorced,Adm-clerical,Unmarried,Amer-Indian-Eskimo,Female,51,0,40,United-States,0
39,Private,34914,HS-grad,9,Widowed,Other-service,Not-in-family,Black,Female,-26,0,22,United-States,0
45,Private,143059,Some-college,10,Married-civ-spouse,Transport-moving,Husband,White,Male,23,0,43,United-States,0
53,Private,376073,Prof-school,3,Married-civ-spouse,Prof-specialty,Husband,Asian-Pac-Islander,Male,9,0,40,Ecuador,0
53,Self-emp-inc,193821,Doctorate,16,Married-civ-spouse,Prof-specialty,Husband,Asian-Pac-Islander,Male,7852,0,62,Cambodia,1
29,State-gov,222680,HS-grad,9,Never-married,Adm-clerical,Not-in-family,White,Female,23,0,23,Peru,0
57,State-gov,186444,Masters,14,Never-married,Prof-specialty,Not-in-family,White,Female,56,0,40,China,1
45,Self-emp-inc,167019,HS-grad,9,Married-civ-spouse,Prof-specialty,Husband,White,Male,19,0,36,United-States,1
22,Private,170265,HS-grad,9,Divorced,Machine-op-inspct,Not-in-family,Black,Female,18,1,40,United-States,0
56,Without-pay,196895,HS-grad,9,Married-civ-spouse,Transport-moving,Husband,White,Male,-25,0,57,United-States,0
26,Private,187340,HS-grad,9,Never-married,Other-service,Not-in-family,Asian-Pac-Islander,Male,15,0,40,Nicaragua,0
57,Private,227987,HS-grad,9,Never-married,Transport-moving,Not-in-family,White,Male,12,-1,40,United-States,0
51,Private,306428,12th,8,Married-civ-spouse,Sales,Husband,White,Male,-34,-1,40,United-States,0
30,Private,307670,Some-college,10,Never-married,Craft-repair,Not-in-family,White,Male,9,1,58,United-States,0
27,Self-emp-not-inc,247462,HS-grad,9,Never-married,Sales,Not-in-family,White,Male,1,1,50,United-States,0
54,Private,272918,HS-grad,9,Married-civ-spouse,Transport-moving,Husband,White,Male,19,0,40,United-States,0
37,Private,142713,Assoc-voc,10,Married-civ-spouse,Sales,Husband,Asian-Pac-Islander,Male,-7,1,40,India,0
42,Private,262795,HS-grad,9,Married-civ-spouse,Exec-managerial,Husband,Black,Male,-5,0,69,United-States,0
44,Private,153874,1st-4th,2,Divorced,Machine-op-inspct,Not-in-family,White,Male,24,0,40,United-States,0
36,Private,319748,Bachelors,4,Married-civ-spouse,Sales,Husband,White,Male,21,0,45,United-States,0
32,Self-emp-not-inc,307163,Some-college,10,Married-spouse-absent,Adm-clerical,Not-in-family,Black,Male,14,1,40,Canada,0
24,Private,207339,HS-grad,9,Never-married,Machine-op-inspct,Unmarried,Black,Female,14,0,40,United-States,0
52,Private,240141,Some-college,10,Divorced,Exec-managerial,Not-in-family,Black,Female,39,1,40,United-States,0
56,Self-emp-inc,211750,Prof-school,15,Married-civ-spouse,Prof-specialty,Husband,Asian-Pac-Islander,Male,49,0,76,Italy,1
35,Private,139412,Bachelors,13,Married-civ-spouse,Exec-managerial,Husband,White,Male,12,1,50,United-States,1
49,Private,187370,Some-college,10,Never-married,Protective-serv,Not-in-family,White,Female,1,0,40,United-States,0
35,State-gov,79343,Doctorate,16,Never-married,Prof-specialty,Husband,Asian-Pac-Islander,Male,15382,-1,50,Portugal,1
34,Private,171201,Bachelors,13,Never-married,Other-service,Not-in-family,White,Female,7,0,40,United-States,0
28,Self-emp-inc,192384,HS-grad,9,Divorced,Handlers-cleaners,Not-in-family,White,Male,24,-1,50,United-States,0
25,Self-emp-not-inc,81846,Prof-school,15,Never-married,Farming-fishing,Not-in-family,White,Male,-6,0,50,United-States,0
48,Private,222499,7th-8th,6,Married-civ-spouse,Craft-repair,Husband,Asian-Pac-Islander,Male,25,-1,40,Ecuador,0
48,Self-emp-inc,209349,HS-grad,9,Married-civ-spouse,Other-service,Husband,White,Male,27,0,61,United-States,0
49,Private,177456,Some-college,10,Married-civ-spouse,Other-service,Husband,Black,Male,23,-1,40,United-States,1
26,Private,263898,Some-college,10,Never-married,Craft-repair,Own-child,White,Male,37,0,30,United-States,0
63,Private,249835,11th,7,Married-civ-spouse,Transport-moving,Husband,White,Male,16,0,40,United-States,0
18,?,160008,Some-college,10,Never-married,?,Not-in-family,White,Male,-3,0,10,United-States,0
50,Private,208954,HS-grad,9,Separated,Protective-serv,Unmarried,Black,Female,16,-1,40,United-States,0
48,?,222283,HS-grad,9,Married-AF-spouse,?,Wife,White,Female,-9,0,30,United-States,0
18,Private,116243,Some-college,10,Never-married,Other-service,Own-child,Other,Female,10,0,40,?,0
35,Private,220865,Bachelors,13,Divorced,Craft-repair,Not-in-family,White,Male,4,0,50,United-States,0
27,Private,126508,HS-grad,9,Never-married,Adm-clerical,Not-in-family,Asian-Pac-Islander,Male,30,1,40,Philippines,0
26,?,150427,Some-college,10,Never-married,?,Not-in-family,White,Female,1,0,40,United-States,0
32,Private,139226,HS-grad,9,Married-civ-spouse,Craft-repair,Husband,White,Male,-17,2070,40,United-States,1
48,Private,347048,Assoc-voc,11,Divorced,Exec-managerial,Unmarried,Amer-Indian-Eskimo,Female,44,-1,40,United-States,0
45,Private,343897,Bachelors,10,Separated,Prof-specialty,Husband,Black,Male,8,0,40,United-States,1
50,Private,134311,Some-college,10,Divorced,Other-service,Unmarried,White,Female,12,0,40,United-States,0
45,Private,195063,HS-grad,9,Married-spouse-absent,Other-service,Not-in-family,White,Female,2,-1,21,Puerto-Rico,0
27,?,314608,HS-grad,9,Never-married,?,Other-relative,White,Male,12,-1,40,?,0
28,Private,303651,HS-grad,9,Never-married,Other-service,Not-in-family,White,Female,-7,0,37,?,0
16,Self-emp-not-inc,362505,Some-college,10,Never-married,Sales,Own-child,White,Male,54,1,31,United-States,0
58,?,123835,Bachelors,13,Married-civ-spouse,?,Husband,Asian-Pac-Islander,Male,19,0,35,Philippines,0
31,Self-emp-not-inc,242450,Some-college,10,Married-civ-spouse,Exec-managerial,Husband,White,Male,29,1,49,United-States,0
21,Private,174260,Some-college,10,Never-married,Adm-clerical,Not-in-family,White,Male,9,0,30,United-States,0
53,Private,172070,Assoc-voc,11,Married-civ-spouse,Prof-specialty,Wife,White,Female,7861,0,49,United-States,1
45,Private,156088,Bachelors,3,Divorced,?,Other-relative,Asian-Pac-Islander,Male,2796,1,40,Philippines,0
20,Self-emp-inc,215204,HS-grad,9,Never-married,Farming-fishing,Own-child,White,Male,12,1797,64,United-States,0
29,Private,190382,HS-grad,9,Never-married,Craft-repair,Not-in-family,White,Male,13,0,40,United-States,0
31,Self-emp-inc,114210,10th,6,Married-civ-spouse,Sales,Husband,White,Male,-8,1,40,United-States,0
49,Private,125217,12th,8,Never-married,Other-service,Not-in-family,Black,Female,0,-1,17,United-States,0
40,?,167170,9th,3,Married-civ-spouse,?,Wife,Other,Female,11,0,40,Canada,0
36,Local-gov,253779,Bachelors,13,Married-civ-spouse,Protective-serv,Husband,White,Male,28,-1,40,United-States,1
61,Private,53263,HS-grad,9,Widowed,Other-service,Not-in-family,White,Female,2,0,21,United-States,0
39,Local-gov,182446,Assoc-acdm,12,Divorced,Adm-clerical,Not-in-family,White,Female,21,0,40,United-States,0
56,Self-emp-not-inc,216546,Some-college,10,Divorced,Craft-repair,Not-in-family,Black,Male,-6,0,50,United-States,0
39,Private,259225,7th-8th,3,Never-married,Handlers-cleaners,Other-relative,White,Male,35,-1,40,Guatemala,0
56,Private,150124,Bachelors,13,Never-married,Sales,Own-child,White,Female,19,0,58,United-States,0
27,?,250627,10th,6,Never-married,?,Other-relative,White,Female,10,-1,40,United-States,0
44,Private,323775,HS-grad,9,Married-civ-spouse,Exec-managerial,Husband,White,Male,7682,1872,50,United-States,1
40,Private,84717,Some-college,10,Married-civ-spouse,Craft-repair,Husband,Asian-Pac-Islander,Male,7,1,40,India,0
41,Private,266969,HS-grad,9,Married-civ-spouse,Tech-support,Wife,White,Female,6,0,40,United-States,1
28,Private,143514,HS-grad,9,Married-civ-spouse,Prof-specialty,Husband,White,Male,20,0,40,United-States,0
37,Private,251816,Some-college,6,Divorced,Other-service,Unmarried,White,Female,7,0,40,United-States,0
48,Self-emp-inc,323677,HS-grad,9,Married-civ-spouse,Transport-moving,Husband,White,Male,42,1,69,United-States,1
56,Private,268776,HS-grad,9,Widowed,Other-service,Not-in-family,White,Female,6,0,40,United-States,0
46,Private,227686,10th,4,Divorced,Craft-repair,Not-in-family,White,Male,24,0,40,Iran,0
56,Private,299683,Doctorate,16,Married-civ-spouse,Prof-specialty,Husband,White,Male,7787,0,50,?,1
48,Private,267495,1st-4th,15,Married-civ-spouse,Other-service,Wife,Asian-Pac-Islander,Female,31,0,40,United-States,1
34,Private,217812,Assoc-voc,10,Never-married,Transport-moving,Not-in-family,White,Male,44,1,45,United-States,0
47,Private,210647,HS-grad,9,Married-civ-spouse,Transport-moving,Wife,White,Male,0,-1,71,Poland,0
36,Private,311483,Assoc-voc,11,Married-civ-spouse,Prof-specialty,Husband,White,Male,4508,1,58,United-States,1
26,Self-emp-not-inc,191716,HS-grad,9,Married-civ-spouse,Tech-support,Husband,White,Male,17,1774,50,United-States,1
33,State-gov,313953,Prof-school,15,Never-married,Prof-specialty,Not-in-family,Black,Male,29,0,40,United-States,0
54,Private,233605,HS-grad,9,Married-civ-spouse,Transport-moving,Husband,White,Male,17,-1,40,United-States,0
36,Private,204008,Some-college,11,Divorced,Handlers-cleaners,Not-in-family,White,Male,21,2109,40,United-States,0
33,Private,108140,7th-8th,3,Never-married,Other-service,Other-relative,White,Male,3757,0,19,United-States,0
32,Private,160237,Some-college,10,Married-civ-spouse,Exec-managerial,Husband,White,Male,7636,0,40,United-States,1
57,Federal-gov,359865,Bachelors,13,Married-civ-spouse,Adm-clerical,Husband,White,Male,24,0,69,United-States,1
45,Local-gov,280837,HS-grad,9,Never-married,?,Unmarried,Black,Female,27,0,40,United-States,0
23,?,239497,Bachelors,13,Married-civ-spouse,?,Husband,White,Male,17,0,19,United-States,0
46,Local-gov,258927,Bachelors,13,Married-civ-spouse,Exec-managerial,Husband,Black,Male,0,0,40,United-States,0
18,Private,263834,Some-college,10,Never-married,?,Not-in-family,White,Female,24,1,26,United-States,0
44,Private,186984,5th-6th,14,Never-married,Exec-managerial,Not-in-family,White,Female,-3,0,40,United-States,0
20,?,243903,10th,6,Never-married,?,Other-relative,White,Female,4,0,20,United-States,0
48,Private,366009,Some-college,10,Married-civ-spouse,Transport-moving,Husband,White,Male,30,0,49,United-States,0
42,Private,306898,HS-grad,9,Married-civ-spouse,Craft-repair,Not-in-family,Black,Male,14,1774,40,Mexico,0
36,?,130640,Some-college,10,Married-civ-spouse,?,Husband,White,Male,28,0,50,United-States,0
20,Private,161029,9th,5,Divorced,Craft-repair,Not-in-family,White,Female,3,0,40,United-States,0
29,Private,319846,HS-grad,9,Separated,Other-service,Not-in-family,Black,Female,22,1,40,United-States,0
31,Private,229583,HS-grad,9,Married-civ-spouse,Sales,Husband,White,Male,19,1,40,United-States,1
48,Private,222501,HS-grad,9,Married-civ-spouse,Transport-moving,Husband,White,Male,40,0,40,United-States,0
34,Private,186198,Some-college,10,Married-civ-spouse,Tech-support,Husband,White,Male,36,1860,40,United-States,1
36,Private,243672,Some-college,9,Never-married,Craft-repair,Not-in-family,Black,Male,-2,0,30,United-States,0
17,?,282817,Some-college,10,Never-married,?,Own-child,White,Male,9,0,8,Philippines,0
37,Local-gov,203390,Bachelors,13,Never-married,Prof-specialty,Not-in-family,White,Male,22,1839,60,United-States,1
22,Private,229810,HS-grad,9,Never-married,Craft-repair,Not-in-family,White,Male,33,0,45,United-States,0
55,Private,132010,10th,10,Divorced,Exec-managerial,Other-relative,Amer-Indian-Eskimo,Female,38,-1,40,Vietnam,0
35,Self-emp-inc,265338,HS-grad,9,Separated,Craft-repair,Husband,Black,Male,-5,-1,50,Ecuador,0
48,Private,251471,HS-grad,9,Widowed,Adm-clerical,Unmarried,Black,Female,18,0,36,United-States,0
59,State-gov,111185,Some-college,10,Married-civ-spouse,Exec-managerial,Husband,White,Male,-6,0,40,Cambodia,1
44,Private,241137,HS-grad,9,Never-married,Adm-clerical,Not-in-family,White,Male,18,0,40,United-States,0
29,Private,291635,HS-grad,9,Never-married,Farming-fishing,Not-in-family,Black,Female,10,1,25,United-States,0
29,Private,204526,Bachelors,13,Never-married,Craft-repair,Own-child,White,Male,8,0,40,Thailand,0
16,Private,226194,11th,13,Never-married,Other-service,Own-child,Asian-Pac-Islander,Female,2,0,11,South,0
27,Federal-gov,188642,Some-college,10,Never-married,Craft-repair,Unmarried,Amer-Indian-Eskimo,Male,23,1,50,United-States,0
29,Private,207173,Assoc-acdm,13,Never-married,Prof-specialty,Unmarried,White,Female,7711,0,50,United-States,0
31,Private,185133,Bachelors,13,Divorced,Prof-specialty,Not-in-family,White,Female,19,0,50,United-States,0
63,?,264669,Bachelors,13,Widowed,Sales,Not-in-family,White,Female,2,-1,11,United-States,0
27,Private,210199,1st-4th,9,Never-married,Handlers-cleaners,Unmarried,White,Female,13,-1,40,Mexico,0
50,Local-gov,254386,Some-college,10,Divorced,Craft-repair,Not-in-family,Asian-Pac-Islander,Male,33,0,40,United-States,0
53,Private,230277,HS-grad,6,Never-married,Protective-serv,Own-child,White,Male,9,-1,40,United-States,0
55,Private,196937,1st-4th,4,Widowed,Priv-house-serv,Unmarried,Black,Female,18,-1,40,Dominican-Republic,0
32,Private,285125,Bachelors,13,Never-married,Exec-managerial,Own-child,White,Female,17,0,45,United-States,0
24,Federal-gov,248661,Bachelors,13,Never-married,Prof-specialty,Not-in-family,White,Male,16,0,40,United-States,1
51,Private,280761,HS-grad,9,Married-civ-spouse,Sales,Unmarried,Other,Female,-9,0,21,Philippines,0
18,?,278636,9th,13,Never-married,?,Own-child,White,Female,21,0,40,United-States,0
25,Private,249993,HS-grad,9,Never-married,Sales,Husband,White,Male,27,0,50,United-States,0
19,?,107097,11th,6,Never-married,?,Own-child,White,Female,6,0,12,United-States,0
18,Private,131481,11th,7,Never-married,Machine-op-inspct,Own-child,White,Female,18,-2,7,United-States,0
34,Private,303452,Assoc-acdm,13,Married-civ-spouse,Handlers-cleaners,Husband,White,Male,22,0,40,Honduras,0
56,Without-pay,256670,HS-grad,9,Married-civ-spouse,Transport-moving,Husband,White,Male,19,0,56,United-States,0
56,Private,262439,Masters,14,Married-civ-spouse,Prof-specialty,Husband,White,Male,16,0,45,United-States,1
34,Self-emp-inc,150344,HS-grad,9,Married-civ-spouse,Tech-support,Husband,White,Male,4,0,60,United-States,0
28,Private,255374,HS-grad,9,Widowed,Machine-op-inspct,Not-in-family,Black,Female,-21,0,30,?,0
31,Local-gov,242186,Assoc-voc,11,Married-civ-spouse,Tech-support,Wife,White,Female,31,1,40,United-States,0
26,Private,225695,Assoc-acdm,13,Separated,Prof-specialty,Not-in-family,White,Female,9,0,40,Portugal,0
25,Private,260796,Doctorate,15,Never-married,Exec-managerial,Own-child,White,Male,17,0,44,United-States,0
39,Private,178315,HS-grad,9,Married-civ-spouse,Craft-repair,Husband,White,Male,8,0,40,United-States,0
32,State-gov,290714,Some-college,10,Never-married,Handlers-cleaners,Not-in-family,Amer-Indian-Eskimo,Male,23,0,40,United-States,0
45,Private,189012,Some-college,10,Divorced,Exec-managerial,Unmarried,White,Male,4,0,71,United-States,0
21,?,292923,Assoc-acdm,7,Married-AF-spouse,?,Wife,White,Female,-11,0,9,United-States,0
53,Self-emp-not-inc,126579,Prof-school,6,Married-civ-spouse,Sales,Not-in-family,White,Male,3474,1,49,United-States,0
37,Self-emp-not-inc,127604,HS-grad,9,Never-married,Sales,Own-child,White,Male,-8,0,50,United-States,0
60,Private,182494,HS-grad,9,Separated,Machine-op-inspct,Husband,Black,Male,-6,-1,40,United-States,0
53,Private,174003,Masters,14,Married-civ-spouse,Prof-specialty,Husband,White,Male,30,-1,50,United-States,1
25,Private,259714,Masters,14,Married-spouse-absent,Tech-support,Wife,White,Female,19,0,40,United-States,0
54,Self-emp-inc,175820,HS-grad,9,Never-married,Sales,Own-child,White,Male,12,0,22,United-States,0
52,Private,197811,Some-college,4,Widowed,Other-service,Not-in-family,White,Female,24,0,40,United-States,0
54,Private,273596,HS-grad,9,Separated,Other-service,Not-in-family,Black,Female,26,0,31,United-States,0
27,Private,213792,10th,6,Divorced,Handlers-cleaners,Own-child,White,Male,7,0,45,United-States,0
51,Self-emp-inc,214676,HS-grad,9,Married-civ-spouse,Exec-managerial,Husband,White,Male,22,1856,50,United-States,1
38,State-gov,225290,Assoc-voc,11,Never-married,Prof-specialty,Not-in-family,White,Female,21,0,45,United-States,0
36,Private,258556,Bachelors,13,Married-civ-spouse,Prof-specialty,Own-child,White,Male,8,0,50,United-States,0
44,Private,247616,Some-college,10,Married-civ-spouse,Other-service,Husband,Other,Male,3986,0,40,?,0
44,Private,221020,HS-grad,9,Married-civ-spouse,Transport-moving,Wife,Black,Female,-2,-1,36,United-States,0
35,Private,115445,Some-college,10,Married-civ-spouse,Tech-support,Husband,White,Male,37,1,44,United-States,1
45,Private,60985,HS-grad,9,Married-civ-spouse,Transport-moving,Husband,White,Male,9,1,40,United-States,1
45,Private,109510,10th,6,Divorced,Transport-moving,Own-child,White,Male,-2,0,40,United-States,0
31,Private,167835,9th,3,Never-married,Other-service,Unmarried,Other,Female,21,-1,40,?,0
36,Private,271438,Bachelors,13,Married-civ-spouse,Sales,Husband,White,Male,3673,0,60,United-States,1
23,Private,199753,HS-grad,9,Divorced,Craft-repair,Not-in-family,White,Male,16,0,30,United-States,0
26,Private,185058,Bachelors,13,Never-married,Other-service,Not-in-family,White,Male,22,2128,40,Poland,0
32,Private,144178,Bachelors,13,Married-civ-spouse,Sales,Husband,Black,Male,18,0,31,United-States,0
57,Self-emp-not-inc,367195,Bachelors,13,Married-civ-spouse,Tech-support,Husband,White,Male,30,0,58,United-States,1
32,Private,141009,Doctorate,15,Never-married,Prof-specialty,Not-in-family,White,Male,-5,-1,40,United-States,0
37,Private,252746,Some-college,10,Married-civ-spouse,Adm-clerical,Husband,White,Male,7,0,40,United-States,1
25,Private,278153,Bachelors,13,Never-married,Prof-specialty,Not-in-family,White,Male,8,0,40,United-States,0
33,?,331688,10th,13,Never-married,?,Not-in-family,Black,Male,4687,0,40,United-States,0
75,Private,237908,7th-8th,4,Never-married,Transport-moving,Not-in-family,White,Male,11,0,40,United-States,0
51,Private,293913,1st-4th,2,Divorced,Handlers-cleaners,Unmarried,White,Male,4174,0,40,Guatemala,0
52,Local-gov,122983,10th,6,Married-civ-spouse,Other-service,Husband,White,Male,-3,0,40,United-States,0
18,?,239173,Some-college,10,Never-married,?,Not-in-family,White,Female,38,-1,20,United-States,0
21,Private,192720,HS-grad,7,Never-married,Other-service,Own-child,Black,Female,20,0,40,United-States,0
55,Self-emp-not-inc,113168,Some-college,10,Divorced,Adm-clerical,Unmarried,White,Male,17,0,40,United-States,0
32,Self-emp-not-inc,182632,Bachelors,13,Married-civ-spouse,Prof-specialty,Husband,White,Male,14,0,49,United-States,0
40,Private,281927,HS-grad,9,Married-civ-spouse,Exec-managerial,Husband,Black,Male,14,1,44,United-States,1
20,Private,223062,Some-college,10,Never-married,Handlers-cleaners,Own-child,White,Male,38,0,40,Trinadad&Tobago,0
38,Self-emp-inc,224654,Prof-school,15,Married-civ-spouse,Prof-specialty,Husband,White,Male,20,1,50,United-States,0
52,Private,204991,Preschool,2,Divorced,Machine-op-inspct,Not-in-family,White,Male,43,1,40,Guatemala,0
70,Federal-gov,291816,Bachelors,13,Married-civ-spouse,Exec-managerial,Husband,Asian-Pac-Islander,Male,-1,0,49,Taiwan,0
17,Private,223369,HS-grad,9,Never-married,Other-service,Own-child,Black,Male,17,-1,30,United-States,0
32,Local-gov,328667,Assoc-acdm,12,Divorced,Other-service,Not-in-family,White,Female,-12,0,40,United-States,0
20,?,273228,Bachelors,13,Never-married,?,Not-in-family,White,Male,3,-1,23,?,0
49,Private,284785,Assoc-acdm,13,Never-married,Exec-managerial,Other-relative,White,Female,6,0,40,United-States,0
77,Private,179979,HS-grad,9,Widowed,Priv-house-serv,Not-in-family,White,Female,1,0,40,United-States,0
34,Private,302660,HS-grad,9,Married-civ-spouse,Handlers-cleaners,Husband,White,Male,4,0,49,United-States,0
21,?,235675,Bachelors,13,Never-married,?,Own-child,White,Male,19,0,30,Dominican-Republic,0
49,Private,376913,Bachelors,13,Married-civ-spouse,Prof-specialty,Husband,White,Male,-3,0,40,Cambodia,0
40,Private,177850,11th,7,Married-spouse-absent,Other-service,Unmarried,White,Female,3,0,30,Peru,0
29,Private,274308,HS-grad,9,Never-married,Other-service,Not-in-family,Black,Male,-3,0,45,United-States,0
52,Self-emp-inc,122208,Masters,15,Married-civ-spouse,Prof-specialty,Husband,Black,Male,15510,1,50,United-States,1
54,Private,157632,HS-grad,9,Married-civ-spouse,Transport-moving,Husband,White,Male,20,1,40,United-States,0
23,Local-gov,203663,Assoc-voc,11,Married-civ-spouse,Other-service,Wife,White,Female,18,0,40,United-States,0
27,Private,131737,Bachelors,13,Never-married,Other-service,Not-in-family,White,Male,7,1,40,United-States,0
25,Private,334647,Bachelors,13,Never-married,Tech-support,Not-in-family,Asian-Pac-Islander,Female,-21,0,40,China,1
34,Private,143738,Bachelors,13,Never-married,Prof-specialty,Not-in-family,White,Male,21,1,50,Thailand,0
36,Private,269657,Some-college,10,Separated,Other-service,Not-in-family,White,Female,14,0,35,United-States,0
27,Private,258577,HS-grad,9,Never-married,Craft-repair,Own-child,White,Male,0,0,40,United-States,0
20,Private,238352,HS-grad,9,Never-married,Transport-moving,Not-in-family,White,Male,25,0,40,United-States,0
71,Private,273100,Some-college,10,Divorced,Other-service,Not-in-family,White,Female,30,0,30,United-States,0
26,Private,219785,HS-grad,9,Widowed,Adm-clerical,Not-in-family,White,Female,26,1826,40,United-States,0
59,Private,235169,Some-college,10,Never-married,Other-service,Other-relative,White,Female,4432,1,40,El-Salvador,0
20,Private,205510,11th,7,Never-married,Other-service,Own-child,White,Female,5,-1,50,United-States,0
50,Self-emp-not-inc,246890,Bachelors,13,Married-civ-spouse,Protective-serv,Husband,White,Male,18,0,40,United-States,0
57,Federal-gov,226769,Doctorate,15,Married-civ-spouse,Prof-specialty,Husband,White,Male,23,0,50,United-States,1
36,Private,141717,HS-grad,9,Divorced,Sales,Unmarried,Black,Female,10,-2,40,United-States,0
30,Private,212666,Bachelors,13,Married-civ-spouse,Protective-serv,Husband,White,Male,13,0,45,United-States,0
53,Local-gov,260874,Some-college,10,Married-civ-spouse,Protective-serv,Husband,White,Male,18,0,40,United-States,0
52,Private,186642,HS-grad,9,Married-civ-spouse,Transport-moving,Unmarried,Black,Male,19,0,45,United-States,1
49,Private,113459,Bachelors,13,Married-spouse-absent,Adm-clerical,Not-in-family,White,Female,16,-1,40,United-States,0
48,Federal-gov,281185,Masters,14,Married-civ-spouse,Exec-managerial,Wife,White,Female,3898,0,51,United-States,1
24,Private,227198,Bachelors,13,Never-married,Handlers-cleaners,Not-in-family,White,Male,38,-1,40,United-States,0
35,Self-emp-not-inc,281773,HS-grad,9,Married-civ-spouse,Farming-fishing,Husband,White,Male,3943,1859,62,United-States,0
50,Private,28066,HS-grad,9,Divorced,Farming-fishing,Not-in-family,White,Male,2,0,40,United-States,0
55,Local-gov,272197,HS-grad,9,Widowed,Other-service,Not-in-family,White,Female,16,0,30,United-States,0
63,Self-emp-not-inc,43181,HS-grad,9,Married-civ-spouse,Farming-fishing,Husband,Other,Male,40,1,61,Ireland,0
54,Private,207930,9th,3,Married-civ-spouse,Transport-moving,Husband,White,Male,-5,0,40,United-States,0
24,Private,156388,1st-4th,3,Married-civ-spouse,Handlers-cleaners,Husband,White,Male,12,1865,45,United-States,0
47,Local-gov,147206,HS-grad,9,Married-civ-spouse,Prof-specialty,Husband,Black,Male,15,1,40,United-States,0
46,Private,206564,Assoc-acdm,13,Married-civ-spouse,Adm-clerical,Husband,Black,Male,15,0,40,United-States,0
32,Self-emp-not-inc,252060,Some-college,10,Married-civ-spouse,Sales,Husband,White,Male,25,0,50,United-States,0
54,Private,285961,Masters,14,Separated,Priv-house-serv,Unmarried,Black,Female,9,0,40,United-States,0
30,Private,89485,HS-grad,9,Married-spouse-absent,Craft-repair,Other-relative,White,Male,-10,0,40,United-States,0
26,Private,223569,HS-grad,9,Never-married,Sales,Not-in-family,Black,Male,20,0,49,United-States,0
34,Self-emp-not-inc,149839,Some-college,10,Never-married,Farming-fishing,Husband,White,Male,-24,0,50,?,0
30,Self-emp-not-inc,209297,Bachelors,13,Married-civ-spouse,Prof-specialty,Not-in-family,White,Male,4,0,63,United-States,0
44,Federal-gov,212252,Bachelors,13,Married-civ-spouse,Prof-specialty,Husband,White,Male,34,0,36,United-States,0
42,Private,199682,HS-grad,9,Separated,Adm-clerical,Unmarried,White,Male,7,0,40,United-States,0
24,Private,279230,HS-grad,9,Never-married,Tech-support,Not-in-family,White,Female,10,0,40,United-States,0
20,Private,49515,HS-grad,9,Divorced,Sales,Not-in-family,White,Male,6,0,23,United-States,0
30,Private,195523,Assoc-voc,11,Separated,Other-service,Unmarried,White,Male,-16,0,50,United-States,0
25,Private,160468,Some-college,10,Never-married,Prof-specialty,Not-in-family,Black,Male,39,1,50,Canada,0
28,Private,151578,5th-6th,3,Married-civ-spouse,Craft-repair,Husband,White,Male,-17,1789,49,Mexico,0
24,Private,271205,Some-college,10,Married-civ-spouse,Craft-repair,Husband,White,Male,11,0,40,United-States,0
28,Private,204516,Some-college,10,Divorced,Sales,Not-in-family,White,Female,23,-1,31,United-States,0
28,Federal-gov,314064,Some-college,10,Never-married,Adm-clerical,Not-in-family,Black,Male,8,0,40,United-States,0
30,Private,194800,Some-college,10,Never-married,Farming-fishing,Unmarried,White,Male,25,0,40,United-States,0
32,State-gov,128336,Some-college,10,Married-civ-spouse,Prof-specialty,Husband,White,Male,7915,1,49,United-States,0
28,Private,114842,HS-grad,9,Never-married,Handlers-cleaners,Not-in-family,White,Male,0,0,59,United-States,0
50,Private,104589,Masters,14,Married-civ-spouse,Tech-support,Husband,White,Male,15,0,73,United-States,0
31,Private,159445,Masters,14,Married-civ-spouse,Prof-specialty,Husband,White,Male,18,0,49,United-States,0
55,Local-gov,243070,Bachelors,13,Married-civ-spouse,Protective-serv,Husband,White,Male,-15,1782,40,Mexico,0
33,Private,589332,HS-grad,9,Married-civ-spouse,Exec-managerial,Wife,White,Male,9,1789,50,United-States,1
33,Private,191162,HS-grad,9,Never-married,Adm-clerical,Husband,White,Male,-1,0,19,United-States,0
35,State-gov,152429,Bachelors,13,Divorced,Prof-specialty,Husband,Asian-Pac-Islander,Male,5,0,40,South,0
35,Private,195322,HS-grad,9,Separated,Handlers-cleaners,Not-in-family,White,Female,-3,0,31,United-States,0
36,Private,270079,10th,6,Married-civ-spouse,Craft-repair,Husband,White,Male,13,0,64,United-States,0
44,Private,163872,Bachelors,9,Married-civ-spouse,Transport-moving,Husband,Asian-Pac-Islander,Male,-7,-1,36,Taiwan,1
31,Private,236276,HS-grad,9,Married-civ-spouse,Adm-clerical,Wife,Amer-Indian-Eskimo,Female,3,-1,40,United-States,0
37,Private,178843,Some-college,10,Divorced,Prof-specialty,Not-in-family,White,Male,25,0,40,United-States,0
31,Private,233669,Some-college,10,Divorced,Craft-repair,Not-in-family,White,Female,24,0,40,United-States,0
24,Private,110093,HS-grad,9,Married-civ-spouse,Sales,Husband,White,Male,20,1,50,United-States,0
25,Private,266505,Assoc-voc,11,Married-civ-spouse,Sales,Wife,White,Female,30,0,40,United-States,0
39,Private,279345,Some-college,10,Separated,Exec-managerial,Unmarried,White,Female,4640,0,40,Cuba,0
48,Private,130813,Assoc-voc,11,Married-civ-spouse,Machine-op-inspct,Wife,Other,Male,5,0,40,United-States,0
27,Private,287004,HS-grad,9,Never-married,Farming-fishing,Own-child,Black,Male,13,1,30,United-States,0
54,Private,202347,Assoc-acdm,13,Married-civ-spouse,Prof-specialty,Husband,White,Female,8018,0,40,?,1
33,Private,247698,HS-grad,9,Married-civ-spouse,Sales,Husband,White,Male,9,-1,40,United-States,0
27,Private,241784,Some-college,10,Never-married,Craft-repair,Other-relative,White,Male,21,0,40,United-States,0
22,Private,194765,HS-grad,9,Married-civ-spouse,Other-service,Husband,White,Male,-19,-1,40,United-States,0
44,Private,239128,Masters,14,Divorced,Prof-specialty,Not-in-family,White,Female,0,0,40,Vietnam,0
29,Self-emp-inc,110241,Prof-school,15,Married-civ-spouse,Prof-specialty,Husband,Asian-Pac-Islander,Male,28,0,50,United-States,1
46,Private,333564,Some-college,10,Widowed,Priv-house-serv,Not-in-family,White,Male,23,0,40,?,0
47,Private,182380,Bachelors,13,Married-civ-spouse,Prof-specialty,Wife,White,Male,8198,0,45,United-States,1
22,State-gov,101932,Some-college,10,Never-married,Prof-specialty,Not-in-family,Amer-Indian-Eskimo,Male,7645,-1,30,South,0
37,Private,255770,HS-grad,9,Married-civ-spouse,Transport-moving,Husband,White,Male,4,0,40,United-States,0
26,?,106498,Some-college,10,Never-married,?,Own-child,Asian-Pac-Islander,Male,11,0,30,?,0
39,?,234200,Some-college,10,Never-married,?,Not-in-family,Amer-Indian-Eskimo,Male,6,0,30,United-States,0
49,Private,212724,HS-grad,9,Separated,Adm-clerical,Unmarried,Amer-Indian-Eskimo,Male,24,0,37,United-States,0
32,Private,140927,Bachelors,13,Never-married,Other-service,Unmarried,White,Female,0,0,40,Portugal,0
23,Private,173614,HS-grad,9,Never-married,Adm-clerical,Own-child,Black,Female,9,0,36,United-States,0
35,Private,207883,HS-grad,9,Married-civ-spouse,Handlers-cleaners,Husband,White,Male,9,0,40,Poland,0
32,Private,200861,HS-grad,9,Never-married,Other-service,Not-in-family,Black,Female,16,0,31,Haiti,0
69,?,251243,HS-grad,9,Married-AF-spouse,?,Wife,White,Female,18,-1,34,United-States,0
55,Private,166719,Masters,14,Married-civ-spouse,Exec-managerial,Husband,White,Female,13,0,44,United-States,0
49,Private,245323,HS-grad,9,Married-civ-spouse,Machine-op-inspct,Husband,White,Male,-8,-1,21,United-States,0
67,Private,188807,HS-grad,13,Married-civ-spouse,Prof-specialty,Other-relative,White,Male,5,0,67,United-States,0
36,Private,138770,Some-college,10,Divorced,Adm-clerical,Unmarried,Black,Female,31,0,40,United-States,0
70,Self-emp-not-inc,139655,7th-8th,3,Married-civ-spouse,Transport-moving,Husband,White,Male,3421,0,40,India,0
54,Private,197097,HS-grad,9,Separated,Prof-specialty,Unmarried,White,Female,5,-1,40,?,0
57,Private,100239,Some-college,10,Married-civ-spouse,Exec-managerial,Husband,White,Male,25,0,49,United-States,0
25,Private,250646,10th,6,Divorced,Other-service,Unmarried,Other,Female,13,1,40,United-States,0
58,Local-gov,437087,Assoc-acdm,12,Never-married,Exec-managerial,Not-in-family,White,Female,11,0,40,United-States,0
52,?,233152,11th,7,Married-AF-spouse,?,Wife,White,Female,-6,-1,40,United-States,0
32,Local-gov,270119,HS-grad,9,Never-married,Other-service,Not-in-family,Black,Female,5,1757,61,United-States,0
35,Private,271836,HS-grad,9,Widowed,Priv-house-serv,Unmarried,White,Female,13,0,49,United-States,0
52,Self-emp-not-inc,41770,7th-8th,5,Married-civ-spouse,Farming-fishing,Husband,White,Male,31,0,61,Canada,0
18,Private,194063,Bachelors,13,Never-married,Other-service,Unmarried,White,Female,26,-1,30,United-States,0
21,Private,190519,Some-college,10,Never-married,Handlers-cleaners,Own-child,White,Male,8,1,40,United-States,0
35,Private,134679,Bachelors,13,Married-civ-spouse,Sales,Husband,White,Male,-4,0,40,United-States,1
61,Private,271028,9th,6,Divorced,Prof-specialty,Not-in-family,White,Female,40,-1,40,England,0
34,State-gov,282008,Assoc-acdm,12,Never-married,Prof-specialty,Not-in-family,Black,Male,29,0,40,United-States,0
29,Private,196353,Bachelors,13,Never-married,Handlers-cleaners,Own-child,White,Male,11,0,24,United-States,0
28,Private,159497,Assoc-voc,4,Married-civ-spouse,Prof-specialty,Wife,White,Female,3519,0,40,United-States,0
57,?,204346,HS-grad,9,Never-married,?,Not-in-family,White,Female,-15,1790,40,United-States,0
52,Private,324797,Some-college,3,Married-civ-spouse,Craft-repair,Unmarried,White,Male,42,1,40,Cambodia,0
46,Private,327245,HS-grad,9,Married-civ-spouse,Sales,Wife,White,Male,11,1,40,United-States,1
33,Private,140414,Bachelors,13,Never-married,Prof-specialty,Other-relative,White,Male,-16,0,45,United-States,0
20,Private,302560,Some-college,10,Never-married,Craft-repair,Not-in-family,White,Male,42,0,44,United-States,0
31,Private,187615,HS-grad,9,Widowed,Prof-specialty,Not-in-family,White,Female,-10,0,40,United-States,0
20,Private,252935,11th,7,Never-married,Tech-support,Own-child,White,Female,7,1,30,United-States,0
30,Private,199850,HS-grad,9,Never-married,Craft-repair,Own-child,White,Male,17,0,59,United-States,0
39,Private,142598,Some-college,10,Married-civ-spouse,Transport-moving,Husband,White,Male,25,0,58,United-States,1
27,Self-emp-not-inc,187088,Assoc-voc,11,Married-civ-spouse,Tech-support,Husband,White,Male,33,-1,66,United-States,1
20,Private,202306,Some-college,10,Never-married,Other-service,Own-child,White,Male,19,1,65,United-States,0
55,Private,215278,HS-grad,9,Divorced,Adm-clerical,Unmarried,White,Female,16,0,31,United-States,0
36,Local-gov,363643,Assoc-acdm,12,Divorced,Adm-clerical,Not-in-family,White,Male,13,0,40,United-States,0
88,Self-emp-not-inc,284358,HS-grad,9,Widowed,Craft-repair,Not-in-family,White,Female,9,-1,31,United-States,0
70,Private,263181,7th-8th,3,Separated,Other-service,Not-in-family,White,Male,18,0,40,Yugoslavia,0
36,Private,86787,Assoc-acdm,5,Never-married,Prof-specialty,Not-in-family,White,Female,23,0,40,United-States,0
27,?,185884,Bachelors,13,Never-married,?,Not-in-family,Black,Female,24,0,40,?,0
30,Private,193174,Some-college,10,Married-civ-spouse,Protective-serv,Husband,White,Male,24,0,40,Cuba,0
38,Private,182842,HS-grad,9,Divorced,Priv-house-serv,Unmarried,Black,Female,-2,-1,30,United-States,0
73,Self-emp-not-inc,248013,Prof-school,15,Married-civ-spouse,Prof-specialty,Husband,White,Male,15122,0,50,United-States,1
34,Self-emp-inc,161613,Some-college,10,Married-civ-spouse,Handlers-cleaners,Husband,White,Male,5,-1,35,United-States,0
56,Local-gov,227379,Some-college,10,Married-civ-spouse,Handlers-cleaners,Husband,White,Male,20,0,62,United-States,0
54,Private,130090,Masters,14,Married-civ-spouse,Exec-managerial,Husband,White,Male,5,1887,40,United-States,0
52,Private,215408,Some-college,10,Married-civ-spouse,Adm-clerical,Husband,White,Male,1,0,40,United-States,0
45,State-gov,208420,Some-college,10,Never-married,Sales,Not-in-family,White,Female,22,0,40,United-States,0
25,Private,247601,HS-grad,9,Married-AF-spouse,Machine-op-inspct,Wife,White,Female,-3,1,40,Japan,0
16,?,79857,Some-college,10,Never-married,?,Own-child,White,Male,17,0,9,United-States,0
34,Private,203290,HS-grad,9,Never-married,Craft-repair,Not-in-family,White,Male,-5,0,71,United-States,0
53,Private,128200,5th-6th,3,Married-civ-spouse,Handlers-cleaners,Husband,White,Male,22,0,40,Mexico,0
18,Private,99243,11th,7,Never-married,Other-service,Own-child,White,Male,35,-1,7,United-States,0
29,?,285936,HS-grad,9,Married-AF-spouse,?,Wife,White,Female,8,0,11,United-States,0
30,Private,241189,HS-grad,9,Divorced,Craft-repair,Unmarried,Black,Male,-26,0,57,United-States,0
52,?,168985,Bachelors,13,Married-civ-spouse,?,Wife,White,Female,1,-1,21,China,0
37,Private,231191,Bachelors,13,Married-civ-spouse,Exec-managerial,Husband,White,Male,12,0,40,Cambodia,1
19,?,221873,Some-college,10,Never-married,?,Not-in-family,White,Male,14,1,13,United-States,0
52,Private,281187,Some-college,10,Married-civ-spouse,Transport-moving,Husband,White,Male,8,0,40,United-States,1
60,?,224599,Some-college,10,Married-AF-spouse,?,Wife,White,Female,12,1781,17,Poland,0
45,Private,177113,Some-college,10,Separated,Farming-fishing,Unmarried,White,Male,-1,1,49,United-States,0
56,Local-gov,148167,Masters,14,Married-civ-spouse,Prof-specialty,Husband,White,Female,32,1,40,United-States,1
41,Private,120667,HS-grad,9,Divorced,Sales,Unmarried,White,Male,18,1,40,United-States,0
14,Private,334338,11th,7,Never-married,Other-service,Own-child,White,Male,38,1,31,United-States,0
47,Private,232273,9th,4,Married-civ-spouse,Tech-support,Husband,Asian-Pac-Islander,Male,-11,0,40,South,0
50,Private,38370,Some-college,10,Never-married,Transport-moving,Not-in-family,White,Male,19,0,61,United-States,0
58,?,239015,Some-college,10,Married-AF-spouse,?,Wife,White,Female,25,0,40,United-States,0
50,Private,181235,HS-grad,9,Married-spouse-absent,Craft-repair,Not-in-family,Black,Male,3821,1846,40,Puerto-Rico,0
50,Private,197963,10th,4,Widowed,Other-service,Unmarried,Black,Female,29,0,40,Outlying-US(Guam-USVI-etc),0
19,Local-gov,210516,11th,7,Never-married,Sales,Own-child,White,Female,21,-1,20,United-States,0
45,Self-emp-not-inc,313205,Some-college,10,Married-civ-spouse,Craft-repair,Husband,White,Male,29,0,55,United-States,1
41,Self-emp-inc,128371,Bachelors,13,Married-civ-spouse,Prof-specialty,Husband,Black,Male,42,0,76,United-States,1
51,Private,252246,HS-grad,9,Married-civ-spouse,Transport-moving,Husband,Other,Male,-31,-1,56,Mexico,0
19,Private,191521,10th,6,Never-married,Prof-specialty,Not-in-family,White,Female,31,0,22,United-States,0
27,Private,239672,Some-college,10,Never-married,Other-service,Own-child,White,Male,19,0,40,United-States,0
26,Private,279364,Some-college,10,Married-civ-spouse,Adm-clerical,Husband,Black,Male,4197,0,40,United-States,0
40,State-gov,191686,Masters,14,Married-civ-spouse,Prof-specialty,Wife,White,Female,3114,1,36,Cuba,0
30,State-gov,212783,Masters,14,Married-civ-spouse,Prof-specialty,Wife,Asian-Pac-Islander,Female,-3,1,40,China,1
31,Private,248719,7th-8th,2,Married-spouse-absent,Priv-house-serv,Unmarried,Black,Female,30,0,40,El-Salvador,0
32,Private,145466,HS-grad,9,Never-married,Other-service,Other-relative,Black,Female,-7,0,35,Puerto-Rico,0
56,Private,214620,HS-grad,9,Divorced,Craft-repair,Not-in-family,White,Male,-5,-1,49,United-States,0
70,?,317560,HS-grad,9,Married-civ-spouse,?,Wife,Asian-Pac-Islander,Male,12,-1,10,United-States,0
58,Private,197414,HS-grad,9,Married-civ-spouse,Machine-op-inspct,Husband,White,Male,9,0,40,Mexico,0
20,Self-emp-not-inc,204816,HS-grad,9,Married-civ-spouse,Farming-fishing,Husband,White,Male,8,0,57,United-States,0
17,Private,192875,Some-college,10,Never-married,Sales,Own-child,White,Female,1,0,13,United-States,0
31,Private,286691,11th,14,Never-married,Prof-specialty,Own-child,Asian-Pac-Islander,Female,-8,1,59,South,0
30,Private,280312,HS-grad,9,Widowed,Other-service,Not-in-family,Black,Female,2,0,40,Germany,0
58,Private,189135,HS-grad,9,Married-civ-spouse,Craft-repair,Husband,White,Male,12,0,40,United-States,0
21,Private,194842,Prof-school,15,Never-married,Other-service,Own-child,Black,Female,16,0,24,United-States,0
36,Private,156065,HS-grad,9,Never-married,Other-service,Not-in-family,White,Female,21,0,31,United-States,0
20,Local-gov,199641,Some-college,10,Never-married,Adm-clerical,Not-in-family,White,Female,11,1,40,United-States,0
27,Private,229942,Some-college,10,Divorced,Craft-repair,Unmarried,White,Male,17,0,40,United-States,0
34,Private,199397,HS-grad,9,Married-civ-spouse,Prof-specialty,Husband,White,Male,29,0,40,Germany,1
57,Private,140430,7th-8th,4,Married-civ-spouse,Transport-moving,Husband,White,Male,-2,-1,40,United-States,0
27,Never-worked,237679,10th,6,Never-married,?,Own-child,White,Female,36,0,40,Poland,0
28,Private,195224,HS-grad,9,Married-civ-spouse,Transport-moving,Husband,Asian-Pac-Islander,Male,8,0,40,Japan,0
29,Private,207313,Preschool,9,Never-married,Craft-repair,Not-in-family,Black,Female,-2,0,40,Guatemala,0
48,?,122227,7th-8th,6,Widowed,?,Not-in-family,White,Male,16,0,40,United-States,0
52,Private,248708,HS-grad,4,Separated,Transport-moving,Husband,White,Male,21,0,71,United-States,0
40,Private,213302,Some-college,10,Never-married,Handlers-cleaners,Other-relative,White,Male,-4,0,40,?,0
35,Private,191236,HS-grad,11,Married-civ-spouse,Adm-clerical,Wife,White,Female,23,0,40,England,0
53,Private,202270,HS-grad,9,Divorced,Other-service,Unmarried,Black,Female,14,0,40,United-States,0
27,Local-gov,141814,Bachelors,13,Separated,Prof-specialty,Not-in-family,White,Male,11,0,50,United-States,0
68,Private,218070,HS-grad,9,Widowed,?,Not-in-family,White,Female,-11,0,29,United-States,0
48,Private,189613,10th,3,Widowed,Machine-op-inspct,Not-in-family,White,Female,5,0,40,United-States,0
30,Private,116927,Some-college,10,Married-civ-spouse,Sales,Husband,White,Male,-7,1862,55,United-States,0
50,Private,214381,Masters,14,Married-civ-spouse,Prof-specialty,Husband,White,Male,7781,0,50,United-States,1
32,State-gov,114662,Some-college,10,Married-civ-spouse,Craft-repair,Husband,Amer-Indian-Eskimo,Male,29,1,40,United-States,0
18,Private,251929,HS-grad,9,Married-AF-spouse,Other-service,Wife,White,Female,0,-1,19,Poland,0
26,Private,191530,Assoc-voc,11,Never-married,Tech-support,Not-in-family,Asian-Pac-Islander,Female,8,1,44,Japan,0
64,Private,196246,10th,6,Married-civ-spouse,Transport-moving,Own-child,White,Male,19,0,40,United-States,0
30,State-gov,237206,Bachelors,13,Never-married,Other-service,Own-child,White,Male,-2,0,40,United-States,0
43,Private,152427,Masters,14,Never-married,Prof-specialty,Not-in-family,White,Male,19,0,40,United-States,0
20,Private,387786,Assoc-acdm,13,Widowed,Tech-support,Not-in-family,White,Female,15,1811,40,United-States,0
52,Private,230225,Some-college,10,Divorced,Adm-clerical,Unmarried,White,Female,19,0,35,United-States,0
50,Private,185429,Masters,14,Married-civ-spouse,Exec-managerial,Husband,White,Male,3816,0,40,United-States,0
26,Private,122273,10th,5,Never-married,Tech-support,Not-in-family,White,Female,20,0,40,United-States,0
25,Private,358191,11th,10,Never-married,Machine-op-inspct,Other-relative,Black,Male,19,-1,21,Trinadad&Tobago,0
22,State-gov,108869,Bachelors,13,Never-married,Tech-support,Not-in-family,White,Female,24,0,40,United-States,0
82,Private,241758,Bachelors,13,Married-civ-spouse,Craft-repair,Wife,White,Male,16,-1,40,Iran,0
29,Private,325807,HS-grad,9,Never-married,Adm-clerical,Not-in-family,White,Female,12,-1,40,United-States,0
27,Federal-gov,292877,Some-college,10,Never-married,Tech-support,Own-child,White,Female,3,0,40,United-States,0
56,Private,133995,10th,6,Married-civ-spouse,Prof-specialty,Husband,White,Male,35,0,40,United-States,0
26,Private,148598,Assoc-voc,11,Married-civ-spouse,Tech-support,Wife,White,Female,30,0,37,United-States,0
19,Private,171020,11th,7,Never-married,Handlers-cleaners,Own-child,White,Male,24,0,20,United-States,0
58,Self-emp-not-inc,202221,HS-grad,9,Married-civ-spouse,Farming-fishing,Husband,White,Male,25,1,74,?,0
74,Without-pay,92240,10th,6,Married-civ-spouse,Other-service,Husband,White,Male,18,0,57,United-States,1
27,Private,255365,Bachelors,13,Never-married,Sales,Wife,White,Female,-16,1801,40,Puerto-Rico,0
59,Private,212179,Some-college,10,Married-civ-spouse,Transport-moving,Husband,White,Male,17,0,44,United-States,0
35,Private,22393,Bachelors,13,Divorced,Sales,Not-in-family,White,Female,34,0,59,United-States,0
52,?,207131,11th,6,Married-civ-spouse,?,Husband,White,Male,3076,0,22,United-States,0
33,Self-emp-not-inc,155066,Bachelors,13,Never-married,Other-service,Not-in-family,White,Male,28,-1,65,?,0
40,Private,187908,Prof-school,15,Never-married,Prof-specialty,Not-in-family,White,Male,4505,0,40,Iran,1
56,?,306617,Some-college,10,Separated,?,Unmarried,Black,Female,39,0,40,United-States,0
23,?,310737,HS-grad,9,Never-married,?,Own-child,Black,Female,-2,1,23,United-States,0
34,Private,227002,11th,10,Never-married,Other-service,Not-in-family,White,Female,23,0,40,United-States,0
41,Private,285551,Some-college,10,Divorced,Craft-repair,Not-in-family,White,Female,18,0,40,United-States,0
47,Private,146914,Some-college,10,Married-spouse-absent,Exec-managerial,Not-in-family,White,Male,11,0,40,Nicaragua,1
31,Private,79649,HS-grad,9,Divorced,Adm-clerical,Not-in-family,White,Male,-14,0,21,United-States,0
26,Private,193244,Prof-school,15,Never-married,Prof-specialty,Not-in-family,White,Female,4,0,40,United-States,0
53,Private,135380,Masters,4,Never-married,Handlers-cleaners,Not-in-family,Amer-Indian-Eskimo,Female,3,0,40,Haiti,0
47,Private,166539,Assoc-voc,11,Married-civ-spouse,Machine-op-inspct,Wife,White,Female,15,-1,40,United-States,0
51,?,251642,Bachelors,13,Married-civ-spouse,?,Wife,White,Male,13,0,40,United-States,0
44,Self-emp-not-inc,197565,Some-college,13,Married-civ-spouse,Sales,Husband,White,Male,7787,0,50,United-States,1
54,Private,271790,10th,6,Married-civ-spouse,Transport-moving,Husband,White,Male,-9,0,50,Laos,1
58,Local-gov,139339,HS-grad,9,Married-civ-spouse,Transport-moving,Husband,Black,Male,17,1760,40,United-States,0
56,Self-emp-inc,193299,10th,14,Married-civ-spouse,Handlers-cleaners,Husband,White,Male,27,1,50,United-States,1
39,Private,83959,10th,6,Divorced,Other-service,Not-in-family,Black,Male,38,0,40,United-States,0
51,Private,83901,Some-college,10,Married-civ-spouse,Machine-op-inspct,Husband,White,Male,21,1,56,United-States,1
18,Private,111355,HS-grad,9,Never-married,Farming-fishing,Own-child,White,Male,-10,0,50,United-States,0
41,Private,203667,Some-college,10,Married-civ-spouse,Tech-support,Wife,White,Female,-11,0,40,United-States,0
52,Private,252290,HS-grad,9,Never-married,Craft-repair,Own-child,Black,Male,-15,0,40,Philippines,0
61,Private,182541,9th,5,Married-civ-spouse,Craft-repair,Husband,White,Male,5,0,40,Mexico,0
50,Local-gov,192921,Bachelors,13,Never-married,Prof-specialty,Unmarried,White,Female,-4,0,30,United-States,0
28,Federal-gov,183033,Bachelors,13,Never-married,Prof-specialty,Own-child,Asian-Pac-Islander,Male,24,0,57,Philippines,0
23,State-gov,109191,HS-grad,9,Married-civ-spouse,Tech-support,Husband,Black,Male,3,1,64,United-States,0
38,Private,78889,Some-college,10,Divorced,Other-service,Unmarried,White,Female,4033,1871,40,India,0
59,Private,130616,Prof-school,15,Married-civ-spouse,Prof-specialty,Husband,White,Male,45,0,50,United-States,1
28,Private,278754,Bachelors,13,Never-married,Prof-specialty,Not-in-family,White,Female,16,1,59,United-States,0
36,Private,316280,HS-grad,10,Married-civ-spouse,Tech-support,Husband,White,Male,-17,1,40,Hong,0
32,Private,328633,HS-grad,9,Separated,Other-service,Unmarried,Black,Female,23,0,50,United-States,0
46,Private,229435,Some-college,10,Married-civ-spouse,Craft-repair,Husband,White,Male,-10,0,40,United-States,0
17,Private,93875,11th,7,Never-married,Other-service,Own-child,White,Female,24,-1,11,United-States,0
33,Private,404756,Some-college,10,Married-civ-spouse,Tech-support,Wife,Black,Female,7,1,40,Japan,0
21,Private,269932,HS-grad,9,Never-married,Adm-clerical,Unmarried,White,Male,-1,0,45,United-States,0
72,Local-gov,96328,HS-grad,9,Widowed,Other-service,Not-in-family,White,Female,10,0,40,United-States,0
48,Self-emp-not-inc,158487,7th-8th,5,Married-civ-spouse,Farming-fishing,Husband,White,Male,4256,0,58,United-States,0
60,Local-gov,289795,10th,5,Divorced,Protective-serv,Not-in-family,Black,Male,18,0,40,?,0
45,Private,230659,Bachelors,13,Married-civ-spouse,Exec-managerial,Husband,White,Male,27,0,44,Greece,1
25,Private,196106,Some-college,10,Married-civ-spouse,Sales,Husband,White,Male,17,1,69,United-States,0
51,Private,147149,Assoc-voc,11,Married-civ-spouse,Sales,Husband,White,Male,23,0,44,United-States,0
45,Private,209914,Bachelors,13,Married-civ-spouse,Exec-managerial,Husband,White,Male,20,0,44,United-States,1
39,Self-emp-not-inc,191136,Masters,4,Divorced,Prof-specialty,Not-in-family,White,Male,3,0,50,United-States,0
34,Private,186202,Some-college,10,Married-civ-spouse,Transport-moving,Husband,White,Male,26,0,68,United-States,0
30,Private,271364,HS-grad,9,Married-civ-spouse,Transport-moving,Husband,White,Male,0,0,50,United-States,0
35,Local-gov,284609,Bachelors,13,Never-married,Adm-clerical,Not-in-family,Black,Female,15,0,40,United-States,0
17,Private,111858,11th,7,Never-married,Sales,Own-child,White,Male,26,0,40,United-States,0
46,Private,195040,9th,7,Separated,Adm-clerical,Unmarried,White,Female,-17,0,49,United-States,0
41,Private,154038,Bachelors,13,Divorced,Exec-managerial,Unmarried,White,Male,-1,0,40,United-States,0
42,Private,133987,Bachelors,13,Married-civ-spouse,Exec-managerial,Husband,Asian-Pac-Islander,Male,5,0,57,Philippines,0
19,Private,455135,Doctorate,6,Never-married,Other-service,Own-child,White,Male,28,0,30,United-States,0
33,Private,252598,HS-grad,9,Married-civ-spouse,Sales,Husband,White,Male,-8,1,67,United-States,0
34,Self-emp-not-inc,308994,Prof-school,15,Married-civ-spouse,Prof-specialty,Wife,Asian-Pac-Islander,Female,42,0,80,Taiwan,0
27,Local-gov,225284,Assoc-voc,11,Never-married,Tech-support,Not-in-family,White,Female,28,0,37,United-States,0
26,Private,188562,11th,5,Never-married,Other-service,Not-in-family,White,Female,31,0,50,United-States,0
48,Private,284465,Some-college,5,Married-civ-spouse,Tech-support,Wife,Other,Female,10,0,40,India,0
33,Private,221265,HS-grad,9,Separated,Craft-repair,Unmarried,Black,Male,-5,0,40,United-States,0
54,Private,196283,Some-college,10,Married-civ-spouse,Exec-managerial,Husband,White,Male,8134,0,57,United-States,1
35,State-gov,173252,Masters,14,Never-married,Prof-specialty,Not-in-family,White,Female,20,0,40,Japan,0
47,Private,230669,Bachelors,13,Never-married,Sales,Not-in-family,White,Male,21,0,40,United-States,0
26,Private,257728,Some-college,10,Separated,Transport-moving,Not-in-family,White,Male,5,0,40,United-States,0
54,?,337143,10th,6,Married-civ-spouse,?,Husband,Asian-Pac-Islander,Male,8,0,18,Poland,0
36,Private,180581,Bachelors,13,Married-civ-spouse,Transport-moving,Husband,White,Male,32,0,40,United-States,0
32,Self-emp-not-inc,285123,HS-grad,9,Married-civ-spouse,Farming-fishing,Husband,White,Male,-1,0,65,United-States,0
44,Private,220545,Some-college,10,Married-civ-spouse,?,Wife,White,Female,48,0,33,United-States,0
18,Private,164072,HS-grad,9,Never-married,Other-service,Own-child,Black,Female,39,0,21,United-States,0
55,Private,236090,10th,6,Married-civ-spouse,Transport-moving,Husband,White,Male,8,-1,40,United-States,0
38,Private,119163,Some-college,10,Never-married,?,Other-relative,White,Male,7,0,9,United-States,0
47,Local-gov,278287,Masters,14,Married-civ-spouse,Prof-specialty,Husband,White,Male,3480,1,58,United-States,1
32,Self-emp-not-inc,180328,Prof-school,15,Married-civ-spouse,Farming-fishing,Husband,Amer-Indian-Eskimo,Male,37,-1,84,United-States,0
44,Self-emp-inc,188758,Some-college,10,Separated,Adm-clerical,Not-in-family,White,Male,34,0,40,Columbia,0
61,Self-emp-inc,141726,Bachelors,13,Married-civ-spouse,?,Wife,White,Male,7694,0,57,United-States,0
44,Private,71845,HS-grad,10,Divorced,Craft-repair,Husband,Asian-Pac-Islander,Male,5,0,50,Philippines,0
48,Private,37910,HS-grad,9,Married-civ-spouse,Prof-specialty,Wife,Black,Female,-2,1,50,Haiti,0
33,Private,195581,Bachelors,13,Never-married,Other-service,Not-in-family,Black,Male,21,-1,40,?,0
47,Self-emp-inc,66582,HS-grad,9,Married-civ-spouse,Other-service,Husband,White,Male,34,0,72,United-States,0
58,Private,274550,Bachelors,13,Never-married,Prof-specialty,Not-in-family,White,Male,18,1,50,United-States,0
55,Private,178048,Bachelors,13,Never-married,Priv-house-serv,Not-in-family,White,Male,-13,1,40,United-States,0
59,?,219208,Some-college,10,Divorced,?,Other-relative,White,Male,-20,1,30,United-States,0
71,Private,140323,Some-college,10,Divorced,Prof-specialty,Unmarried,Black,Female,12,2059,31,United-States,0
34,Private,437700,Masters,14,Never-married,Exec-managerial,Other-relative,White,Male,11,1,40,United-States,0
46,Self-emp-not-inc,99240,7th-8th,3,Never-married,Farming-fishing,Not-in-family,White,Male,14,0,40,United-States,0
31,Self-emp-not-inc,347354,Some-college,10,Never-married,Handlers-cleaners,Not-in-family,White,Male,6,0,62,United-States,0
60,Private,270892,Some-college,10,Divorced,Other-service,Not-in-family,Amer-Indian-Eskimo,Female,24,-1,21,United-States,0
39,Private,197617,9th,13,Married-civ-spouse,Machine-op-inspct,Husband,White,Male,6,1,40,United-States,0
49,Private,286314,Prof-school,15,Never-married,Prof-specialty,Not-in-family,White,Female,17,0,45,United-States,0
40,Private,106101,Some-college,10,Married-civ-spouse,Transport-moving,Husband,White,Male,13,0,49,United-States,0
28,Private,261597,Preschool,3,Married-civ-spouse,Other-service,Husband,Black,Male,20,0,40,Hungary,0
53,Self-emp-inc,96006,Doctorate,16,Married-civ-spouse,Prof-specialty,Husband,Asian-Pac-Islander,Male,15358,0,51,India,1
35,Private,156483,Some-college,10,Widowed,Other-service,Unmarried,White,Female,30,0,11,United-States,0
48,Private,193565,HS-grad,9,Married-civ-spouse,Transport-moving,Wife,White,Male,6,0,40,Scotland,1
28,Local-gov,167646,Some-college,10,Never-married,Protective-serv,Husband,White,Male,18,1,57,United-States,0
20,State-gov,209388,Some-college,10,Never-married,Protective-serv,Not-in-family,Black,Male,17,0,59,United-States,0
54,Private,131070,Some-college,10,Divorced,Other-service,Not-in-family,White,Female,10,0,36,United-States,0
19,Private,184948,Some-college,10,Never-married,Sales,Own-child,White,Male,28,1881,24,United-States,0
75,?,152262,Bachelors,13,Never-married,?,Not-in-family,Black,Male,0,1,40,United-States,0
54,Private,252654,1st-4th,6,Widowed,Other-service,Not-in-family,Amer-Indian-Eskimo,Male,-9,0,40,United-States,0
43,Self-emp-not-inc,37544,Some-college,10,Married-civ-spouse,Craft-repair,Husband,White,Male,27,0,63,United-States,0
34,Private,207745,12th,6,Married-civ-spouse,Prof-specialty,Husband,White,Female,14,1,50,United-States,1
42,Self-emp-not-inc,578577,Some-college,10,Married-civ-spouse,Craft-repair,Husband,White,Male,13,0,40,United-States,1
27,Private,653860,HS-grad,9,Married-civ-spouse,Other-service,Husband,White,Male,-25,0,31,Nicaragua,0
33,Private,92121,Bachelors,11,Never-married,Handlers-cleaners,Not-in-family,White,Male,41,1,56,United-States,0
57,Federal-gov,215304,Some-college,10,Married-civ-spouse,Transport-moving,Husband,White,Male,13,0,48,United-States,1
20,Private,271680,Some-college,10,Never-married,Protective-serv,Own-child,White,Male,34,0,40,United-States,0
49,Self-emp-inc,121973,Some-college,10,Married-civ-spouse,Transport-moving,Husband,White,Male,21,1,57,United-States,1
23,Self-emp-not-inc,190281,Bachelors,13,Never-married,Prof-specialty,Not-in-family,White,Male,10,0,75,United-States,0
40,Private,249641,Some-college,10,Married-civ-spouse,Tech-support,Husband,Black,Male,22,1,40,United-States,1
23,Self-emp-not-inc,163916,Some-college,10,Never-married,Farming-fishing,Own-child,White,Male,13,1,40,United-States,0
28,Private,191187,HS-grad,9,Never-married,Craft-repair,Not-in-family,White,Male,-9,0,70,United-States,0
75,Private,208473,10th,6,Widowed,Other-service,Not-in-family,White,Female,21,-1,40,United-States,0
53,Private,269520,HS-grad,9,Widowed,Adm-clerical,Not-in-family,White,Female,25,0,40,United-States,0
44,Federal-gov,143566,HS-grad,9,Married-civ-spouse,Adm-clerical,Husband,Black,Male,13,0,40,United-States,0
20,Never-worked,100867,Some-college,10,Never-married,?,Own-child,White,Male,-11,1,21,United-States,0
67,Local-gov,215489,Bachelors,13,Married-spouse-absent,Prof-specialty,Not-in-family,White,Female,-13,0,40,United-States,0
64,Private,77946,7th-8th,3,Married-civ-spouse,Transport-moving,Husband,White,Male,-27,0,40,United-States,0
52,Private,207636,10th,6,Married-civ-spouse,Tech-support,Husband,Black,Male,0,0,40,Mexico,0
51,Federal-gov,228587,Bachelors,13,Married-civ-spouse,Protective-serv,Husband,White,Male,0,0,40,United-States,0
31,Private,24835,HS-grad,9,Never-married,Handlers-cleaners,Not-in-family,White,Male,-22,0,40,United-States,0
58,Private,201562,7th-8th,3,Married-spouse-absent,Craft-repair,Not-in-family,White,Male,-5,-1,49,Dominican-Republic,0
33,Private,154244,12th,8,Never-married,Other-service,Not-in-family,White,Female,30,0,40,United-States,0
32,?,233679,HS-grad,9,Married-AF-spouse,?,Wife,White,Male,37,-1,40,Laos,1
37,?,123857,Some-college,6,Married-civ-spouse,?,Husband,White,Male,6,1,35,Poland,0
28,Private,375014,7th-8th,3,Never-married,Other-service,Own-child,White,Male,18,1,40,Laos,0
20,?,149548,HS-grad,9,Married-civ-spouse,?,Husband,White,Male,23,0,40,China,0
29,Local-gov,348253,Doctorate,15,Never-married,Prof-specialty,Not-in-family,White,Male,32,1,50,United-States,0
45,Private,267057,1st-4th,2,Married-spouse-absent,Machine-op-inspct,Not-in-family,White,Male,-10,0,40,Mexico,0
74,Private,193314,Bachelors,13,Married-civ-spouse,Prof-specialty,Husband,White,Male,-11,0,58,United-States,1
41,Private,228767,10th,3,Never-married,Machine-op-inspct,Other-relative,Black,Female,12,0,40,Guatemala,0
64,Private,171717,9th,5,Married-civ-spouse,Machine-op-inspct,Husband,Black,Male,0,0,40,Greece,0
30,Local-gov,182322,HS-grad,9,Never-married,Prof-specialty,Not-in-family,White,Female,9,2103,40,United-States,0
21,Private,184378,7th-8th,3,Never-married,Other-service,Not-in-family,White,Male,52,0,40,United-States,0
33,Private,291834,Some-college,10,Divorced,Exec-managerial,Not-in-family,Asian-Pac-Islander,Male,-9,0,49,Cuba,0
42,Private,204690,Prof-school,11,Never-married,Other-service,Other-relative,White,Female,-5,1837,45,United-States,0
39,Private,307359,1st-4th,4,Married-spouse-absent,Exec-managerial,Not-in-family,Other,Male,38,0,40,United-States,0
30,Private,420652,HS-grad,13,Married-civ-spouse,Handlers-cleaners,Husband,White,Male,3,0,40,Mexico,0
34,Local-gov,144109,Assoc-voc,11,Married-civ-spouse,Tech-support,Wife,White,Female,3058,0,40,Columbia,0
34,Private,147148,Some-college,10,Married-civ-spouse,Tech-support,Husband,Amer-Indian-Eskimo,Male,38,0,50,United-States,0
25,Private,201477,7th-8th,3,Never-married,Craft-repair,Unmarried,Other,Female,30,0,40,United-States,0
28,Local-gov,146637,HS-grad,9,Married-civ-spouse,Protective-serv,Husband,Black,Male,5,0,40,England,0
30,Private,417816,HS-grad,9,Married-civ-spouse,Adm-clerical,Wife,Black,Male,10,0,50,Taiwan,0
34,Private,114111,HS-grad,9,Married-civ-spouse,Tech-support,Husband,White,Male,16,0,40,United-States,1
64,Private,183984,Some-college,10,Widowed,Other-service,Not-in-family,White,Female,11,0,40,United-States,0
32,Private,482152,Some-college,10,Married-civ-spouse,Transport-moving,Husband,White,Male,36,1,44,United-States,1
37,?,252264,7th-8th,9,Widowed,?,Unmarried,Black,Female,1,-1,40,Cuba,0
20,Private,326842,Some-college,10,Never-married,Other-service,Not-in-family,Asian-Pac-Islander,Female,36,0,40,Portugal,0
27,Private,237511,HS-grad,9,Never-married,Other-service,Not-in-family,Black,Male,7,1,40,Poland,0
64,Self-emp-inc,206026,Doctorate,15,Married-civ-spouse,Prof-specialty,Husband,White,Male,7910,1,59,United-States,1
36,Private,163209,Bachelors,13,Married-civ-spouse,Prof-specialty,Husband,Asian-Pac-Islander,Male,7,1,40,Vietnam,1
21,Private,95987,12th,6,Never-married,Transport-moving,Own-child,White,Male,3821,1,45,United-States,0
46,Local-gov,287618,HS-grad,9,Married-civ-spouse,Prof-specialty,Wife,Black,Male,15,1,40,United-States,1
35,Self-emp-not-inc,154214,Bachelors,13,Never-married,Exec-managerial,Not-in-family,White,Male,35,0,40,United-States,0
24,Private,168916,Some-college,10,Never-married,Exec-managerial,Unmarried,White,Female,30,1,40,?,0
27,Private,236031,Bachelors,13,Never-married,Prof-specialty,Other-relative,Asian-Pac-Islander,Male,11,1,40,Vietnam,0
27,Private,260532,HS-grad,9,Married-civ-spouse,Machine-op-inspct,Husband,Amer-Indian-Eskimo,Male,-38,0,40,Mexico,0
25,Private,105097,Some-college,10,Married-civ-spouse,Sales,Husband,Asian-Pac-Islander,Male,10,0,40,?,0
25,Private,139654,Assoc-voc,11,Married-civ-spouse,Tech-support,Wife,White,Female,19,0,40,United-States,0
32,Private,250518,HS-grad,9,Married-civ-spouse,Handlers-cleaners,Husband,White,Male,8,0,60,United-States,0
26,State-gov,180862,Preschool,3,Never-married,Tech-support,Not-in-family,Black,Male,2,0,40,United-States,0
40,Private,209330,HS-grad,9,Divorced,Tech-support,Not-in-family,Black,Female,-6,2211,40,United-States,0
31,Without-pay,178856,HS-grad,9,Married-civ-spouse,Transport-moving,Husband,White,Male,-37,1869,40,?,0
58,Private,112024,10th,6,Married-civ-spouse,Craft-repair,Husband,White,Male,29,0,40,United-States,0
67,?,268699,11th,7,Married-civ-spouse,?,Husband,Amer-Indian-Eskimo,Male,14,-1,40,United-States,0
45,Private,152565,HS-grad,9,Married-spouse-absent,Priv-house-serv,Not-in-family,Asian-Pac-Islander,Male,28,-1,50,United-States,0
34,Local-gov,282376,Assoc-acdm,13,Married-civ-spouse,Prof-specialty,Wife,White,Male,-2,0,40,United-States,0
33,Self-emp-not-inc,331641,Assoc-acdm,13,Never-married,Other-service,Not-in-family,White,Female,15,0,40,United-States,0
44,Private,150864,Masters,9,Separated,Prof-specialty,Unmarried,White,Female,27,0,40,United-States,0
27,Private,280483,HS-grad,9,Married-spouse-absent,Adm-clerical,Not-in-family,Asian-Pac-Islander,Female,21,1,40,Philippines,0
54,Private,240973,Masters,14,Married-civ-spouse,Prof-specialty,Husband,White,Male,28,1,40,United-States,0
53,Private,379172,Bachelors,13,Separated,Exec-managerial,Unmarried,White,Female,14,0,40,United-States,0
57,Self-emp-not-inc,162768,Bachelors,13,Married-civ-spouse,Exec-managerial,Husband,White,Male,59,0,45,United-States,1
30,Private,194810,Some-college,10,Never-married,Sales,Own-child,White,Female,11,1,49,United-States,0
22,?,24734,11th,7,Married-AF-spouse,?,Wife,White,Female,2,0,40,United-States,0
51,Self-emp-inc,107414,Prof-school,15,Married-civ-spouse,Prof-specialty,Husband,Asian-Pac-Islander,Male,5547,0,71,Germany,1
35,Private,163566,HS-grad,9,Divorced,Other-service,Unmarried,White,Female,14,0,37,United-States,0
33,Private,159717,Bachelors,13,Never-married,Prof-specialty,Not-in-family,White,Female,58,2109,40,United-States,0
37,Self-emp-inc,220987,HS-grad,9,Married-civ-spouse,Transport-moving,Husband,White,Male,14,1795,68,Mexico,1
39,Private,113135,Some-college,10,Never-married,Protective-serv,Not-in-family,White,Male,25,0,40,United-States,0
31,Self-emp-not-inc,230380,Doctorate,13,Married-civ-spouse,Protective-serv,Husband,White,Male,22,0,65,United-States,0
40,Private,365710,Some-college,10,Divorced,Other-service,Unmarried,White,Female,17,0,40,United-States,0
55,Private,426733,HS-grad,9,Divorced,Adm-clerical,Not-in-family,White,Female,22,0,40,United-States,0
30,Self-emp-not-inc,286107,Bachelors,13,Married-civ-spouse,Prof-specialty,Husband,White,Male,4485,-1,59,United-States,1
49,Private,266160,Doctorate,15,Never-married,Prof-specialty,Not-in-family,Asian-Pac-Islander,Female,5,1,40,Scotland,1
30,Private,198991,HS-grad,9,Never-married,Other-service,Not-in-family,White,Female,23,0,40,United-States,0
64,Self-emp-not-inc,589252,HS-grad,9,Widowed,Sales,Not-in-family,White,Female,31,0,68,United-States,0
35,Private,408640,Doctorate,16,Never-married,Prof-specialty,Not-in-family,White,Male,15,1,58,United-States,0
34,State-gov,216508,HS-grad,9,Married-civ-spouse,Other-service,Not-in-family,Black,Female,21,1,40,Japan,1
19,?,158670,Bachelors,13,Never-married,?,Not-in-family,White,Female,29,0,6,United-States,0
59,Private,181556,Some-college,11,Married-civ-spouse,Tech-support,Husband,White,Male,36,0,40,United-States,0
19,Private,307838,Some-college,10,Never-married,Adm-clerical,Own-child,Asian-Pac-Islander,Male,15,1,30,South,0
41,Self-emp-not-inc,166333,Bachelors,13,Divorced,Craft-repair,Not-in-family,White,Female,17,0,40,United-States,0
32,Private,262491,Bachelors,13,Divorced,Craft-repair,Not-in-family,White,Female,19,-1,40,United-States,0
35,Private,196415,Some-college,10,Married-civ-spouse,Prof-specialty,Husband,White,Male,38,1862,50,United-States,1
84,Private,286923,HS-grad,9,Widowed,Transport-moving,Unmarried,Amer-Indian-Eskimo,Female,1,0,25,United-States,0
46,Self-emp-not-inc,143728,Bachelors,13,Married-civ-spouse,Prof-specialty,Husband,Black,Male,27,0,58,United-States,0
33,Private,356948,Some-college,15,Divorced,Prof-specialty,Not-in-family,White,Male,-22,0,58,United-States,0
25,Private,187644,Assoc-voc,11,Married-civ-spouse,Tech-support,Wife,White,Female,21,1,40,United-States,1
39,Private,277587,Some-college,10,Married-civ-spouse,Prof-specialty,Husband,White,Male,8134,1,40,United-States,1
65,Private,188383,HS-grad,9,Married-civ-spouse,Transport-moving,Husband,White,Male,7,0,40,United-States,0
48,Private,92631,7th-8th,3,Married-civ-spouse,Transport-moving,Wife,White,Female,3649,-1,40,United-States,0
54,Private,161215,Doctorate,16,Married-civ-spouse,Prof-specialty,Wife,White,Male,4291,1,37,?,1
56,Private,196887,11th,5,Married-civ-spouse,Prof-specialty,Wife,White,Male,-17,1,45,Portugal,0
26,Private,108636,11th,7,Never-married,Sales,Not-in-family,White,Male,4,0,40,France,0
53,?,164780,7th-8th,3,Married-civ-spouse,?,Husband,White,Male,3783,-1,40,United-States,0
38,Self-emp-not-inc,200948,10th,6,Married-civ-spouse,Transport-moving,Husband,White,Male,-9,-1,58,United-States,0
32,Private,164421,Some-college,10,Married-civ-spouse,Craft-repair,Not-in-family,White,Male,22,1,58,United-States,1
18,Private,125436,11th,6,Never-married,?,Own-child,Black,Male,18,0,7,United-States,0
56,Self-emp-not-inc,156162,Masters,14,Married-civ-spouse,Exec-managerial,Husband,White,Male,9,0,49,United-States,1
46,Private,186350,HS-grad,9,Divorced,Handlers-cleaners,Not-in-family,Asian-Pac-Islander,Male,25,-1,58,Guatemala,0
33,Private,195174,HS-grad,9,Married-civ-spouse,Other-service,Husband,Asian-Pac-Islander,Female,20,0,40,Mexico,0
30,Private,269957,Some-college,10,Married-civ-spouse,Exec-managerial,Husband,White,Male,26,0,40,India,0
31,Private,189664,HS-grad,9,Never-married,Adm-clerical,Not-in-family,White,Female,-9,1,40,El-Salvador,0
32,Private,165410,Masters,14,Separated,Machine-op-inspct,Unmarried,White,Female,22,-1,40,United-States,0
34,Private,210266,9th,6,Widowed,Craft-repair,Not-in-family,White,Female,18,0,40,United-States,0
50,Private,196429,Masters,14,Married-civ-spouse,Exec-managerial,Wife,White,Female,28,1,40,United-States,0
48,Private,231253,Assoc-voc,11,Separated,Other-service,Unmarried,Black,Female,13,0,40,United-States,0
17,Private,171309,11th,7,Never-married,Handlers-cleaners,Own-child,White,Female,19,0,12,United-States,0
85,?,141072,Assoc-acdm,13,Married-civ-spouse,?,Husband,White,Male,16,0,40,?,0
56,Private,135424,HS-grad,9,Married-civ-spouse,Transport-moving,Husband,White,Male,20,0,45,United-States,0
21,Private,179496,Some-college,10,Never-married,Craft-repair,Own-child,White,Male,11,1,31,United-States,0
23,Federal-gov,101069,Some-college,10,Married-civ-spouse,Exec-managerial,Wife,White,Female,26,0,31,United-States,0
31,Private,305447,Bachelors,13,Married-civ-spouse,Exec-managerial,Husband,White,Male,37,-1,69,United-States,0
33,?,45199,11th,5,Married-AF-spouse,?,Wife,White,Female,0,0,6,United-States,0
37,State-gov,253917,Bachelors,13,Married-civ-spouse,Prof-specialty,Husband,White,Male,38,0,40,United-States,1
25,Private,103099,Some-college,10,Married-civ-spouse,Exec-managerial,Husband,White,Male,23,1840,40,United-States,0
46,Private,145449,HS-grad,9,Married-civ-spouse,Machine-op-inspct,Husband,Asian-Pac-Islander,Male,7,0,40,Hong,0
31,Private,255762,Bachelors,13,Never-married,Adm-clerical,Not-in-family,White,Male,9,0,40,United-States,0
32,Private,185159,12th,16,Never-married,Prof-specialty,Not-in-family,White,Male,34,0,40,United-States,0
58,Self-emp-not-inc,223245,7th-8th,11,Separated,Transport-moving,Unmarried,White,Male,48,0,40,United-States,0
31,Private,180585,1st-4th,2,Never-married,Handlers-cleaners,Not-in-family,White,Male,3844,0,40,Guatemala,0
55,Self-emp-not-inc,215343,HS-grad,9,Married-civ-spouse,Transport-moving,Husband,White,Male,7,0,56,United-States,1
29,?,199939,11th,7,Married-civ-spouse,?,Own-child,White,Male,-7,-1,19,Germany,0
19,Private,63680,HS-grad,9,Never-married,Handlers-cleaners,Own-child,White,Male,25,-1,40,United-States,0
29,Private,255556,HS-grad,14,Separated,Craft-repair,Not-in-family,White,Male,-3,-1,49,United-States,0
48,Private,199943,Some-college,10,Married-civ-spouse,Adm-clerical,Wife,White,Female,14,1,40,United-States,0
18,Private,195717,11th,7,Never-married,Sales,Own-child,White,Male,36,-1,22,United-States,0
73,Self-emp-not-inc,157334,Bachelors,6,Married-civ-spouse,Transport-moving,Husband,White,Male,30,1,49,United-States,1
34,Private,263923,HS-grad,9,Married-civ-spouse,Adm-clerical,Wife,Asian-Pac-Islander,Female,15,1,40,Philippines,0
41,Private,189300,9th,13,Never-married,Prof-specialty,Not-in-family,White,Male,26,0,40,United-States,0
26,Federal-gov,326760,Doctorate,10,Never-married,Prof-specialty,Not-in-family,White,Male,3,0,62,United-States,0
53,Private,258349,5th-6th,3,Widowed,Priv-house-serv,Unmarried,White,Female,26,1,37,Yugoslavia,0
46,Local-gov,108602,Doctorate,16,Separated,Prof-specialty,Unmarried,White,Male,16,0,49,Dominican-Republic,0
53,Private,113739,12th,8,Never-married,Craft-repair,Not-in-family,Black,Male,4345,0,40,United-States,0
35,Private,344052,Assoc-acdm,10,Married-spouse-absent,Craft-repair,Not-in-family,White,Male,9,0,50,England,0
44,Private,329675,Bachelors,13,Married-spouse-absent,Craft-repair,Not-in-family,White,Male,-10,0,40,Mexico,0
41,Private,198080,HS-grad,9,Married-civ-spouse,Exec-managerial,Husband,White,Male,7648,0,50,United-States,1
65,Private,99011,7th-8th,5,Divorced,Other-service,Unmarried,White,Female,-7,1,45,United-States,0
34,Private,249445,Bachelors,13,Married-civ-spouse,Sales,Husband,White,Male,-2,-1,66,United-States,0
78,Self-emp-not-inc,229302,Bachelors,13,Married-civ-spouse,Prof-specialty,Husband,White,Male,27,0,50,United-States,1
27,Private,402223,Bachelors,13,Married-civ-spouse,Exec-managerial,Husband,Asian-Pac-Islander,Male,26,0,40,India,0
29,Self-emp-not-inc,222226,Some-college,10,Never-married,Sales,Not-in-family,White,Male,14,0,50,United-States,0
57,Self-emp-inc,190193,Bachelors,13,Married-civ-spouse,Prof-specialty,Husband,White,Male,21,0,67,United-States,0
51,Private,206601,Some-college,10,Married-civ-spouse,Adm-clerical,Husband,Other,Male,10,0,40,United-States,0
25,?,220274,HS-grad,9,Never-married,?,Own-child,White,Female,-3,-1,23,United-States,0
37,Private,151989,HS-grad,9,Divorced,Handlers-cleaners,Not-in-family,Amer-Indian-Eskimo,Female,-7,0,40,United-States,0
46,Local-gov,218767,Bachelors,13,Divorced,Exec-managerial,Not-in-family,White,Male,18,1,40,United-States,0
36,Private,207304,Some-college,10,Married-civ-spouse,Transport-moving,Husband,White,Male,-7,-1,50,United-States,1
28,Private,290129,Bachelors,13,Never-married,Exec-managerial,Not-in-family,White,Male,8,0,40,United-States,0
36,Private,262306,HS-grad,9,Separated,Craft-repair,Unmarried,White,Male,3,-1,40,United-States,0
23,Private,379375,HS-grad,9,Never-married,Other-service,Other-relative,White,Female,19,0,40,United-States,0
34,Local-gov,78713,Bachelors,13,Never-married,Adm-clerical,Not-in-family,White,Female,8,0,40,United-States,0
88,Local-gov,277456,Masters,14,Never-married,Prof-specialty,Not-in-family,White,Female,-12,0,40,United-States,0
33,?,125947,Bachelors,13,Never-married,?,Not-in-family,White,Female,14,0,40,United-States,0
52,Private,229924,HS-grad,9,Married-civ-spouse,Craft-repair,Husband,White,Male,14,1,40,United-States,0
45,Private,260977,Masters,14,Married-civ-spouse,Prof-specialty,Husband,White,Male,8,1,50,United-States,1
30,Private,587925,Assoc-voc,11,Married-civ-spouse,Adm-clerical,Husband,Black,Male,17,0,45,United-States,0
44,State-gov,201439,Bachelors,13,Separated,Other-service,Unmarried,White,Female,18,0,36,United-States,0
31,Federal-gov,293288,Bachelors,13,Never-married,Adm-clerical,Not-in-family,Asian-Pac-Islander,Male,13,0,40,United-States,0
52,Private,168208,10th,4,Widowed,Other-service,Unmarried,Other,Female,22,0,40,United-States,0
31,Private,217213,HS-grad,9,Married-civ-spouse,Handlers-cleaners,Not-in-family,White,Male,4,0,50,United-States,0
42,Private,202956,Bachelors,13,Married-civ-spouse,Tech-support,Husband,White,Male,7648,0,68,United-States,1
17,Private,211585,HS-grad,9,Never-married,Other-service,Own-child,White,Female,21,0,30,United-States,0
48,Private,213446,Some-college,10,Married-civ-spouse,Other-service,Wife,Black,Female,9,1834,40,United-States,1
82,Federal-gov,123425,Assoc-acdm,12,Married-civ-spouse,Prof-specialty,Not-in-family,White,Male,30,0,68,United-States,1
37,Private,164608,HS-grad,9,Married-civ-spouse,Other-service,Wife,White,Female,9,0,24,United-States,0
59,Without-pay,137398,7th-8th,3,Married-civ-spouse,Farming-fishing,Husband,White,Male,-7,1,40,United-States,0
28,Private,205286,HS-grad,9,Never-married,Other-service,Not-in-family,Black,Female,2,1,37,United-States,0
52,Private,240193,5th-6th,3,Divorced,Craft-repair,Not-in-family,White,Male,27,0,40,Mexico,0
47,Local-gov,211100,Assoc-acdm,12,Divorced,Prof-specialty,Not-in-family,White,Male,26,-1,40,United-States,0
52,Private,318750,HS-grad,9,Married-civ-spouse,Other-service,Wife,Black,Female,-3,0,40,United-States,0
16,Private,337593,Some-college,10,Never-married,Handlers-cleaners,Other-relative,Black,Male,-1,0,30,Mexico,0
28,State-gov,220972,Assoc-acdm,13,Divorced,Adm-clerical,Not-in-family,Black,Female,24,0,37,United-States,0
25,Local-gov,124627,HS-grad,9,Married-civ-spouse,Other-service,Husband,Amer-Indian-Eskimo,Male,-17,0,55,United-States,0
53,Private,249928,Masters,14,Married-civ-spouse,Transport-moving,Husband,White,Male,18,0,40,United-States,1
28,?,225614,Assoc-acdm,13,Married-civ-spouse,?,Husband,White,Female,-11,0,36,United-States,0
55,Self-emp-not-inc,164259,Bachelors,13,Divorced,Exec-managerial,Not-in-family,White,Female,4,0,40,United-States,0
35,Private,118584,Bachelors,13,Married-civ-spouse,Exec-managerial,Husband,Asian-Pac-Islander,Male,8,1,49,Vietnam,0
52,Private,211463,HS-grad,9,Married-civ-spouse,Craft-repair,Husband,White,Male,14,0,45,United-States,0
30,Self-emp-not-inc,167216,HS-grad,13,Never-married,Prof-specialty,Not-in-family,White,Male,3,1873,71,United-States,0
48,Private,323372,HS-grad,9,Married-civ-spouse,Transport-moving,Husband,White,Male,-9,1941,58,United-States,1
52,Federal-gov,382935,Masters,14,Never-married,Prof-specialty,Unmarried,White,Female,0,1798,40,United-States,0
57,Private,220317,5th-6th,2,Separated,Other-service,Unmarried,White,Male,40,0,40,Mexico,0
33,Private,296070,Bachelors,13,Married-civ-spouse,Transport-moving,Husband,White,Male,30,-1,40,Greece,0
51,Private,240733,HS-grad,9,Married-civ-spouse,Transport-moving,Husband,Black,Male,13,1,49,United-States,1
35,Self-emp-inc,188517,HS-grad,9,Married-civ-spouse,Transport-moving,Husband,White,Male,5,-1,59,United-States,0
54,Local-gov,130033,Assoc-acdm,13,Married-civ-spouse,Prof-specialty,Husband,White,Male,23,0,40,United-States,1
40,Private,182931,Some-college,10,Divorced,Other-service,Unmarried,White,Male,26,0,29,United-States,0
22,Private,270234,Some-college,10,Never-married,Tech-support,Not-in-family,White,Male,20,0,40,United-States,0
25,Private,94730,Some-college,10,Never-married,Other-service,Own-child,Asian-Pac-Islander,Male,26,1,40,Philippines,0
34,Self-emp-not-inc,244993,HS-grad,9,Never-married,Farming-fishing,Own-child,White,Male,20,0,73,United-States,0
54,Self-emp-not-inc,577331,Some-college,10,Never-married,Sales,Own-child,White,Male,59,0,10,United-States,0
27,Private,298628,HS-grad,9,Never-married,Transport-moving,Own-child,White,Male,13,0,61,Thailand,0
27,Self-emp-not-inc,185095,Bachelors,13,Never-married,Tech-support,Not-in-family,White,Male,5,0,59,?,1
27,Private,314889,HS-grad,9,Never-married,Exec-managerial,Own-child,Black,Female,19,-1,40,United-States,0
38,Private,336973,HS-grad,9,Married-civ-spouse,Adm-clerical,Husband,Amer-Indian-Eskimo,Female,9,0,40,United-States,0
54,Private,213514,7th-8th,4,Widowed,Prof-specialty,Not-in-family,White,Male,46,0,40,United-States,0
49,Self-emp-not-inc,101182,Some-college,10,Widowed,Farming-fishing,Own-child,White,Male,32,0,40,?,0
47,State-gov,305771,Some-college,10,Married-civ-spouse,Exec-managerial,Husband,White,Male,4,0,57,United-States,0
18,Private,296095,11th,7,Never-married,?,Own-child,White,Male,7,0,19,United-States,0
43,Private,137056,Some-college,10,Married-civ-spouse,Tech-support,Husband,Asian-Pac-Islander,Male,13,0,40,India,0
42,Private,357423,Bachelors,13,Married-civ-spouse,Prof-specialty,Husband,White,Male,8040,1,40,?,1
19,?,163377,11th,7,Never-married,?,Own-child,Black,Female,-3,0,40,United-States,0
71,Private,127894,7th-8th,10,Married-civ-spouse,Other-service,Wife,White,Male,6,0,49,Haiti,0
53,Never-worked,157338,10th,6,Married-civ-spouse,?,Husband,White,Male,25,0,40,United-States,0
53,Private,373973,9th,4,Never-married,Adm-clerical,Not-in-family,Asian-Pac-Islander,Female,17,0,40,Peru,0
72,Self-emp-not-inc,513531,Bachelors,13,Married-civ-spouse,Sales,Husband,White,Male,-13,1,54,United-States,0
35,Private,119484,5th-6th,3,Married-civ-spouse,Craft-repair,Husband,White,Male,4805,0,40,Mexico,1
44,Self-emp-not-inc,181648,Some-college,10,Married-civ-spouse,Craft-repair,Husband,White,Male,20,0,40,United-States,0
31,Private,213335,HS-grad,9,Married-civ-spouse,Other-service,Husband,Black,Male,24,0,40,Canada,0
41,Private,195248,Some-college,10,Divorced,Craft-repair,Not-in-family,White,Female,35,0,50,United-States,0
27,Local-gov,233029,Masters,14,Divorced,Prof-specialty,Not-in-family,White,Female,19,2163,40,United-States,0
34,Private,149030,HS-grad,9,Never-married,Tech-support,Not-in-family,Black,Female,10,0,40,United-States,0
72,Self-emp-not-inc,283760,Bachelors,13,Widowed,?,Unmarried,White,Male,19,0,40,United-States,1
32,Private,229840,HS-grad,9,Married-civ-spouse,Transport-moving,Husband,White,Male,-5,-1,40,United-States,0
31,Private,304981,HS-grad,9,Married-civ-spouse,Craft-repair,Husband,White,Male,18,0,40,United-States,1
66,Self-emp-inc,100182,Doctorate,16,Married-civ-spouse,Prof-specialty,Husband,White,Male,4843,-1,51,United-States,1
33,Private,129704,10th,3,Married-civ-spouse,Machine-op-inspct,Wife,Other,Female,14,0,40,United-States,0
22,Private,181254,HS-grad,9,Never-married,Other-service,Not-in-family,White,Female,2,-1,40,United-States,0
63,Private,202984,Some-college,6,Married-civ-spouse,Craft-repair,Husband,White,Male,8,1,40,United-States,0
43,Self-emp-not-inc,124416,HS-grad,9,Married-civ-spouse,Farming-fishing,Not-in-family,Asian-Pac-Islander,Male,7,1,40,Philippines,0
23,Private,162174,5th-6th,3,Never-married,Prof-specialty,Not-in-family,White,Female,-11,1,37,United-States,0
28,Private,44247,Some-college,10,Married-civ-spouse,Tech-support,Husband,White,Male,17,1,71,United-States,0
21,Private,152786,7th-8th,6,Never-married,Other-service,Own-child,White,Male,20,0,23,United-States,0
34,Private,188636,HS-grad,9,Never-married,Machine-op-inspct,Not-in-family,Asian-Pac-Islander,Female,-15,-1,40,France,0
25,Private,303763,11th,7,Never-married,Tech-support,Not-in-family,White,Female,12,0,40,United-States,0
44,Local-gov,218776,Bachelors,13,Married-civ-spouse,Prof-specialty,Wife,White,Female,7,0,50,United-States,1
56,Private,194695,10th,6,Separated,Machine-op-inspct,Unmarried,White,Female,4029,1,40,United-States,0
64,Private,411870,HS-grad,9,Married-civ-spouse,Craft-repair,Husband,Black,Male,12,-1,56,England,0
45,Private,190998,9th,5,Divorced,Craft-repair,Not-in-family,White,Male,4404,0,40,United-States,0
20,Private,219286,10th,6,Never-married,Handlers-cleaners,Not-in-family,White,Male,27,0,49,United-States,0
54,Private,183631,Some-college,10,Divorced,Craft-repair,Not-in-family,Black,Male,6,1,40,United-States,0
56,Private,204194,HS-grad,5,Widowed,Priv-house-serv,Not-in-family,White,Female,26,-1,40,United-States,0
51,Private,120796,Masters,14,Married-civ-spouse,Craft-repair,Husband,Asian-Pac-Islander,Male,33,0,40,India,0
25,Private,183847,Some-college,10,Never-married,Sales,Own-child,White,Male,4,0,50,United-States,0
42,Self-emp-not-inc,140229,Assoc-acdm,13,Married-civ-spouse,Craft-repair,Husband,White,Male,0,0,64,United-States,0
33,Private,207578,Prof-school,9,Never-married,Tech-support,Not-in-family,Amer-Indian-Eskimo,Female,21,0,50,United-States,0
34,Private,138716,Bachelors,13,Never-married,Sales,Not-in-family,White,Male,25,0,40,Cuba,0
59,Private,210789,Masters,14,Married-civ-spouse,Prof-specialty,Wife,White,Male,4321,0,40,United-States,1
35,Private,228588,HS-grad,14,Never-married,Adm-clerical,Not-in-family,White,Female,14,-1,40,United-States,0
55,Private,172906,10th,6,Separated,Other-service,Unmarried,Amer-Indian-Eskimo,Female,14,0,40,United-States,0
32,Private,155741,Bachelors,13,Married-civ-spouse,Sales,Husband,White,Male,7,0,49,United-States,0
41,Self-emp-inc,39552,HS-grad,9,Married-civ-spouse,Prof-specialty,Husband,White,Male,16,0,68,United-States,1
32,Private,192859,Assoc-acdm,12,Never-married,Adm-clerical,Not-in-family,Black,Female,31,-1,40,United-States,0
51,Self-emp-inc,206465,HS-grad,9,Married-civ-spouse,Transport-moving,Husband,White,Male,26,0,40,United-States,1
44,Private,196450,Bachelors,5,Married-civ-spouse,Machine-op-inspct,Husband,White,Male,3071,1,40,United-States,0
28,Private,197809,Masters,14,Never-married,Prof-specialty,Not-in-family,Asian-Pac-Islander,Male,12,1,68,South,0
54,Local-gov,224843,10th,6,Widowed,Other-service,Not-in-family,Black,Female,30,0,40,United-States,0
54,?,112426,Some-college,10,Married-civ-spouse,?,Husband,White,Male,15,0,30,United-States,0
24,Private,291994,HS-grad,9,Never-married,Handlers-cleaners,Other-relative,White,Female,-7,0,40,?,0
33,Private,154887,HS-grad,9,Married-civ-spouse,Handlers-cleaners,Husband,White,Male,8,0,40,?,0
26,Private,286187,Assoc-acdm,13,Married-civ-spouse,Sales,Husband,White,Male,-3,1,57,United-States,0
50,Private,362697,Some-college,10,Separated,Prof-specialty,Wife,White,Female,24,0,50,United-States,1
39,Private,213288,7th-8th,3,Never-married,Other-service,Not-in-family,White,Male,32,0,40,Hungary,0
53,Private,174050,Assoc-voc,11,Never-married,Exec-managerial,Not-in-family,White,Female,14997,1,40,United-States,1
52,Private,128881,12th,6,Married-civ-spouse,Other-service,Husband,White,Male,11,1,40,United-States,1
44,Federal-gov,217094,Masters,14,Married-civ-spouse,Prof-specialty,Husband,White,Male,7847,-1,40,United-States,1
40,Private,167419,Bachelors,13,Married-civ-spouse,Exec-managerial,Husband,Asian-Pac-Islander,Male,5,0,60,Scotland,1
39,Self-emp-not-inc,302499,Prof-school,15,Married-civ-spouse,Prof-specialty,Husband,White,Male,26,0,22,United-States,1
33,Private,234467,Assoc-voc,11,Married-civ-spouse,Tech-support,Wife,White,Male,17,1,40,United-States,0
34,Private,231163,HS-grad,9,Married-civ-spouse,Tech-support,Husband,White,Male,23,-1,40,United-States,0
16,Private,244028,HS-grad,9,Never-married,Adm-clerical,Own-child,Black,Female,26,0,36,United-States,0
29,Private,147478,Some-college,10,Never-married,Prof-specialty,Not-in-family,White,Female,30,0,68,United-States,0
43,Private,311551,Some-college,10,Divorced,Other-service,Unmarried,Black,Female,23,0,40,United-States,0
73,Self-emp-not-inc,133706,Some-college,6,Married-civ-spouse,Farming-fishing,Husband,White,Male,-12,0,40,United-States,0
29,State-gov,100600,Some-college,10,Married-spouse-absent,Craft-repair,Not-in-family,White,Male,7,1,50,United-States,0
41,Private,265265,Preschool,2,Never-married,Handlers-cleaners,Not-in-family,White,Male,35,0,40,United-States,0
30,Private,240228,Masters,14,Married-civ-spouse,Craft-repair,Wife,White,Female,11,0,45,Columbia,0
33,Private,211530,HS-grad,9,Married-civ-spouse,Handlers-cleaners,Husband,White,Male,23,-1,40,United-States,0
18,?,260879,HS-grad,9,Never-married,?,Own-child,White,Female,7,0,30,United-States,0
49,Private,287060,HS-grad,9,Separated,Other-service,Unmarried,White,Female,34,-1,30,United-States,0
56,Local-gov,297427,Bachelors,13,Married-civ-spouse,Other-service,Wife,Black,Female,5,0,40,United-States,0
39,Private,235250,1st-4th,15,Married-civ-spouse,Prof-specialty,Husband,White,Male,9,0,49,United-States,1
27,Private,310265,Bachelors,13,Divorced,Prof-specialty,Not-in-family,Amer-Indian-Eskimo,Male,6,-1,40,United-States,1
36,Private,150215,HS-grad,9,Married-spouse-absent,Adm-clerical,Unmarried,Black,Female,24,0,22,Mexico,0
29,Federal-gov,313261,Some-college,10,Married-civ-spouse,Tech-support,Husband,White,Male,11,0,40,United-States,0
20,Private,329833,Some-college,10,Never-married,Craft-repair,Own-child,Black,Male,16,0,40,?,0
28,Private,186121,HS-grad,9,Never-married,Other-service,Not-in-family,White,Male,12,0,44,United-States,0
34,Private,196424,HS-grad,9,Never-married,Farming-fishing,Own-child,White,Male,0,0,40,United-States,0
37,Private,206731,Bachelors,13,Never-married,Prof-specialty,Not-in-family,White,Male,32,0,50,United-States,0
23,Private,190332,Bachelors,13,Married-civ-spouse,Exec-managerial,Husband,White,Male,10,0,49,United-States,1
32,Private,319206,HS-grad,9,Separated,Other-service,Not-in-family,White,Male,14,2,51,United-States,0
47,Self-emp-inc,137754,Bachelors,13,Married-civ-spouse,Prof-specialty,Husband,White,Male,8,0,40,United-States,0
69,Private,96849,7th-8th,3,Married-civ-spouse,Sales,Husband,White,Male,4237,0,40,United-States,0
53,State-gov,105152,Bachelors,16,Married-civ-spouse,Prof-specialty,Husband,White,Male,26,0,40,United-States,1
50,Private,208841,Assoc-voc,5,Married-civ-spouse,Transport-moving,Husband,White,Male,5,1,63,United-States,0
40,Private,282887,HS-grad,14,Divorced,Prof-specialty,Unmarried,White,Female,21,1807,40,United-States,0
24,Private,260275,Assoc-voc,10,Married-civ-spouse,Tech-support,Husband,White,Male,14,0,40,United-States,0
24,State-gov,199068,11th,11,Never-married,Prof-specialty,Own-child,White,Female,-2,0,40,United-States,0
46,Private,130227,10th,6,Married-civ-spouse,Other-service,Husband,Asian-Pac-Islander,Male,8,0,35,?,0
57,Private,107858,7th-8th,5,Never-married,Craft-repair,Not-in-family,White,Female,32,0,40,United-States,0
29,Private,219109,HS-grad,9,Never-married,Prof-specialty,Unmarried,Black,Female,16,0,40,United-States,0
24,Self-emp-not-inc,260586,Bachelors,13,Never-married,Prof-specialty,Not-in-family,White,Male,14,0,67,United-States,0
27,Local-gov,240080,Assoc-acdm,12,Never-married,Other-service,Not-in-family,White,Male,28,0,30,United-States,0
30,Private,187767,HS-grad,9,Never-married,Adm-clerical,Not-in-family,Black,Female,25,0,40,Cuba,0
27,Local-gov,255426,Bachelors,13,Married-civ-spouse,Other-service,Wife,White,Female,13,0,40,United-States,0
47,Federal-gov,65849,Some-college,10,Never-married,Machine-op-inspct,Other-relative,Amer-Indian-Eskimo,Male,28,0,40,United-States,0
66,Private,136204,HS-grad,9,Married-spouse-absent,Farming-fishing,Other-relative,White,Female,17,-1,23,United-States,0
58,Private,201618,10th,6,Separated,Other-service,Unmarried,White,Female,17,0,40,United-States,0
35,Private,443383,Some-college,10,Married-civ-spouse,Prof-specialty,Husband,White,Male,26,1,50,United-States,1
52,Private,318366,10th,4,Separated,Handlers-cleaners,Husband,Amer-Indian-Eskimo,Male,5,0,49,Greece,0
52,Local-gov,184317,Masters,14,Married-civ-spouse,Prof-specialty,Not-in-family,White,Male,25,-1,40,United-States,1
39,Private,185105,Some-college,10,Never-married,Other-service,Own-child,White,Male,27,0,40,United-States,0
82,Private,272965,HS-grad,9,Widowed,Exec-managerial,Unmarried,White,Female,3,0,40,United-States,0
39,Private,222985,HS-grad,9,Married-civ-spouse,Exec-managerial,Not-in-family,Asian-Pac-Islander,Female,27,0,40,United-States,1
48,Private,208389,Prof-school,3,Married-civ-spouse,Armed-Forces,Not-in-family,Black,Male,43,1,50,United-States,1
31,Self-emp-not-inc,391814,Some-college,10,Married-civ-spouse,Exec-managerial,Husband,White,Male,7475,0,40,United-States,0
40,Federal-gov,171978,Some-college,10,Widowed,Adm-clerical,Unmarried,White,Female,0,0,40,United-States,0
40,Private,109348,11th,10,Married-civ-spouse,Transport-moving,Husband,White,Male,29,0,40,United-States,0
27,Private,356080,HS-grad,9,Married-civ-spouse,Other-service,Husband,Black,Male,28,0,40,Trinadad&Tobago,0
55,Private,37629,HS-grad,9,Widowed,Craft-repair,Not-in-family,Amer-Indian-Eskimo,Male,21,0,40,United-States,0
36,Private,184321,HS-grad,9,Married-civ-spouse,Transport-moving,Husband,White,Male,-1,1860,40,United-States,0
32,Private,167781,Preschool,14,Never-married,Prof-specialty,Not-in-family,White,Male,16,0,40,England,0
47,Private,175069,Some-college,10,Married-civ-spouse,Prof-specialty,Husband,Asian-Pac-Islander,Male,10,0,40,Portugal,0
62,Private,40305,10th,6,Divorced,Other-service,Unmarried,Black,Female,4211,0,40,United-States,0
20,Private,158865,Some-college,10,Never-married,Other-service,Not-in-family,White,Male,4,0,30,United-States,0
50,State-gov,232104,Bachelors,13,Never-married,?,Not-in-family,White,Female,3909,1,40,United-States,0
19,Private,161559,11th,7,Never-married,Sales,Own-child,White,Female,9,1,9,Dominican-Republic,0
47,Private,269669,HS-grad,9,Never-married,Adm-clerical,Wife,White,Male,16,0,40,United-States,1
47,Private,97478,12th,8,Divorced,Sales,Not-in-family,White,Male,42,0,40,United-States,0
40,Private,213607,HS-grad,9,Married-spouse-absent,Tech-support,Not-in-family,Black,Male,22,-1,40,United-States,0
17,Private,167695,Assoc-voc,11,Never-married,Tech-support,Own-child,White,Male,15,0,50,United-States,0
23,Private,217059,HS-grad,9,Never-married,Machine-op-inspct,Own-child,Black,Female,51,0,21,United-States,0
34,Private,197866,Some-college,10,Never-married,Craft-repair,Not-in-family,White,Male,15,0,40,?,0
23,Private,45476,HS-grad,9,Married-civ-spouse,Transport-moving,Husband,White,Male,-1,-1,70,United-States,0
24,Private,189286,Preschool,1,Never-married,Handlers-cleaners,Not-in-family,White,Male,26,-1,40,Guatemala,0
27,Private,216016,Bachelors,13,Never-married,Exec-managerial,Not-in-family,White,Male,11,0,40,United-States,0
38,Private,210840,Bachelors,10,Divorced,Other-service,Unmarried,White,Female,30,0,40,United-States,0
41,Private,281426,HS-grad,9,Never-married,Farming-fishing,Own-child,White,Female,2,0,36,United-States,0
59,Local-gov,415798,HS-grad,9,Divorced,Handlers-cleaners,Not-in-family,Black,Female,16,0,40,United-States,0
28,Private,238001,Prof-school,15,Married-civ-spouse,Prof-specialty,Husband,White,Male,7834,0,49,Cuba,1
22,Private,240814,Bachelors,13,Never-married,Other-service,Not-in-family,White,Male,-1,0,20,Mexico,0
34,Private,402664,HS-grad,9,Married-civ-spouse,Transport-moving,Husband,Asian-Pac-Islander,Male,14,1,67,Vietnam,1
39,Self-emp-inc,117583,HS-grad,9,Never-married,Exec-managerial,Wife,White,Male,9,0,59,United-States,0
23,Private,232197,11th,7,Never-married,Prof-specialty,Own-child,White,Female,8,0,40,United-States,0
52,Local-gov,407572,Some-college,10,Married-civ-spouse,?,Unmarried,White,Male,37,0,40,United-States,1
57,Self-emp-inc,319412,Masters,14,Married-civ-spouse,Exec-managerial,Husband,White,Male,20,0,50,United-States,1
31,Private,194585,Bachelors,13,Never-married,Adm-clerical,Not-in-family,White,Female,7835,0,30,United-States,0
26,Local-gov,282531,HS-grad,9,Never-married,Protective-serv,Not-in-family,Black,Male,5,0,40,?,0
31,Private,169763,Some-college,10,Never-married,Craft-repair,Other-relative,White,Male,2,0,36,United-States,0
43,Private,233987,Prof-school,6,Married-civ-spouse,Prof-specialty,Husband,White,Male,25,0,49,United-States,1
59,Self-emp-inc,250161,Masters,9,Married-civ-spouse,Adm-clerical,Wife,White,Male,2,-1,40,United-States,0
27,Private,162140,Assoc-voc,11,Married-civ-spouse,Craft-repair,Husband,White,Male,2,1,40,United-States,0
31,Private,179262,7th-8th,3,Never-married,Farming-fishing,Not-in-family,White,Male,11,0,30,?,0
51,Local-gov,156578,Masters,14,Married-civ-spouse,Prof-specialty,Wife,White,Female,4376,1,40,United-States,1
28,Self-emp-not-inc,235828,Some-college,10,Married-civ-spouse,Craft-repair,Husband,White,Male,49,0,61,United-States,1
31,?,211884,Masters,14,Married-civ-spouse,?,Husband,Asian-Pac-Islander,Male,-5,-1,40,United-States,1
35,Private,241048,Some-college,10,Married-civ-spouse,Other-service,Not-in-family,White,Male,15,1,29,Portugal,0
35,?,207174,HS-grad,9,Married-civ-spouse,Tech-support,Wife,White,Female,6,1,13,United-States,0
22,Private,158226,Assoc-voc,11,Never-married,Tech-support,Wife,White,Female,24,1,40,United-States,0
44,Self-emp-inc,227901,Some-college,10,Married-civ-spouse,Exec-managerial,Husband,White,Male,7777,0,59,United-States,0
30,Private,280361,Bachelors,13,Married-civ-spouse,Protective-serv,Husband,Asian-Pac-Islander,Male,23,1,40,Hong,0
32,Local-gov,38503,Some-college,10,Married-civ-spouse,Tech-support,Husband,White,Male,17,0,35,United-States,0
52,State-gov,181282,Assoc-acdm,12,Married-civ-spouse,Prof-specialty,Wife,Asian-Pac-Islander,Male,28,0,37,Ecuador,0
56,Private,242090,HS-grad,9,Married-civ-spouse,Machine-op-inspct,Husband,Black,Female,-6,0,40,?,0
55,Local-gov,197215,Masters,14,Married-civ-spouse,Prof-specialty,Husband,White,Male,4645,0,40,United-States,1
54,Self-emp-not-inc,169178,HS-grad,9,Married-civ-spouse,Farming-fishing,Husband,White,Male,42,1,59,United-States,0
35,Private,243223,Assoc-voc,11,Married-civ-spouse,Craft-repair,Husband,White,Male,1,0,40,United-States,0
42,Private,272918,HS-grad,9,Separated,Other-service,Unmarried,Black,Female,11,0,40,United-States,0
23,Private,290445,5th-6th,3,Married-civ-spouse,Other-service,Own-child,White,Male,21,0,40,El-Salvador,0
53,Private,276960,HS-grad,9,Widowed,Exec-managerial,Unmarried,Black,Female,22,0,40,United-States,1
40,Federal-gov,326236,Doctorate,15,Separated,Prof-specialty,Not-in-family,White,Female,17,0,40,United-States,0
46,Private,187488,10th,6,Married-civ-spouse,?,Husband,White,Male,-8,0,35,United-States,0
69,Private,174149,HS-grad,9,Widowed,Other-service,Not-in-family,White,Female,19,0,31,United-States,0
53,Private,114218,10th,3,Married-spouse-absent,Transport-moving,Unmarried,White,Female,26,0,40,Portugal,1
38,Federal-gov,183115,Some-college,10,Married-civ-spouse,Exec-managerial,Husband,Asian-Pac-Islander,Male,17,1,40,Philippines,0
16,Private,130162,11th,7,Never-married,Other-service,Own-child,White,Female,23,0,10,United-States,0
57,Private,169876,HS-grad,9,Widowed,Priv-house-serv,Unmarried,White,Female,5,0,40,United-States,0
26,Self-emp-not-inc,117238,Some-college,10,Never-married,Sales,Husband,White,Male,17,1818,30,United-States,0
32,Self-emp-not-inc,190315,HS-grad,9,Never-married,Craft-repair,Not-in-family,White,Male,28,1,21,United-States,0
29,Private,181575,Assoc-acdm,12,Never-married,Adm-clerical,Not-in-family,White,Male,29,0,68,United-States,0
42,Private,197661,HS-grad,14,Divorced,Adm-clerical,Not-in-family,White,Male,-2,0,40,United-States,0
26,Private,243569,Bachelors,13,Married-civ-spouse,Sales,Wife,White,Female,-2,0,6,United-States,0
25,Private,300158,HS-grad,9,Separated,Other-service,Not-in-family,White,Female,8,0,45,United-States,0
35,Private,212353,10th,6,Never-married,Other-service,Not-in-family,White,Male,1,0,40,United-States,0
53,Private,206359,10th,6,Married-civ-spouse,Transport-moving,Husband,Black,Male,20,0,40,United-States,0
37,Private,233079,5th-6th,5,Married-spouse-absent,Sales,Other-relative,White,Male,12,0,40,United-States,0
43,Private,180621,5th-6th,6,Separated,Machine-op-inspct,Not-in-family,White,Female,8,0,40,United-States,0
29,Private,338833,Bachelors,13,Never-married,Prof-specialty,Own-child,White,Male,16,-1,40,United-States,0
38,State-gov,122800,Bachelors,13,Married-civ-spouse,Prof-specialty,Husband,Asian-Pac-Islander,Male,40,-1,72,Philippines,1
69,Self-emp-inc,45672,Prof-school,15,Married-civ-spouse,Prof-specialty,Husband,White,Male,7806,1,70,United-States,1
35,Private,156089,Some-college,10,Married-civ-spouse,Adm-clerical,Wife,White,Female,11,1933,30,United-States,0
37,Private,317964,Some-college,10,Married-civ-spouse,Craft-repair,Husband,White,Male,19,0,40,United-States,1
32,Local-gov,143908,Some-college,10,Married-civ-spouse,Prof-specialty,Husband,White,Male,21,1,40,United-States,1
28,Private,251906,Some-college,10,Never-married,Craft-repair,Own-child,White,Male,40,1906,30,United-States,0
28,Private,311722,Bachelors,13,Married-civ-spouse,Transport-moving,Husband,White,Male,8,0,58,United-States,1
35,Private,173678,HS-grad,9,Never-married,Machine-op-inspct,Not-in-family,White,Female,5,0,40,Trinadad&Tobago,0
29,Private,161270,Assoc-voc,11,Married-civ-spouse,Other-service,Wife,White,Female,-1,0,40,United-States,0
26,Private,268951,7th-8th,3,Never-married,Other-service,Other-relative,Black,Female,-8,-1,22,United-States,0
27,Private,115114,Assoc-voc,11,Never-married,Tech-support,Not-in-family,White,Female,8,1,50,United-States,0
60,Private,132785,Some-college,10,Never-married,Craft-repair,Not-in-family,White,Male,16,0,40,United-States,0
58,Private,96432,Doctorate,16,Married-civ-spouse,Prof-specialty,Husband,White,Male,16,0,62,?,1
31,Private,250435,Bachelors,13,Never-married,Farming-fishing,Not-in-family,White,Male,11,1,40,United-States,0
48,?,326991,Some-college,10,Married-civ-spouse,?,Husband,White,Male,5,0,40,United-States,0
74,Private,248398,HS-grad,9,Divorced,Other-service,Not-in-family,Black,Female,8,-1,40,United-States,0
51,State-gov,280253,HS-grad,9,Married-civ-spouse,Prof-specialty,Wife,Amer-Indian-Eskimo,Female,4,0,73,Mexico,0
51,Local-gov,205178,Masters,14,Married-civ-spouse,Exec-managerial,Wife,White,Male,39,0,51,United-States,1
40,Private,219130,Some-college,10,Divorced,Craft-repair,Not-in-family,White,Male,13,1,40,United-States,0
32,Private,236242,HS-grad,9,Married-civ-spouse,Craft-repair,Husband,White,Male,11,1858,40,?,0
51,Private,251589,Some-college,10,Divorced,Exec-managerial,Unmarried,White,Female,17,1,30,Germany,0
36,Private,104577,Assoc-voc,10,Divorced,Exec-managerial,Not-in-family,White,Male,27,0,40,United-States,0
61,Private,205257,Some-college,10,Married-civ-spouse,Transport-moving,Husband,White,Male,7926,0,49,United-States,0
34,Local-gov,231074,10th,5,Married-civ-spouse,Protective-serv,Husband,White,Male,19,0,40,United-States,0
37,Private,226212,Some-college,10,Never-married,Sales,Other-relative,Black,Female,-2,0,20,United-States,0
47,Private,158282,Doctorate,13,Never-married,Prof-specialty,Husband,White,Male,54,1,72,Guatemala,0
34,Private,172453,7th-8th,4,Separated,Craft-repair,Not-in-family,Other,Male,9,1,40,Mexico,0
41,Private,195953,Some-college,10,Married-civ-spouse,Craft-repair,Husband,White,Male,29,0,40,Hong,0
68,Private,54986,10th,5,Widowed,Other-service,Unmarried,White,Female,28,0,23,United-States,0
25,Private,267320,HS-grad,9,Never-married,Machine-op-inspct,Other-relative,White,Male,42,-1,40,?,0
55,Self-emp-not-inc,288744,Bachelors,13,Married-spouse-absent,Other-service,Unmarried,White,Male,37,0,12,United-States,0
32,Private,137632,Some-college,10,Never-married,Adm-clerical,Not-in-family,White,Female,28,-1,40,United-States,0
25,Private,108379,HS-grad,9,Married-civ-spouse,Transport-moving,Husband,White,Male,-13,-1,21,Germany,0
30,Private,167337,HS-grad,9,Married-civ-spouse,Protective-serv,Not-in-family,White,Male,24,1772,40,United-States,1
20,Private,224525,11th,16,Never-married,Prof-specialty,Own-child,White,Female,42,0,36,United-States,0
31,Private,311157,Doctorate,13,Never-married,Prof-specialty,Not-in-family,Black,Male,5,0,40,United-States,0
37,Private,178342,HS-grad,9,Never-married,Other-service,Other-relative,Other,Female,17,-1,40,?,0
43,Private,125447,Some-college,10,Married-civ-spouse,Priv-house-serv,Husband,Black,Female,14,0,40,United-States,0
45,Self-emp-inc,112077,Some-college,10,Married-civ-spouse,Sales,Husband,White,Male,38,1,59,United-States,1
29,Private,298736,Some-college,10,Never-married,Prof-specialty,Not-in-family,White,Male,23,1,40,United-States,0
19,State-gov,106173,Bachelors,13,Never-married,Prof-specialty,Not-in-family,White,Female,13,1,69,United-States,0
36,Private,183485,Masters,4,Never-married,Craft-repair,Not-in-family,White,Male,30,0,40,United-States,0
35,Private,244812,7th-8th,4,Married-civ-spouse,Protective-serv,Husband,White,Male,2,1860,40,United-States,0
48,Private,224161,7th-8th,4,Married-civ-spouse,Transport-moving,Husband,White,Male,21,0,40,United-States,0
19,?,528334,Bachelors,13,Never-married,?,Other-relative,White,Male,6,-1,11,United-States,0
30,Private,191850,Assoc-voc,11,Never-married,Prof-specialty,Not-in-family,White,Male,15,0,50,United-States,0
62,Self-emp-not-inc,106893,HS-grad,9,Married-civ-spouse,Exec-managerial,Husband,White,Male,-4,-1,30,Poland,0
29,Private,103950,Assoc-voc,11,Never-married,Machine-op-inspct,Not-in-family,White,Female,17,0,40,United-States,0
35,Private,175486,HS-grad,9,Married-civ-spouse,Prof-specialty,Husband,White,Male,12,0,40,United-States,1
27,Private,68377,Assoc-voc,11,Never-married,Tech-support,Unmarried,White,Female,21,0,40,United-States,0
37,State-gov,193874,HS-grad,9,Never-married,Tech-support,Own-child,White,Male,-9,1,40,Vietnam,0
17,Private,316905,Some-college,10,Never-married,Craft-repair,Own-child,White,Male,17,0,40,?,0
64,Private,194049,9th,2,Divorced,Machine-op-inspct,Not-in-family,White,Male,3838,0,40,?,0
34,Private,544763,HS-grad,9,Married-civ-spouse,Transport-moving,Husband,Black,Male,29,0,50,United-States,1
51,Private,135834,Some-college,3,Separated,Priv-house-serv,Unmarried,White,Female,43,0,40,United-States,0
28,Private,170519,HS-grad,9,Never-married,Other-service,Not-in-family,White,Female,10,1,40,United-States,0
65,Private,210092,HS-grad,9,Married-civ-spouse,Transport-moving,Husband,White,Male,3,0,40,United-States,0
59,Private,164385,Assoc-voc,11,Married-civ-spouse,Prof-specialty,Husband,White,Male,7,1,40,United-States,1
56,Private,154095,10th,4,Divorced,Other-service,Not-in-family,White,Female,5,-1,40,United-States,0
33,Local-gov,179566,HS-grad,9,Never-married,Other-service,Unmarried,Black,Female,27,0,30,United-States,0
63,Private,48848,5th-6th,2,Married-civ-spouse,Transport-moving,Husband,White,Male,4343,0,40,Mexico,0
48,Local-gov,30351,Some-college,10,Widowed,Other-service,Unmarried,White,Female,20,0,40,United-States,0
55,Private,214796,HS-grad,9,Married-civ-spouse,Other-service,Wife,White,Female,7,0,40,United-States,0
53,Private,140854,Bachelors,6,Married-civ-spouse,Prof-specialty,Husband,White,Male,22,0,40,Laos,0
20,Private,160153,Some-college,10,Never-married,Handlers-cleaners,Own-child,White,Male,1,0,11,United-States,0
33,Private,36744,HS-grad,9,Never-married,Handlers-cleaners,Own-child,White,Female,-1,0,44,Mexico,0
20,Private,260794,11th,13,Never-married,Sales,Own-child,Asian-Pac-Islander,Female,10,0,31,United-States,0
31,Private,207421,Bachelors,9,Divorced,Adm-clerical,Not-in-family,White,Male,10,-1,50,United-States,0
46,Private,100266,11th,7,Never-married,Other-service,Own-child,White,Male,13,0,44,United-States,0
51,Private,213314,HS-grad,9,Married-civ-spouse,Machine-op-inspct,Husband,White,Male,5,1,50,United-States,0
42,Self-emp-not-inc,191833,HS-grad,9,Married-civ-spouse,Farming-fishing,Husband,White,Male,-9,0,40,United-States,0
22,?,246072,Some-college,10,Married-civ-spouse,Other-service,Husband,White,Male,-11,1,4,United-States,0
44,Self-emp-inc,142282,Bachelors,13,Never-married,Prof-specialty,Not-in-family,White,Male,21,0,56,?,0
20,Private,189965,7th-8th,4,Never-married,Machine-op-inspct,Own-child,White,Male,1,0,40,Peru,0
36,Private,148404,HS-grad,9,Married-spouse-absent,Other-service,Not-in-family,White,Female,32,0,50,United-States,0
38,Private,229048,Some-college,10,Never-married,Prof-specialty,Not-in-family,White,Female,4164,1,40,United-States,0
28,Private,343169,Bachelors,13,Never-married,Prof-specialty,Not-in-family,White,Male,12,0,35,United-States,0
63,Private,219361,HS-grad,9,Married-civ-spouse,Farming-fishing,Husband,White,Male,8,0,64,United-States,0
28,?,245090,Bachelors,13,Married-AF-spouse,?,Wife,White,Male,12,0,50,?,0
52,?,55925,Some-college,10,Married-civ-spouse,?,Wife,White,Female,30,0,21,United-States,0
41,Private,245061,7th-8th,4,Married-spouse-absent,Sales,Not-in-family,White,Male,1,-1,40,Poland,0
31,Private,196191,Some-college,10,Married-civ-spouse,Adm-clerical,Husband,White,Female,9,0,55,United-States,0
26,Private,209392,1st-4th,14,Never-married,Transport-moving,Not-in-family,Other,Male,19,0,50,Ecuador,0
21,?,74168,11th,6,Never-married,?,Own-child,Black,Female,-4,-1,40,Jamaica,0
19,Private,186760,11th,7,Never-married,Sales,Own-child,White,Female,25,0,40,United-States,0
60,Self-emp-not-inc,212846,Some-college,10,Widowed,Other-service,Not-in-family,White,Female,14,0,30,United-States,0
33,Local-gov,203110,HS-grad,9,Separated,Other-service,Unmarried,Asian-Pac-Islander,Female,10,0,71,United-States,0
51,Self-emp-not-inc,117734,HS-grad,9,Married-civ-spouse,Prof-specialty,Husband,White,Male,4203,0,58,United-States,1
42,State-gov,176192,10th,6,Married-civ-spouse,Other-service,Unmarried,Black,Male,3881,1,40,United-States,1
37,Private,170570,HS-grad,9,Never-married,Prof-specialty,Not-in-family,Asian-Pac-Islander,Female,29,0,37,Japan,0
16,Private,96328,10th,6,Never-married,Other-service,Own-child,White,Male,5,0,9,United-States,0
44,Private,195598,HS-grad,9,Divorced,Adm-clerical,Unmarried,Black,Female,24,0,50,United-States,0
51,Private,299888,Bachelors,10,Married-civ-spouse,Sales,Husband,White,Male,19,1,40,United-States,1
58,State-gov,104192,Masters,14,Married-civ-spouse,Exec-managerial,Husband,White,Male,40,0,51,United-States,1
53,Self-emp-not-inc,270690,10th,5,Married-civ-spouse,Farming-fishing,Husband,White,Male,13,0,40,United-States,0
23,Local-gov,199905,Assoc-voc,11,Married-civ-spouse,Tech-support,Wife,White,Female,23,1,36,United-States,0
45,Self-emp-not-inc,98036,Some-college,10,Never-married,Prof-specialty,Husband,Asian-Pac-Islander,Male,11,0,50,Taiwan,1
50,Private,258592,1st-4th,4,Divorced,Sales,Not-in-family,Black,Female,5,0,11,Canada,0
35,Private,198056,Some-college,10,Married-civ-spouse,Prof-specialty,Husband,White,Male,3402,-1,63,United-States,1
27,Private,44563,Some-college,10,Never-married,Sales,Own-child,White,Male,30,0,40,United-States,0
41,Private,189885,HS-grad,9,Separated,Machine-op-inspct,Not-in-family,White,Female,9,0,40,United-States,0
53,Self-emp-not-inc,179097,Bachelors,13,Married-civ-spouse,Prof-specialty,Wife,Asian-Pac-Islander,Female,8,0,40,Philippines,0
19,Private,81080,12th,8,Never-married,Other-service,Not-in-family,White,Male,46,0,40,United-States,0
50,Private,110129,7th-8th,6,Married-civ-spouse,Machine-op-inspct,Husband,Asian-Pac-Islander,Male,-17,0,40,United-States,0
65,Private,96800,Some-college,10,Widowed,Sales,Not-in-family,White,Female,14,0,40,United-States,0
27,Private,360818,Prof-school,10,Never-married,Prof-specialty,Not-in-family,Asian-Pac-Islander,Male,23,0,40,India,0
32,Self-emp-not-inc,110916,HS-grad,9,Never-married,Sales,Unmarried,White,Female,-8,-1,40,United-States,0
25,Private,232143,HS-grad,9,Never-married,Transport-moving,Not-in-family,White,Male,2,1837,49,United-States,0
64,Private,121837,HS-grad,9,Widowed,Priv-house-serv,Not-in-family,White,Male,-12,0,44,United-States,0
44,Private,472433,Bachelors,13,Married-civ-spouse,Prof-specialty,Husband,White,Male,-3,0,40,United-States,0
51,Private,201283,HS-grad,9,Divorced,Other-service,Unmarried,White,Female,4,0,40,Dominican-Republic,0
64,Self-emp-not-inc,229394,HS-grad,9,Married-civ-spouse,Farming-fishing,Husband,White,Male,17,0,50,United-States,0
54,State-gov,224765,Some-college,10,Divorced,Craft-repair,Not-in-family,White,Male,6,0,40,United-States,0
33,Private,217742,Some-college,5,Widowed,Other-service,Unmarried,White,Female,22,-1,40,United-States,0
35,Self-emp-inc,253769,Bachelors,13,Married-civ-spouse,Sales,Husband,White,Male,34,0,58,Ireland,1
65,Self-emp-inc,121931,Some-college,4,Widowed,Farming-fishing,Not-in-family,White,Female,36,-1,40,United-States,0
51,Private,156684,HS-grad,14,Married-civ-spouse,Transport-moving,Husband,Black,Male,2,0,40,United-States,0
17,Private,267126,Some-college,10,Never-married,Other-service,Own-child,White,Male,38,0,21,United-States,0
57,Self-emp-not-inc,149543,7th-8th,3,Married-civ-spouse,Transport-moving,Husband,White,Male,3822,0,40,United-States,1
35,Private,328331,HS-grad,9,Married-civ-spouse,Transport-moving,Husband,White,Male,-8,1,40,United-States,1
38,Private,517626,HS-grad,9,Never-married,Handlers-cleaners,Own-child,Amer-Indian-Eskimo,Male,23,0,40,United-States,0
50,Local-gov,280711,Bachelors,11,Never-married,Adm-clerical,Unmarried,White,Female,11,0,40,United-States,0
48,Private,124165,Bachelors,13,Married-civ-spouse,Tech-support,Husband,White,Male,7666,0,45,United-States,1
18,Private,91801,Some-college,10,Never-married,Handlers-cleaners,Own-child,White,Male,22,0,21,United-States,0
64,?,261790,HS-grad,9,Widowed,?,Unmarried,White,Female,-6,0,40,United-States,0
29,Private,373193,HS-grad,9,Divorced,Other-service,Unmarried,White,Female,36,-1,40,United-States,0
55,Private,239445,Prof-school,15,Married-civ-spouse,Prof-specialty,Husband,White,Male,25,0,50,United-States,1
54,Self-emp-not-inc,141667,Assoc-acdm,13,Married-civ-spouse,Other-service,Husband,White,Male,-3,-1,66,United-States,1
63,Local-gov,265676,Masters,14,Married-civ-spouse,Prof-specialty,Husband,White,Male,17,0,65,United-States,0
22,Private,255616,HS-grad,9,Married-spouse-absent,Priv-house-serv,Unmarried,Black,Female,4,0,40,United-States,0
27,Private,174575,Assoc-voc,11,Never-married,Tech-support,Not-in-family,White,Female,7385,1,40,United-States,0
30,Private,228769,Prof-school,6,Never-married,Other-service,Unmarried,Black,Male,8,1,40,United-States,0
18,?,268607,11th,7,Married-civ-spouse,?,Husband,White,Male,2,0,40,United-States,0
31,Private,110996,Bachelors,13,Married-spouse-absent,Prof-specialty,Not-in-family,White,Female,32,1,40,United-States,0
52,Private,219211,12th,5,Married-spouse-absent,Other-service,Not-in-family,White,Male,26,0,40,Vietnam,0
33,Private,86984,HS-grad,10,Married-civ-spouse,Other-service,Husband,Asian-Pac-Islander,Male,18,1848,49,Japan,0
46,Private,227429,Some-college,10,Divorced,Adm-clerical,Unmarried,White,Female,39,0,71,United-States,0
17,Private,264084,HS-grad,9,Never-married,Handlers-cleaners,Own-child,Black,Male,15,1807,40,United-States,0
31,Private,277452,HS-grad,9,Married-civ-spouse,Craft-repair,Other-relative,Asian-Pac-Islander,Female,8,0,40,Outlying-US(Guam-USVI-etc),0
24,Private,202589,Prof-school,11,Married-civ-spouse,Farming-fishing,Husband,Black,Male,6,0,57,United-States,0
45,Federal-gov,120972,HS-grad,9,Married-civ-spouse,Exec-managerial,Husband,White,Male,-10,1,40,United-States,1
25,Private,224538,HS-grad,9,Never-married,Other-service,Not-in-family,Black,Male,10,0,40,Mexico,0
57,Self-emp-not-inc,319208,10th,6,Married-civ-spouse,Farming-fishing,Husband,White,Male,20,0,64,United-States,0
22,?,183462,Some-college,10,Never-married,Handlers-cleaners,Other-relative,White,Female,7,1,40,Guatemala,0
23,Private,187338,Bachelors,13,Married-civ-spouse,Prof-specialty,Husband,White,Male,14,0,40,United-States,1
42,Private,378112,Some-college,15,Never-married,Prof-specialty,Not-in-family,Asian-Pac-Islander,Male,-4,1,58,Philippines,1
28,Private,209233,HS-grad,9,Never-married,Sales,Unmarried,White,Female,27,-1,40,United-States,0
54,Self-emp-not-inc,505971,Some-college,11,Married-civ-spouse,Farming-fishing,Husband,White,Male,28,0,61,United-States,0
41,Private,280248,Bachelors,13,Married-civ-spouse,Adm-clerical,Husband,White,Male,15,0,50,United-States,0
47,Private,178182,HS-grad,9,Married-civ-spouse,Adm-clerical,Husband,White,Male,-10,0,40,United-States,0
47,Private,344110,Some-college,10,Divorced,Sales,Husband,Black,Male,18,0,58,United-States,0
31,Private,219695,HS-grad,9,Never-married,Craft-repair,Not-in-family,White,Male,14,0,40,United-States,0
60,?,45911,Some-college,10,Never-married,?,Own-child,White,Female,17,0,30,United-States,0
67,Private,210033,5th-6th,2,Divorced,Craft-repair,Not-in-family,White,Female,-3,-1,40,Ecuador,0
51,Private,100558,12th,8,Divorced,Machine-op-inspct,Unmarried,White,Female,10,0,40,United-States,0
19,State-gov,268090,Some-college,10,Never-married,Handlers-cleaners,Own-child,White,Female,44,0,40,United-States,0
19,Private,207699,11th,7,Never-married,Other-service,Own-child,White,Male,21,0,8,United-States,0
50,Private,174761,1st-4th,2,Married-civ-spouse,Prof-specialty,Husband,White,Male,42,0,72,United-States,0
33,Local-gov,201600,Preschool,13,Married-civ-spouse,Protective-serv,Husband,White,Male,16,0,40,United-States,0
28,Private,200766,HS-grad,9,Never-married,Farming-fishing,Not-in-family,White,Male,6,-1,40,Thailand,0
61,Private,128924,HS-grad,9,Married-civ-spouse,Sales,Husband,Black,Male,-2,0,36,Cuba,0
50,Private,164063,7th-8th,3,Divorced,Machine-op-inspct,Not-in-family,White,Male,4088,1,40,United-States,0
34,Private,277259,HS-grad,9,Never-married,Protective-serv,Not-in-family,White,Male,5,0,40,United-States,0
53,Private,200590,Some-college,10,Married-civ-spouse,Exec-managerial,Husband,White,Male,25,-1,57,United-States,0
56,Self-emp-not-inc,212678,HS-grad,9,Married-civ-spouse,Farming-fishing,Husband,White,Male,3370,0,65,United-States,0
34,State-gov,188128,HS-grad,9,Divorced,Exec-managerial,Unmarried,White,Female,10,0,40,United-States,0
71,?,197411,HS-grad,9,Married-civ-spouse,?,Wife,White,Female,-14,1,40,England,0
43,Self-emp-not-inc,121490,Bachelors,13,Never-married,Prof-specialty,Not-in-family,White,Male,5,0,50,United-States,0
30,?,39849,HS-grad,9,Married-civ-spouse,?,Husband,White,Male,-4,0,22,United-States,0
30,Private,381440,HS-grad,9,Never-married,Handlers-cleaners,Not-in-family,Black,Male,5,-1,40,United-States,0
28,?,190087,Assoc-acdm,13,Married-AF-spouse,?,Wife,White,Female,0,0,20,United-States,0
23,Self-emp-inc,254827,Bachelors,13,Married-spouse-absent,Exec-managerial,Not-in-family,Black,Male,33,0,40,?,0
33,Private,183259,10th,7,Married-civ-spouse,Exec-managerial,Husband,White,Male,-1,1,40,United-States,1
24,Private,190779,11th,7,Never-married,Other-service,Own-child,White,Female,18,0,49,United-States,0
19,?,249507,Bachelors,13,Married-civ-spouse,?,Husband,White,Male,16,0,40,India,0
35,Local-gov,407198,Bachelors,13,Married-civ-spouse,Protective-serv,Husband,Black,Male,5,0,40,United-States,0
32,Self-emp-not-inc,167161,Bachelors,13,Divorced,Exec-managerial,Unmarried,White,Female,4,0,21,United-States,0
49,State-gov,243157,Assoc-voc,11,Married-civ-spouse,Prof-specialty,Husband,White,Male,26,1,50,United-States,1
32,Private,283242,HS-grad,9,Divorced,Adm-clerical,Unmarried,White,Female,24,0,45,United-States,0
52,Private,172301,10th,6,Married-civ-spouse,Sales,Husband,White,Male,22,1,40,United-States,0
27,Private,145214,HS-grad,9,Never-married,Sales,Own-child,White,Male,-1,0,17,United-States,0
34,Private,167694,Bachelors,13,Married-civ-spouse,Transport-moving,Husband,White,Male,7,-1,55,United-States,1
28,Local-gov,16903,HS-grad,9,Never-married,Other-service,Not-in-family,Amer-Indian-Eskimo,Female,28,0,40,United-States,0
69,State-gov,236294,Some-college,10,Never-married,?,Unmarried,Black,Female,10,0,30,United-States,0
20,?,130597,Masters,10,Married-AF-spouse,?,Wife,White,Female,19,1,6,United-States,0
46,State-gov,101242,Masters,13,Divorced,Prof-specialty,Unmarried,White,Female,1,0,67,England,0
69,State-gov,86584,Some-college,10,Never-married,Exec-managerial,Own-child,White,Female,20,0,40,United-States,0
44,Self-emp-not-inc,118836,Bachelors,13,Married-civ-spouse,Exec-managerial,Husband,Amer-Indian-Eskimo,Male,7829,0,49,United-States,0
52,Private,276863,HS-grad,9,Separated,Other-service,Not-in-family,White,Female,7,1,31,United-States,0
28,Private,246345,Some-college,10,Divorced,Adm-clerical,Not-in-family,White,Male,1,0,45,United-States,0
28,Private,222315,Some-college,10,Never-married,Craft-repair,Not-in-family,White,Male,-23,1,40,United-States,0
33,Private,128015,Bachelors,13,Never-married,Prof-specialty,Not-in-family,White,Female,35,0,31,?,0
23,Private,220943,11th,4,Never-married,Other-service,Own-child,White,Female,25,0,40,United-States,0
74,Private,199804,Bachelors,13,Widowed,Prof-specialty,Not-in-family,White,Female,13,-1,68,United-States,0
38,Self-emp-not-inc,188651,9th,11,Married-civ-spouse,Craft-repair,Husband,White,Male,-11,0,50,United-States,1
54,Private,291230,Bachelors,13,Married-civ-spouse,Sales,Husband,White,Male,25,0,56,United-States,1
29,Private,198911,Some-college,10,Married-civ-spouse,Other-service,Wife,White,Female,-11,-1,55,Philippines,0
36,Local-gov,214863,Bachelors,13,Married-spouse-absent,Prof-specialty,Not-in-family,White,Female,-13,-1,40,United-States,0
30,Private,214562,HS-grad,9,Married-civ-spouse,Craft-repair,Husband,White,Male,10,-1,22,Mexico,1
51,Private,137397,HS-grad,9,Never-married,Other-service,Unmarried,Black,Male,3309,0,40,Haiti,0
53,Private,289538,HS-grad,9,Married-civ-spouse,Exec-managerial,Wife,Black,Female,-24,1,40,United-States,0
25,Local-gov,198534,Bachelors,13,Never-married,Sales,Own-child,White,Female,26,0,40,United-States,0
30,Private,195511,HS-grad,9,Married-civ-spouse,Prof-specialty,Husband,White,Male,15,0,49,United-States,0
27,Private,171276,Assoc-acdm,13,Never-married,Prof-specialty,Not-in-family,White,Male,8,0,45,United-States,0
50,Private,61732,HS-grad,9,Married-civ-spouse,Machine-op-inspct,Husband,White,Female,16,1908,40,United-States,1
43,Private,163657,Some-college,10,Married-civ-spouse,Adm-clerical,Wife,White,Female,28,1,40,United-States,0
19,Self-emp-not-inc,208800,Bachelors,13,Never-married,Protective-serv,Not-in-family,White,Male,29,0,19,United-States,0
52,Self-emp-not-inc,52538,HS-grad,9,Married-civ-spouse,Farming-fishing,Husband,White,Male,19,0,49,United-States,0
36,Private,118600,Bachelors,13,Divorced,Other-service,Unmarried,White,Female,8,0,40,Puerto-Rico,0
29,Private,131614,Bachelors,16,Never-married,Prof-specialty,Not-in-family,White,Female,29,0,36,United-States,0
49,Private,202810,HS-grad,9,Married-civ-spouse,Machine-op-inspct,Husband,White,Male,17,1,40,United-States,1
24,Private,297199,HS-grad,9,Never-married,Farming-fishing,Own-child,Black,Male,8,0,44,United-States,0
31,Private,282942,HS-grad,9,Never-married,Craft-repair,Not-in-family,White,Male,9,1,35,United-States,0
44,Local-gov,180511,Some-college,10,Married-civ-spouse,Protective-serv,Husband,White,Male,7790,0,40,United-States,1
23,Private,229817,5th-6th,3,Never-married,Other-service,Own-child,White,Male,14,1,30,Mexico,0
69,Private,182567,9th,5,Married-civ-spouse,Transport-moving,Husband,White,Male,2768,0,40,United-States,0
21,Private,141919,HS-grad,9,Never-married,Handlers-cleaners,Own-child,White,Male,-6,-1,40,United-States,0
30,Self-emp-not-inc,214762,Bachelors,13,Never-married,Prof-specialty,Not-in-family,White,Male,14,0,31,United-States,0
52,Private,231791,9th,6,Married-civ-spouse,Farming-fishing,Husband,White,Male,15,0,40,United-States,1
50,State-gov,82834,Prof-school,15,Married-civ-spouse,Prof-specialty,Husband,White,Male,15349,1,75,United-States,1
18,Private,289354,HS-grad,9,Never-married,Other-service,Own-child,Black,Female,34,1,22,United-States,0
32,Federal-gov,115009,HS-grad,9,Married-civ-spouse,Craft-repair,Husband,White,Male,7,0,40,United-States,1
49,Private,237693,Masters,14,Married-civ-spouse,Prof-specialty,Husband,White,Male,7703,0,46,United-States,1
60,Private,102609,10th,6,Widowed,Craft-repair,Not-in-family,Black,Female,6,0,40,United-States,0
33,Private,52869,HS-grad,9,Never-married,Farming-fishing,Not-in-family,Black,Male,15,0,40,United-States,0
45,Private,201104,10th,6,Never-married,?,Not-in-family,White,Male,11,0,40,United-States,0
18,?,269308,Assoc-acdm,13,Never-married,?,Own-child,White,Female,23,0,8,United-States,0
25,Federal-gov,524612,HS-grad,9,Divorced,Handlers-cleaners,Not-in-family,White,Male,9,0,40,United-States,0
52,Private,225800,HS-grad,9,Married-civ-spouse,Transport-moving,Husband,Black,Male,3,0,40,United-States,0
41,Private,93159,10th,5,Married-civ-spouse,Craft-repair,Husband,White,Male,14,1,58,United-States,1
51,Private,247108,HS-grad,9,Married-civ-spouse,Farming-fishing,Husband,White,Male,8,0,44,United-States,0
29,Private,344929,Some-college,10,Never-married,Prof-specialty,Own-child,Black,Male,-8,1,40,Jamaica,0
31,Private,82145,11th,3,Never-married,Other-service,Not-in-family,Black,Male,6,0,40,Canada,0
23,?,195738,HS-grad,9,Never-married,?,Not-in-family,White,Female,3,0,30,United-States,0
40,Private,135082,Some-college,10,Married-civ-spouse,Prof-specialty,Husband,Asian-Pac-Islander,Male,20,1,40,South,1
20,?,229962,HS-grad,9,Never-married,?,Other-relative,Black,Male,-22,-1,40,United-States,0
32,Private,129729,Some-college,10,Married-civ-spouse,Prof-specialty,Husband,White,Male,7936,1931,40,United-States,1
37,Private,246043,5th-6th,5,Married-civ-spouse,Machine-op-inspct,Husband,Black,Male,21,0,40,Columbia,0
28,Private,265145,HS-grad,9,Widowed,Exec-managerial,Not-in-family,Asian-Pac-Islander,Female,16,1,40,Columbia,0
17,Private,130891,HS-grad,9,Never-married,?,Own-child,Black,Male,34,0,22,?,0
33,Private,157594,Bachelors,13,Never-married,Other-service,Not-in-family,White,Male,6,0,40,United-States,0
23,?,352330,11th,7,Never-married,?,Own-child,White,Female,1,-1,11,United-States,0
30,Private,265083,11th,13,Divorced,Prof-specialty,Not-in-family,White,Female,-2,0,40,United-States,0
40,Private,111633,Some-college,10,Never-married,Adm-clerical,Own-child,White,Female,43,0,40,United-States,0
55,Self-emp-inc,181947,Masters,14,Married-civ-spouse,Exec-managerial,Husband,Amer-Indian-Eskimo,Male,42,0,40,United-States,1
19,Self-emp-not-inc,216503,Assoc-voc,11,Never-married,Other-service,Own-child,Amer-Indian-Eskimo,Female,4,0,50,United-States,0
45,Private,147652,HS-grad,9,Married-civ-spouse,Machine-op-inspct,Husband,White,Male,-5,0,40,United-States,0
58,Local-gov,191463,HS-grad,9,Married-civ-spouse,Adm-clerical,Husband,White,Male,31,1829,40,Canada,1
31,Private,119760,Bachelors,13,Never-married,Other-service,Not-in-family,White,Female,39,0,40,United-States,0
64,Private,226038,Bachelors,13,Married-civ-spouse,Prof-specialty,Wife,White,Female,11,1,40,Puerto-Rico,1
55,Private,225265,12th,6,Married-civ-spouse,Craft-repair,Husband,White,Male,25,1,50,United-States,0
23,Local-gov,304100,1st-4th,4,Married-civ-spouse,Other-service,Wife,Black,Female,13,1820,57,El-Salvador,0
35,Private,217101,5th-6th,3,Married-civ-spouse,Other-service,Husband,White,Female,-16,-1,40,Trinadad&Tobago,0
74,Federal-gov,299678,Assoc-acdm,12,Married-spouse-absent,Exec-managerial,Not-in-family,White,Male,25,0,40,United-States,0
67,Self-emp-not-inc,52839,Some-college,10,Widowed,Tech-support,Not-in-family,White,Male,10,0,40,United-States,0
32,Private,217616,Some-college,10,Never-married,Prof-specialty,Own-child,Black,Male,35,0,50,United-States,0
40,Private,190898,Prof-school,6,Married-civ-spouse,Transport-moving,Husband,White,Male,11,0,40,France,0
43,Private,260522,9th,5,Separated,Craft-repair,Not-in-family,White,Male,4745,0,50,United-States,0
28,Private,208342,HS-grad,9,Never-married,Other-service,Not-in-family,White,Male,7,0,40,Mexico,0
34,Federal-gov,155704,Bachelors,13,Never-married,Adm-clerical,Not-in-family,White,Male,-3,0,50,United-States,0
22,Private,598719,Some-college,10,Never-married,Tech-support,Not-in-family,White,Male,11,0,50,United-States,0
22,Private,258287,Assoc-voc,11,Never-married,Tech-support,Own-child,White,Female,40,0,38,United-States,0
25,Private,253438,Some-college,10,Never-married,Craft-repair,Not-in-family,White,Female,33,-1,10,United-States,0
57,Private,144488,Masters,14,Never-married,Sales,Not-in-family,White,Female,8,0,40,Greece,0
31,Private,266907,Prof-school,15,Married-spouse-absent,Prof-specialty,Not-in-family,Asian-Pac-Islander,Male,8,2072,36,Vietnam,0
32,Self-emp-not-inc,230845,Some-college,10,Married-civ-spouse,Sales,Other-relative,White,Male,55,0,40,United-States,0
30,Private,51353,HS-grad,9,Never-married,Handlers-cleaners,Not-in-family,Amer-Indian-Eskimo,Male,8,-1,40,United-States,0
30,Private,173134,HS-grad,9,Never-married,Other-service,Not-in-family,Other,Male,13,0,36,United-States,0
27,Private,188812,HS-grad,9,Married-civ-spouse,Transport-moving,Husband,White,Male,3,0,40,United-States,0
28,Private,212973,Some-college,10,Married-civ-spouse,Craft-repair,Husband,White,Male,3,0,69,Puerto-Rico,0
39,Local-gov,183200,Bachelors,13,Never-married,Prof-specialty,Own-child,Black,Male,0,0,40,United-States,0
26,Private,189778,Some-college,9,Married-spouse-absent,Priv-house-serv,Not-in-family,White,Male,28,-1,40,?,0
55,Private,282680,10th,6,Divorced,Other-service,Unmarried,White,Female,13,0,40,United-States,0
34,Self-emp-not-inc,299072,Bachelors,13,Married-civ-spouse,Prof-specialty,Husband,White,Male,28,0,45,United-States,0
24,Private,197639,10th,6,Never-married,Transport-moving,Own-child,White,Male,31,0,40,United-States,0
54,State-gov,372752,HS-grad,9,Married-civ-spouse,Adm-clerical,Husband,White,Male,7,0,40,United-States,0
17,Private,202230,HS-grad,9,Never-married,Tech-support,Not-in-family,White,Female,19,0,40,United-States,0
63,Self-emp-not-inc,43517,Some-college,10,Married-civ-spouse,?,Husband,Black,Male,26,0,30,United-States,0
34,Local-gov,450754,Some-college,10,Married-civ-spouse,Protective-serv,Husband,White,Male,-1,0,49,United-States,0
62,Without-pay,100713,12th,4,Married-civ-spouse,Transport-moving,Husband,White,Male,9,1782,50,United-States,0
30,Private,265816,Bachelors,13,Married-civ-spouse,Machine-op-inspct,Wife,White,Male,5,0,40,Hungary,0
44,Private,350807,Assoc-acdm,13,Separated,Prof-specialty,Unmarried,White,Male,0,0,45,United-States,0
58,Self-emp-inc,121442,Prof-school,15,Married-civ-spouse,Prof-specialty,Husband,Asian-Pac-Islander,Male,7826,0,50,Italy,1
40,Local-gov,247012,Bachelors,13,Separated,Exec-managerial,Unmarried,Black,Female,9,-1,40,United-States,0
22,Private,159629,9th,4,Never-married,Prof-specialty,Not-in-family,White,Male,6,0,40,United-States,0
44,Private,135679,Bachelors,13,Married-civ-spouse,Prof-specialty,Husband,Asian-Pac-Islander,Male,7564,0,60,Philippines,1
53,Private,186100,10th,6,Married-civ-spouse,Priv-house-serv,Husband,White,Female,3,0,30,?,0
40,Private,215164,HS-grad,9,Separated,Tech-support,Not-in-family,Black,Male,19,1,40,United-States,0
59,?,226397,7th-8th,6,Married-civ-spouse,?,Husband,White,Male,4662,0,40,United-States,0
18,Private,187488,Bachelors,13,Never-married,Sales,Own-child,White,Male,47,0,8,United-States,0
18,Private,54181,11th,7,Never-married,Other-service,Not-in-family,White,Male,14,-1,40,United-States,0
48,Self-emp-inc,242879,Bachelors,13,Married-civ-spouse,Exec-managerial,Husband,Other,Male,7915,0,40,United-States,1
32,Private,162551,Some-college,10,Married-civ-spouse,Adm-clerical,Wife,White,Female,14,1,13,United-States,0
52,Private,166387,Some-college,10,Married-civ-spouse,Exec-managerial,Husband,White,Male,8116,1,50,United-States,1
18,Private,221306,HS-grad,9,Never-married,Craft-repair,Not-in-family,White,Male,0,1763,19,United-States,0
52,Private,203100,Bachelors,13,Married-civ-spouse,Handlers-cleaners,Husband,White,Male,4,0,40,United-States,0
27,?,291532,Assoc-acdm,5,Never-married,?,Husband,Black,Male,-14,-1,40,El-Salvador,0
39,Private,471675,HS-grad,9,Married-civ-spouse,Exec-managerial,Husband,White,Male,25,1,40,United-States,0
17,?,265491,HS-grad,9,Never-married,?,Own-child,White,Female,30,0,15,United-States,0
22,Private,219591,11th,7,Never-married,Sales,Own-child,White,Female,27,0,11,United-States,0
28,Private,248534,HS-grad,9,Never-married,Farming-fishing,Not-in-family,White,Male,-9,0,45,United-States,0
60,Private,107949,Doctorate,16,Married-civ-spouse,Prof-specialty,Husband,White,Male,15061,0,50,?,1
34,Local-gov,223588,HS-grad,9,Never-married,Adm-clerical,Wife,White,Female,29,0,40,United-States,0
80,Self-emp-not-inc,213122,Bachelors,13,Never-married,Craft-repair,Not-in-family,White,Male,25,0,40,United-States,0
23,Private,295976,HS-grad,9,Never-married,Other-service,Not-in-family,Black,Female,21,0,40,Dominican-Republic,0
29,Private,327958,HS-grad,9,Married-civ-spouse,Prof-specialty,Husband,White,Male,2,1,40,United-States,1
32,Private,87307,12th,6,Married-civ-spouse,Craft-repair,Husband,White,Male,3707,1,36,United-States,0
19,Private,111680,Some-college,10,Never-married,Handlers-cleaners,Own-child,White,Male,12,-1,31,United-States,0
28,Private,206242,HS-grad,9,Never-married,Handlers-cleaners,Not-in-family,White,Female,-7,0,40,United-States,0
44,Private,279660,Masters,14,Married-civ-spouse,Prof-specialty,Wife,White,Female,36,0,40,United-States,1
36,Private,308726,Bachelors,13,Married-civ-spouse,Craft-repair,Husband,White,Male,23,0,44,Guatemala,1
18,Private,183437,Masters,14,Never-married,Transport-moving,Own-child,White,Male,30,0,40,United-States,0
26,Private,131704,Some-college,10,Never-married,Prof-specialty,Not-in-family,White,Male,20,0,40,United-States,0
23,Private,294871,HS-grad,9,Never-married,Exec-managerial,Not-in-family,White,Male,16,0,49,United-States,0
30,Private,179282,HS-grad,9,Married-civ-spouse,Other-service,Husband,Asian-Pac-Islander,Male,28,0,40,Philippines,0
56,Private,211435,12th,8,Divorced,Transport-moving,Not-in-family,Black,Male,-1,-1,40,United-States,0
37,Private,137354,HS-grad,9,Married-civ-spouse,Adm-clerical,Wife,Black,Female,-14,0,40,United-States,0
34,Private,134784,Bachelors,13,Never-married,Other-service,Not-in-family,White,Female,9,0,30,United-States,0
30,Federal-gov,189237,Some-college,10,Divorced,Adm-clerical,Unmarried,White,Male,23,0,40,United-States,0
42,Federal-gov,187966,HS-grad,9,Never-married,Prof-specialty,Not-in-family,White,Male,9,2129,40,United-States,1
43,Self-emp-not-inc,154625,Bachelors,13,Married-civ-spouse,Prof-specialty,Husband,White,Male,17,0,40,United-States,1
54,Private,306810,9th,9,Married-civ-spouse,Priv-house-serv,Husband,Black,Male,6,0,40,?,0
48,Private,45812,HS-grad,9,Married-civ-spouse,Transport-moving,Husband,White,Male,21,0,37,Thailand,0
28,?,290920,HS-grad,9,Never-married,Other-service,Unmarried,White,Female,13,0,40,United-States,0
17,Private,76494,11th,7,Never-married,Sales,Own-child,White,Male,35,0,15,United-States,0
34,Private,241907,HS-grad,9,Never-married,Farming-fishing,Not-in-family,Asian-Pac-Islander,Female,13,0,59,Japan,0
46,Private,362975,HS-grad,9,Separated,Craft-repair,Not-in-family,White,Male,-8,0,40,United-States,0
46,Private,138905,Some-college,10,Separated,Other-service,Not-in-family,Black,Female,4,1857,40,United-States,0
27,Local-gov,215106,Assoc-acdm,12,Never-married,Other-service,Unmarried,White,Female,2,0,40,United-States,0
36,Private,238880,1st-4th,1,Never-married,Handlers-cleaners,Unmarried,White,Male,25,1,40,Mexico,0
61,Private,127022,7th-8th,6,Married-civ-spouse,Machine-op-inspct,Husband,White,Male,27,0,40,United-States,0
25,Private,192199,Assoc-voc,11,Never-married,Prof-specialty,Not-in-family,White,Female,38,1,50,United-States,0
36,Federal-gov,485000,Bachelors,13,Never-married,Adm-clerical,Not-in-family,Black,Male,17,0,45,?,0
44,Private,271286,Some-college,10,Married-spouse-absent,Craft-repair,Not-in-family,White,Male,-10,0,40,United-States,0
42,Never-worked,208224,Assoc-acdm,13,Divorced,Craft-repair,Not-in-family,White,Male,7,0,49,United-States,0
58,Local-gov,245721,Masters,14,Divorced,Exec-managerial,Not-in-family,White,Female,21,-1,35,United-States,0
18,?,182166,Some-college,10,Married-civ-spouse,?,Husband,White,Male,14,1,49,United-States,0
21,Private,198510,12th,8,Never-married,Other-service,Unmarried,White,Female,10,-1,8,United-States,0
32,Private,222361,10th,6,Divorced,Other-service,Husband,White,Male,40,0,56,United-States,0
19,?,511800,11th,7,Married-civ-spouse,?,Husband,White,Male,-14,0,10,?,0
29,Private,137874,HS-grad,9,Divorced,Adm-clerical,Unmarried,White,Female,3,0,24,United-States,0
64,Private,204230,Masters,9,Married-civ-spouse,Tech-support,Husband,White,Male,11,0,40,United-States,1
58,Private,198766,HS-grad,10,Divorced,Adm-clerical,Unmarried,White,Male,27,1,40,United-States,0
42,Federal-gov,221024,Bachelors,13,Married-civ-spouse,Sales,Husband,White,Male,4,0,40,United-States,1
44,Private,288193,Bachelors,13,Divorced,Other-service,Unmarried,White,Female,35,-1,40,United-States,0
56,Self-emp-inc,205011,Bachelors,13,Married-civ-spouse,Prof-specialty,Husband,White,Male,8089,-1,57,United-States,1
35,Private,116501,HS-grad,9,Divorced,Other-service,Unmarried,White,Male,20,0,30,United-States,0
28,Private,124606,5th-6th,14,Married-spouse-absent,Exec-managerial,Not-in-family,Asian-Pac-Islander,Female,-1,0,40,El-Salvador,0
34,Private,277829,Some-college,10,Divorced,Craft-repair,Not-in-family,White,Male,0,0,49,United-States,0
38,Self-emp-inc,419917,Doctorate,11,Married-civ-spouse,Prof-specialty,Husband,White,Male,49,0,50,Germany,1
48,Private,190451,Doctorate,16,Married-civ-spouse,Prof-specialty,Husband,White,Male,4023,1,69,?,1
54,Private,204795,9th,5,Divorced,Craft-repair,Unmarried,White,Male,5096,0,40,United-States,0
60,?,190017,10th,6,Widowed,Other-service,Unmarried,Black,Female,11,0,40,United-States,0
29,?,211411,11th,7,Never-married,?,Not-in-family,White,Female,6,0,8,United-States,0
40,Local-gov,165125,Some-college,10,Married-civ-spouse,Adm-clerical,Not-in-family,White,Female,29,0,40,United-States,0
51,Self-emp-not-inc,284809,HS-grad,9,Married-civ-spouse,Farming-fishing,Husband,Black,Male,9,0,16,United-States,0
33,Private,226728,HS-grad,9,Married-civ-spouse,Exec-managerial,Wife,White,Male,19,0,50,United-States,0
70,Self-emp-inc,262918,Bachelors,13,Widowed,Prof-specialty,Not-in-family,White,Female,2,0,64,United-States,0
18,Private,225978,Bachelors,13,Never-married,Sales,Own-child,White,Male,7,-1,10,United-States,0
57,State-gov,124851,Doctorate,16,Never-married,Prof-specialty,Not-in-family,White,Male,18,1,51,United-States,1
75,Never-worked,227724,HS-grad,9,Married-civ-spouse,?,Husband,White,Male,-9,0,57,India,1
34,Self-emp-inc,131505,HS-grad,9,Married-civ-spouse,Exec-managerial,Husband,White,Male,46,-1,60,United-States,1
64,Self-emp-not-inc,258156,Some-college,10,Married-civ-spouse,Protective-serv,Husband,Amer-Indian-Eskimo,Male,41,0,30,United-States,0
56,Self-emp-not-inc,197340,HS-grad,11,Married-civ-spouse,Farming-fishing,Husband,White,Female,19,0,37,United-States,1
26,Private,48834,Bachelors,13,Never-married,Adm-clerical,Unmarried,White,Female,28,0,40,Yugoslavia,0
87,Private,153705,HS-grad,9,Separated,Exec-managerial,Unmarried,Black,Female,-9,0,40,United-States,0
44,Private,214459,HS-grad,9,Never-married,?,Own-child,Black,Female,7,0,40,United-States,0
34,Private,279422,HS-grad,9,Married-civ-spouse,Craft-repair,Husband,White,Male,5,1,40,United-States,0
24,Private,283106,HS-grad,9,Never-married,Other-service,Not-in-family,White,Female,8,0,36,United-States,0
31,Private,190053,HS-grad,9,Married-civ-spouse,Machine-op-inspct,Husband,Black,Male,-7,0,60,United-States,0
56,?,256105,10th,5,Married-civ-spouse,?,Husband,White,Male,9,1,40,United-States,0
20,Private,120223,Some-college,10,Never-married,Tech-support,Not-in-family,Asian-Pac-Islander,Male,14,0,64,?,0
62,Private,193436,1st-4th,3,Widowed,Priv-house-serv,Not-in-family,White,Female,-3,-1,40,United-States,0
57,Self-emp-inc,115472,Prof-school,15,Married-civ-spouse,Prof-specialty,Husband,Asian-Pac-Islander,Male,45,0,68,?,1
42,Private,137146,Prof-school,15,Divorced,Prof-specialty,Not-in-family,White,Female,42,0,40,United-States,0
38,Self-emp-inc,211219,Prof-school,15,Married-civ-spouse,Prof-specialty,Husband,Asian-Pac-Islander,Male,15542,0,57,Ecuador,1
29,Local-gov,197978,Bachelors,13,Never-married,Adm-clerical,Other-relative,White,Male,20,0,40,United-States,0
72,Private,239357,HS-grad,9,Widowed,Other-service,Not-in-family,Black,Female,21,-1,40,United-States,0
36,Local-gov,215582,Masters,14,Never-married,Prof-specialty,Not-in-family,White,Female,28,0,40,United-States,0
43,?,202912,HS-grad,9,Never-married,?,Other-relative,White,Male,-25,0,40,United-States,0
33,Private,115201,HS-grad,9,Never-married,Exec-managerial,Not-in-family,White,Male,7,0,40,United-States,0
28,Local-gov,270395,Bachelors,13,Never-married,Adm-clerical,Not-in-family,White,Male,27,0,40,United-States,0
46,Private,40228,1st-4th,3,Never-married,Machine-op-inspct,Not-in-family,White,Male,-4,1,40,United-States,0
32,Private,158812,Some-college,10,Never-married,Other-service,Not-in-family,Asian-Pac-Islander,Male,10,0,40,France,1
53,Private,207778,Preschool,1,Never-married,Other-service,Not-in-family,White,Female,27,-1,40,Mexico,0
53,Private,273117,Masters,14,Married-civ-spouse,Prof-specialty,Husband,Asian-Pac-Islander,Male,7972,0,75,China,1
44,Private,132374,Some-college,10,Separated,Other-service,Unmarried,White,Male,39,0,40,United-States,0
42,Private,279223,Some-college,10,Married-civ-spouse,Transport-moving,Husband,White,Male,22,0,40,United-States,1
64,Private,32407,9th,3,Divorced,Handlers-cleaners,Not-in-family,White,Male,4787,0,40,United-States,0
36,State-gov,182019,Prof-school,16,Never-married,Prof-specialty,Husband,White,Male,27,1,50,United-States,0
27,Private,173173,Bachelors,13,Separated,Sales,Unmarried,Black,Female,3,0,63,United-States,0
45,Federal-gov,107452,Some-college,10,Married-civ-spouse,Craft-repair,Husband,White,Male,7657,1787,68,United-States,1
36,Private,109551,HS-grad,9,Married-civ-spouse,Transport-moving,Husband,White,Male,18,0,49,Japan,1
55,Private,209018,5th-6th,3,Married-civ-spouse,Craft-repair,Husband,Other,Male,18,1,40,Mexico,0
57,Private,96211,1st-4th,2,Never-married,Other-service,Not-in-family,White,Male,33,0,40,Dominican-Republic,0
21,?,231524,HS-grad,9,Never-married,?,Own-child,White,Female,12,-1,13,United-States,0
24,Self-emp-not-inc,331927,Masters,15,Never-married,Other-service,Own-child,Asian-Pac-Islander,Male,3,0,70,United-States,0
62,Private,178626,5th-6th,4,Divorced,Other-service,Unmarried,Black,Female,14,-1,40,United-States,0
23,Private,207669,HS-grad,9,Never-married,Other-service,Not-in-family,Black,Female,1,0,40,United-States,0
23,Private,128097,Some-college,10,Never-married,Handlers-cleaners,Own-child,White,Female,3,0,40,United-States,0
36,State-gov,164384,HS-grad,9,Never-married,Other-service,Not-in-family,White,Male,14,0,40,United-States,0
34,Self-emp-not-inc,110659,HS-grad,9,Married-civ-spouse,Craft-repair,Not-in-family,Black,Male,22,0,66,United-States,0
31,Private,59472,Some-college,10,Married-civ-spouse,Sales,Husband,White,Male,7697,1833,58,United-States,1
50,Private,324248,HS-grad,9,Married-civ-spouse,Transport-moving,Husband,White,Male,4,0,55,Mexico,0
34,Private,231841,HS-grad,9,Never-married,Transport-moving,Not-in-family,Black,Male,34,-1,40,United-States,0
32,Federal-gov,168539,HS-grad,9,Separated,Prof-specialty,Unmarried,White,Female,-19,2084,40,United-States,0
32,Private,188055,Bachelors,5,Married-civ-spouse,Prof-specialty,Husband,Asian-Pac-Islander,Male,13,0,40,India,0
39,Private,175131,Some-college,10,Divorced,Protective-serv,Unmarried,Asian-Pac-Islander,Female,24,0,40,United-States,0
32,Federal-gov,28198,HS-grad,9,Never-married,Farming-fishing,Not-in-family,White,Male,15,0,40,United-States,0
60,Private,236201,5th-6th,2,Married-civ-spouse,Machine-op-inspct,Husband,White,Male,-2,0,40,Mexico,0
37,Private,233427,7th-8th,4,Married-civ-spouse,Transport-moving,Husband,White,Male,1,0,40,United-States,1
50,Self-emp-not-inc,261163,Some-college,10,Married-civ-spouse,Craft-repair,Husband,White,Male,3370,0,40,United-States,0
57,Private,283501,Doctorate,11,Married-civ-spouse,Transport-moving,Husband,White,Male,15,0,40,United-States,0
54,Private,400812,12th,8,Married-civ-spouse,Transport-moving,Unmarried,White,Male,2,-1,40,United-States,0
20,Private,259720,HS-grad,9,Never-married,Adm-clerical,Own-child,Black,Female,2,-1,31,United-States,0
20,?,237613,HS-grad,9,Married-AF-spouse,?,Wife,White,Female,0,0,20,United-States,0
27,Private,180707,HS-grad,9,Married-civ-spouse,Transport-moving,Own-child,White,Male,10,0,59,United-States,0
35,Private,602322,HS-grad,9,Married-civ-spouse,Sales,Husband,White,Male,10,0,40,United-States,0
17,Private,292761,Some-college,6,Never-married,Other-service,Own-child,White,Male,-10,0,30,United-States,0
32,Private,129488,10th,7,Married-civ-spouse,Other-service,Other-relative,Asian-Pac-Islander,Female,20,1,40,India,0
60,Local-gov,211128,HS-grad,9,Married-civ-spouse,Craft-repair,Husband,White,Male,-3,1832,40,United-States,0
36,?,139700,HS-grad,9,Married-civ-spouse,?,Husband,White,Male,-23,0,40,Poland,0
40,Private,125275,Some-college,10,Married-civ-spouse,Other-service,Wife,White,Male,4,0,49,Vietnam,0
37,State-gov,185790,Some-college,10,Divorced,Prof-specialty,Not-in-family,White,Female,29,0,40,United-States,0
20,Self-emp-not-inc,220030,Some-college,10,Never-married,Adm-clerical,Own-child,White,Male,7,0,40,United-States,0
24,Local-gov,223609,Some-college,10,Never-married,Other-service,Not-in-family,White,Female,5,0,40,El-Salvador,0
15,Private,267083,Some-college,10,Never-married,?,Own-child,Black,Female,30,0,30,United-States,0
39,Self-emp-not-inc,131003,Assoc-voc,11,Married-civ-spouse,Exec-managerial,Husband,White,Male,4407,0,50,United-States,1
31,Self-emp-not-inc,183609,Some-college,10,Never-married,Sales,Husband,White,Male,15,0,57,Poland,0
23,Private,185181,HS-grad,9,Never-married,Prof-specialty,Not-in-family,White,Male,5,-1,50,United-States,0
49,Private,198209,Prof-school,15,Married-civ-spouse,Prof-specialty,Husband,White,Male,3,0,64,Ecuador,1
48,Private,242141,HS-grad,9,Married-civ-spouse,Craft-repair,Husband,Black,Male,7,-1,40,United-States,0
33,Private,428277,HS-grad,9,Married-civ-spouse,Farming-fishing,Husband,Black,Male,-13,0,40,United-States,0
43,Private,515007,HS-grad,9,Married-civ-spouse,Craft-repair,Husband,White,Male,5,-1,40,United-States,1
61,Private,190397,9th,4,Never-married,Handlers-cleaners,Not-in-family,White,Male,22,0,40,United-States,0
35,Private,248513,Bachelors,13,Married-civ-spouse,Prof-specialty,Wife,White,Female,45,0,40,United-States,0
26,Private,238623,Some-college,10,Never-married,Other-service,Own-child,White,Male,15,0,40,United-States,0
59,Private,200133,1st-4th,1,Never-married,Handlers-cleaners,Not-in-family,White,Male,-3,0,40,Mexico,0
25,Local-gov,91518,Assoc-voc,11,Never-married,Tech-support,Not-in-family,White,Male,32,0,50,United-States,0
52,Local-gov,213957,HS-grad,9,Divorced,Exec-managerial,Unmarried,White,Female,-3,0,40,United-States,1
34,Self-emp-not-inc,162744,Some-college,10,Divorced,Other-service,Unmarried,White,Female,20,-1,40,United-States,0
53,Private,149453,Doctorate,16,Married-civ-spouse,Prof-specialty,Husband,White,Male,24,0,60,France,1
21,Private,224237,11th,7,Never-married,Other-service,Own-child,White,Female,40,-1,13,United-States,0
46,Self-emp-not-inc,229226,Some-college,10,Married-civ-spouse,Farming-fishing,Not-in-family,White,Male,14,0,40,United-States,0
34,Local-gov,234603,Assoc-acdm,12,Never-married,Prof-specialty,Not-in-family,White,Male,32,0,40,United-States,0
31,Private,131464,Assoc-acdm,13,Married-civ-spouse,Sales,Husband,White,Male,43,1,40,United-States,1
44,Private,206411,HS-grad,9,Married-spouse-absent,Other-service,Not-in-family,White,Female,24,-1,50,United-States,0
37,Self-emp-not-inc,363822,HS-grad,9,Married-civ-spouse,Farming-fishing,Husband,White,Male,-4,1,40,United-States,0
44,Private,133683,HS-grad,9,Divorced,Prof-specialty,Not-in-family,White,Female,20,0,40,United-States,0
60,?,201612,10th,7,Married-civ-spouse,?,Wife,White,Female,-2,1840,40,United-States,0
58,?,123937,Masters,14,Never-married,?,Not-in-family,White,Female,19,1811,40,United-States,0
32,Private,168760,HS-grad,9,Married-civ-spouse,Protective-serv,Husband,White,Male,23,0,40,United-States,0
31,Private,262718,Masters,14,Married-civ-spouse,Prof-specialty,Husband,White,Male,33,0,40,United-States,1
54,Private,123017,Bachelors,13,Separated,Priv-house-serv,Unmarried,Black,Female,9,0,40,United-States,0
42,Local-gov,182492,Doctorate,14,Married-civ-spouse,Prof-specialty,Wife,White,Female,25,1868,50,United-States,1
59,Self-emp-not-inc,183734,HS-grad,9,Married-civ-spouse,Transport-moving,Husband,White,Male,3,1,45,United-States,0
26,Private,298998,Some-college,10,Never-married,Machine-op-inspct,Not-in-family,White,Male,27,1,49,United-States,0
30,Private,227515,HS-grad,13,Never-married,Sales,Other-relative,Black,Female,23,0,40,United-States,0
32,Private,275491,Bachelors,13,Never-married,Prof-specialty,Not-in-family,White,Male,2,0,44,United-States,0
45,Private,195413,HS-grad,9,Divorced,Adm-clerical,Not-in-family,White,Female,21,0,50,United-States,0
35,Private,269982,Some-college,10,Married-civ-spouse,Adm-clerical,Husband,Black,Male,17,0,40,United-States,1
43,Private,217403,5th-6th,3,Never-married,Machine-op-inspct,Husband,White,Female,-9,0,40,Mexico,0
71,Private,205293,Some-college,10,Widowed,Adm-clerical,Not-in-family,White,Female,-17,0,40,United-States,0
49,Private,125183,Masters,14,Married-civ-spouse,Prof-specialty,Husband,White,Male,22,0,58,United-States,0
30,Private,254911,HS-grad,11,Divorced,Adm-clerical,Unmarried,White,Female,6,-1,30,United-States,0
19,Private,122298,11th,7,Never-married,Other-service,Own-child,White,Female,28,-1,40,United-States,0
61,Private,51361,Bachelors,13,Separated,Exec-managerial,Unmarried,White,Female,15,0,30,United-States,0
37,Private,259053,Bachelors,13,Married-civ-spouse,Craft-repair,Husband,White,Male,23,0,40,United-States,0
29,Private,130933,1st-4th,1,Never-married,Craft-repair,Not-in-family,Asian-Pac-Islander,Male,21,1,40,Mexico,0
46,Private,325735,Bachelors,13,Married-civ-spouse,Prof-specialty,Wife,White,Female,25,-1,23,England,0
33,Self-emp-not-inc,147984,HS-grad,9,Married-civ-spouse,Transport-moving,Husband,White,Male,6,0,50,United-States,1
32,Private,174903,Assoc-voc,11,Married-civ-spouse,Tech-support,Wife,White,Female,12,0,40,United-States,0
55,Private,264728,Assoc-acdm,13,Married-civ-spouse,Transport-moving,Husband,White,Male,1,0,40,United-States,0
44,Private,317030,Masters,6,Married-civ-spouse,Transport-moving,Husband,White,Male,19,0,40,United-States,0
50,Private,123922,Bachelors,13,Never-married,Adm-clerical,Not-in-family,White,Female,27,0,31,United-States,0
75,Private,143484,HS-grad,9,Never-married,Other-service,Other-relative,White,Female,37,0,15,United-States,0
33,Private,44465,11th,7,Married-civ-spouse,Other-service,Wife,Asian-Pac-Islander,Female,-3,0,40,Philippines,0
32,Self-emp-inc,225071,HS-grad,9,Married-civ-spouse,Farming-fishing,Husband,White,Male,24,0,68,United-States,0
57,Private,199615,1st-4th,2,Divorced,Transport-moving,Not-in-family,Amer-Indian-Eskimo,Male,20,0,40,United-States,0
53,Private,308377,HS-grad,9,Married-civ-spouse,Craft-repair,Husband,White,Male,-2,0,58,United-States,1
44,Local-gov,175083,Some-college,10,Married-civ-spouse,Exec-managerial,Husband,White,Male,16,0,40,United-States,1
34,Local-gov,291171,Bachelors,14,Married-civ-spouse,Protective-serv,Husband,White,Male,36,-1,40,United-States,1
53,State-gov,98168,10th,6,Married-spouse-absent,Prof-specialty,Unmarried,Black,Male,39,0,40,Outlying-US(Guam-USVI-etc),0
29,Private,173159,HS-grad,11,Married-civ-spouse,Adm-clerical,Wife,White,Female,-11,0,12,United-States,0
25,Private,203747,7th-8th,13,Never-married,Prof-specialty,Not-in-family,White,Male,3,1,50,United-States,0
22,Local-gov,188501,Assoc-voc,11,Married-civ-spouse,Adm-clerical,Wife,White,Male,4,0,36,United-States,1
36,Private,47647,HS-grad,9,Married-civ-spouse,Craft-repair,Husband,White,Male,19,0,40,United-States,0
34,Private,40441,HS-grad,9,Divorced,Farming-fishing,Not-in-family,White,Male,-14,2246,60,United-States,0
52,Private,114830,5th-6th,3,Divorced,Machine-op-inspct,Not-in-family,Other,Female,20,1,40,El-Salvador,0
67,?,140504,Some-college,10,Married-AF-spouse,?,Not-in-family,White,Female,23,-1,16,United-States,1
34,Private,150732,Some-college,10,Divorced,Prof-specialty,Not-in-family,White,Female,29,0,50,Italy,1
31,Private,143492,HS-grad,9,Separated,Other-service,Unmarried,Black,Male,11,-1,40,United-States,0
39,Private,139317,HS-grad,9,Married-civ-spouse,Machine-op-inspct,Husband,White,Male,-14,0,49,Japan,1
65,Private,247159,HS-grad,9,Widowed,Other-service,Not-in-family,White,Female,12,-1,40,United-States,0
24,Private,310500,Bachelors,13,Never-married,Exec-managerial,Own-child,White,Male,36,0,65,United-States,0
46,Private,137413,HS-grad,9,Married-spouse-absent,Adm-clerical,Unmarried,White,Female,19,0,40,Germany,0
89,Private,217609,HS-grad,5,Divorced,Other-service,Not-in-family,White,Female,21,0,40,United-States,0
40,Self-emp-not-inc,215038,Some-college,10,Married-civ-spouse,Prof-specialty,Unmarried,Asian-Pac-Islander,Male,35,0,40,India,0
45,Private,126810,Bachelors,13,Married-civ-spouse,Prof-specialty,Husband,White,Male,8003,0,50,United-States,1
19,?,294561,Some-college,10,Married-civ-spouse,?,Other-relative,White,Male,15,0,40,United-States,0
27,Private,235859,HS-grad,9,Never-married,Adm-clerical,Unmarried,Asian-Pac-Islander,Female,25,0,36,Taiwan,0
52,State-gov,133471,Some-college,10,Separated,Other-service,Not-in-family,Asian-Pac-Islander,Male,26,0,30,Japan,0
53,Private,212480,Some-college,10,Married-civ-spouse,?,Husband,White,Male,6,1,40,United-States,0
29,Private,205664,HS-grad,9,Never-married,Prof-specialty,Own-child,Black,Female,-7,0,35,United-States,0
57,Private,264254,10th,6,Widowed,Other-service,Not-in-family,White,Female,27,-1,29,United-States,0
35,Private,231428,HS-grad,9,Married-civ-spouse,Machine-op-inspct,Wife,Asian-Pac-Islander,Female,26,0,40,Ecuador,0
34,Private,178494,Some-college,10,Married-civ-spouse,Craft-repair,Husband,Black,Male,0,1853,40,Vietnam,0
53,Private,358813,Masters,9,Divorced,Exec-managerial,Other-relative,White,Female,24,0,40,United-States,0
65,Private,204966,1st-4th,6,Divorced,Other-service,Unmarried,White,Female,15,0,40,United-States,0
27,Private,213364,Assoc-acdm,13,Never-married,Craft-repair,Not-in-family,White,Male,17,-1,40,Canada,0
57,Private,88642,HS-grad,9,Divorced,Other-service,Unmarried,Amer-Indian-Eskimo,Female,22,0,40,United-States,0
47,Private,182339,7th-8th,10,Married-civ-spouse,Machine-op-inspct,Husband,White,Male,-11,0,56,United-States,0
35,Private,233958,HS-grad,9,Married-civ-spouse,Adm-clerical,Wife,White,Female,-11,-1,21,Japan,0
31,Private,313834,HS-grad,9,Married-civ-spouse,Exec-managerial,Husband,White,Male,7,1856,50,United-States,0
52,Private,113607,HS-grad,9,Married-civ-spouse,Exec-managerial,Husband,White,Male,8,0,50,United-States,0
31,Private,273553,Some-college,10,Never-married,Craft-repair,Not-in-family,White,Female,27,0,40,United-States,0
18,?,287586,HS-grad,9,Never-married,?,Own-child,White,Female,27,-1,40,United-States,0
30,Private,269413,HS-grad,9,Divorced,Exec-managerial,Not-in-family,White,Male,6,1840,57,United-States,0
35,Self-emp-not-inc,226278,Some-college,10,Married-civ-spouse,Prof-specialty,Husband,White,Male,35,1945,70,United-States,1
37,Self-emp-inc,70777,HS-grad,9,Married-civ-spouse,Sales,Husband,Black,Male,3,0,46,United-States,0
42,Private,280662,HS-grad,9,Married-civ-spouse,Craft-repair,Husband,White,Male,-9,0,40,United-States,0
76,?,125765,Bachelors,13,Married-civ-spouse,?,Husband,Black,Male,14,0,40,United-States,0
60,Private,249191,10th,6,Married-civ-spouse,Machine-op-inspct,Husband,White,Male,11,0,50,United-States,0
31,Self-emp-not-inc,226064,Bachelors,13,Never-married,Craft-repair,Not-in-family,White,Male,26,-1,40,United-States,0
41,Private,316141,Some-college,13,Never-married,Handlers-cleaners,Not-in-family,Black,Male,12,0,40,United-States,0
51,Private,166132,Some-college,10,Married-civ-spouse,Craft-repair,Husband,White,Male,23,0,40,United-States,0
31,Federal-gov,253440,Masters,14,Never-married,Adm-clerical,Not-in-family,White,Female,8,0,40,United-States,0
67,Self-emp-not-inc,234687,Assoc-acdm,12,Married-civ-spouse,Craft-repair,Husband,White,Male,-3,1,40,United-States,0
56,Private,203413,10th,6,Never-married,Other-service,Not-in-family,Asian-Pac-Islander,Female,19,-1,40,South,0
45,Private,200162,Bachelors,13,Divorced,Exec-managerial,Not-in-family,White,Female,12,0,40,United-States,0
38,Private,207038,Some-college,10,Never-married,Craft-repair,Other-relative,White,Male,-7,0,60,Mexico,0
51,Private,212729,10th,5,Never-married,Transport-moving,Own-child,White,Male,4535,0,43,United-States,0
16,Private,301984,Some-college,10,Never-married,Other-service,Own-child,White,Male,16,0,30,United-States,0
19,?,30370,Assoc-acdm,13,Never-married,?,Not-in-family,White,Female,3,-1,54,United-States,0
54,Private,178843,Some-college,10,Married-civ-spouse,Exec-managerial,Husband,White,Male,24,1865,40,United-States,1
42,Self-emp-inc,292242,Bachelors,13,Never-married,Prof-specialty,Not-in-family,White,Male,21,0,64,United-States,1
70,Self-emp-inc,176431,Bachelors,13,Married-civ-spouse,Exec-managerial,Husband,White,Male,17,0,57,United-States,1
55,Private,331393,Some-college,10,Widowed,Other-service,Unmarried,White,Female,13,0,40,United-States,0
49,Private,233276,Some-college,10,Divorced,Sales,Unmarried,Black,Female,40,0,40,United-States,0
52,Private,128792,7th-8th,6,Divorced,Craft-repair,Not-in-family,White,Male,28,0,40,United-States,0
54,Private,147919,HS-grad,9,Married-civ-spouse,Tech-support,Husband,White,Male,1,1,45,United-States,0
42,Private,119916,Masters,14,Never-married,Prof-specialty,Not-in-family,Asian-Pac-Islander,Female,19,1,40,Taiwan,0
43,Local-gov,148536,Bachelors,13,Married-civ-spouse,Prof-specialty,Wife,White,Female,20,0,23,United-States,0
48,Federal-gov,110431,Bachelors,13,Married-civ-spouse,Transport-moving,Husband,White,Male,10,0,40,?,0
49,Private,224229,Some-college,10,Married-spouse-absent,Machine-op-inspct,Unmarried,Amer-Indian-Eskimo,Male,3367,0,40,Guatemala,0
55,Private,138987,Some-college,10,Widowed,Adm-clerical,Not-in-family,White,Female,17,0,40,United-States,0
42,Self-emp-not-inc,194586,Bachelors,13,Married-civ-spouse,Sales,Husband,White,Male,20,-1,49,United-States,0
35,Federal-gov,143700,Bachelors,13,Married-civ-spouse,Prof-specialty,Husband,Asian-Pac-Islander,Male,30,1,40,Hong,0
69,Private,157104,9th,5,Divorced,Transport-moving,Unmarried,White,Male,34,0,40,United-States,0
33,Private,232922,10th,6,Never-married,Handlers-cleaners,Other-relative,Black,Male,2,0,40,United-States,0
31,Private,115727,Assoc-acdm,13,Never-married,Prof-specialty,Not-in-family,White,Male,3,1,40,Trinadad&Tobago,0
18,Private,166845,11th,7,Never-married,Adm-clerical,Own-child,White,Female,26,0,45,United-States,0
22,Private,176600,Some-college,10,Never-married,Craft-repair,Not-in-family,White,Male,21,0,15,United-States,0
42,Federal-gov,155676,Doctorate,16,Married-civ-spouse,Prof-specialty,Husband,White,Male,8,1917,58,United-States,1
36,Private,199033,9th,6,Never-married,Machine-op-inspct,Other-relative,Other,Male,31,-1,40,?,0
57,Private,470262,5th-6th,2,Married-civ-spouse,Priv-house-serv,Husband,White,Male,11,1,40,Mexico,0
47,Private,225562,Doctorate,15,Married-civ-spouse,Prof-specialty,Husband,White,Male,36,2064,40,United-States,1
41,Private,305640,Masters,14,Married-civ-spouse,Prof-specialty,Wife,White,Female,41,0,40,United-States,1
24,Federal-gov,189484,Some-college,10,Never-married,Adm-clerical,Not-in-family,Amer-Indian-Eskimo,Male,3,0,40,United-States,0
33,Private,215114,Prof-school,15,Married-civ-spouse,Prof-specialty,Husband,White,Male,7975,1,50,United-States,1
37,State-gov,85329,Some-college,10,Married-civ-spouse,Tech-support,Husband,Black,Male,25,0,50,United-States,1
57,Private,397336,Bachelors,13,Married-civ-spouse,Armed-Forces,Husband,White,Male,-3,0,40,United-States,0
29,Private,225705,HS-grad,9,Never-married,Adm-clerical,Unmarried,White,Female,1,0,31,United-States,0
33,Private,248017,Some-college,10,Never-married,Other-service,Not-in-family,White,Male,10,1764,50,United-States,0
43,Self-emp-inc,131924,Some-college,10,Divorced,Exec-managerial,Not-in-family,White,Male,14,0,65,?,0
36,Private,223569,Bachelors,13,Married-civ-spouse,Prof-specialty,Husband,Asian-Pac-Islander,Male,-32,0,49,Taiwan,0
55,Self-emp-not-inc,174228,HS-grad,9,Separated,Other-service,Unmarried,Amer-Indian-Eskimo,Female,6,0,60,Columbia,0
54,Private,211082,HS-grad,9,Separated,Transport-moving,Unmarried,Black,Male,-1,0,40,United-States,0
60,Private,293621,Bachelors,13,Married-civ-spouse,Exec-managerial,Not-in-family,White,Male,36,0,64,United-States,1
31,Private,193772,Some-college,10,Divorced,Other-service,Not-in-family,White,Female,17,0,44,United-States,0
49,Private,105634,Some-college,10,Divorced,Adm-clerical,Not-in-family,White,Female,11,0,49,United-States,0
25,Private,104673,Assoc-voc,11,Divorced,Tech-support,Other-relative,White,Female,29,1,40,United-States,0
54,Local-gov,273670,Bachelors,13,Never-married,Adm-clerical,Not-in-family,White,Female,25,-1,22,United-States,0
40,Federal-gov,286914,Some-college,10,Married-civ-spouse,Adm-clerical,Husband,Black,Male,20,0,40,United-States,1
54,Private,309588,9th,5,Married-civ-spouse,Transport-moving,Husband,White,Male,-10,1,40,Mexico,0
35,Private,116348,Assoc-voc,11,Married-civ-spouse,Adm-clerical,Husband,White,Male,7918,0,58,United-States,0
35,Federal-gov,190021,Some-college,10,Divorced,Prof-specialty,Own-child,White,Male,40,1,59,United-States,0
33,Private,232938,Assoc-acdm,7,Divorced,Other-service,Own-child,White,Female,11,0,30,United-States,0
21,?,150098,Bachelors,5,Never-married,?,Not-in-family,White,Female,-2,0,20,Dominican-Republic,0
46,Private,189028,Bachelors,13,Divorced,Sales,Unmarried,White,Female,14,-1,35,United-States,0
26,Private,222313,HS-grad,9,Never-married,Prof-specialty,Not-in-family,White,Female,5,1,45,Laos,0
31,Self-emp-not-inc,252730,Some-college,10,Married-civ-spouse,Craft-repair,Husband,Asian-Pac-Islander,Male,-1,1,44,Poland,0
20,Private,145590,HS-grad,9,Never-married,Other-service,Not-in-family,White,Female,21,0,8,?,0
35,Private,192031,7th-8th,6,Never-married,Transport-moving,Unmarried,White,Male,8,0,40,United-States,0
35,Private,347813,HS-grad,9,Never-married,Transport-moving,Husband,White,Male,10,0,40,United-States,0
48,Private,181898,Some-college,9,Divorced,Handlers-cleaners,Not-in-family,White,Male,8,0,40,United-States,0
28,Private,252722,Some-college,10,Never-married,Craft-repair,Other-relative,White,Male,4252,0,49,United-States,1
26,Private,280584,HS-grad,9,Never-married,Adm-clerical,Not-in-family,White,Female,8,2117,51,United-States,0
52,Private,233894,HS-grad,9,Married-civ-spouse,Transport-moving,Husband,White,Male,23,-1,40,United-States,0
48,Private,98745,5th-6th,3,Never-married,Other-service,Not-in-family,White,Male,42,0,40,United-States,0
21,Private,232262,11th,7,Never-married,Other-service,Own-child,White,Female,12,-1,40,United-States,0
32,Private,62896,Bachelors,13,Married-civ-spouse,Exec-managerial,Wife,Asian-Pac-Islander,Female,8,1867,36,United-States,1
23,?,279628,HS-grad,9,Never-married,?,Own-child,White,Female,10,0,23,?,0
58,Private,227458,HS-grad,9,Married-civ-spouse,Transport-moving,Husband,Other,Male,-6,0,40,?,0
29,Local-gov,239749,HS-grad,9,Never-married,Other-service,Other-relative,White,Male,3,-1,11,United-States,0
63,Private,215680,HS-grad,9,Married-civ-spouse,Transport-moving,Husband,Amer-Indian-Eskimo,Male,15,0,40,Italy,0
71,Private,184031,HS-grad,9,Married-civ-spouse,Tech-support,Husband,Black,Male,-19,0,40,United-States,1
53,Self-emp-inc,275018,Bachelors,13,Married-civ-spouse,Exec-managerial,Husband,White,Male,36,0,50,United-States,1
22,Private,134098,Doctorate,15,Never-married,Prof-specialty,Not-in-family,Asian-Pac-Islander,Male,41,1,24,Vietnam,0
52,Private,204439,Some-college,10,Married-civ-spouse,Transport-moving,Husband,White,Male,-6,0,49,United-States,0
52,Self-emp-not-inc,178492,Some-college,10,Married-civ-spouse,Prof-specialty,Husband,Amer-Indian-Eskimo,Male,15,0,40,United-States,1
21,Private,139618,12th,8,Never-married,Handlers-cleaners,Not-in-family,Black,Male,33,-1,40,United-States,0
29,Private,219091,HS-grad,9,Never-married,Craft-repair,Not-in-family,Asian-Pac-Islander,Male,31,1,40,Hungary,0
36,Private,175623,Some-college,10,Never-married,Sales,Unmarried,White,Female,47,0,31,United-States,0
69,Self-emp-not-inc,208528,7th-8th,3,Married-civ-spouse,Transport-moving,Husband,White,Male,4612,0,74,Mexico,0
49,Private,248639,Some-college,10,Married-civ-spouse,Exec-managerial,Husband,White,Male,14,1,40,United-States,1
34,Local-gov,209345,HS-grad,9,Never-married,Sales,Not-in-family,Black,Female,6,0,40,United-States,0
31,Private,250144,Bachelors,13,Never-married,Prof-specialty,Not-in-family,White,Female,20,0,40,United-States,0
68,Private,123407,7th-8th,6,Married-civ-spouse,Transport-moving,Husband,White,Male,3,0,40,United-States,0
41,Self-emp-not-inc,235974,HS-grad,9,Married-civ-spouse,Farming-fishing,Husband,White,Male,-11,0,74,United-States,0
21,Private,278015,HS-grad,9,Never-married,Other-service,Other-relative,White,Female,4,0,36,Taiwan,0
61,Private,194390,Masters,11,Married-civ-spouse,Transport-moving,Husband,White,Male,7947,0,58,United-States,1
24,Private,190743,HS-grad,9,Married-civ-spouse,Tech-support,Wife,White,Female,13,1814,40,United-States,0
54,Private,56710,9th,6,Married-civ-spouse,Machine-op-inspct,Husband,White,Male,13,-1,40,Peru,0
55,Self-emp-inc,251204,HS-grad,9,Married-civ-spouse,Exec-managerial,Husband,White,Male,24,0,65,United-States,1
37,Self-emp-not-inc,447515,Some-college,10,Married-civ-spouse,Craft-repair,Husband,Black,Male,32,1860,40,United-States,0
33,Private,214431,HS-grad,9,Married-civ-spouse,Craft-repair,Husband,White,Male,-5,0,45,United-States,0
38,Private,51000,HS-grad,9,Divorced,Exec-managerial,Not-in-family,White,Female,-8,2036,40,United-States,0
56,Private,405531,HS-grad,9,Widowed,Other-service,Not-in-family,White,Female,14,0,40,United-States,0
24,Private,220574,HS-grad,9,Never-married,Sales,Own-child,Black,Male,15,0,40,United-States,0
49,Private,214688,HS-grad,9,Married-civ-spouse,Transport-moving,Husband,White,Male,-5,0,57,United-States,0
25,Private,232848,Assoc-voc,11,Never-married,Tech-support,Wife,White,Male,16,0,40,United-States,0
40,Federal-gov,202470,HS-grad,9,Married-civ-spouse,Exec-managerial,Husband,Amer-Indian-Eskimo,Male,17,0,40,United-States,0
32,Self-emp-not-inc,185702,HS-grad,9,Married-civ-spouse,Prof-specialty,Husband,White,Male,17,-1,58,United-States,1
57,Self-emp-not-inc,160537,Some-college,10,Married-civ-spouse,Transport-moving,Husband,White,Male,29,0,49,United-States,1
37,Private,210439,Assoc-voc,11,Married-civ-spouse,Tech-support,Husband,White,Male,9,1876,40,United-States,1
38,Private,132587,Bachelors,13,Married-civ-spouse,Exec-managerial,Husband,Asian-Pac-Islander,Male,0,1,59,?,0
54,Private,276709,HS-grad,9,Married-civ-spouse,Transport-moving,Husband,White,Male,6,1,21,United-States,0
37,Self-emp-inc,254283,Some-college,10,Married-civ-spouse,Exec-managerial,Husband,White,Male,34,2,60,Cuba,0
47,Private,224981,Doctorate,9,Married-civ-spouse,Tech-support,Husband,Black,Male,-10,0,36,United-States,0
49,Private,106525,7th-8th,3,Married-civ-spouse,Farming-fishing,Husband,White,Male,20,0,43,United-States,0
24,Private,220654,HS-grad,9,Never-married,Sales,Other-relative,Black,Female,0,0,40,United-States,0
36,?,137850,Bachelors,13,Never-married,?,Not-in-family,White,Male,34,-1,40,United-States,0
34,Private,186778,HS-grad,9,Married-civ-spouse,Transport-moving,Husband,White,Male,-1,0,50,United-States,0
26,Self-emp-not-inc,534941,HS-grad,9,Married-AF-spouse,Other-service,Wife,White,Female,-23,-1,40,Mexico,0
48,Private,191353,HS-grad,9,Married-civ-spouse,Machine-op-inspct,Husband,White,Male,2,1,40,United-States,0
36,Private,281932,Bachelors,13,Married-civ-spouse,Exec-managerial,Wife,White,Female,24,0,40,United-States,1
32,Private,207082,HS-grad,9,Never-married,Handlers-cleaners,Not-in-family,Other,Female,12,0,40,?,0
73,Local-gov,184480,Some-college,10,Widowed,Priv-house-serv,Not-in-family,White,Female,16,0,40,United-States,0
37,Private,181544,Doctorate,15,Married-civ-spouse,Tech-support,Husband,White,Male,24,0,49,United-States,1
33,Private,215046,Some-college,10,Married-civ-spouse,Craft-repair,Husband,White,Male,11,0,57,United-States,1
25,Private,195520,HS-grad,9,Married-civ-spouse,Transport-moving,Husband,White,Male,8,0,49,United-States,0
34,Private,271590,HS-grad,9,Never-married,Craft-repair,Other-relative,White,Male,23,0,59,United-States,0
59,Private,73997,Some-college,10,Never-married,Craft-repair,Husband,White,Male,33,0,70,?,0
64,Private,103245,11th,15,Never-married,Prof-specialty,Unmarried,White,Male,26,0,40,Germany,0
36,Federal-gov,194898,Assoc-voc,13,Married-civ-spouse,Exec-managerial,Husband,White,Male,31,0,40,United-States,1
31,Private,159362,5th-6th,3,Married-civ-spouse,Adm-clerical,Wife,White,Female,-11,0,11,United-States,0
31,Private,356354,Assoc-acdm,12,Never-married,Adm-clerical,Not-in-family,White,Female,3655,0,40,United-States,0
56,Self-emp-inc,161684,HS-grad,9,Married-civ-spouse,Transport-moving,Wife,White,Female,41,1,36,United-States,0
32,Private,103879,Some-college,10,Never-married,Other-service,Not-in-family,Black,Female,46,0,40,United-States,0
22,Private,184071,Prof-school,5,Never-married,Prof-specialty,Unmarried,White,Female,14,0,40,Scotland,0
32,State-gov,167967,11th,7,Divorced,Prof-specialty,Not-in-family,White,Male,-18,0,40,United-States,0
46,Local-gov,230281,Bachelors,13,Never-married,Prof-specialty,Not-in-family,White,Male,12,0,74,United-States,0
44,Private,284670,HS-grad,13,Married-civ-spouse,Handlers-cleaners,Husband,White,Male,8,0,40,El-Salvador,0
53,Private,215574,Doctorate,16,Married-civ-spouse,Prof-specialty,Husband,White,Male,34,0,65,United-States,1
49,Self-emp-inc,198334,Some-college,10,Married-civ-spouse,Tech-support,Husband,White,Female,21,0,40,United-States,1
40,Private,130906,Some-college,10,Married-spouse-absent,Other-service,Not-in-family,White,Female,9,0,40,United-States,0
71,Self-emp-inc,263236,HS-grad,9,Married-civ-spouse,Tech-support,Wife,White,Female,6,0,35,United-States,1
25,Private,152951,Some-college,10,Never-married,Protective-serv,Other-relative,White,Male,31,0,21,?,0
36,Local-gov,254554,Masters,14,Never-married,Prof-specialty,Other-relative,Asian-Pac-Islander,Female,34,0,40,?,0
63,Private,132932,HS-grad,9,Married-civ-spouse,Transport-moving,Wife,Asian-Pac-Islander,Female,-7,-1,40,United-States,0
23,Private,219366,HS-grad,9,Never-married,?,Other-relative,Black,Female,17,-1,24,United-States,0
42,Private,163781,HS-grad,9,Married-civ-spouse,Handlers-cleaners,Husband,White,Male,-4,0,40,United-States,0
21,Private,194547,Some-college,10,Never-married,Craft-repair,Own-child,White,Male,17,0,40,United-States,0
20,State-gov,349869,Some-college,10,Never-married,Craft-repair,Own-child,White,Male,28,0,40,United-States,0
34,Private,141846,Some-college,10,Divorced,Adm-clerical,Not-in-family,White,Female,24,0,30,United-States,0
48,Local-gov,213824,Bachelors,13,Married-civ-spouse,Prof-specialty,Husband,White,Male,26,0,40,United-States,1
41,Private,204336,7th-8th,4,Divorced,Tech-support,Unmarried,White,Female,-5,-1,46,United-States,0
34,Self-emp-not-inc,239631,Some-college,10,Never-married,Exec-managerial,Not-in-family,White,Male,2,1,72,Germany,0
30,Federal-gov,219571,Bachelors,13,Married-civ-spouse,Sales,Not-in-family,White,Male,32,1,40,United-States,0
23,?,249095,HS-grad,9,Married-civ-spouse,?,Husband,White,Male,-19,0,40,Columbia,0
49,Local-gov,265249,HS-grad,9,Married-civ-spouse,Protective-serv,Wife,White,Female,-20,0,40,England,0
34,Private,209554,Masters,6,Married-civ-spouse,Adm-clerical,Husband,Asian-Pac-Islander,Male,3,1858,50,South,0
19,Private,183499,7th-8th,3,Never-married,Farming-fishing,Not-in-family,White,Male,4243,0,40,Mexico,0
47,Private,142944,Masters,14,Widowed,Sales,Not-in-family,White,Female,22,0,40,United-States,0
52,Self-emp-not-inc,263423,HS-grad,9,Married-spouse-absent,Transport-moving,Not-in-family,White,Male,23,-1,40,United-States,0
52,Private,203840,Masters,14,Married-civ-spouse,Transport-moving,Husband,White,Male,24,0,49,United-States,1
36,Self-emp-not-inc,235549,Some-college,10,Divorced,Craft-repair,Unmarried,White,Male,0,0,50,United-States,0
33,Private,114983,Bachelors,13,Never-married,Prof-specialty,Unmarried,Asian-Pac-Islander,Male,5,0,71,South,0
61,Private,164439,HS-grad,9,Divorced,Other-service,Unmarried,White,Female,-11,0,49,United-States,0
51,Private,280847,HS-grad,9,Divorced,Craft-repair,Not-in-family,White,Male,7,1,40,United-States,0
27,Self-emp-not-inc,159379,Bachelors,13,Married-civ-spouse,Sales,Husband,Amer-Indian-Eskimo,Male,18,0,40,United-States,0
34,Private,128700,HS-grad,9,Never-married,Other-service,Not-in-family,Black,Female,-3,-1,23,United-States,0
37,Private,170189,11th,7,Never-married,Other-service,Other-relative,Amer-Indian-Eskimo,Female,10,0,40,United-States,0
30,Private,257335,7th-8th,3,Never-married,Other-service,Unmarried,Other,Female,15,0,40,Canada,0
19,Private,193559,Some-college,10,Never-married,Prof-specialty,Own-child,White,Male,22,0,36,United-States,0
37,Private,238910,Preschool,3,Married-civ-spouse,Other-service,Husband,Asian-Pac-Islander,Male,2,1,40,Holand-Netherlands,0
56,Private,136208,HS-grad,9,Never-married,Other-service,Not-in-family,Other,Male,25,0,40,?,0
27,Private,157028,Assoc-voc,11,Married-civ-spouse,Tech-support,Husband,White,Male,10,1,40,United-States,0
19,?,141370,Some-college,10,Never-married,?,Own-child,White,Female,18,0,30,United-States,0
57,Private,267408,HS-grad,9,Married-civ-spouse,Prof-specialty,Husband,Asian-Pac-Islander,Male,27,0,40,Poland,0
53,Private,129903,Bachelors,13,Never-married,Priv-house-serv,Unmarried,White,Female,15,-1,12,Portugal,0
57,Private,90500,Some-college,10,Married-civ-spouse,Sales,Husband,White,Male,29,0,49,United-States,0
35,Private,304962,HS-grad,9,Never-married,Machine-op-inspct,Not-in-family,White,Male,0,0,31,Ecuador,0
18,Private,89780,11th,7,Never-married,Other-service,Own-child,Black,Male,14,0,30,Haiti,0
54,Private,281874,12th,8,Never-married,Other-service,Not-in-family,Black,Female,27,-1,40,United-States,0
80,Local-gov,134410,HS-grad,9,Widowed,Transport-moving,Other-relative,Black,Female,19,0,31,United-States,0
56,Private,206606,HS-grad,9,Separated,Other-service,Not-in-family,Black,Female,20,1,23,United-States,0
53,Private,290245,HS-grad,9,Divorced,Other-service,Unmarried,White,Female,19,0,40,United-States,0
33,Private,299084,Some-college,10,Married-spouse-absent,Transport-moving,Own-child,White,Male,11,0,44,United-States,0
30,Private,212785,Preschool,10,Married-civ-spouse,Craft-repair,Husband,Black,Male,6,0,40,Jamaica,0
65,Private,129796,Masters,14,Married-civ-spouse,Prof-specialty,Husband,White,Female,7,0,50,United-States,0
27,Private,181850,7th-8th,4,Never-married,Handlers-cleaners,Other-relative,White,Male,20,0,50,Guatemala,0
26,Private,288929,Bachelors,13,Married-civ-spouse,Exec-managerial,Own-child,White,Male,7,0,67,United-States,0
46,Private,36889,HS-grad,9,Married-civ-spouse,Craft-repair,Husband,Black,Male,6,0,50,United-States,1
31,Private,219912,Bachelors,13,Never-married,Adm-clerical,Not-in-family,White,Female,35,-1,40,United-States,0
58,Private,266243,Some-college,10,Divorced,Handlers-cleaners,Not-in-family,White,Male,-3,0,40,United-States,0
41,Local-gov,48445,11th,7,Never-married,Prof-specialty,Not-in-family,White,Female,13,0,14,United-States,0
44,Private,239663,Preschool,2,Never-married,Craft-repair,Own-child,White,Male,27,0,40,Dominican-Republic,0
50,Private,217885,10th,6,Married-civ-spouse,Transport-moving,Husband,White,Male,-5,0,40,United-States,0
33,Local-gov,218708,Some-college,10,Divorced,Adm-clerical,Unmarried,White,Female,35,-1,40,United-States,0
45,Self-emp-not-inc,202419,Some-college,10,Never-married,Craft-repair,Not-in-family,White,Male,30,0,40,United-States,0
33,Private,154670,Assoc-voc,11,Married-civ-spouse,Transport-moving,Husband,White,Male,14,0,40,United-States,0
41,Private,140240,10th,9,Married-civ-spouse,Farming-fishing,Husband,White,Male,9,0,55,United-States,1
55,Private,218397,Bachelors,13,Widowed,Sales,Not-in-family,White,Female,9,0,40,United-States,0
34,Private,216483,Assoc-acdm,3,Divorced,Exec-managerial,Unmarried,White,Female,33,-1,40,United-States,0
32,?,124594,Some-college,10,Never-married,?,Own-child,Asian-Pac-Islander,Female,13,0,35,Iran,0
31,Local-gov,237098,Assoc-acdm,12,Never-married,Adm-clerical,Not-in-family,White,Female,-7,1800,40,United-States,0
25,Private,185273,11th,13,Married-civ-spouse,Sales,Wife,White,Male,17,0,40,United-States,0
31,Private,132017,HS-grad,9,Never-married,Farming-fishing,Other-relative,White,Male,-16,1,30,United-States,0
47,Private,116361,HS-grad,9,Divorced,Farming-fishing,Unmarried,White,Female,5,0,50,?,0
34,Private,120486,HS-grad,9,Never-married,Craft-repair,Husband,Amer-Indian-Eskimo,Male,13,-1,40,United-States,0
52,Private,249694,Some-college,10,Married-civ-spouse,Transport-moving,Husband,Black,Male,22,1,40,United-States,0
52,Private,266148,1st-4th,2,Divorced,Transport-moving,Not-in-family,White,Male,7,0,40,Italy,0
33,Self-emp-inc,190244,Prof-school,15,Married-civ-spouse,Prof-specialty,Husband,White,Male,23,-1,50,United-States,1
28,Local-gov,258785,HS-grad,9,Never-married,Adm-clerical,Unmarried,White,Female,16,0,30,United-States,0
62,?,210697,11th,6,Married-civ-spouse,?,Other-relative,White,Male,-6,-1,40,United-States,0
41,Private,118881,Assoc-voc,11,Married-civ-spouse,Craft-repair,Husband,White,Male,13,0,40,Mexico,0
39,State-gov,142015,Some-college,10,Never-married,Prof-specialty,Not-in-family,White,Female,4,0,40,United-States,0
70,?,235319,Bachelors,13,Separated,?,Own-child,White,Male,29,-1,20,United-States,0
58,Private,117734,Masters,14,Married-civ-spouse,Prof-specialty,Husband,White,Male,27,1,51,United-States,1
40,State-gov,97085,Doctorate,15,Never-married,Prof-specialty,Not-in-family,White,Female,26,1,58,United-States,0
56,Private,200097,11th,6,Married-civ-spouse,Other-service,Wife,White,Female,8,0,40,United-States,0
29,Private,266366,Some-college,10,Married-civ-spouse,Craft-repair,Wife,White,Female,27,1,40,Canada,0
27,Private,218986,Masters,14,Never-married,Prof-specialty,Unmarried,Black,Female,16,2201,40,United-States,1
27,Private,148550,Assoc-acdm,13,Married-civ-spouse,Transport-moving,Husband,White,Male,13,0,40,United-States,0
52,Private,199229,HS-grad,9,Divorced,Other-service,Not-in-family,Black,Male,-22,0,40,Vietnam,0
32,Private,255597,Bachelors,13,Married-civ-spouse,Handlers-cleaners,Husband,White,Male,-2,0,40,United-States,1
35,Private,289134,Masters,14,Never-married,Protective-serv,Not-in-family,White,Male,25,1,40,United-States,0
28,Private,178814,11th,7,Never-married,Other-service,Not-in-family,Black,Female,8,0,11,United-States,0
36,Private,224727,HS-grad,9,Married-civ-spouse,Handlers-cleaners,Husband,White,Male,5,0,50,United-States,0
22,Private,232678,HS-grad,9,Separated,Other-service,Not-in-family,Black,Male,12,0,40,United-States,0
38,Private,107482,Bachelors,13,Widowed,Other-service,Other-relative,White,Female,26,-1,40,United-States,0
26,Private,276205,HS-grad,9,Never-married,Sales,Husband,White,Male,1,0,40,United-States,0
56,Self-emp-not-inc,197310,HS-grad,9,Married-civ-spouse,Other-service,Husband,White,Male,6,0,50,United-States,0
38,Private,212095,Some-college,10,Never-married,Handlers-cleaners,Own-child,White,Female,25,0,22,United-States,0
48,Self-emp-inc,298851,Doctorate,16,Married-civ-spouse,Prof-specialty,Husband,Asian-Pac-Islander,Male,4107,0,40,?,1
24,?,184470,HS-grad,9,Widowed,?,Not-in-family,White,Female,-3,-1,40,United-States,0
68,?,240390,Some-college,10,Widowed,?,Not-in-family,White,Female,36,-1,40,United-States,0
29,Private,206407,Some-college,10,Never-married,Sales,Own-child,Asian-Pac-Islander,Male,4,1846,30,Philippines,0
56,Private,216492,Masters,14,Married-civ-spouse,Prof-specialty,Wife,White,Female,2,0,40,United-States,0
26,Private,107776,Bachelors,13,Never-married,Craft-repair,Not-in-family,White,Male,8,0,58,?,0
66,Private,178590,7th-8th,6,Widowed,Priv-house-serv,Not-in-family,White,Female,-7,0,45,United-States,0
28,Private,278580,Bachelors,13,Never-married,Prof-specialty,Not-in-family,White,Male,17,0,45,United-States,0
21,State-gov,101547,Some-college,10,Never-married,Tech-support,Own-child,White,Male,-7,0,30,United-States,0
37,Federal-gov,107669,Masters,14,Married-civ-spouse,Exec-managerial,Husband,White,Male,10,0,49,United-States,1
53,State-gov,313549,Some-college,10,Married-civ-spouse,Prof-specialty,Wife,White,Female,25,0,40,Jamaica,0
49,Self-emp-not-inc,485479,Some-college,10,Never-married,Adm-clerical,Unmarried,White,Female,20,0,56,United-States,0
34,Private,158259,Some-college,11,Married-civ-spouse,Craft-repair,Husband,White,Male,9,1,50,United-States,0
31,Self-emp-not-inc,315080,HS-grad,9,Married-civ-spouse,Transport-moving,Husband,White,Male,13,0,50,United-States,0
34,?,275259,Prof-school,3,Married-civ-spouse,?,Husband,White,Male,23,0,22,United-States,0
34,Private,227925,HS-grad,9,Never-married,Transport-moving,Husband,White,Male,-2,0,12,United-States,0
46,Private,443530,HS-grad,9,Separated,Handlers-cleaners,Unmarried,White,Male,21,-1,40,United-States,0
42,Private,156109,HS-grad,9,Married-civ-spouse,Transport-moving,Husband,White,Male,-24,0,35,United-States,0
59,Private,429773,Some-college,10,Married-civ-spouse,Transport-moving,Husband,White,Male,27,0,40,United-States,1
30,Private,198816,HS-grad,9,Never-married,?,Own-child,White,Male,2,0,40,United-States,0
37,Private,113604,HS-grad,9,Separated,Adm-clerical,Not-in-family,Black,Female,17,0,40,United-States,0
56,Self-emp-not-inc,192491,Prof-school,15,Married-spouse-absent,Prof-specialty,Not-in-family,White,Female,31,2189,38,?,0
24,Private,216211,HS-grad,9,Never-married,Other-service,Not-in-family,Asian-Pac-Islander,Female,9,1,29,Philippines,0
45,Private,113231,Preschool,5,Divorced,Adm-clerical,Unmarried,White,Female,-11,0,40,United-States,0
34,Private,207016,Masters,14,Married-civ-spouse,Exec-managerial,Husband,White,Male,7804,1,71,United-States,1
19,?,138271,HS-grad,9,Never-married,?,Own-child,White,Male,15,-1,21,United-States,0
33,Private,116838,Some-college,10,Never-married,Tech-support,Not-in-family,Asian-Pac-Islander,Male,19,0,72,Ecuador,0
52,Self-emp-inc,347897,Prof-school,15,Married-civ-spouse,Prof-specialty,Husband,Amer-Indian-Eskimo,Male,15736,0,50,United-States,1
34,Private,178830,HS-grad,9,Never-married,Other-service,Own-child,White,Female,20,-1,31,El-Salvador,0
26,Local-gov,206933,Bachelors,13,Never-married,Protective-serv,Own-child,White,Male,13,0,40,?,0
19,Private,182698,11th,7,Never-married,?,Not-in-family,White,Female,8,0,9,United-States,0
18,Private,135273,Some-college,10,Never-married,Tech-support,Own-child,White,Male,26,0,30,United-States,0
47,Private,265509,Some-college,10,Never-married,Priv-house-serv,Not-in-family,White,Female,3,1,67,Cuba,0
36,Self-emp-inc,195610,HS-grad,9,Married-civ-spouse,Exec-managerial,Husband,White,Male,19,0,40,Cuba,0
38,Private,194400,Some-college,10,Never-married,Other-service,Not-in-family,White,Male,35,1,40,United-States,0
30,Private,143757,Some-college,10,Never-married,Other-service,Not-in-family,White,Male,23,0,40,United-States,0
41,Federal-gov,78639,Some-college,10,Never-married,Handlers-cleaners,Own-child,Amer-Indian-Eskimo,Male,14,1,59,United-States,0
32,Private,293058,HS-grad,9,Married-civ-spouse,Transport-moving,Husband,White,Male,11,1842,40,United-States,1
31,Local-gov,203845,Bachelors,13,Never-married,Prof-specialty,Not-in-family,Asian-Pac-Islander,Male,11,0,40,Philippines,0
37,Private,226311,Bachelors,13,Married-civ-spouse,Transport-moving,Husband,White,Male,10,0,40,United-States,1
22,Private,201945,Masters,9,Never-married,Prof-specialty,Own-child,White,Female,12,0,40,United-States,0
53,Private,215171,Masters,14,Married-civ-spouse,Prof-specialty,Husband,White,Male,23,0,50,United-States,1
42,Private,41933,Some-college,10,Never-married,Tech-support,Not-in-family,Asian-Pac-Islander,Female,5,1810,40,?,0
38,Private,234553,7th-8th,4,Never-married,Craft-repair,Unmarried,Other,Female,20,0,40,Yugoslavia,0
23,Private,177967,Some-college,10,Never-married,Handlers-cleaners,Own-child,White,Male,28,1,40,England,0
24,Private,164048,Assoc-voc,11,Married-civ-spouse,Craft-repair,Husband,White,Male,6,0,40,United-States,0
79,Private,301827,HS-grad,9,Married-civ-spouse,Transport-moving,Wife,White,Female,-14,0,30,Cuba,0
16,Private,205107,11th,7,Never-married,Machine-op-inspct,Own-child,White,Female,34,0,8,United-States,0
38,Private,109396,Some-college,10,Married-civ-spouse,Exec-managerial,Husband,White,Male,28,0,40,United-States,1
60,Private,105912,12th,9,Married-civ-spouse,Transport-moving,Husband,White,Male,7,0,40,United-States,0
27,Private,126197,Bachelors,13,Never-married,Tech-support,Own-child,Asian-Pac-Islander,Female,3,0,30,South,0
32,Private,306952,10th,13,Married-civ-spouse,Craft-repair,Husband,White,Male,19,0,43,United-States,0
37,Federal-gov,262518,Assoc-acdm,12,Never-married,Prof-specialty,Not-in-family,White,Female,36,0,60,United-States,0
27,Private,184565,Bachelors,13,Never-married,Sales,Not-in-family,White,Male,40,-1,40,United-States,0
26,Private,201023,HS-grad,9,Never-married,Craft-repair,Own-child,White,Male,7,0,31,United-States,0
27,Private,179881,Assoc-voc,11,Never-married,Tech-support,Unmarried,Asian-Pac-Islander,Female,23,1,36,Vietnam,0
24,Local-gov,235868,Masters,14,Never-married,Prof-specialty,Not-in-family,White,Female,16,1,40,Cuba,0
29,Private,174162,Assoc-voc,11,Married-civ-spouse,Prof-specialty,Husband,White,Male,7,0,50,United-States,0
51,Self-emp-not-inc,275524,HS-grad,9,Married-civ-spouse,Sales,Husband,White,Male,20,-1,36,United-States,0
29,Private,84737,10th,6,Never-married,Handlers-cleaners,Not-in-family,White,Male,28,-1,40,United-States,0
32,Private,213693,HS-grad,9,Never-married,?,Husband,White,Male,9,0,40,United-States,0
44,Private,208117,Some-college,13,Married-civ-spouse,Tech-support,Husband,Black,Male,14,0,49,United-States,1
43,Local-gov,262261,Bachelors,13,Married-civ-spouse,Protective-serv,Wife,White,Male,7,0,56,United-States,0
33,Private,395725,Bachelors,13,Never-married,Handlers-cleaners,Own-child,White,Male,-2,-1,40,United-States,0
18,Private,150973,11th,7,Never-married,Sales,Own-child,White,Female,28,-2,21,United-States,0
42,Private,138092,Masters,14,Married-civ-spouse,Prof-specialty,Wife,Asian-Pac-Islander,Female,35,0,40,South,0
24,Private,181352,Assoc-voc,11,Married-civ-spouse,Tech-support,Wife,White,Female,17,0,40,United-States,0
44,Private,208194,HS-grad,9,Married-spouse-absent,Craft-repair,Unmarried,Black,Female,10,0,37,United-States,0
46,Private,62883,HS-grad,9,Divorced,Craft-repair,Not-in-family,White,Female,-8,0,40,United-States,0
28,Private,309267,HS-grad,9,Never-married,Other-service,Other-relative,White,Male,8,0,40,Columbia,0
47,?,222014,HS-grad,9,Married-civ-spouse,?,Husband,Amer-Indian-Eskimo,Male,-2,-1,40,United-States,0
37,Self-emp-not-inc,202148,HS-grad,9,Divorced,Farming-fishing,Not-in-family,Black,Male,18,-1,50,United-States,0
45,Private,165985,HS-grad,9,Never-married,Machine-op-inspct,Other-relative,Other,Female,-6,0,30,Dominican-Republic,0
25,Private,264505,HS-grad,9,Never-married,Other-service,Not-in-family,Other,Female,18,-1,21,Mexico,0
43,Private,308107,Some-college,10,Divorced,Adm-clerical,Not-in-family,Black,Female,-5,0,40,United-States,0
22,Private,287962,Bachelors,13,Never-married,Prof-specialty,Not-in-family,White,Male,38,0,50,United-States,0
32,Local-gov,267197,HS-grad,9,Never-married,Other-service,Other-relative,Black,Female,3163,1,30,United-States,0
41,Private,275333,HS-grad,9,Married-civ-spouse,Machine-op-inspct,Husband,Black,Male,10,0,40,United-States,1
44,Private,246481,HS-grad,9,Separated,Other-service,Other-relative,White,Female,27,-1,40,Peru,0
40,Private,133137,7th-8th,10,Never-married,Craft-repair,Not-in-family,Other,Male,12,1877,40,England,0
56,Self-emp-inc,120621,Prof-school,15,Married-civ-spouse,Sales,Husband,Black,Male,4427,0,50,United-States,1
55,Local-gov,157208,11th,7,Never-married,Tech-support,Own-child,White,Male,13,0,40,United-States,0
51,Private,142565,Some-college,10,Married-civ-spouse,Tech-support,Husband,White,Male,23,0,40,United-States,0
57,Private,189982,Assoc-voc,11,Married-civ-spouse,Tech-support,Husband,White,Male,24,1,50,United-States,1
35,Private,109023,7th-8th,4,Never-married,Handlers-cleaners,Other-relative,White,Male,13,1,40,United-States,0
19,Private,226831,Some-college,10,Never-married,Farming-fishing,Husband,Amer-Indian-Eskimo,Male,4,0,10,United-States,0
21,Private,165997,Some-college,10,Never-married,Exec-managerial,Own-child,White,Male,25,0,40,United-States,0
25,Private,181141,1st-4th,3,Never-married,Machine-op-inspct,Not-in-family,White,Female,14,0,40,Ecuador,0
26,Private,183739,Some-college,10,Married-civ-spouse,Exec-managerial,Husband,White,Male,7666,1,49,United-States,0
21,Private,145092,Assoc-voc,11,Never-married,Tech-support,Not-in-family,White,Female,46,1,37,United-States,0
33,Private,267461,10th,4,Married-civ-spouse,Tech-support,Husband,Black,Male,30,0,40,United-States,0
49,Self-emp-not-inc,74959,7th-8th,3,Married-civ-spouse,Transport-moving,Husband,White,Male,4122,0,50,United-States,0
58,Private,154432,9th,3,Married-civ-spouse,Craft-repair,Husband,White,Male,-3,0,40,United-States,0
20,Private,206274,HS-grad,9,Married-civ-spouse,Transport-moving,Husband,White,Male,26,0,50,United-States,0
46,Self-emp-not-inc,41815,Some-college,10,Married-civ-spouse,Protective-serv,Husband,White,Male,5,0,40,United-States,0
27,Private,231554,Some-college,10,Married-civ-spouse,Craft-repair,Husband,White,Male,6,0,49,United-States,0
33,State-gov,331196,Bachelors,15,Married-civ-spouse,Exec-managerial,Husband,White,Male,28,1,40,United-States,1
38,Private,174826,Some-college,10,Married-civ-spouse,Exec-managerial,Husband,Asian-Pac-Islander,Male,19,1900,45,India,0
20,?,306011,Bachelors,13,Never-married,Sales,Own-child,White,Female,19,-1,30,United-States,0
43,Private,39540,HS-grad,9,Divorced,Machine-op-inspct,Unmarried,White,Female,19,-1,40,United-States,0
45,Self-emp-not-inc,257498,Some-college,10,Married-civ-spouse,Farming-fishing,Husband,White,Male,4,1859,40,United-States,0
35,Private,208893,Bachelors,13,Married-civ-spouse,Prof-specialty,Husband,White,Male,28,0,62,United-States,1
27,?,193292,Bachelors,13,Never-married,?,Not-in-family,Black,Male,17,0,40,United-States,0
54,Private,176454,9th,5,Married-civ-spouse,Craft-repair,Husband,White,Male,45,0,40,United-States,0
51,Private,177619,HS-grad,9,Married-civ-spouse,Other-service,Husband,White,Male,16,2002,84,Honduras,0
51,Private,108583,11th,7,Never-married,Other-service,Not-in-family,Amer-Indian-Eskimo,Female,12,0,40,United-States,0
56,State-gov,92956,Masters,14,Married-civ-spouse,Prof-specialty,Not-in-family,White,Male,21,1,40,United-States,1
48,Private,116197,HS-grad,9,Divorced,Prof-specialty,Not-in-family,White,Female,33,1748,40,United-States,0
50,Private,191572,Some-college,3,Married-civ-spouse,Farming-fishing,Husband,White,Female,19,0,40,?,0
46,Private,177181,Some-college,10,Married-civ-spouse,Craft-repair,Husband,White,Male,15,1876,54,United-States,1
31,Local-gov,228311,HS-grad,9,Married-civ-spouse,Adm-clerical,Wife,Black,Female,-17,1958,40,United-States,0
52,Private,174680,Bachelors,13,Married-civ-spouse,Exec-managerial,Wife,White,Female,31,0,40,United-States,1
52,Private,182567,HS-grad,9,Divorced,Adm-clerical,Unmarried,White,Female,30,0,40,United-States,0
55,Private,184565,HS-grad,9,Married-civ-spouse,Transport-moving,Husband,White,Male,-11,0,40,Greece,1
31,Private,286813,10th,6,Married-civ-spouse,Craft-repair,Husband,White,Male,-2,0,40,United-States,0
27,Private,184068,Masters,14,Never-married,Prof-specialty,Unmarried,White,Female,-3,0,49,United-States,0
66,Self-emp-inc,193988,Prof-school,15,Married-civ-spouse,Transport-moving,Husband,White,Male,7867,0,65,United-States,1
30,Private,195755,5th-6th,3,Divorced,Machine-op-inspct,Not-in-family,White,Male,31,0,40,Mexico,0
55,Private,75005,HS-grad,9,Married-civ-spouse,Tech-support,Husband,White,Male,4,0,34,United-States,0
28,Private,180165,HS-grad,9,Widowed,Other-service,Not-in-family,Black,Female,6,0,37,United-States,0
54,Private,186417,HS-grad,4,Married-spouse-absent,Other-service,Unmarried,White,Female,18,-1,40,?,0
55,Self-emp-not-inc,43707,Prof-school,15,Married-civ-spouse,Prof-specialty,Husband,White,Male,7926,1,50,United-States,0
18,Private,446065,HS-grad,9,Never-married,Craft-repair,Own-child,White,Male,-16,1,20,United-States,0
49,Private,283170,5th-6th,3,Married-civ-spouse,Machine-op-inspct,Husband,White,Male,21,0,40,Mexico,0
23,Private,286286,HS-grad,9,Never-married,Sales,Own-child,Black,Female,27,-1,30,United-States,0
43,Private,84620,Doctorate,15,Married-civ-spouse,Prof-specialty,Husband,White,Male,48,-1,57,United-States,1
24,Private,296908,HS-grad,9,Never-married,Transport-moving,Not-in-family,White,Male,1,1,40,?,0
27,Self-emp-inc,251013,Assoc-voc,11,Never-married,Tech-support,Not-in-family,White,Male,26,0,50,United-States,0
29,Private,233453,HS-grad,9,Never-married,Sales,Own-child,White,Male,17,0,15,Mexico,0
69,Private,379812,HS-grad,9,Married-civ-spouse,Transport-moving,Husband,White,Male,6,1814,40,United-States,0
23,Private,318929,11th,4,Never-married,Adm-clerical,Own-child,White,Female,-1,0,40,United-States,0
54,Private,240249,11th,6,Never-married,Other-service,Own-child,White,Female,0,0,21,United-States,0
28,Private,225930,5th-6th,2,Never-married,Other-service,Not-in-family,White,Male,33,0,40,Mexico,0
34,Local-gov,229945,Assoc-acdm,12,Never-married,Adm-clerical,Not-in-family,White,Female,15,0,49,United-States,0
28,Private,80066,HS-grad,9,Married-civ-spouse,Sales,Husband,Black,Male,10,0,40,United-States,1
41,Federal-gov,65151,Some-college,10,Divorced,Machine-op-inspct,Not-in-family,Black,Male,17,0,40,United-States,1
26,Private,194544,HS-grad,9,Married-civ-spouse,Tech-support,Husband,White,Male,-4,-1,40,United-States,0
41,Private,279992,Prof-school,15,Married-civ-spouse,Prof-specialty,Wife,White,Female,34,0,26,United-States,1
43,Private,245775,Some-college,10,Never-married,Priv-house-serv,Own-child,White,Female,9,1,40,United-States,0
34,Self-emp-not-inc,151279,Bachelors,13,Never-married,Exec-managerial,Not-in-family,White,Male,-6,-1,68,United-States,0
55,Private,122552,Assoc-voc,11,Married-civ-spouse,Prof-specialty,Wife,White,Female,11,0,40,Japan,0
20,?,214266,Bachelors,13,Never-married,?,Not-in-family,White,Female,23,0,40,United-States,0
33,Never-worked,234360,10th,7,Divorced,?,Not-in-family,White,Female,7,0,40,United-States,0
70,?,149073,HS-grad,9,Married-civ-spouse,?,Other-relative,Asian-Pac-Islander,Female,-26,-1,22,Iran,0
32,Private,240226,HS-grad,9,Married-civ-spouse,Handlers-cleaners,Husband,Black,Male,-9,0,40,Mexico,0
65,Private,129226,Bachelors,13,Married-civ-spouse,Prof-specialty,Husband,White,Male,18,0,40,United-States,0
35,Private,192136,7th-8th,13,Divorced,Craft-repair,Not-in-family,White,Male,26,0,40,Peru,0
32,Local-gov,197146,Bachelors,13,Divorced,Prof-specialty,Unmarried,White,Female,-7,0,50,United-States,0
19,State-gov,209495,Some-college,10,Never-married,?,Own-child,White,Female,28,0,30,United-States,0
44,Private,223819,9th,13,Divorced,Exec-managerial,Unmarried,White,Female,5,-1,40,United-States,0
26,Private,177954,Bachelors,13,Married-civ-spouse,Sales,Husband,White,Male,6,-1,30,Poland,0
43,Private,129519,Masters,14,Married-civ-spouse,Other-service,Husband,Asian-Pac-Islander,Female,6,0,40,China,0
42,Federal-gov,44114,HS-grad,9,Divorced,Exec-managerial,Not-in-family,White,Male,16,0,40,United-States,0
31,Private,96919,Bachelors,13,Never-married,Sales,Not-in-family,White,Male,-1,0,40,United-States,0
34,Private,304685,Bachelors,13,Never-married,?,Own-child,White,Female,1,-1,22,Mexico,0
29,?,318434,Some-college,10,Never-married,?,Own-child,White,Male,5,0,40,United-States,0
47,Private,148289,Assoc-acdm,13,Married-civ-spouse,Sales,Husband,White,Male,31,0,40,Hong,1
26,Private,312085,7th-8th,3,Married-civ-spouse,Other-service,Wife,Other,Female,5,0,40,Mexico,0
28,Private,213207,HS-grad,9,Married-civ-spouse,Exec-managerial,Husband,White,Male,7,0,59,United-States,0
56,Private,147765,Some-college,10,Married-civ-spouse,Exec-managerial,Husband,White,Male,19,0,40,United-States,0
35,Self-emp-inc,215124,Bachelors,13,Divorced,Prof-specialty,Not-in-family,White,Male,27,1,38,Iran,0
33,Local-gov,289045,Bachelors,13,Married-civ-spouse,Protective-serv,Husband,White,Male,4,0,63,United-States,1
55,Private,189860,Masters,14,Never-married,Prof-specialty,Unmarried,Other,Female,21,1811,40,Italy,0
31,Private,55284,HS-grad,9,Married-spouse-absent,Adm-clerical,Not-in-family,White,Female,31,-1,37,United-States,0
57,Local-gov,251537,Some-college,10,Separated,Other-service,Not-in-family,White,Female,21,1,40,United-States,0
30,Private,96535,Some-college,10,Never-married,Craft-repair,Other-relative,White,Female,-6,1858,19,Guatemala,0
30,Private,222764,Masters,14,Never-married,Adm-clerical,Not-in-family,White,Female,10,-1,40,Peru,0
35,Private,246799,HS-grad,9,Married-civ-spouse,Transport-moving,Husband,White,Male,-4,-1,40,United-States,0
33,Private,194460,1st-4th,3,Never-married,Adm-clerical,Not-in-family,White,Male,-3,0,40,United-States,0
26,Private,46296,HS-grad,9,Married-civ-spouse,Craft-repair,Not-in-family,White,Male,-5,0,50,United-States,0
75,Private,423326,HS-grad,9,Married-spouse-absent,Transport-moving,Unmarried,Black,Male,17,-1,40,Puerto-Rico,0
35,Private,227366,Bachelors,13,Never-married,Prof-specialty,Husband,Asian-Pac-Islander,Male,9,0,56,France,0
55,Private,242541,HS-grad,9,Married-civ-spouse,Machine-op-inspct,Wife,White,Male,-3,1,40,Mexico,0
29,Local-gov,218700,Assoc-acdm,12,Never-married,Adm-clerical,Not-in-family,White,Female,24,0,40,United-States,0
45,Private,429466,HS-grad,9,Never-married,Farming-fishing,Not-in-family,Amer-Indian-Eskimo,Male,12,1807,50,United-States,0
30,Self-emp-not-inc,198213,HS-grad,9,Never-married,Prof-specialty,Not-in-family,White,Male,6,0,45,United-States,0
31,Private,217236,HS-grad,9,Married-civ-spouse,Handlers-cleaners,Husband,Other,Male,-6,0,59,Laos,1
34,Private,257735,Bachelors,13,Married-spouse-absent,Craft-repair,Other-relative,White,Male,6,1801,58,United-States,0
35,Local-gov,254529,Masters,14,Never-married,Protective-serv,Not-in-family,White,Male,39,0,40,United-States,0
56,?,338016,10th,7,Married-civ-spouse,?,Husband,White,Male,23,0,19,United-States,0
29,Self-emp-not-inc,356152,Bachelors,13,Never-married,Tech-support,Not-in-family,Black,Male,16,0,40,United-States,1
38,Private,261599,Some-college,10,Separated,Other-service,Unmarried,White,Male,17,2,40,United-States,0
40,Private,204984,Some-college,10,Divorced,Craft-repair,Not-in-family,White,Male,-7,0,49,United-States,1
41,Private,270111,Some-college,10,Married-civ-spouse,Exec-managerial,Husband,White,Male,12,0,40,United-States,0
50,Private,389693,HS-grad,9,Never-married,Handlers-cleaners,Not-in-family,Black,Male,28,0,40,United-States,0
54,Private,236405,HS-grad,9,Separated,Handlers-cleaners,Husband,Amer-Indian-Eskimo,Male,24,0,40,United-States,0
44,Private,220143,Masters,14,Divorced,Exec-managerial,Not-in-family,Amer-Indian-Eskimo,Male,24,0,40,United-States,0
57,Private,255792,1st-4th,4,Never-married,Other-service,Unmarried,Black,Female,22,-1,40,United-States,0
62,Self-emp-not-inc,111210,10th,6,Divorced,Sales,Not-in-family,Amer-Indian-Eskimo,Male,24,0,40,United-States,0
84,?,81483,11th,7,Married-AF-spouse,?,Other-relative,White,Female,-16,1,40,United-States,0
36,Private,209195,HS-grad,13,Married-spouse-absent,Priv-house-serv,Not-in-family,White,Male,16,-1,40,Outlying-US(Guam-USVI-etc),0
37,Private,303556,Bachelors,13,Married-spouse-absent,Other-service,Not-in-family,White,Male,-4,-1,75,United-States,0
24,Private,356969,9th,6,Never-married,Handlers-cleaners,Own-child,White,Male,4,0,40,United-States,0
31,Private,568593,11th,10,Never-married,Machine-op-inspct,Other-relative,Black,Male,11,0,40,United-States,0
56,Private,202109,HS-grad,9,Separated,Other-service,Other-relative,Black,Female,17,0,45,United-States,0
49,Private,133476,Doctorate,16,Married-civ-spouse,Prof-specialty,Husband,Asian-Pac-Islander,Male,16,0,40,?,1
81,Self-emp-inc,165594,Bachelors,13,Married-civ-spouse,Prof-specialty,Husband,White,Male,30,0,58,United-States,1
49,Private,133643,9th,5,Divorced,Other-service,Unmarried,Black,Female,26,-1,20,United-States,0
51,State-gov,241533,Some-college,14,Married-civ-spouse,Exec-managerial,Wife,White,Female,33,0,40,United-States,1
51,Private,80712,10th,10,Married-civ-spouse,Tech-support,Husband,Other,Female,10,0,40,Vietnam,0
34,Private,183829,HS-grad,9,Married-civ-spouse,Craft-repair,Husband,White,Female,-4,0,40,United-States,0
50,Federal-gov,299539,HS-grad,9,Never-married,Adm-clerical,Unmarried,White,Female,2,0,37,United-States,0
31,Private,236779,Some-college,10,Never-married,Adm-clerical,Other-relative,White,Female,-7,1,40,United-States,0
48,Private,125564,11th,9,Never-married,Machine-op-inspct,Not-in-family,White,Male,-20,-1,40,United-States,0
43,Local-gov,159976,Some-college,10,Divorced,Other-service,Unmarried,White,Female,16,-1,72,United-States,0
56,Local-gov,109644,12th,9,Separated,Other-service,Unmarried,White,Male,56,0,40,United-States,0
30,Private,175893,HS-grad,9,Never-married,Handlers-cleaners,Own-child,White,Male,27,0,44,Haiti,0
36,Private,284041,10th,3,Married-civ-spouse,Craft-repair,Husband,White,Male,9,-1,40,Mexico,0
28,?,158388,11th,7,Married-AF-spouse,?,Other-relative,White,Female,1,1,35,United-States,0
29,Local-gov,207032,Bachelors,13,Married-civ-spouse,Prof-specialty,Wife,White,Female,5,0,40,United-States,0
22,Private,271162,HS-grad,9,Separated,Sales,Own-child,White,Female,24,-1,23,United-States,0
34,Private,299480,Some-college,3,Never-married,Adm-clerical,Wife,White,Female,10,0,40,Yugoslavia,0
26,Private,166399,Masters,14,Never-married,Prof-specialty,Not-in-family,White,Female,15,0,40,United-States,0
52,Private,405923,12th,6,Married-civ-spouse,Craft-repair,Husband,White,Male,-5,0,40,United-States,1
37,Local-gov,245038,Assoc-acdm,12,Never-married,Adm-clerical,Not-in-family,Black,Male,26,1,71,United-States,0
46,Private,147528,Assoc-voc,6,Married-civ-spouse,Craft-repair,Husband,White,Male,22,0,40,United-States,1
34,Private,279108,Bachelors,13,Married-civ-spouse,Exec-managerial,Wife,White,Female,-6,0,40,Canada,0
35,Private,138461,Assoc-acdm,13,Married-civ-spouse,Transport-moving,Husband,White,Male,0,0,40,United-States,0
56,Self-emp-not-inc,113327,Some-college,3,Widowed,Other-service,Unmarried,White,Female,-12,1,50,United-States,0
76,?,349832,10th,5,Married-AF-spouse,?,Wife,White,Female,-19,-1,9,United-States,0
27,Private,222535,Some-college,10,Married-spouse-absent,Craft-repair,Other-relative,White,Male,14,0,30,Mexico,0
51,Private,211666,Masters,16,Divorced,Prof-specialty,Not-in-family,White,Male,39,0,60,United-States,1
40,Private,178602,HS-grad,9,Married-civ-spouse,Adm-clerical,Wife,Asian-Pac-Islander,Male,12,0,40,?,0
73,Local-gov,217421,Bachelors,13,Never-married,Sales,Not-in-family,White,Male,13,1,40,United-States,0
58,Private,176539,HS-grad,9,Married-civ-spouse,Transport-moving,Husband,White,Male,-2,0,40,United-States,0
36,Private,194925,HS-grad,9,Never-married,Other-service,Not-in-family,White,Male,-14,0,49,United-States,0
31,State-gov,94984,Doctorate,16,Married-civ-spouse,Prof-specialty,Husband,White,Male,7998,0,74,United-States,1
26,Private,221002,HS-grad,9,Never-married,Other-service,Not-in-family,Black,Female,30,1,37,?,0
43,Local-gov,213330,HS-grad,9,Married-civ-spouse,Craft-repair,Husband,Black,Male,-3,1,40,United-States,0
57,Local-gov,218742,7th-8th,13,Married-civ-spouse,Transport-moving,Husband,White,Male,-5,0,40,United-States,0
35,Private,180234,Assoc-acdm,6,Married-civ-spouse,Prof-specialty,Husband,White,Male,17,0,40,United-States,0
62,Federal-gov,206173,HS-grad,9,Married-civ-spouse,Exec-managerial,Husband,White,Male,36,0,40,United-States,0
32,State-gov,196025,12th,3,Married-civ-spouse,Protective-serv,Husband,White,Male,11,0,49,United-States,0
49,Private,302568,10th,6,Married-civ-spouse,Prof-specialty,Wife,Asian-Pac-Islander,Male,-9,0,40,Philippines,1
32,State-gov,278786,Prof-school,15,Married-civ-spouse,Prof-specialty,Husband,White,Male,32,0,58,Taiwan,1
26,Private,241990,HS-grad,9,Never-married,Handlers-cleaners,Not-in-family,White,Male,23,0,36,United-States,0
19,Private,166115,11th,7,Never-married,Other-service,Own-child,White,Female,40,-1,12,United-States,0
28,Local-gov,232200,HS-grad,9,Never-married,Protective-serv,Not-in-family,Black,Female,15,0,40,United-States,0
37,Private,225698,Bachelors,13,Married-civ-spouse,Prof-specialty,Husband,White,Male,4,0,45,United-States,0
26,Private,111644,HS-grad,9,Never-married,Other-service,Not-in-family,White,Female,8,0,40,United-States,0
49,Self-emp-not-inc,63976,HS-grad,9,Married-civ-spouse,Sales,Husband,White,Male,0,0,58,United-States,0
59,Private,305772,Bachelors,13,Divorced,Prof-specialty,Unmarried,White,Female,20,-1,40,United-States,0
51,Local-gov,334558,Some-college,10,Never-married,Protective-serv,Not-in-family,Black,Male,22,1,50,United-States,0
69,Private,198090,Some-college,10,Divorced,Exec-managerial,Unmarried,White,Female,25,-1,40,United-States,0
25,Self-emp-not-inc,43168,Some-college,10,Never-married,Other-service,Own-child,White,Male,42,1,30,United-States,0
20,Private,183213,Bachelors,13,Married-spouse-absent,Adm-clerical,Not-in-family,White,Female,1,0,36,Ireland,0
59,Private,218646,Bachelors,13,Never-married,Prof-specialty,Not-in-family,White,Male,17,1863,40,United-States,0
58,Private,169216,10th,6,Married-civ-spouse,Transport-moving,Husband,White,Male,-5,-1,40,United-States,0
40,Private,260513,Masters,14,Divorced,Prof-specialty,Not-in-family,Asian-Pac-Islander,Female,7786,0,50,India,0
44,Private,205520,Masters,14,Married-civ-spouse,Prof-specialty,Husband,White,Male,3946,1,40,United-States,1
56,Private,216319,7th-8th,4,Married-civ-spouse,Sales,Husband,White,Male,4127,0,40,United-States,0
63,Private,227348,HS-grad,9,Married-civ-spouse,Transport-moving,Husband,White,Male,6,0,40,United-States,0
52,Private,392485,Some-college,10,Separated,Other-service,Unmarried,White,Male,13,0,40,United-States,0
61,Self-emp-not-inc,183842,HS-grad,9,Married-civ-spouse,Exec-managerial,Husband,White,Male,23,0,67,United-States,0
50,Private,360218,HS-grad,9,Married-civ-spouse,Exec-managerial,Husband,White,Male,20,-1,63,United-States,1
43,Private,230354,Preschool,3,Married-spouse-absent,Other-service,Not-in-family,Asian-Pac-Islander,Female,-5,0,40,Holand-Netherlands,0
22,Private,153917,HS-grad,9,Never-married,Adm-clerical,Own-child,Asian-Pac-Islander,Female,-2,0,36,United-States,0
71,?,217621,HS-grad,9,Married-civ-spouse,?,Wife,Asian-Pac-Islander,Female,6,0,19,United-States,0
57,Private,183942,5th-6th,3,Married-civ-spouse,Other-service,Unmarried,White,Female,3893,1,40,United-States,0
32,Private,635313,9th,4,Married-civ-spouse,Craft-repair,Husband,Other,Male,20,0,40,Portugal,0
25,Private,255435,HS-grad,9,Never-married,Adm-clerical,Unmarried,Other,Female,11,1801,24,United-States,0
46,State-gov,168134,Prof-school,15,Married-civ-spouse,Prof-specialty,Husband,White,Male,17,0,49,United-States,1
58,Self-emp-inc,105027,Bachelors,13,Married-civ-spouse,Prof-specialty,Husband,White,Male,7647,0,40,United-States,1
37,Private,243082,Assoc-acdm,5,Divorced,Other-service,Unmarried,White,Female,26,0,31,United-States,0
25,Private,119870,HS-grad,9,Married-civ-spouse,Handlers-cleaners,Husband,White,Male,13,0,67,United-States,0
19,Private,153052,HS-grad,9,Never-married,Other-service,Own-child,White,Male,10,-1,40,United-States,0
25,Private,264894,11th,7,Never-married,Sales,Own-child,Black,Female,6,0,14,United-States,0
18,?,90163,11th,7,Divorced,?,Unmarried,White,Female,18,0,40,United-States,0
19,Private,279958,11th,5,Never-married,Sales,Not-in-family,White,Male,3643,0,22,United-States,0
43,Self-emp-not-inc,34891,HS-grad,9,Married-civ-spouse,Farming-fishing,Husband,White,Male,12,0,66,?,0
56,Self-emp-inc,198313,Bachelors,13,Married-civ-spouse,Prof-specialty,Husband,White,Male,32,0,40,United-States,1
31,Private,554397,HS-grad,9,Never-married,Farming-fishing,Husband,White,Male,19,0,65,Vietnam,0
61,?,220797,10th,6,Married-civ-spouse,?,Husband,White,Male,8,-1,40,United-States,0
26,Private,171988,Some-college,10,Divorced,Craft-repair,Not-in-family,White,Male,16,0,40,United-States,0
35,Private,185584,Masters,14,Married-civ-spouse,Exec-managerial,Husband,White,Male,17,1,40,United-States,1
53,Private,223223,Preschool,1,Married-civ-spouse,Machine-op-inspct,Husband,White,Male,25,0,40,Mexico,0
29,Private,266399,Bachelors,7,Never-married,Adm-clerical,Own-child,Black,Female,14,0,40,Cuba,0
20,Private,97522,Some-college,10,Never-married,Other-service,Own-child,White,Male,15,0,30,United-States,0
36,Private,40506,Some-college,10,Married-civ-spouse,Craft-repair,Husband,White,Male,3,0,40,Canada,0
36,Private,228914,Bachelors,13,Married-civ-spouse,Exec-managerial,Husband,White,Male,21,0,45,?,0
34,?,219261,HS-grad,9,Married-civ-spouse,?,Husband,Asian-Pac-Islander,Male,-4,1,40,Philippines,0
36,Local-gov,220495,Assoc-acdm,12,Married-civ-spouse,Adm-clerical,Husband,White,Male,18,0,40,United-States,0
41,Private,259276,Bachelors,13,Married-civ-spouse,Exec-managerial,Husband,White,Male,10,0,49,United-States,0
49,Self-emp-not-inc,253039,12th,8,Never-married,Prof-specialty,Not-in-family,White,Male,27,-1,40,United-States,0
43,Private,234744,HS-grad,9,Married-civ-spouse,Sales,Husband,White,Male,9,0,40,United-States,0
31,Private,143925,HS-grad,9,Married-civ-spouse,Machine-op-inspct,Husband,Asian-Pac-Islander,Male,27,0,45,Taiwan,0
31,Private,310641,Bachelors,13,Never-married,Exec-managerial,Not-in-family,White,Male,33,0,40,United-States,0
34,Private,44015,Some-college,10,Divorced,Prof-specialty,Not-in-family,White,Female,18,1830,36,United-States,0
39,Self-emp-inc,179602,HS-grad,9,Married-spouse-absent,Exec-managerial,Not-in-family,White,Female,26,0,40,Peru,0
46,Private,235596,HS-grad,9,Married-civ-spouse,Other-service,Wife,White,Male,-11,-1,40,United-States,0
38,Without-pay,157576,Some-college,10,Married-civ-spouse,Other-service,Husband,White,Male,10,0,59,United-States,0
64,Private,288024,HS-grad,9,Separated,Other-service,Unmarried,Black,Female,10,-1,31,United-States,0
34,Local-gov,121868,Bachelors,13,Married-civ-spouse,Exec-managerial,Husband,Asian-Pac-Islander,Male,15,0,40,Vietnam,0
64,Local-gov,286788,1st-4th,6,Widowed,Machine-op-inspct,Unmarried,Black,Female,12,1,40,United-States,0
29,?,194206,Bachelors,13,Never-married,?,Not-in-family,White,Male,-1,1,40,United-States,0
47,Private,184533,Masters,14,Widowed,Exec-managerial,Not-in-family,White,Female,12,0,40,United-States,0
57,Private,177608,Prof-school,6,Married-civ-spouse,Other-service,Husband,White,Male,28,0,50,United-States,0
31,Private,125949,Bachelors,13,Never-married,Craft-repair,Own-child,Asian-Pac-Islander,Male,-3,1,57,Vietnam,0
49,Local-gov,93291,Masters,14,Married-spouse-absent,Prof-specialty,Not-in-family,White,Female,17,1,40,United-States,0
32,Private,208294,10th,6,Married-civ-spouse,Prof-specialty,Husband,Asian-Pac-Islander,Male,24,1,40,South,0
44,Private,136833,Assoc-voc,11,Married-civ-spouse,Prof-specialty,Husband,White,Male,18,0,71,United-States,1
18,Private,218186,11th,9,Never-married,Other-service,Own-child,Black,Male,28,0,11,United-States,0
63,Private,141328,7th-8th,4,Married-civ-spouse,Transport-moving,Husband,White,Male,9,-1,40,United-States,0
35,Private,207731,HS-grad,9,Widowed,Adm-clerical,Unmarried,White,Female,4089,-1,40,United-States,0
20,State-gov,33563,Some-college,10,Never-married,Adm-clerical,Not-in-family,White,Male,-2,0,63,United-States,0
41,Private,263490,HS-grad,9,Married-civ-spouse,Adm-clerical,Husband,White,Male,0,0,40,United-States,1
22,Private,119816,Bachelors,13,Married-spouse-absent,Adm-clerical,Not-in-family,White,Female,-5,1,40,United-States,1
19,Private,194325,HS-grad,9,Never-married,Other-service,Own-child,White,Female,4,-1,44,England,0
25,Private,142206,HS-grad,9,Divorced,Handlers-cleaners,Not-in-family,Asian-Pac-Islander,Male,-4,1,40,Japan,0
57,Private,217801,12th,3,Married-civ-spouse,Craft-repair,Husband,Black,Male,6,0,40,United-States,0
56,Self-emp-not-inc,327763,7th-8th,4,Married-civ-spouse,Transport-moving,Husband,White,Male,24,-1,40,United-States,0
18,?,243291,HS-grad,9,Never-married,?,Own-child,White,Female,27,0,22,United-States,0
42,Private,101230,Some-college,10,Married-civ-spouse,Exec-managerial,Husband,Asian-Pac-Islander,Male,20,1,50,Vietnam,1
16,Private,178408,11th,7,Never-married,Sales,Own-child,White,Male,25,0,20,United-States,0
49,Private,196097,HS-grad,9,Married-civ-spouse,Machine-op-inspct,Husband,Black,Female,4,1,40,United-States,0
42,Private,213653,Bachelors,13,Married-civ-spouse,Exec-managerial,Wife,White,Male,7798,0,44,United-States,1
52,Private,173879,10th,6,Separated,Other-service,Unmarried,Black,Male,0,0,40,United-States,0
56,Private,144415,Masters,14,Married-civ-spouse,Prof-specialty,Wife,White,Male,42,0,50,England,1
40,Private,141239,1st-4th,5,Married-spouse-absent,Farming-fishing,Not-in-family,White,Male,5,0,40,Dominican-Republic,0
21,Private,82381,Prof-school,14,Never-married,Prof-specialty,Own-child,Asian-Pac-Islander,Male,6,0,40,United-States,0
25,Private,356446,HS-grad,9,Separated,Transport-moving,Not-in-family,White,Male,-1,0,40,United-States,0
47,Private,213424,HS-grad,9,Divorced,Farming-fishing,Unmarried,White,Male,5,0,50,United-States,0
56,Private,237593,Doctorate,16,Married-civ-spouse,Prof-specialty,Husband,White,Female,21,0,58,?,1
40,Private,264918,Some-college,10,Separated,Adm-clerical,Unmarried,White,Male,4,0,40,United-States,0
24,Private,262575,Bachelors,13,Never-married,Prof-specialty,Not-in-family,White,Female,-2,1775,40,United-States,0
34,Private,140630,HS-grad,9,Married-civ-spouse,Other-service,Husband,White,Male,-16,-1,44,United-States,0
33,Private,476762,Some-college,10,Married-civ-spouse,Craft-repair,Husband,White,Male,-6,0,40,Ecuador,0
45,Local-gov,215941,Masters,14,Divorced,Adm-clerical,Unmarried,White,Female,-4,-1,40,United-States,0
17,Private,216260,11th,7,Never-married,Sales,Own-child,Black,Male,35,-1,40,United-States,0
49,Private,205900,Some-college,10,Divorced,Sales,Not-in-family,White,Male,24,1,40,United-States,0
45,Private,278601,HS-grad,9,Married-civ-spouse,Craft-repair,Husband,White,Male,1,1811,45,United-States,0
20,Private,285106,HS-grad,9,Never-married,Sales,Own-child,Black,Female,16,-1,30,United-States,0
69,?,59217,Assoc-acdm,12,Divorced,?,Not-in-family,White,Male,29,0,9,United-States,1
32,Private,338112,HS-grad,9,Never-married,Prof-specialty,Not-in-family,White,Female,18,0,45,United-States,0
30,Private,281731,HS-grad,9,Never-married,Craft-repair,Own-child,White,Male,-7,1824,40,?,0
45,Private,287688,HS-grad,9,Married-spouse-absent,Other-service,Unmarried,Black,Female,-5,-1,40,Peru,0
41,Private,98467,Some-college,10,Married-spouse-absent,Farming-fishing,Unmarried,Asian-Pac-Islander,Male,-5,0,58,Iran,0
38,Private,213910,HS-grad,13,Divorced,Other-service,Not-in-family,White,Female,2,-1,46,United-States,0
50,Private,292469,Masters,14,Married-civ-spouse,Transport-moving,Husband,White,Male,7917,0,40,United-States,1
55,Private,204922,Bachelors,13,Married-civ-spouse,Prof-specialty,Husband,Asian-Pac-Islander,Male,5,0,40,Hong,1
44,Federal-gov,235047,Some-college,10,Never-married,Farming-fishing,Own-child,White,Male,3210,1,40,United-States,0
29,Private,196556,HS-grad,9,Married-spouse-absent,Craft-repair,Other-relative,Other,Female,5,0,40,Puerto-Rico,0
38,Self-emp-not-inc,190137,Some-college,10,Married-civ-spouse,Prof-specialty,Husband,White,Male,27,1,50,United-States,0
54,Private,194628,1st-4th,6,Widowed,Machine-op-inspct,Not-in-family,White,Female,9,0,40,United-States,0
57,Self-emp-not-inc,27553,Some-college,10,Never-married,Exec-managerial,Not-in-family,White,Male,27,0,56,United-States,0
27,Private,188192,HS-grad,9,Married-spouse-absent,Tech-support,Not-in-family,Black,Female,11,0,40,United-States,0
26,?,354877,Some-college,10,Married-AF-spouse,?,Wife,White,Female,7,-1,20,United-States,0
33,Private,635020,HS-grad,9,Married-civ-spouse,Transport-moving,Husband,White,Male,-10,0,40,United-States,0
42,Private,193855,Masters,14,Divorced,Exec-managerial,Unmarried,White,Female,7,0,71,United-States,0
42,Private,315067,Bachelors,13,Never-married,Prof-specialty,Not-in-family,White,Female,25,0,40,United-States,0
21,Private,176667,1st-4th,3,Never-married,Handlers-cleaners,Not-in-family,White,Male,15,0,40,Peru,0
56,Private,239885,Some-college,10,Married-civ-spouse,Sales,Husband,White,Male,25,0,44,United-States,1
32,Private,206973,HS-grad,9,Married-civ-spouse,Craft-repair,Husband,White,Male,3,1,40,United-States,0
33,Private,183783,Bachelors,13,Married-civ-spouse,Exec-managerial,Husband,White,Male,29,0,40,United-States,0
41,Private,197406,Some-college,10,Never-married,Other-service,Wife,Asian-Pac-Islander,Female,17,1,40,Philippines,0
60,Private,68573,7th-8th,4,Never-married,Sales,Unmarried,White,Female,4155,-1,40,Dominican-Republic,0
33,Private,248288,HS-grad,9,Never-married,Handlers-cleaners,Not-in-family,White,Female,8,-1,40,United-States,0
47,Private,256850,Masters,4,Never-married,Adm-clerical,Wife,White,Male,28,0,40,Guatemala,0
55,Private,212769,HS-grad,9,Widowed,Adm-clerical,Unmarried,White,Female,12,0,40,United-States,0
28,Private,263995,HS-grad,9,Never-married,Other-service,Unmarried,White,Female,45,0,24,El-Salvador,0
70,Private,160614,HS-grad,9,Divorced,Craft-repair,Not-in-family,White,Male,-11,0,40,United-States,0
30,Private,258218,12th,8,Never-married,Craft-repair,Not-in-family,White,Male,46,0,40,United-States,0
56,Private,154393,9th,3,Divorced,Other-service,Unmarried,White,Female,16,0,40,United-States,0
34,State-gov,366651,Bachelors,13,Never-married,Prof-specialty,Not-in-family,White,Female,32,0,50,United-States,0
33,Private,83634,Some-college,3,Never-married,Farming-fishing,Own-child,White,Male,18,1,40,?,0
29,Private,46818,10th,6,Divorced,Protective-serv,Unmarried,Black,Male,9,0,40,United-States,0
27,Private,200198,Bachelors,13,Never-married,Prof-specialty,Other-relative,White,Female,21,0,40,United-States,0
35,Local-gov,41787,Some-college,10,Divorced,Prof-specialty,Unmarried,White,Female,22,0,40,United-States,0
55,Private,111076,Assoc-voc,14,Married-civ-spouse,Other-service,Wife,White,Male,28,0,40,United-States,0
25,Private,98351,Assoc-voc,11,Never-married,Tech-support,Other-relative,White,Female,29,1,40,United-States,0
74,Private,190218,Some-college,10,Widowed,Priv-house-serv,Not-in-family,White,Female,4497,-1,31,United-States,0
26,Private,265557,Assoc-voc,11,Married-civ-spouse,Tech-support,Wife,White,Female,12,0,40,United-States,0
86,Self-emp-not-inc,141986,10th,5,Widowed,Priv-house-serv,Not-in-family,White,Female,5,0,24,United-States,0
53,Private,278634,9th,3,Married-civ-spouse,Handlers-cleaners,Husband,Asian-Pac-Islander,Male,4,-1,40,Hong,0
29,Private,261236,Some-college,10,Divorced,Tech-support,Not-in-family,White,Female,15,0,40,United-States,0
62,Self-emp-not-inc,264681,Some-college,10,Widowed,?,Not-in-family,White,Male,14,0,40,United-States,0
54,Self-emp-not-inc,87794,Some-college,10,Married-spouse-absent,Prof-specialty,Not-in-family,Asian-Pac-Islander,Male,37,0,71,Philippines,1
33,Private,415200,Assoc-voc,11,Married-civ-spouse,Other-service,Husband,Amer-Indian-Eskimo,Male,26,0,40,United-States,0
29,Private,343996,Bachelors,13,Married-spouse-absent,Prof-specialty,Other-relative,White,Male,18,0,50,United-States,0
19,?,132209,11th,7,Married-civ-spouse,?,Wife,Asian-Pac-Islander,Female,11,-1,8,United-States,0
43,Private,243147,Some-college,4,Married-civ-spouse,Adm-clerical,Husband,White,Male,16,0,50,United-States,0
36,Private,246700,HS-grad,9,Never-married,Craft-repair,Not-in-family,White,Female,13,0,40,United-States,0
40,Private,300684,Masters,14,Married-civ-spouse,Prof-specialty,Husband,White,Female,4037,1,40,United-States,1
55,Private,210146,HS-grad,9,Separated,Machine-op-inspct,Not-in-family,White,Male,33,0,40,United-States,0
30,Private,205014,Assoc-acdm,13,Married-civ-spouse,Transport-moving,Husband,White,Male,-5,0,40,Greece,1
29,Private,207588,10th,4,Separated,Other-service,Other-relative,Black,Male,26,-1,40,Dominican-Republic,0
29,Private,187134,12th,6,Married-civ-spouse,Transport-moving,Husband,White,Male,-9,1,40,United-States,0
20,?,63142,HS-grad,9,Married-spouse-absent,?,Not-in-family,White,Male,-3,0,40,France,0
47,Private,114440,Masters,14,Never-married,Prof-specialty,Not-in-family,Black,Female,-8,0,35,United-States,0
55,Local-gov,137079,Some-college,10,Married-civ-spouse,Craft-repair,Husband,White,Male,20,1803,40,United-States,0
37,Private,221107,5th-6th,3,Married-spouse-absent,Priv-house-serv,Unmarried,Black,Female,26,-1,40,Dominican-Republic,0
29,Private,139662,5th-6th,3,Never-married,Other-service,Unmarried,White,Female,6,-1,40,El-Salvador,0
60,Private,166328,1st-4th,3,Divorced,Machine-op-inspct,Unmarried,Asian-Pac-Islander,Female,-4,-1,40,Outlying-US(Guam-USVI-etc),0
51,Self-emp-not-inc,226276,Some-college,10,Married-civ-spouse,Farming-fishing,Husband,White,Male,28,0,49,United-States,0
57,Private,215878,9th,4,Married-civ-spouse,Other-service,Husband,White,Male,-9,0,40,United-States,0
48,Self-emp-not-inc,335802,Some-college,10,Married-civ-spouse,Farming-fishing,Husband,White,Male,15,0,69,United-States,0
62,Without-pay,198930,HS-grad,9,Widowed,Other-service,Other-relative,White,Male,2,-1,36,United-States,0
41,Private,95615,Bachelors,13,Separated,Prof-specialty,Unmarried,White,Female,15,0,49,United-States,0
59,?,169540,Some-college,10,Widowed,?,Not-in-family,White,Female,21,-1,7,United-States,0
56,Federal-gov,37316,Masters,14,Divorced,Prof-specialty,Not-in-family,Black,Female,18,0,51,United-States,0
47,Private,147488,Assoc-acdm,12,Married-civ-spouse,?,Husband,White,Male,20,0,40,United-States,0
18,State-gov,251827,Some-college,10,Never-married,Sales,Own-child,White,Female,32,0,13,United-States,0
21,Private,131002,5th-6th,4,Separated,Other-service,Unmarried,Other,Female,31,0,40,Japan,0
21,Private,232032,HS-grad,11,Never-married,Tech-support,Own-child,White,Male,13,0,31,United-States,0
49,Private,249963,Masters,14,Married-civ-spouse,Exec-managerial,Wife,White,Female,-8,0,30,United-States,0
33,Private,204300,Bachelors,13,Married-civ-spouse,Prof-specialty,Husband,White,Male,3069,0,60,United-States,1
36,Private,274136,Some-college,10,Never-married,Craft-repair,Not-in-family,Amer-Indian-Eskimo,Male,16,1,49,United-States,0
62,?,268953,Some-college,10,Married-spouse-absent,?,Other-relative,White,Male,34,0,17,United-States,0
55,Without-pay,304941,Some-college,10,Married-civ-spouse,Transport-moving,Husband,White,Male,30,1,59,United-States,0
53,Private,223257,Bachelors,13,Married-civ-spouse,Prof-specialty,Husband,White,Male,12,-1,40,United-States,1
42,Private,377335,Some-college,10,Married-civ-spouse,Tech-support,Husband,White,Male,22,0,49,United-States,0
35,Private,108981,10th,5,Married-spouse-absent,Craft-repair,Husband,White,Male,5,0,50,El-Salvador,0
57,Private,113507,9th,4,Widowed,Priv-house-serv,Unmarried,White,Male,29,0,40,Puerto-Rico,0
34,Private,234782,HS-grad,9,Married-civ-spouse,Craft-repair,Husband,White,Male,18,0,40,United-States,0
41,Private,106292,Some-college,10,Divorced,Sales,Not-in-family,White,Male,-5,1,30,United-States,0
28,Private,209035,HS-grad,9,Married-spouse-absent,Sales,Unmarried,Black,Female,26,0,25,United-States,0
34,Private,216760,HS-grad,9,Married-civ-spouse,Sales,Husband,White,Male,14695,0,49,United-States,1
23,Private,346324,Some-college,10,Never-married,Sales,Other-relative,White,Female,18,1,31,United-States,0
43,Private,251314,10th,9,Married-civ-spouse,Machine-op-inspct,Wife,Other,Female,-1,0,40,Trinadad&Tobago,0
59,Private,207001,HS-grad,9,Married-civ-spouse,Adm-clerical,Husband,Black,Male,26,0,40,Mexico,1
39,Private,247040,1st-4th,3,Never-married,Tech-support,Not-in-family,White,Female,13,0,40,United-States,0
47,Private,256975,HS-grad,9,Married-civ-spouse,Transport-moving,Husband,White,Male,4,0,40,United-States,0
19,?,111333,Some-college,10,Never-married,?,Not-in-family,White,Male,48,0,30,United-States,0
36,Private,199430,7th-8th,10,Never-married,Farming-fishing,Not-in-family,White,Male,8,1,40,United-States,0
28,Private,146158,Assoc-acdm,7,Married-civ-spouse,Protective-serv,Husband,Black,Male,15,1804,40,United-States,1
50,Private,93027,Bachelors,13,Married-civ-spouse,Exec-managerial,Husband,White,Male,6,0,50,United-States,0
23,Private,256982,7th-8th,12,Married-civ-spouse,Other-service,Husband,White,Female,35,0,40,Yugoslavia,0
29,Private,281341,Masters,13,Never-married,Prof-specialty,Not-in-family,White,Female,-7,1904,40,Taiwan,0
35,Private,116613,Some-college,10,Divorced,Sales,Not-in-family,White,Male,1,2128,68,United-States,0
16,Private,252075,11th,7,Never-married,?,Own-child,White,Female,18,0,6,United-States,0
43,Self-emp-not-inc,163696,Some-college,10,Married-civ-spouse,Sales,Husband,White,Male,44,0,50,Jamaica,1
56,Private,114684,1st-4th,4,Married-civ-spouse,Transport-moving,Husband,White,Male,14,0,70,Iran,0
44,Self-emp-inc,242161,Bachelors,13,Married-civ-spouse,Exec-managerial,Husband,White,Male,7760,1835,40,United-States,1
41,Private,372646,Some-college,10,Married-civ-spouse,Craft-repair,Husband,White,Male,17,0,56,United-States,0
39,Local-gov,208766,Bachelors,13,Married-civ-spouse,Exec-managerial,Husband,White,Male,22,0,58,United-States,1
31,Local-gov,278120,Assoc-acdm,13,Married-civ-spouse,Craft-repair,Husband,White,Male,-1,0,40,?,0
35,Private,399326,Bachelors,13,Divorced,Exec-managerial,Not-in-family,White,Female,14,-1,40,United-States,0
46,Private,165257,10th,13,Married-civ-spouse,Sales,Husband,White,Male,3,1,40,Taiwan,0
35,Private,311450,Some-college,10,Never-married,Tech-support,Not-in-family,White,Male,13,-1,50,United-States,0
59,Private,165448,5th-6th,6,Married-civ-spouse,Farming-fishing,Husband,White,Male,11,1,40,?,0
29,?,297690,Some-college,10,Married-civ-spouse,?,Husband,Amer-Indian-Eskimo,Male,12,0,40,Nicaragua,0
61,Private,179994,Some-college,10,Married-civ-spouse,Exec-managerial,Wife,White,Male,16,0,64,United-States,1
27,Private,100247,9th,6,Never-married,Tech-support,Not-in-family,White,Male,11,0,40,United-States,0
40,State-gov,189247,Bachelors,13,Never-married,Prof-specialty,Not-in-family,White,Male,4,1,40,Greece,0
19,Private,349621,HS-grad,9,Never-married,Other-service,Not-in-family,White,Female,26,0,22,United-States,0
45,Private,237898,Some-college,10,Married-civ-spouse,Prof-specialty,Wife,White,Female,45,0,30,United-States,1
51,Private,183214,Assoc-voc,11,Married-civ-spouse,Tech-support,Husband,White,Male,17,0,40,United-States,0
17,Private,240603,HS-grad,9,Never-married,Sales,Own-child,White,Male,12,-1,9,United-States,0
58,Private,159100,HS-grad,9,Married-civ-spouse,Transport-moving,Husband,White,Male,-1,0,62,United-States,0
54,Self-emp-inc,213857,Assoc-voc,11,Married-civ-spouse,Prof-specialty,Husband,White,Male,31,0,40,United-States,1
34,Private,209088,Bachelors,13,Divorced,Exec-managerial,Not-in-family,White,Male,-25,-1,40,United-States,0
36,Private,666442,Bachelors,13,Married-civ-spouse,Transport-moving,Husband,White,Male,14,-1,73,United-States,1
50,Private,153883,10th,6,Married-civ-spouse,Transport-moving,Husband,White,Male,-13,0,40,United-States,0
26,?,125175,Some-college,10,Married-civ-spouse,?,Wife,Asian-Pac-Islander,Female,-3,0,9,Dominican-Republic,0
33,Self-emp-not-inc,231626,Bachelors,13,Never-married,Prof-specialty,Not-in-family,White,Female,44,1,40,United-States,0
58,Private,105614,Some-college,10,Married-civ-spouse,Sales,Husband,Amer-Indian-Eskimo,Female,4835,1,40,United-States,0
36,Private,205818,1st-4th,6,Married-spouse-absent,Machine-op-inspct,Other-relative,Black,Male,22,0,40,Trinadad&Tobago,0
61,Self-emp-inc,129949,Masters,5,Widowed,Prof-specialty,Not-in-family,Black,Female,38,1896,40,United-States,0
52,Private,307713,HS-grad,9,Never-married,Adm-clerical,Unmarried,White,Female,-7,0,50,United-States,1
34,Private,198378,Bachelors,13,Married-civ-spouse,Prof-specialty,Not-in-family,White,Male,11,0,40,United-States,1
21,State-gov,162836,Some-college,10,Never-married,Other-service,Not-in-family,White,Male,37,0,72,United-States,0
23,Local-gov,232284,Bachelors,13,Never-married,Other-service,Not-in-family,White,Female,25,0,40,United-States,0
28,Private,225548,Some-college,10,Married-spouse-absent,Craft-repair,Husband,Asian-Pac-Islander,Male,2,0,40,China,0
26,Private,104578,Some-college,10,Never-married,Handlers-cleaners,Not-in-family,Asian-Pac-Islander,Male,6,1,40,South,0
21,Private,211126,11th,7,Never-married,Sales,Own-child,Asian-Pac-Islander,Male,21,1,36,Japan,0
32,Self-emp-not-inc,335658,HS-grad,9,Married-civ-spouse,Farming-fishing,Husband,White,Male,-4,0,59,United-States,0
24,Private,180429,HS-grad,9,Never-married,Prof-specialty,Not-in-family,Asian-Pac-Islander,Male,10,0,50,Philippines,1
44,Private,217984,Bachelors,13,Married-civ-spouse,Exec-managerial,Wife,White,Female,20,0,50,Cuba,1
29,Private,243565,HS-grad,9,Divorced,Handlers-cleaners,Not-in-family,White,Male,5,0,40,United-States,0
45,Private,66489,9th,6,Married-civ-spouse,Transport-moving,Husband,White,Male,7,0,49,United-States,1
50,Self-emp-not-inc,87933,Bachelors,13,Divorced,Sales,Unmarried,White,Female,21,0,67,United-States,0
49,Private,197855,Masters,14,Married-civ-spouse,Prof-specialty,Other-relative,Black,Female,23,0,40,El-Salvador,0
19,Private,296827,HS-grad,9,Never-married,Farming-fishing,Own-child,Black,Male,23,0,40,United-States,0
33,Private,88214,Assoc-voc,9,Divorced,Exec-managerial,Unmarried,White,Female,38,0,40,United-States,0
34,Private,384958,Bachelors,13,Never-married,Prof-specialty,Not-in-family,White,Male,4,0,60,Italy,0
52,?,189162,Bachelors,13,Married-civ-spouse,?,Husband,White,Male,-3,0,30,United-States,0
52,Private,199129,HS-grad,9,Married-civ-spouse,Other-service,Not-in-family,White,Female,9,-1,40,Scotland,0
79,?,115675,Some-college,10,Widowed,?,Not-in-family,White,Female,24,-1,40,United-States,0
24,Private,186575,HS-grad,9,Married-civ-spouse,Handlers-cleaners,Husband,Amer-Indian-Eskimo,Male,-14,-1,56,United-States,0
19,Private,93324,Some-college,10,Never-married,Other-service,Own-child,Amer-Indian-Eskimo,Male,19,0,10,United-States,0
43,Private,151469,Some-college,10,Married-civ-spouse,Exec-managerial,Husband,White,Male,8047,0,59,India,1
33,Self-emp-not-inc,412449,HS-grad,9,Divorced,Farming-fishing,Not-in-family,White,Male,3,1871,50,United-States,0
59,Private,253638,10th,6,Divorced,Exec-managerial,Unmarried,White,Female,16,0,40,United-States,0
37,Private,220502,Some-college,10,Married-civ-spouse,Sales,Husband,White,Male,37,0,40,United-States,0
28,Private,227225,Bachelors,9,Married-civ-spouse,Transport-moving,Husband,White,Male,36,0,71,United-States,1
22,Private,212273,Some-college,6,Married-civ-spouse,Machine-op-inspct,Husband,White,Male,14,1,40,United-States,0
31,Private,304349,HS-grad,9,Married-civ-spouse,Transport-moving,Husband,White,Male,11,0,50,United-States,0
47,Federal-gov,134645,Bachelors,13,Married-civ-spouse,Prof-specialty,Husband,White,Male,4,1810,40,United-States,1
35,Private,283094,Some-college,10,Divorced,Exec-managerial,Not-in-family,White,Female,8,1,49,United-States,0
28,?,291928,10th,4,Never-married,?,Not-in-family,Black,Male,8,0,37,?,0
44,Private,148529,HS-grad,9,Never-married,Machine-op-inspct,Own-child,Other,Female,-14,-1,40,United-States,0
41,Self-emp-not-inc,209220,Bachelors,13,Never-married,Prof-specialty,Not-in-family,White,Male,19,0,58,?,0
31,State-gov,147238,Some-college,10,Married-civ-spouse,Prof-specialty,Husband,Asian-Pac-Islander,Male,26,1,50,Canada,1
59,Self-emp-not-inc,162583,7th-8th,5,Married-civ-spouse,Farming-fishing,Husband,Black,Male,-3,0,63,United-States,0
38,Private,258424,Bachelors,13,Divorced,Sales,Not-in-family,White,Female,27,-1,40,United-States,0
49,Private,225366,HS-grad,9,Never-married,Adm-clerical,Other-relative,Asian-Pac-Islander,Female,-13,0,36,India,0
42,Private,102692,Some-college,10,Divorced,Exec-managerial,Not-in-family,White,Female,22,1,40,United-States,0
32,Private,183858,Bachelors,13,Never-married,Exec-managerial,Not-in-family,White,Male,-2,0,57,United-States,0
37,Private,265445,Some-college,10,Married-civ-spouse,Transport-moving,Husband,White,Male,16,0,50,United-States,0
44,Private,205398,7th-8th,3,Never-married,Transport-moving,Not-in-family,White,Female,8,0,40,United-States,0
29,Private,128635,Assoc-voc,11,Married-civ-spouse,Tech-support,Wife,White,Female,25,0,40,United-States,0
34,Federal-gov,376556,Bachelors,13,Never-married,Adm-clerical,Not-in-family,White,Male,23,0,36,United-States,0
38,State-gov,46997,Some-college,10,Divorced,Prof-specialty,Not-in-family,White,Male,1,0,21,United-States,0
35,Private,178264,1st-4th,2,Never-married,Other-service,Not-in-family,White,Male,17,-1,40,Guatemala,0
29,Private,265951,Masters,14,Never-married,Prof-specialty,Not-in-family,White,Female,7,0,50,United-States,0
34,Private,203349,HS-grad,9,Divorced,Priv-house-serv,Unmarried,White,Female,30,0,40,United-States,0
35,State-gov,43309,Bachelors,13,Married-civ-spouse,Exec-managerial,Husband,White,Male,28,0,40,United-States,0
24,Private,170462,HS-grad,9,Married-civ-spouse,Other-service,Wife,Black,Male,12,0,40,United-States,0
54,Private,259466,Bachelors,13,Never-married,Exec-managerial,Not-in-family,Asian-Pac-Islander,Male,22,1,50,Italy,0
66,Self-emp-not-inc,206244,HS-grad,9,Widowed,Farming-fishing,Not-in-family,White,Female,-10,0,40,United-States,0
37,Private,356606,Bachelors,13,Married-civ-spouse,Adm-clerical,Husband,White,Male,15,1,40,Hong,0
38,Self-emp-not-inc,212035,Bachelors,13,Married-civ-spouse,Prof-specialty,Husband,White,Male,12,-1,50,United-States,1
31,Private,290791,HS-grad,9,Divorced,Handlers-cleaners,Own-child,White,Female,25,0,40,United-States,0
47,Local-gov,222604,Assoc-acdm,12,Never-married,Adm-clerical,Not-in-family,White,Female,23,0,40,United-States,0
30,Private,151383,Bachelors,13,Never-married,Sales,Own-child,White,Male,22,-1,50,Haiti,0
41,Federal-gov,283274,Bachelors,13,Married-civ-spouse,Prof-specialty,Husband,White,Male,27,-1,40,United-States,1
52,Private,193686,Some-college,10,Divorced,Prof-specialty,Not-in-family,Black,Female,15,-1,40,United-States,0
52,Private,209140,1st-4th,2,Divorced,Machine-op-inspct,Not-in-family,White,Male,19,0,40,Guatemala,0
43,Self-emp-not-inc,54109,Bachelors,13,Married-civ-spouse,Prof-specialty,Husband,White,Male,6,0,57,United-States,0
44,Private,196412,Bachelors,13,Divorced,Craft-repair,Not-in-family,White,Male,4,2078,50,United-States,0
40,Private,236314,HS-grad,9,Married-civ-spouse,Handlers-cleaners,Husband,Amer-Indian-Eskimo,Male,-1,1753,40,United-States,0
35,Private,284772,Assoc-acdm,5,Separated,Other-service,Not-in-family,White,Female,24,0,16,United-States,0
23,Private,225210,11th,7,Never-married,Exec-managerial,Unmarried,Black,Female,33,0,40,United-States,0
25,Private,192343,7th-8th,3,Never-married,Other-service,Not-in-family,Black,Female,15,0,40,El-Salvador,0
39,Private,39242,Some-college,10,Never-married,Protective-serv,Not-in-family,White,Male,27,1859,30,United-States,0
41,Private,85124,1st-4th,4,Divorced,Other-service,Unmarried,Asian-Pac-Islander,Female,32,0,30,United-States,0
55,Private,349569,Some-college,10,Divorced,Exec-managerial,Unmarried,Other,Female,14,0,40,Dominican-Republic,0
37,Private,215632,HS-grad,9,Widowed,Sales,Not-in-family,Asian-Pac-Islander,Female,-3,0,30,Cuba,0
36,Private,285398,HS-grad,9,Married-civ-spouse,Adm-clerical,Wife,White,Female,7,-1,40,United-States,0
39,Private,234204,HS-grad,9,Married-civ-spouse,Other-service,Wife,Other,Female,5,-1,40,Mexico,0
68,?,274503,Some-college,10,Married-civ-spouse,?,Husband,White,Male,7,1,40,United-States,1
33,Private,229861,HS-grad,6,Married-civ-spouse,Farming-fishing,Husband,White,Male,17,0,49,United-States,1
47,Private,313908,Some-college,10,Widowed,Priv-house-serv,Husband,White,Female,11,0,40,United-States,0
38,Private,181097,Bachelors,13,Never-married,Tech-support,Not-in-family,White,Female,-2,0,40,United-States,0
48,Private,150800,7th-8th,3,Married-civ-spouse,Machine-op-inspct,Husband,White,Male,21,1,40,United-States,0
33,Private,59041,Some-college,10,Never-married,Adm-clerical,Own-child,White,Male,44,1,40,United-States,0
50,Private,237776,Bachelors,13,Separated,Prof-specialty,Not-in-family,White,Male,22,0,40,United-States,0
34,Self-emp-not-inc,246459,Bachelors,13,Married-civ-spouse,Prof-specialty,Husband,White,Male,0,0,63,United-States,1
51,Self-emp-not-inc,144301,Doctorate,16,Married-civ-spouse,Prof-specialty,Husband,Asian-Pac-Islander,Female,5,0,71,India,1
23,Private,152042,Some-college,10,Never-married,Sales,Unmarried,White,Female,9,1,50,United-States,0
35,Private,220792,Assoc-acdm,12,Divorced,Adm-clerical,Not-in-family,White,Male,-21,-1,40,United-States,0
25,Private,242867,Assoc-voc,11,Never-married,Tech-support,Not-in-family,White,Female,30,0,40,United-States,1
24,Private,312747,HS-grad,9,Never-married,Machine-op-inspct,Not-in-family,White,Male,5,1,40,Mexico,0
55,Private,129951,Some-college,10,Married-civ-spouse,Handlers-cleaners,Unmarried,Black,Male,2,1,40,El-Salvador,0
30,Private,184562,HS-grad,9,Never-married,Craft-repair,Own-child,Black,Male,3,0,40,?,0
70,Self-emp-not-inc,225985,Bachelors,13,Married-civ-spouse,?,Husband,White,Male,12,1,50,United-States,0
53,Private,213739,10th,3,Widowed,Other-service,Unmarried,White,Female,40,0,40,United-States,0
30,Private,286624,Bachelors,13,Married-civ-spouse,Sales,Husband,White,Male,27,0,58,United-States,0
59,Private,126675,HS-grad,9,Married-civ-spouse,Transport-moving,Husband,White,Male,-8,0,58,United-States,0
19,Private,301690,11th,7,Never-married,Sales,Own-child,White,Female,23,0,12,United-States,0
33,?,257281,Bachelors,13,Never-married,?,Own-child,White,Female,11,1,30,United-States,0
23,Private,214595,HS-grad,9,Married-civ-spouse,Craft-repair,Husband,White,Female,4,0,50,United-States,1
28,Private,328509,5th-6th,4,Never-married,Other-service,Other-relative,Asian-Pac-Islander,Female,-16,0,40,India,0
30,?,213616,Bachelors,13,Married-civ-spouse,?,Wife,White,Female,23,0,9,Ecuador,0
61,Private,184185,HS-grad,9,Divorced,Prof-specialty,Not-in-family,Black,Female,23,0,40,Germany,0
37,Private,182493,Some-college,10,Married-spouse-absent,Priv-house-serv,Unmarried,White,Female,23,0,61,United-States,0
28,?,152773,11th,7,Never-married,?,Own-child,White,Female,31,0,40,United-States,0
22,Private,371368,Some-college,10,Divorced,Craft-repair,Not-in-family,White,Male,9,0,71,United-States,0
53,Private,374461,HS-grad,9,Married-spouse-absent,Transport-moving,Unmarried,White,Female,15,0,40,United-States,0
34,Self-emp-not-inc,572866,Some-college,10,Never-married,Craft-repair,Not-in-family,White,Male,3648,0,40,United-States,0
42,Private,220022,Bachelors,13,Married-civ-spouse,Adm-clerical,Wife,Black,Female,-10,0,44,United-States,0
32,Self-emp-not-inc,54044,HS-grad,9,Never-married,Craft-repair,Not-in-family,White,Male,7,1909,45,United-States,0
23,Private,162033,Some-college,10,Separated,Tech-support,Unmarried,White,Female,16,0,40,United-States,0
42,Private,328308,Some-college,10,Divorced,Other-service,Not-in-family,White,Male,32,0,40,Cuba,0
33,Private,239927,HS-grad,9,Married-civ-spouse,Transport-moving,Husband,White,Male,-11,0,49,United-States,0
35,Private,160432,Bachelors,13,Married-civ-spouse,Prof-specialty,Husband,White,Male,26,-1,60,United-States,1
43,Federal-gov,211250,9th,3,Married-civ-spouse,Other-service,Husband,Amer-Indian-Eskimo,Male,4441,-1,40,United-States,0
57,Federal-gov,212985,Some-college,10,Married-civ-spouse,Exec-managerial,Husband,White,Male,38,1,40,England,0
22,Private,95571,Some-college,10,Never-married,Tech-support,Own-child,Amer-Indian-Eskimo,Male,11,1,40,United-States,0
51,Private,175808,HS-grad,9,Married-civ-spouse,Transport-moving,Husband,White,Male,5,0,40,United-States,1
29,Private,482368,HS-grad,9,Married-civ-spouse,Craft-repair,Husband,Black,Male,2,0,35,United-States,0
34,Local-gov,186808,Assoc-acdm,12,Never-married,Prof-specialty,Not-in-family,White,Female,13,0,40,United-States,0
19,Private,174899,7th-8th,4,Never-married,Other-service,Own-child,Black,Male,20,-1,40,Guatemala,0
44,Federal-gov,204015,Masters,14,Divorced,Prof-specialty,Unmarried,White,Female,8,0,40,Columbia,0
37,Private,258125,Bachelors,13,Divorced,Exec-managerial,Unmarried,White,Female,15,0,40,United-States,0
32,Private,283239,Assoc-voc,11,Never-married,Craft-repair,Own-child,White,Male,26,1,40,United-States,0
39,Self-emp-inc,225873,Masters,14,Married-civ-spouse,Prof-specialty,Husband,White,Male,15,-1,70,United-States,0
51,Private,34222,10th,5,Married-spouse-absent,Other-service,Other-relative,Asian-Pac-Islander,Female,13,1801,40,Laos,0
39,Local-gov,182222,Assoc-acdm,12,Never-married,Adm-clerical,Unmarried,White,Female,-10,0,40,United-States,0
34,Private,228974,Masters,14,Never-married,Exec-managerial,Own-child,White,Male,22,0,51,United-States,1
31,Private,128720,Bachelors,13,Never-married,Exec-managerial,Unmarried,Asian-Pac-Islander,Female,15,0,58,Vietnam,0
32,Self-emp-inc,194312,HS-grad,9,Married-civ-spouse,Sales,Husband,White,Male,25,1,45,United-States,0
54,?,238363,Assoc-acdm,13,Married-civ-spouse,?,Wife,White,Female,8051,0,40,United-States,1
43,Private,221328,Prof-school,10,Married-civ-spouse,Exec-managerial,Husband,Black,Male,29,0,49,United-States,1
52,Self-emp-not-inc,238269,Some-college,10,Divorced,Protective-serv,Not-in-family,White,Male,-7,0,66,United-States,0
49,Private,204608,HS-grad,9,Never-married,Other-service,Not-in-family,White,Male,15,-1,40,Puerto-Rico,0
51,Private,104997,HS-grad,9,Married-spouse-absent,Farming-fishing,Not-in-family,Black,Female,13,0,30,United-States,0
43,Self-emp-inc,171896,Bachelors,13,Married-civ-spouse,Exec-managerial,Husband,White,Male,36,0,59,United-States,1
57,Private,171371,Bachelors,13,Married-civ-spouse,Sales,Husband,Asian-Pac-Islander,Male,-10,0,35,Mexico,0
18,Self-emp-not-inc,199686,HS-grad,9,Never-married,Sales,Own-child,White,Male,-12,1,24,?,0
55,Private,200236,10th,3,Separated,Other-service,Not-in-family,White,Male,20,0,40,United-States,0
70,Private,245043,5th-6th,4,Married-civ-spouse,?,Husband,Asian-Pac-Islander,Male,-8,0,36,Ireland,0
38,Private,500033,Some-college,10,Married-civ-spouse,Sales,Husband,White,Male,27,0,68,United-States,0
24,Private,307506,Masters,7,Never-married,Sales,Own-child,Black,Female,0,0,22,United-States,0
19,Private,178806,11th,15,Never-married,Other-service,Own-child,White,Male,28,1,31,United-States,0
20,?,303411,HS-grad,9,Never-married,?,Own-child,Amer-Indian-Eskimo,Female,-2,0,40,United-States,0
47,Private,169412,1st-4th,2,Divorced,Craft-repair,Not-in-family,White,Male,-9,0,40,Italy,0
30,Private,277491,HS-grad,9,Married-civ-spouse,Transport-moving,Husband,White,Male,32,0,40,United-States,0
59,Private,229818,Some-college,10,Married-civ-spouse,Craft-repair,Husband,White,Male,20,1,40,El-Salvador,0
42,Private,186277,Some-college,13,Separated,Sales,Other-relative,White,Female,22,1,40,United-States,0
38,Private,252328,HS-grad,9,Separated,Priv-house-serv,Unmarried,Black,Female,2,-1,40,Thailand,0
40,Private,222296,HS-grad,9,Divorced,Farming-fishing,Not-in-family,Black,Female,19,0,40,United-States,0
40,Private,250514,Masters,14,Married-spouse-absent,Prof-specialty,Unmarried,Asian-Pac-Islander,Female,12,1,40,China,0
39,Private,358155,Bachelors,10,Divorced,Prof-specialty,Not-in-family,White,Male,3310,1,69,United-States,0
16,?,264784,11th,7,Never-married,?,Own-child,White,Male,40,0,20,United-States,0
41,State-gov,499224,Some-college,10,Never-married,Exec-managerial,Unmarried,White,Male,20,-1,50,United-States,0
47,Private,356040,Bachelors,13,Divorced,Other-service,Unmarried,White,Female,-5,-1,57,United-States,0
51,?,234433,Some-college,10,Married-civ-spouse,Craft-repair,Husband,White,Male,0,0,7,United-States,0
20,?,208253,Prof-school,6,Married-civ-spouse,?,Husband,White,Male,11,0,40,United-States,0
32,Private,155827,9th,4,Married-civ-spouse,Other-service,Husband,Black,Male,17,1,40,United-States,0
17,?,193777,11th,7,Never-married,?,Own-child,White,Male,21,0,19,United-States,0
47,Self-emp-not-inc,293816,Bachelors,13,Married-civ-spouse,Craft-repair,Husband,White,Male,9,0,62,United-States,1
27,Private,172915,7th-8th,3,Never-married,Farming-fishing,Not-in-family,Black,Male,19,0,12,United-States,0
32,Private,235781,Bachelors,13,Never-married,Other-service,Not-in-family,White,Female,6,0,40,Ecuador,0
21,Private,166857,HS-grad,9,Widowed,Prof-specialty,Unmarried,White,Female,13,0,19,United-States,0
28,Private,178479,9th,3,Never-married,Prof-specialty,Not-in-family,Asian-Pac-Islander,Female,20,0,50,Japan,0
36,Private,204518,HS-grad,9,Married-civ-spouse,Transport-moving,Husband,White,Male,13,0,60,United-States,0
30,Self-emp-not-inc,164938,HS-grad,12,Never-married,Farming-fishing,Not-in-family,White,Female,26,0,67,United-States,0
39,Private,258972,Masters,14,Married-civ-spouse,Prof-specialty,Husband,White,Male,23,-1,40,United-States,0
58,Local-gov,484740,Bachelors,13,Married-civ-spouse,Prof-specialty,Husband,White,Male,28,0,40,United-States,0
57,Local-gov,228589,Bachelors,13,Married-civ-spouse,Protective-serv,Husband,White,Male,-11,-1,49,United-States,0
51,Self-emp-not-inc,229600,Some-college,10,Divorced,Adm-clerical,Not-in-family,White,Female,4410,2092,50,United-States,1
43,Private,188393,HS-grad,9,Never-married,Farming-fishing,Not-in-family,Black,Male,8,0,59,United-States,0
52,Private,117039,5th-6th,3,Separated,Machine-op-inspct,Not-in-family,White,Female,35,1,40,Mexico,0
53,Private,251164,HS-grad,9,Married-civ-spouse,Craft-repair,Husband,White,Male,1,0,58,United-States,0
56,Federal-gov,134913,Some-college,10,Married-civ-spouse,Craft-repair,Husband,Asian-Pac-Islander,Male,9,1,49,Hong,0
55,Private,113117,5th-6th,10,Divorced,Other-service,Other-relative,Other,Male,26,0,40,United-States,0
36,Private,84001,HS-grad,9,Never-married,Prof-specialty,Unmarried,White,Female,22,0,45,United-States,0
42,Private,500701,HS-grad,9,Married-civ-spouse,Handlers-cleaners,Husband,White,Female,-6,0,40,United-States,0
34,Private,228291,7th-8th,3,Divorced,Other-service,Not-in-family,White,Female,-1,-2,40,Germany,0
56,Private,87422,7th-8th,3,Divorced,Other-service,Husband,White,Male,4451,-1,40,United-States,0
54,Self-emp-not-inc,145093,Assoc-acdm,13,Married-civ-spouse,Farming-fishing,Husband,White,Male,23,0,44,United-States,0
44,Local-gov,81482,10th,6,Married-civ-spouse,Sales,Own-child,Black,Male,27,0,40,United-States,0
23,Private,150138,HS-grad,9,Divorced,Adm-clerical,Unmarried,White,Female,18,0,40,United-States,0
20,Private,116134,11th,7,Married-spouse-absent,?,Not-in-family,Asian-Pac-Islander,Male,3397,-1,40,Germany,0
33,Private,251886,HS-grad,9,Never-married,Adm-clerical,Not-in-family,White,Female,20,0,40,United-States,0
18,Private,223497,Some-college,10,Never-married,Handlers-cleaners,Own-child,White,Male,20,1,40,United-States,0
59,Private,191132,HS-grad,9,Married-civ-spouse,Transport-moving,Husband,Black,Male,6,-1,40,United-States,0
48,Private,285192,HS-grad,9,Married-spouse-absent,Adm-clerical,Unmarried,White,Female,10,-1,36,Nicaragua,0
57,Self-emp-not-inc,250405,HS-grad,9,Married-civ-spouse,Craft-repair,Husband,White,Male,-1,0,50,Canada,1
34,Private,165966,11th,7,Never-married,Other-service,Not-in-family,White,Female,20,0,40,United-States,0
39,Private,192315,HS-grad,9,Widowed,Transport-moving,Unmarried,Black,Female,30,0,38,Jamaica,0
69,Self-emp-not-inc,214137,Bachelors,13,Never-married,Exec-managerial,Not-in-family,White,Male,9,0,57,United-States,0
46,Private,193170,Some-college,10,Divorced,Other-service,Unmarried,White,Male,27,0,31,?,0
27,Private,399956,Bachelors,13,Married-civ-spouse,Other-service,Husband,White,Male,-22,0,40,Puerto-Rico,0
37,Private,339416,Bachelors,13,Married-civ-spouse,Prof-specialty,Wife,White,Female,36,0,37,United-States,1
38,Private,137973,Some-college,10,Never-married,Other-service,Other-relative,White,Female,41,0,40,United-States,0
54,Private,255467,HS-grad,9,Married-civ-spouse,Transport-moving,Husband,Black,Male,32,1891,58,Cuba,0
77,Local-gov,111006,Assoc-acdm,5,Divorced,Machine-op-inspct,Unmarried,White,Female,28,1,40,United-States,0
29,Self-emp-not-inc,100916,HS-grad,9,Never-married,Other-service,Not-in-family,Black,Female,28,-1,30,United-States,0
40,Private,252950,Some-college,10,Divorced,Craft-repair,Unmarried,White,Female,3,2052,40,United-States,0
46,Private,215565,9th,4,Divorced,Other-service,Not-in-family,White,Male,3,-1,40,United-States,0
44,Private,255672,HS-grad,9,Married-civ-spouse,Handlers-cleaners,Other-relative,White,Male,3,0,29,?,0
33,Private,61555,HS-grad,9,Never-married,Other-service,Not-in-family,White,Female,-1,1891,40,United-States,0
40,Local-gov,205008,Masters,14,Married-civ-spouse,Prof-specialty,Wife,White,Female,15643,1,51,England,1
41,Federal-gov,294770,Masters,14,Married-civ-spouse,Prof-specialty,Wife,White,Male,13,0,40,United-States,1
30,Private,230982,HS-grad,9,Married-civ-spouse,Farming-fishing,Husband,Amer-Indian-Eskimo,Male,44,1833,50,United-States,0
30,Private,309355,Some-college,10,Never-married,Adm-clerical,Own-child,Black,Female,19,-1,40,United-States,0
84,Private,169807,7th-8th,3,Divorced,Prof-specialty,Unmarried,White,Male,36,0,40,Columbia,1
33,Private,354066,10th,5,Married-civ-spouse,Exec-managerial,Husband,Asian-Pac-Islander,Female,-5,1,40,Cambodia,1
29,Private,118149,HS-grad,9,Married-civ-spouse,Farming-fishing,Husband,White,Male,-16,0,35,United-States,0
28,Private,284450,HS-grad,9,Never-married,Other-service,Other-relative,White,Male,-12,0,72,Nicaragua,0
18,Private,285422,11th,7,Never-married,Machine-op-inspct,Not-in-family,Other,Female,14,0,40,?,0
37,Self-emp-not-inc,169319,Bachelors,13,Never-married,Prof-specialty,Husband,Black,Male,29,0,40,United-States,0
33,Self-emp-inc,112842,HS-grad,10,Married-civ-spouse,Transport-moving,Husband,White,Male,0,0,57,United-States,1
36,Private,45413,Assoc-voc,7,Never-married,Sales,Own-child,White,Male,17,0,45,United-States,0
30,Private,153652,Assoc-voc,11,Never-married,Tech-support,Own-child,White,Male,5,0,50,United-States,0
43,Private,180321,HS-grad,9,Married-civ-spouse,Exec-managerial,Husband,White,Male,2,0,64,United-States,0
32,Private,44714,HS-grad,9,Never-married,Transport-moving,Own-child,White,Male,8,1874,40,United-States,0
32,Private,155285,9th,4,Never-married,Other-service,Not-in-family,White,Male,-4,0,40,Dominican-Republic,0
36,State-gov,87263,Masters,15,Married-civ-spouse,Farming-fishing,Husband,White,Male,18,1,40,United-States,1
57,Private,226820,HS-grad,9,Married-civ-spouse,Tech-support,Wife,White,Female,2,0,40,United-States,0
20,?,277436,Bachelors,13,Never-married,?,Own-child,White,Male,17,-1,17,United-States,0
57,Private,138967,Some-college,10,Married-civ-spouse,Exec-managerial,Husband,White,Male,7,1,44,?,0
57,Federal-gov,119890,Masters,14,Divorced,Exec-managerial,Husband,White,Male,36,2147,40,United-States,0
28,Private,374884,HS-grad,9,Never-married,Other-service,Own-child,White,Female,23,1797,40,United-States,0
58,Private,151640,10th,5,Married-civ-spouse,Transport-moving,Husband,White,Male,19,0,40,United-States,0
44,Private,114502,HS-grad,9,Married-civ-spouse,Exec-managerial,Husband,Asian-Pac-Islander,Male,-7,0,44,Philippines,0
32,Private,270763,Some-college,10,Never-married,Craft-repair,Other-relative,White,Female,24,1,40,United-States,0
26,Private,277530,HS-grad,9,Never-married,Tech-support,Not-in-family,White,Male,10,0,40,United-States,0
28,Federal-gov,228543,Some-college,10,Married-civ-spouse,Adm-clerical,Husband,White,Male,-2,0,40,United-States,0
54,Private,227637,HS-grad,9,Married-civ-spouse,Transport-moving,Husband,White,Male,18,1847,40,United-States,0
26,Private,214026,HS-grad,9,Never-married,Other-service,Own-child,Other,Female,11,-1,26,?,0
34,Private,380391,10th,6,Married-civ-spouse,Transport-moving,Husband,White,Male,-20,0,40,?,0
58,Private,93943,10th,14,Married-civ-spouse,Prof-specialty,Husband,White,Male,7908,1,40,United-States,1
54,Private,104473,10th,5,Married-civ-spouse,Machine-op-inspct,Husband,Asian-Pac-Islander,Male,-11,-1,40,Ecuador,0
36,Private,153050,Assoc-voc,11,Married-civ-spouse,Tech-support,Husband,White,Male,4,1,50,United-States,0
53,Private,114374,9th,14,Married-civ-spouse,Craft-repair,Husband,White,Male,17,-1,40,Italy,0
54,Private,342727,Bachelors,13,Married-civ-spouse,Transport-moving,Husband,White,Male,43,0,40,United-States,0
55,Private,233419,9th,5,Divorced,Priv-house-serv,Unmarried,White,Male,40,0,40,United-States,0
26,Private,191522,11th,7,Never-married,Prof-specialty,Own-child,Black,Female,22,0,15,United-States,0
38,Private,270791,Assoc-acdm,12,Never-married,Adm-clerical,Not-in-family,White,Female,6,0,40,United-States,0
44,Private,234439,HS-grad,9,Married-civ-spouse,Transport-moving,Husband,White,Male,-1,1,40,United-States,1
26,Private,161712,Doctorate,15,Married-civ-spouse,Tech-support,Husband,White,Male,20,0,40,United-States,1
29,Private,204919,HS-grad,9,Married-civ-spouse,Transport-moving,Husband,White,Male,7,0,49,United-States,0
72,State-gov,351938,Some-college,10,Divorced,Exec-managerial,Other-relative,White,Male,31,0,40,?,0
39,Private,100552,Some-college,10,Married-civ-spouse,Tech-support,Husband,White,Female,14,0,40,United-States,1
43,Private,137698,Some-college,10,Married-civ-spouse,Adm-clerical,Wife,Asian-Pac-Islander,Female,-9,0,40,India,1
69,Private,230401,9th,5,Married-civ-spouse,Transport-moving,Husband,White,Male,2435,0,40,United-States,0
30,Private,246830,Masters,14,Never-married,Prof-specialty,Not-in-family,White,Female,34,0,50,United-States,0
21,Private,206566,11th,7,Never-married,Sales,Own-child,White,Female,33,0,8,United-States,0
59,Private,196560,12th,3,Married-civ-spouse,Transport-moving,Husband,White,Male,-6,1,40,United-States,1
55,Local-gov,37348,HS-grad,9,Widowed,Other-service,Not-in-family,Amer-Indian-Eskimo,Male,40,-1,36,Dominican-Republic,0
36,Private,97060,Bachelors,7,Never-married,Priv-house-serv,Not-in-family,White,Female,10,0,40,United-States,0
25,Private,103925,Assoc-voc,11,Never-married,Tech-support,Not-in-family,Asian-Pac-Islander,Female,-14,0,31,China,0
60,Without-pay,215734,10th,6,Married-civ-spouse,Transport-moving,Husband,White,Male,-20,0,40,United-States,0
27,?,217695,Some-college,10,Married-civ-spouse,?,Husband,White,Male,23,0,40,China,0
23,?,316552,HS-grad,9,Married-AF-spouse,Other-service,Wife,White,Female,3,-1,23,United-States,0
52,?,211504,7th-8th,3,Married-civ-spouse,?,Husband,White,Male,32,0,40,United-States,0
52,State-gov,217477,Prof-school,15,Married-civ-spouse,Prof-specialty,Husband,Asian-Pac-Islander,Male,33,0,72,United-States,1
58,Private,256207,12th,3,Married-civ-spouse,Transport-moving,Husband,White,Male,3,0,40,Portugal,0
38,Private,241172,HS-grad,6,Separated,Other-service,Unmarried,Black,Male,-4,1,50,United-States,0
43,Local-gov,155640,Bachelors,13,Married-spouse-absent,Prof-specialty,Not-in-family,Asian-Pac-Islander,Male,3,-1,40,United-States,0
38,Self-emp-not-inc,104827,Some-college,10,Married-civ-spouse,Exec-managerial,Husband,White,Male,3585,0,64,United-States,0
53,Private,264576,Bachelors,10,Married-civ-spouse,Exec-managerial,Husband,White,Male,6,0,40,United-States,1
46,Private,226967,HS-grad,9,Married-civ-spouse,Exec-managerial,Wife,White,Female,-12,1,40,Mexico,0
29,Private,149470,9th,16,Never-married,Handlers-cleaners,Not-in-family,White,Male,37,0,40,United-States,0
28,Private,473424,HS-grad,10,Widowed,Adm-clerical,Not-in-family,White,Male,-4,1,40,United-States,1
30,Private,136184,HS-grad,9,Married-civ-spouse,Prof-specialty,Husband,Asian-Pac-Islander,Male,10,-1,40,Peru,0
27,Private,257411,HS-grad,9,Married-spouse-absent,Other-service,Not-in-family,Black,Male,32,-1,73,Vietnam,0
19,?,236959,Some-college,10,Married-civ-spouse,?,Own-child,White,Male,39,1,9,United-States,0
73,Private,216889,Masters,14,Married-civ-spouse,Prof-specialty,Husband,White,Male,39,-1,51,United-States,1
24,Federal-gov,205301,Some-college,10,Married-civ-spouse,Adm-clerical,Husband,White,Male,21,0,44,United-States,0
25,Private,213707,HS-grad,9,Never-married,Other-service,Own-child,Black,Female,11,1845,40,?,0
69,?,164518,Bachelors,13,Married-civ-spouse,?,Husband,Black,Male,5,0,40,?,0
33,Local-gov,290676,Doctorate,16,Married-civ-spouse,Prof-specialty,Husband,White,Male,38,0,66,United-States,1
31,Private,280316,HS-grad,9,Married-civ-spouse,Machine-op-inspct,Husband,White,Male,13,0,40,Mexico,1
29,Private,261984,HS-grad,9,Married-civ-spouse,Transport-moving,Wife,White,Female,-9,0,36,United-States,0
23,Private,230199,HS-grad,9,Never-married,Handlers-cleaners,Not-in-family,Black,Male,0,0,40,Mexico,0
26,Private,286963,Masters,14,Never-married,Prof-specialty,Not-in-family,Asian-Pac-Islander,Female,24,0,40,India,0
51,Self-emp-inc,50872,Masters,14,Married-civ-spouse,Exec-managerial,Husband,White,Male,59,0,73,United-States,1
51,Federal-gov,97688,Bachelors,13,Married-civ-spouse,Prof-specialty,Husband,White,Male,23,1,40,United-States,1
17,Private,243878,Some-college,10,Never-married,Handlers-cleaners,Own-child,White,Male,28,0,40,United-States,0
33,Private,147497,Bachelors,13,Never-married,Prof-specialty,Not-in-family,White,Male,28,0,68,France,0
61,Private,151626,10th,6,Married-civ-spouse,Transport-moving,Husband,White,Male,3169,0,40,United-States,0
24,Private,434685,10th,6,Never-married,Handlers-cleaners,Not-in-family,Black,Male,24,0,40,United-States,0
31,Private,143096,Some-college,9,Married-civ-spouse,Tech-support,Husband,White,Male,25,0,49,United-States,0
53,Private,221417,HS-grad,9,Married-civ-spouse,Other-service,Wife,Black,Female,-1,-1,37,Germany,0
22,Private,99098,12th,8,Never-married,Handlers-cleaners,Own-child,Black,Male,31,0,31,United-States,0
39,Private,43037,HS-grad,9,Divorced,Craft-repair,Unmarried,White,Male,2,1794,65,?,0
30,Private,291914,Masters,14,Married-civ-spouse,Exec-managerial,Wife,White,Female,16,0,40,United-States,1
17,?,183000,10th,7,Never-married,Other-service,Other-relative,White,Female,-10,0,40,United-States,0
19,Private,254861,11th,7,Never-married,Other-service,Own-child,Amer-Indian-Eskimo,Female,34,0,40,United-States,0
33,Local-gov,302968,HS-grad,13,Married-civ-spouse,Protective-serv,Husband,White,Male,1,0,58,United-States,0
78,Private,117811,Assoc-acdm,12,Married-civ-spouse,Exec-managerial,Husband,White,Male,-2,0,40,Ecuador,1
59,Local-gov,231459,Assoc-acdm,13,Separated,Tech-support,Not-in-family,White,Female,4592,1,40,United-States,0
64,Local-gov,207983,HS-grad,9,Divorced,Craft-repair,Unmarried,Black,Female,19,-1,36,Columbia,0
39,Private,354358,HS-grad,14,Married-civ-spouse,Craft-repair,Husband,White,Male,21,0,40,United-States,0
57,Self-emp-not-inc,86232,Prof-school,15,Married-civ-spouse,Prof-specialty,Husband,Asian-Pac-Islander,Male,30,0,65,United-States,1
46,Private,199186,9th,5,Divorced,Craft-repair,Not-in-family,White,Male,1,0,40,United-States,0
27,?,205363,HS-grad,9,Never-married,?,Own-child,White,Female,-3,-1,25,United-States,0
60,Private,177782,HS-grad,9,Divorced,Adm-clerical,Not-in-family,Amer-Indian-Eskimo,Female,12,0,40,United-States,0
47,Private,179651,Some-college,10,Separated,Exec-managerial,Not-in-family,White,Female,38,0,30,United-States,0
52,Private,155602,Preschool,2,Married-civ-spouse,Machine-op-inspct,Husband,White,Male,-5,1932,40,Iran,0
47,Private,236679,Masters,14,Divorced,Adm-clerical,Unmarried,Black,Female,18,0,45,United-States,0
48,Self-emp-not-inc,307602,HS-grad,9,Married-spouse-absent,Farming-fishing,Not-in-family,White,Male,9,0,71,United-States,0
53,Private,169347,10th,6,Married-civ-spouse,Machine-op-inspct,Wife,Black,Male,19,-1,40,Greece,0
28,Private,115337,HS-grad,9,Never-married,Prof-specialty,Not-in-family,White,Female,-11,0,31,United-States,0
25,Private,296121,11th,6,Never-married,Other-service,Own-child,White,Female,2,0,49,United-States,0
54,Self-emp-inc,171226,Doctorate,16,Married-civ-spouse,Prof-specialty,Husband,White,Male,12,0,44,United-States,1
24,Private,260219,Assoc-voc,11,Married-civ-spouse,Tech-support,Wife,White,Female,42,1,50,United-States,0
42,Private,223657,Assoc-voc,11,Married-spouse-absent,Prof-specialty,Unmarried,White,Male,21,0,40,United-States,0
54,Federal-gov,229928,HS-grad,9,Married-civ-spouse,Adm-clerical,Wife,White,Female,25,0,40,United-States,0
59,Private,212597,HS-grad,9,Never-married,Adm-clerical,Not-in-family,White,Female,11,0,40,United-States,0
30,Private,185732,HS-grad,9,Separated,Craft-repair,Own-child,Black,Male,17,0,46,Puerto-Rico,0
45,Local-gov,237928,Assoc-acdm,12,Divorced,Adm-clerical,Not-in-family,White,Female,22,-1,40,United-States,0
49,Private,222424,Some-college,10,Divorced,Sales,Unmarried,White,Female,4038,0,30,United-States,0
24,Private,242005,HS-grad,9,Never-married,Handlers-cleaners,Not-in-family,White,Male,8,0,50,United-States,0
32,Private,279786,Bachelors,13,Never-married,Exec-managerial,Not-in-family,White,Male,25,0,50,United-States,0
42,Private,205063,5th-6th,3,Married-civ-spouse,Machine-op-inspct,Husband,White,Female,45,1,50,Guatemala,0
17,?,206751,Some-college,10,Never-married,?,Not-in-family,Asian-Pac-Islander,Female,-2,1855,23,?,0
61,Self-emp-not-inc,210213,Some-college,10,Married-civ-spouse,Transport-moving,Husband,White,Male,16,0,49,United-States,0
34,Private,215313,12th,13,Never-married,Sales,Unmarried,White,Female,17,0,50,?,0
57,Private,153369,HS-grad,9,Divorced,Sales,Not-in-family,White,Female,8,0,40,United-States,0
53,Self-emp-inc,217596,Prof-school,15,Married-civ-spouse,Prof-specialty,Husband,White,Male,10,0,49,United-States,0
45,Private,178846,Bachelors,13,Widowed,Adm-clerical,Not-in-family,White,Female,-2,0,40,United-States,0
42,?,219094,Some-college,10,Never-married,?,Own-child,White,Female,17,-1,30,United-States,0
60,Self-emp-not-inc,130812,10th,6,Married-civ-spouse,Prof-specialty,Husband,White,Male,23,0,40,United-States,0
33,Private,196816,Assoc-acdm,13,Married-civ-spouse,Exec-managerial,Husband,White,Male,17,1,63,United-States,0
35,Self-emp-not-inc,243664,HS-grad,9,Married-civ-spouse,Transport-moving,Husband,White,Male,4,1,40,United-States,0
21,?,261240,Some-college,10,Married-civ-spouse,?,Husband,Amer-Indian-Eskimo,Male,16,0,21,United-States,0
21,?,300444,11th,7,Never-married,?,Own-child,Black,Female,33,0,12,United-States,0
36,Private,228254,Bachelors,13,Married-civ-spouse,Prof-specialty,Wife,White,Female,-2,1,35,United-States,0
32,Private,614396,HS-grad,9,Married-civ-spouse,Craft-repair,Husband,White,Male,8,0,50,United-States,0
43,Private,136982,Assoc-acdm,6,Married-civ-spouse,Adm-clerical,Husband,White,Male,-20,1,40,England,0
30,Private,239016,HS-grad,9,Never-married,Farming-fishing,Other-relative,White,Male,-5,0,40,United-States,0
43,Private,96916,Masters,14,Divorced,Craft-repair,Unmarried,Asian-Pac-Islander,Male,34,1,40,India,0
45,Private,131777,HS-grad,9,Divorced,Tech-support,Not-in-family,White,Female,37,-1,40,United-States,0
28,Private,216195,HS-grad,9,Married-civ-spouse,Sales,Husband,White,Female,0,0,40,United-States,0
20,Private,157284,10th,6,Never-married,Other-service,Unmarried,White,Female,19,0,20,United-States,0
20,Private,61537,1st-4th,4,Never-married,Other-service,Not-in-family,Asian-Pac-Islander,Male,-3,0,30,Outlying-US(Guam-USVI-etc),0
41,Private,333069,10th,13,Married-civ-spouse,Transport-moving,Husband,White,Male,6,0,50,United-States,0
24,Private,90255,11th,13,Never-married,Other-service,Wife,White,Female,6,0,35,United-States,0
19,Federal-gov,232309,Assoc-voc,11,Never-married,Adm-clerical,Not-in-family,White,Female,18,0,40,United-States,0
65,Private,416125,Preschool,2,Married-civ-spouse,Handlers-cleaners,Husband,White,Male,34,1,40,United-States,0
52,Private,225592,HS-grad,9,Married-civ-spouse,Prof-specialty,Husband,Black,Male,13,1785,40,United-States,1
45,Private,216430,10th,6,Married-civ-spouse,Prof-specialty,Husband,White,Male,10,0,40,United-States,0
65,Private,182842,10th,6,Divorced,Farming-fishing,Unmarried,White,Female,23,-1,40,United-States,0
18,Self-emp-not-inc,202996,Bachelors,13,Never-married,Exec-managerial,Unmarried,White,Female,2,0,40,United-States,0
18,Private,194607,Some-college,10,Never-married,Sales,Own-child,White,Female,25,1852,10,United-States,0
17,State-gov,245536,Some-college,10,Never-married,Sales,Own-child,White,Male,52,1,31,United-States,0
43,?,645751,Some-college,10,Married-civ-spouse,?,Husband,White,Male,25,0,56,United-States,0
20,Local-gov,187805,Some-college,10,Never-married,?,Own-child,White,Male,7,1901,8,United-States,0
31,Private,316680,Bachelors,13,Married-civ-spouse,Other-service,Husband,White,Male,13,2152,59,United-States,1
37,Private,239105,Assoc-voc,11,Married-civ-spouse,Tech-support,Wife,White,Female,16,1,40,United-States,1
27,?,181498,HS-grad,9,Never-married,?,Own-child,Amer-Indian-Eskimo,Male,-19,0,23,United-States,0
37,Private,199174,Some-college,10,Separated,Handlers-cleaners,Unmarried,White,Female,20,0,40,United-States,0
42,Private,264112,Some-college,10,Separated,Other-service,Other-relative,White,Male,12,0,49,?,0
31,Private,120656,HS-grad,9,Married-civ-spouse,Transport-moving,Husband,White,Male,9,0,40,Nicaragua,0
35,Private,241776,Some-college,10,Married-AF-spouse,Other-service,Husband,White,Male,27,-1,22,Trinadad&Tobago,0
29,Private,253136,Preschool,9,Never-married,Other-service,Not-in-family,White,Male,41,0,40,United-States,0
52,Private,160863,HS-grad,9,Married-civ-spouse,Machine-op-inspct,Husband,Black,Male,-2,0,40,United-States,0
20,Private,136303,7th-8th,4,Never-married,Other-service,Own-child,White,Female,32,0,14,United-States,0
32,Private,111219,Some-college,10,Never-married,Exec-managerial,Not-in-family,White,Male,16,0,40,United-States,0
33,Private,253545,HS-grad,9,Married-civ-spouse,Transport-moving,Husband,Other,Male,8,0,35,Mexico,0
57,Local-gov,176710,10th,3,Married-spouse-absent,Other-service,Not-in-family,Black,Male,-1,1,40,United-States,0
51,Private,249534,HS-grad,9,Widowed,Other-service,Unmarried,Black,Female,28,0,36,Haiti,0
34,Self-emp-not-inc,122643,Bachelors,5,Divorced,Craft-repair,Not-in-family,White,Male,6,0,50,United-States,0
48,Private,334039,Some-college,10,Married-civ-spouse,Exec-managerial,Wife,White,Female,7668,1,49,United-States,1
40,Self-emp-not-inc,175169,Bachelors,13,Married-civ-spouse,Transport-moving,Husband,White,Male,-3,0,40,United-States,1
28,Private,250405,HS-grad,9,Never-married,Handlers-cleaners,Own-child,Black,Male,-1,1,31,United-States,0
50,State-gov,101754,Some-college,10,Married-civ-spouse,Exec-managerial,Wife,Asian-Pac-Islander,Male,5,1883,65,Philippines,0
36,Private,28975,HS-grad,9,Divorced,Adm-clerical,Unmarried,White,Female,-14,0,40,United-States,0
30,Private,220399,HS-grad,9,Married-civ-spouse,Craft-repair,Husband,White,Male,-15,0,40,Honduras,0
48,Private,195691,Some-college,10,Widowed,Exec-managerial,Not-in-family,White,Male,28,0,36,United-States,0
50,Self-emp-not-inc,182614,Assoc-acdm,13,Never-married,Handlers-cleaners,Not-in-family,Black,Male,8,1,55,Cuba,0
46,Private,322774,9th,4,Never-married,Machine-op-inspct,Not-in-family,Black,Male,44,0,40,United-States,0
34,Private,108049,12th,5,Married-civ-spouse,Transport-moving,Husband,White,Male,-7,1,44,Iran,0
60,Private,193322,HS-grad,9,Divorced,Other-service,Unmarried,Amer-Indian-Eskimo,Female,23,-1,40,United-States,0
44,Self-emp-not-inc,295259,Some-college,10,Married-civ-spouse,Craft-repair,Husband,White,Male,32,-1,59,United-States,1
47,Self-emp-not-inc,210682,Bachelors,13,Never-married,Prof-specialty,Not-in-family,White,Female,0,0,40,United-States,0
52,Private,179749,HS-grad,9,Married-civ-spouse,Farming-fishing,Husband,Other,Male,16,0,40,India,0
52,Private,126956,HS-grad,9,Married-civ-spouse,Machine-op-inspct,Husband,White,Male,4,0,40,United-States,1
31,Private,231389,HS-grad,9,Married-civ-spouse,Sales,Husband,White,Male,11,0,57,United-States,0
34,Local-gov,361332,Assoc-acdm,12,Separated,Adm-clerical,Not-in-family,White,Female,-3,1891,40,United-States,0
19,?,148850,Bachelors,9,Never-married,?,Not-in-family,Black,Female,11,0,40,United-States,0
45,Private,220083,Bachelors,16,Married-civ-spouse,Prof-specialty,Husband,White,Male,13,-1,49,United-States,1
26,Private,203492,Some-college,10,Never-married,Prof-specialty,Not-in-family,White,Male,25,0,60,United-States,0
51,Private,254468,Some-college,10,Divorced,Tech-support,Not-in-family,White,Male,20,0,50,Italy,1
33,State-gov,115553,Prof-school,15,Never-married,Prof-specialty,Unmarried,Asian-Pac-Islander,Female,39,1,23,India,0
44,Private,283024,Bachelors,13,Married-civ-spouse,Exec-managerial,Wife,Asian-Pac-Islander,Male,34,0,58,Cambodia,1
27,State-gov,119949,HS-grad,11,Married-civ-spouse,Tech-support,Husband,White,Male,-1,0,40,Hong,0
20,Private,154199,Some-college,10,Widowed,Priv-house-serv,Own-child,White,Female,19,0,30,United-States,0
52,Private,218017,11th,7,Married-civ-spouse,Tech-support,Wife,Black,Female,17,0,40,United-States,0
42,Self-emp-inc,56923,HS-grad,9,Widowed,Adm-clerical,Unmarried,White,Female,21,0,30,United-States,0
34,Self-emp-not-inc,275734,HS-grad,9,Married-civ-spouse,?,Husband,White,Male,-9,1823,11,United-States,0
53,Local-gov,56188,9th,5,Married-civ-spouse,Machine-op-inspct,Husband,White,Male,7,0,40,United-States,0
40,Private,99448,HS-grad,9,Never-married,Protective-serv,Not-in-family,White,Male,17,0,40,United-States,0
53,Self-emp-inc,154942,7th-8th,7,Married-civ-spouse,Transport-moving,Husband,White,Male,7,0,40,United-States,0
35,Local-gov,297758,HS-grad,9,Married-civ-spouse,Transport-moving,Husband,White,Male,-7,0,85,United-States,0
22,Local-gov,217218,Some-college,10,Never-married,Handlers-cleaners,Own-child,Amer-Indian-Eskimo,Male,26,0,30,United-States,0
53,Local-gov,114865,Assoc-acdm,13,Married-civ-spouse,Prof-specialty,Husband,White,Male,21,-1,40,United-States,0
46,Private,193562,HS-grad,9,Married-civ-spouse,Sales,Husband,White,Male,23,1,40,United-States,0
36,Self-emp-inc,140298,Doctorate,16,Married-civ-spouse,Prof-specialty,Husband,Asian-Pac-Islander,Male,41,2264,45,Taiwan,1
45,Private,242343,HS-grad,9,Married-civ-spouse,Adm-clerical,Husband,White,Male,16,1,44,United-States,1
32,Private,136813,HS-grad,9,Never-married,Machine-op-inspct,Not-in-family,White,Male,17,0,40,United-States,0
50,Private,268153,5th-6th,3,Married-civ-spouse,Other-service,Husband,White,Male,3,0,30,Mexico,0
50,Local-gov,216774,Some-college,10,Married-civ-spouse,Prof-specialty,Husband,White,Male,31,-1,49,United-States,0
28,?,176323,Bachelors,13,Never-married,?,Not-in-family,White,Female,4,0,40,United-States,0
18,Private,187758,11th,7,Never-married,Other-service,Own-child,Black,Female,25,0,13,United-States,0
62,Self-emp-inc,372839,Some-college,16,Married-civ-spouse,Prof-specialty,Husband,White,Male,31,0,49,United-States,1
32,Self-emp-not-inc,156413,7th-8th,6,Divorced,Farming-fishing,Own-child,White,Male,3838,0,40,United-States,0
54,Private,245379,HS-grad,9,Never-married,Transport-moving,Unmarried,White,Male,-2,0,40,United-States,0
56,Self-emp-inc,178159,12th,5,Married-civ-spouse,Farming-fishing,Husband,White,Male,28,-1,62,United-States,0
29,Private,220872,Assoc-voc,11,Married-civ-spouse,Craft-repair,Husband,White,Male,13,0,40,United-States,0
46,Private,156777,Bachelors,13,Married-civ-spouse,Prof-specialty,Husband,White,Male,8,1823,49,United-States,1
33,Private,359748,HS-grad,9,Never-married,Prof-specialty,Not-in-family,White,Male,9,0,50,United-States,0
35,Self-emp-not-inc,234030,Bachelors,13,Married-civ-spouse,Prof-specialty,Husband,White,Male,20,0,40,United-States,0
44,Private,231261,HS-grad,9,Divorced,Craft-repair,Unmarried,Black,Female,34,0,40,United-States,0
44,Private,288502,Masters,9,Divorced,Adm-clerical,Not-in-family,White,Female,12,0,40,United-States,1
57,Local-gov,218285,Masters,14,Married-civ-spouse,Prof-specialty,Wife,White,Female,10,1,40,United-States,1
29,?,473724,Assoc-acdm,13,Never-married,?,Not-in-family,Black,Female,18,1800,40,Mexico,0
57,Private,258568,Preschool,2,Married-civ-spouse,Handlers-cleaners,Husband,Black,Male,8,0,40,Mexico,0
47,Private,212934,Bachelors,13,Married-civ-spouse,Prof-specialty,Husband,White,Male,31,0,50,United-States,1
21,Private,225403,Some-college,10,Never-married,Farming-fishing,Not-in-family,White,Male,-1,1,45,United-States,0
25,Private,174444,9th,5,Never-married,Handlers-cleaners,Not-in-family,Black,Male,26,0,21,United-States,0
47,Private,277878,7th-8th,4,Divorced,Prof-specialty,Unmarried,White,Female,12,0,36,United-States,0
58,Private,254317,HS-grad,9,Divorced,Adm-clerical,Unmarried,Black,Female,4479,-1,40,United-States,0
19,?,276070,Some-college,10,Never-married,?,Other-relative,Black,Female,23,0,40,United-States,0
52,Private,171021,7th-8th,3,Married-civ-spouse,Other-service,Husband,White,Male,6,0,12,El-Salvador,0
29,Private,183561,Assoc-voc,11,Never-married,Tech-support,Wife,White,Female,37,0,40,United-States,0
53,Private,162827,Some-college,10,Married-civ-spouse,Other-service,Husband,White,Male,15,0,40,United-States,1
31,Private,282400,HS-grad,9,Married-civ-spouse,Transport-moving,Husband,Black,Male,17,0,44,United-States,1
58,Private,236875,Some-college,10,Divorced,Adm-clerical,Not-in-family,Black,Female,23,-1,40,United-States,0
27,Private,204288,Some-college,10,Never-married,Handlers-cleaners,Other-relative,White,Female,23,-1,40,United-States,0
27,Private,244333,Bachelors,13,Never-married,Other-service,Not-in-family,Black,Female,7,0,40,United-States,0
25,Private,236121,1st-4th,3,Married-civ-spouse,Machine-op-inspct,Husband,Black,Male,-11,0,40,Ecuador,0
59,Private,254570,Some-college,10,Divorced,Other-service,Unmarried,White,Female,6,1,40,United-States,0
34,Private,163371,Doctorate,13,Never-married,Prof-specialty,Not-in-family,White,Male,40,0,40,?,0
30,Local-gov,208266,HS-grad,9,Never-married,Protective-serv,Husband,White,Male,42,0,40,United-States,0
37,Private,265842,Bachelors,10,Married-civ-spouse,Prof-specialty,Husband,Asian-Pac-Islander,Male,17,1,55,Taiwan,1
37,Private,304264,12th,6,Married-civ-spouse,Other-service,Wife,Black,Female,-1,0,40,United-States,0
47,State-gov,162292,Some-college,10,Married-civ-spouse,Protective-serv,Husband,Black,Male,11,1896,40,United-States,1
20,?,243446,Some-college,10,Never-married,?,Own-child,White,Female,17,0,30,Laos,0
18,?,238348,HS-grad,9,Never-married,?,Own-child,White,Male,32,1,24,United-States,0
31,Self-emp-not-inc,222665,Bachelors,13,Married-civ-spouse,Prof-specialty,Husband,White,Male,17,0,49,United-States,1
36,Private,197291,HS-grad,9,Married-civ-spouse,Transport-moving,Husband,White,Male,6,0,50,United-States,0
31,Private,177743,HS-grad,9,Never-married,Other-service,Unmarried,Asian-Pac-Islander,Female,7,0,40,Japan,0
43,Private,63279,HS-grad,9,Married-civ-spouse,Farming-fishing,Husband,White,Male,-1,0,40,United-States,0
34,Private,167378,HS-grad,9,Never-married,Adm-clerical,Not-in-family,White,Female,-4,0,59,?,0
22,Private,180468,Masters,14,Married-civ-spouse,Prof-specialty,Not-in-family,White,Female,3518,1,50,United-States,0
34,Private,208822,Bachelors,6,Married-civ-spouse,Transport-moving,Husband,Black,Male,11,-1,40,United-States,0
36,Private,242105,Some-college,10,Never-married,Craft-repair,Unmarried,Black,Male,35,0,40,United-States,0
47,Federal-gov,224863,Some-college,10,Married-civ-spouse,Prof-specialty,Husband,Amer-Indian-Eskimo,Male,16,0,40,United-States,1
38,Private,163005,Bachelors,13,Married-civ-spouse,Exec-managerial,Husband,White,Male,34,0,50,United-States,1
33,Private,241329,Some-college,10,Married-civ-spouse,Adm-clerical,Wife,White,Female,36,1,40,United-States,0
31,Private,296167,HS-grad,9,Married-spouse-absent,Other-service,Unmarried,White,Male,21,-1,35,United-States,0
42,Self-emp-not-inc,198465,Bachelors,13,Divorced,Adm-clerical,Not-in-family,White,Male,20,-1,50,United-States,0
51,Private,185074,1st-4th,2,Married-spouse-absent,Handlers-cleaners,Not-in-family,White,Male,4233,1,40,Laos,0
30,Private,107934,Doctorate,16,Never-married,Prof-specialty,Not-in-family,White,Male,4,0,40,Germany,0
50,Private,234194,Some-college,10,Married-civ-spouse,Transport-moving,Husband,White,Male,4107,0,40,United-States,0
37,Private,477836,HS-grad,9,Married-civ-spouse,Adm-clerical,Wife,Asian-Pac-Islander,Female,17,0,40,Taiwan,0
58,Private,110276,HS-grad,9,Widowed,Other-service,Not-in-family,White,Female,17,0,40,United-States,0
18,Private,163961,11th,7,Never-married,Other-service,Own-child,White,Female,28,-1,30,United-States,0
40,Self-emp-not-inc,251579,Bachelors,13,Married-civ-spouse,Prof-specialty,Husband,White,Male,7838,0,58,United-States,1
36,Private,224644,Some-college,10,Never-married,Adm-clerical,Not-in-family,Black,Female,9,0,21,United-States,0
61,Private,113371,Some-college,10,Divorced,Adm-clerical,Unmarried,White,Female,40,0,40,United-States,0
31,State-gov,180363,9th,6,Married-civ-spouse,Prof-specialty,Husband,White,Male,46,0,36,Vietnam,0
59,Private,187877,HS-grad,9,Divorced,Transport-moving,Not-in-family,White,Male,20,0,40,United-States,0
39,Self-emp-inc,241355,HS-grad,9,Widowed,Sales,Not-in-family,White,Female,15,-1,40,United-States,0
25,Private,216209,Doctorate,5,Never-married,Sales,Not-in-family,Asian-Pac-Islander,Male,21,0,23,El-Salvador,0
59,Private,112650,Masters,14,Married-civ-spouse,Prof-specialty,Husband,White,Male,4195,1,65,United-States,1
18,?,239268,HS-grad,9,Never-married,?,Other-relative,Black,Female,13,0,40,United-States,0
45,Private,243762,Some-college,10,Married-civ-spouse,Sales,Husband,Black,Male,2,0,40,United-States,1
54,Private,227285,5th-6th,3,Married-civ-spouse,Machine-op-inspct,Unmarried,White,Male,3756,0,40,Mexico,0
56,Self-emp-not-inc,220384,Assoc-acdm,13,Married-civ-spouse,Craft-repair,Husband,White,Male,31,0,40,United-States,1
30,Self-emp-inc,252966,Doctorate,9,Never-married,Prof-specialty,Not-in-family,White,Male,19,0,50,United-States,0
36,Private,193991,HS-grad,9,Married-civ-spouse,?,Wife,Black,Female,7,0,40,United-States,0
73,Private,223858,Bachelors,13,Divorced,Transport-moving,Not-in-family,White,Male,0,2018,40,United-States,0
31,Private,182392,Bachelors,13,Never-married,Craft-repair,Not-in-family,White,Male,19,0,57,United-States,0
48,Private,101560,7th-8th,6,Married-civ-spouse,Tech-support,Husband,White,Male,-9,0,40,Mexico,0
20,Private,193657,HS-grad,10,Never-married,Other-service,Other-relative,Other,Female,8,0,40,Jamaica,0
30,Private,158645,Bachelors,13,Married-spouse-absent,Tech-support,Husband,White,Male,12,0,40,Germany,0
51,Private,104862,1st-4th,2,Married-civ-spouse,Craft-repair,Husband,White,Male,26,0,40,El-Salvador,0
35,Private,211315,Some-college,10,Married-civ-spouse,Craft-repair,Husband,White,Male,3,0,40,?,0
23,Private,242689,HS-grad,10,Divorced,Tech-support,Not-in-family,White,Female,11,1,40,United-States,0
38,Self-emp-not-inc,38934,Some-college,10,Married-civ-spouse,Tech-support,Husband,White,Male,23,1,5,United-States,0
38,Self-emp-not-inc,320632,HS-grad,9,Never-married,Craft-repair,Husband,White,Male,21,0,40,United-States,0
25,Private,114674,Some-college,10,Separated,Adm-clerical,Not-in-family,Black,Male,18,0,30,United-States,0
41,?,92385,Assoc-acdm,13,Married-civ-spouse,Prof-specialty,Wife,White,Female,22,0,40,United-States,1
38,Private,197554,12th,6,Married-civ-spouse,Other-service,Husband,Asian-Pac-Islander,Male,-23,0,40,India,0
23,Self-emp-not-inc,172357,Bachelors,13,Never-married,Sales,Own-child,White,Male,8,1,30,?,0
55,Private,272715,Some-college,4,Divorced,Transport-moving,Unmarried,White,Female,18,0,40,United-States,0
26,Private,111984,Some-college,10,Never-married,Craft-repair,Not-in-family,White,Male,27,1,71,United-States,0
25,Private,137064,Assoc-voc,7,Married-civ-spouse,Tech-support,Husband,Asian-Pac-Islander,Male,39,1,50,France,1
28,?,184114,9th,10,Married-civ-spouse,?,Husband,White,Male,14,0,40,United-States,0
28,Private,248546,Masters,14,Never-married,Prof-specialty,Not-in-family,White,Male,24,0,40,United-States,0
36,Private,271705,Some-college,10,Never-married,Other-service,Own-child,White,Male,16,1,40,United-States,1
29,Private,192154,7th-8th,4,Never-married,Machine-op-inspct,Not-in-family,White,Male,11,0,40,Dominican-Republic,0
64,Private,70566,1st-4th,2,Never-married,Other-service,Not-in-family,White,Male,22,0,40,United-States,0
18,Self-emp-not-inc,292451,Some-college,10,Never-married,Protective-serv,Not-in-family,White,Male,43,0,40,United-States,0
51,Federal-gov,147915,7th-8th,5,Widowed,Other-service,Unmarried,White,Female,6,-1,40,United-States,0
35,Federal-gov,175024,HS-grad,9,Married-civ-spouse,Transport-moving,Husband,Amer-Indian-Eskimo,Male,-1,0,40,United-States,0
39,State-gov,385539,Some-college,10,Married-civ-spouse,Protective-serv,Husband,White,Male,27,1,49,United-States,1
33,Private,203204,HS-grad,9,Never-married,Other-service,Not-in-family,White,Male,8,0,49,United-States,0
24,Private,112323,1st-4th,7,Never-married,Prof-specialty,Not-in-family,Asian-Pac-Islander,Female,-4,-1,30,Ecuador,0
26,Private,386365,HS-grad,9,Never-married,Other-service,Not-in-family,Other,Female,29,0,37,?,0
47,Federal-gov,130125,Masters,14,Married-civ-spouse,Prof-specialty,Husband,White,Male,14,1999,50,United-States,1
85,Private,81279,10th,3,Widowed,Other-service,Not-in-family,White,Female,15,0,49,United-States,0
49,Private,293823,HS-grad,9,Married-civ-spouse,Sales,Husband,White,Male,-12,0,50,United-States,0
55,Private,94371,Doctorate,7,Married-civ-spouse,Transport-moving,Husband,White,Male,12,0,40,United-States,0
36,Private,273194,Masters,14,Married-civ-spouse,Prof-specialty,Wife,White,Female,12,1881,40,United-States,1
61,Private,204090,Some-college,10,Divorced,Transport-moving,Not-in-family,White,Male,18,1751,64,United-States,0
54,Local-gov,189469,Masters,14,Never-married,Prof-specialty,Unmarried,White,Female,0,-1,35,United-States,0
34,Private,259762,HS-grad,9,Married-AF-spouse,Adm-clerical,Not-in-family,Black,Female,18,0,40,United-States,0
35,Self-emp-not-inc,178388,Bachelors,13,Never-married,Prof-specialty,Not-in-family,White,Male,5,0,44,United-States,0
42,Private,125163,HS-grad,9,Married-civ-spouse,Transport-moving,Husband,White,Male,18,0,45,United-States,1
16,Private,98194,11th,7,Never-married,Other-service,Own-child,White,Female,32,-1,30,United-States,0
55,Private,210610,9th,6,Married-civ-spouse,Prof-specialty,Husband,White,Male,5,0,40,United-States,0
32,State-gov,52620,Some-college,10,Never-married,Prof-specialty,Own-child,White,Female,17,0,40,United-States,0
48,Private,291338,HS-grad,9,Married-civ-spouse,Handlers-cleaners,Husband,White,Male,30,0,40,United-States,0
25,Private,185997,11th,5,Never-married,Prof-specialty,Own-child,White,Male,13,0,40,United-States,0
17,?,192675,Prof-school,15,Never-married,?,Not-in-family,White,Male,24,0,25,United-States,0
27,Private,125801,HS-grad,9,Never-married,Tech-support,Not-in-family,White,Female,0,-1,45,United-States,0
38,Local-gov,44923,Assoc-acdm,12,Never-married,Adm-clerical,Not-in-family,Amer-Indian-Eskimo,Female,18,1,44,United-States,0
63,Private,101985,7th-8th,3,Married-civ-spouse,Transport-moving,Husband,Other,Male,15386,-1,40,United-States,0
17,Private,213274,11th,7,Never-married,Other-service,Other-relative,White,Male,24,-1,40,United-States,0
44,Local-gov,272532,Some-college,10,Married-civ-spouse,Exec-managerial,Husband,White,Female,27,1,40,United-States,0
31,Private,256950,HS-grad,9,Never-married,Adm-clerical,Not-in-family,White,Female,13,-1,38,United-States,0
30,Local-gov,274824,HS-grad,9,Married-civ-spouse,Prof-specialty,Husband,Black,Male,8,0,44,United-States,0
34,Private,168657,Masters,14,Married-civ-spouse,Exec-managerial,Husband,Black,Male,4521,0,40,United-States,1
53,Self-emp-inc,221471,HS-grad,9,Married-civ-spouse,Transport-moving,Husband,Black,Male,-5,-1,59,United-States,0
57,Private,117144,HS-grad,9,Divorced,Other-service,Unmarried,Amer-Indian-Eskimo,Female,24,0,37,United-States,0
28,Private,143323,9th,4,Never-married,Machine-op-inspct,Not-in-family,Black,Female,24,0,40,Peru,0
70,Private,199096,Bachelors,13,Divorced,Prof-specialty,Not-in-family,White,Female,23,0,50,United-States,0
39,Private,181060,Some-college,10,Married-civ-spouse,Exec-managerial,Husband,White,Male,7711,1,50,United-States,1
59,Local-gov,216227,Bachelors,13,Married-civ-spouse,Protective-serv,Husband,Black,Male,11,1791,40,United-States,0
28,Private,154098,Doctorate,15,Never-married,Prof-specialty,Own-child,Asian-Pac-Islander,Male,10,0,58,Philippines,0
33,Private,187407,HS-grad,9,Married-civ-spouse,Tech-support,Husband,White,Male,21,-1,40,United-States,0
37,Private,309554,Some-college,10,Married-civ-spouse,Prof-specialty,Husband,White,Male,39,1,40,United-States,1
48,Private,235425,HS-grad,9,Divorced,Other-service,Unmarried,White,Female,18,0,40,United-States,0
34,Private,145549,Bachelors,13,Married-civ-spouse,Transport-moving,Husband,White,Male,-1,1827,40,United-States,0
60,Private,355080,Bachelors,13,Married-civ-spouse,Exec-managerial,Husband,White,Male,28,0,40,United-States,1
20,Federal-gov,275566,HS-grad,9,Never-married,Adm-clerical,Unmarried,White,Male,2,0,40,United-States,0
43,Private,276062,HS-grad,9,Never-married,Other-service,Not-in-family,White,Female,6,1,31,United-States,0
