LIMIT_BAL,SEX,EDUCATION,MARRIAGE,AGE,PAY_0,PAY_2,PAY_3,PAY_4,PAY_5,PAY_6,BILL_AMT1,BILL_AMT2,BILL_AMT3,BILL_AMT4,BILL_AMT5,BILL_AMT6,PAY_AMT1,PAY_AMT2,PAY_AMT3,PAY_AMT4,PAY_AMT5,PAY_AMT6,__target__
396644,2,6,2,33,-2,-2,-2,-2,-2,-2,1375,-1079,751,1657,-1156,2962,2201,1620,195,869,74686,19301,0
29146,2,2,2,24,0,0,0,0,0,0,46719,58570,57753,12180,4509,21283,3617,2224,504,1533,1232,89,0
500103,2,1,1,37,-1,-2,-1,-1,-1,-1,267,5207,3057,3029,788,2037,227,5114,10186,39649,1629,1776,0
354889,1,2,1,54,1,-2,-1,-2,-2,-2,62503,63445,11370,12592,876,21056,-212,18462,876,255,1901,35,0
49151,1,3,3,41,0,0,0,0,0,0,62973,51920,34472,2067,14770,9584,1207,1664,1271,-75,1268,-113,0
47303,1,3,1,58,0,0,0,0,0,0,14846,17326,17002,4358,11333,17542,478,1899,1405,7204,3765,55,0
86718,2,3,1,49,-2,-2,-2,-2,-2,-2,3545,5949,1492,-190,1148,670,3105,1909,606,301,1743,1581,0
110062,2,3,1,27,0,0,0,0,0,0,176220,131181,93779,101248,134939,104713,14058,10909,5511,3554,3131,1328,0
187346,2,2,1,52,1,2,2,0,0,-1,3047,2789,976,9717,2814,498,182,176,498,2368,1331,385,1
28710,1,2,1,29,0,0,0,2,0,0,31769,19504,10833,8467,27916,20945,2060,844,1971,4455,3431,2692,1
195175,1,1,1,46,1,-2,3,-1,0,-1,987,12456,11319,36230,30194,1978,1003,947,-494,7185,2289,1649,0
27813,2,2,2,33,0,0,0,2,0,0,10810,46204,11402,8742,5160,4692,1562,2436,702,550,1605,325,0
344988,2,2,2,31,-1,-1,-1,-1,-1,-1,205,1281,10828,9308,17106,16090,6606,9983,18254,20605,71133,10297,1
258762,2,5,1,35,1,0,0,-1,0,0,91933,325890,100982,406557,138253,98952,6878,22391,1801,6602,15577,103691,0
51676,2,2,2,23,0,0,0,0,0,0,27283,59547,49402,28831,17985,23637,2601,1439,332,984,6014,82,0
20930,1,1,2,38,2,0,2,0,0,0,9365,13212,19274,11649,23709,25318,4517,284,631,14,1383,-13,1
231988,1,1,1,30,-1,-1,-1,-1,-2,-2,15606,61947,1118,899,1628,1587,3257,724,38,122,-276,100,1
101785,1,2,1,36,0,0,0,0,0,0,35201,62654,57113,40401,45763,75366,13770,3464,652,4549,1803,4402,0
31047,2,1,2,23,0,0,0,0,0,0,35788,99181,35976,9398,6016,11309,4175,1066,308,75,59,-70,0
26706,1,3,0,40,0,0,0,0,2,0,17561,15014,17059,23588,22456,8473,1062,1682,644,809,4291,565,0
208001,2,1,1,28,0,0,0,0,0,0,72767,79473,76026,105914,64500,10264,5759,980,2624,551,70,133,0
128622,2,2,2,23,0,0,0,0,0,0,22974,133623,127137,5069,26700,875,4093,847,1215,3094,1015,125,0
173483,2,2,1,33,1,2,0,0,0,2,59569,239412,52648,69574,82630,80690,3816,3064,2382,1206,3927,2058,0
398950,1,2,2,32,0,0,0,0,0,0,106694,134529,132382,113246,137454,121416,10194,11014,1892,4197,2957,3332,0
85114,1,1,1,45,0,0,0,0,0,0,71762,100090,37464,84382,60217,88475,3579,1722,3933,9429,2963,1653,0
204301,1,0,1,34,0,0,0,-1,-1,-1,21879,11890,14116,10833,3037,15107,1709,3862,1517,8661,61,-133,0
233715,1,1,1,30,-2,-1,-2,-1,-1,-1,12904,7388,17467,11488,21852,23991,3029,25731,20146,44850,24864,13477,0
202324,1,1,2,34,0,-2,-2,-1,-2,-2,8085,8228,28247,13660,12837,2230,25546,20121,7487,14378,30666,4734,0
489824,2,1,1,31,-2,-2,-2,-2,-2,-2,9437,11228,21457,13728,3366,7965,1826,1676,-25,8010,1360,4175,0
173080,2,3,2,33,0,0,0,0,0,0,15665,64733,71550,34731,92269,106254,3158,2218,733,3146,1305,2308,0
196877,2,0,2,32,-2,-2,-2,-2,-2,-2,3573,1433,4198,1179,2377,1443,2333,2750,1255,1007,26562,7918,0
21184,1,2,1,41,-1,-1,0,0,0,-1,6771,-180,12790,8084,4472,3809,1457,1313,502,-76,227,533,0
56154,2,2,1,25,2,0,0,0,0,0,35001,47257,43960,31003,41111,50022,1604,1609,1297,2343,1210,2513,1
432780,1,3,1,49,-1,2,-1,0,0,-2,2499,14555,1419,2392,394,772,768,259,1976,-3,1341,366,1
202168,2,1,1,31,-1,-1,-1,-1,-1,-1,216,-685,21707,5325,911,-662,-17,2546,132803,77026,1001,2992,1
292213,2,2,1,36,1,-1,-2,-2,-2,-2,902,9347,1505,709,601,427,2113,552,-19,-332,213,144,1
118823,2,1,2,37,-2,-2,-2,-2,-2,-2,74971,76628,90335,19424,-850,-117,27531,2398,929,5934,1108,313,0
80964,2,2,1,25,2,3,2,2,2,2,69616,57937,21744,36300,31505,96843,3029,1740,-323,1369,2568,-208,1
296551,1,0,1,30,1,-2,-2,-1,-1,-1,50,2639,-152,1311,-329,224,1011,490,345,8779,475,459,0
295923,2,4,1,34,-2,-2,-2,-2,-2,-2,16246,16577,3331,2661,912,1246,27744,1223,-518,5998,169,20467,0
171218,2,3,0,31,-2,-2,-2,-2,-2,-2,47936,14852,27835,43096,16243,43894,3232,2053,19145,30657,73088,312,0
369389,1,2,1,28,-1,-1,-1,-1,-1,-1,510,86,1258,1343,-101,2981,-1136,1222,858,2598,2167,112,0
28146,2,2,1,31,0,0,0,0,-1,0,25452,30542,12581,11795,13538,9526,6177,1826,1925,2306,1299,644,0
64749,1,3,0,46,2,2,2,2,2,0,79032,55310,66851,29539,39510,46508,567,4607,4107,1825,1722,1132,1
602380,1,1,1,34,-1,-1,-1,-1,-1,-1,7249,9759,15341,4336,35483,10163,7306,21391,3001,10476,38356,-389,0
236389,1,1,2,32,-1,-1,-1,-1,-1,-1,850,1116,2245,1331,2014,99,-461,842,750,255,597,577,0
82423,1,2,2,38,0,0,0,2,-2,-2,44765,12216,15793,6821,-699,-6,54376,1536,1135,280,168,7113,0
140452,1,2,1,35,0,0,0,0,0,0,68084,62802,105666,117495,163275,185465,3648,7394,8524,-39,3808,15669,0
267599,1,2,1,38,-1,-1,-1,-1,0,0,-3355,3382,4265,7929,22615,29719,-206,1394,747,6587,1128,179,1
639720,1,2,2,37,2,0,0,0,0,2,55750,107909,115938,142536,158312,125375,5098,15139,1429,4481,551,6559,1
246343,2,1,1,33,0,0,0,0,0,0,260036,482728,434437,315544,223727,384832,10295,20489,18779,8030,24108,4488,0
118350,1,2,2,26,1,2,2,0,0,0,14421,16060,37063,11920,17466,15913,9069,398,1316,761,5335,14049,1
192689,2,1,2,31,0,0,0,0,0,0,9525,23131,28280,8545,14593,36195,6908,9219,394,8149,437,1351,0
251278,1,2,1,31,-1,-1,-1,-1,-1,-1,1540,754,335,789,-1036,712,-1101,1930,-129,625,1460,3018,0
140354,1,2,2,27,2,2,2,2,2,0,-411,6778,5281,90499,34137,189410,4169,927,1618,5348,5440,2171,1
164296,2,1,0,36,-1,-1,-1,0,0,0,4066,8678,45186,616,21366,9479,1328,88153,3538,9890,1205,2188,0
231243,1,1,1,24,0,0,0,0,0,0,197978,173944,75791,109335,113991,99634,13180,2933,3583,2396,2374,5748,0
25294,2,3,2,23,1,0,0,0,0,0,10115,6946,14936,12377,17595,-117,1835,633,2591,-169,5368,248,0
18936,1,6,1,34,1,-2,-2,-2,-2,-2,1150,1333,330,7479,-800,1335,1018,1036,-370,181,1411,143,0
116768,2,2,1,36,2,0,0,0,0,0,120130,50141,73659,57430,34937,38401,9134,459,982,2684,1614,1081,1
96222,1,2,2,36,1,-1,2,0,0,3,386,16043,10583,1135,145,1205,2078,1418,485,2413,1661,50,0
378012,2,1,1,39,0,0,0,0,0,0,48563,56160,41104,42884,26263,47434,2442,588,18281,5882,4275,3433,0
49705,2,1,1,25,0,0,0,0,0,0,37144,45108,38106,8565,7088,32820,710,1526,1235,-106,2925,-262,1
388317,2,2,3,55,-1,2,2,-2,-2,-1,-393,-1027,787,1283,-1669,-434,-1217,150,-812,147,455,549,1
150028,2,2,1,25,0,0,0,0,0,0,34298,62211,60692,14655,69999,100802,5499,5568,-115,2213,3099,-163,0
99999,2,3,2,38,-1,-1,2,5,-2,-1,-2608,-248,-997,161,728,79,-1076,-482,-888,373,-297,127,1
406123,1,1,1,45,-1,-1,-1,-1,-1,-1,1591,-2046,411,1173,-81,799,-92,1203,717,1572,162,516,0
228249,2,2,1,40,0,0,0,0,0,0,161666,61895,48433,250064,290874,46296,7294,8549,1196,6269,3401,7366,0
17668,1,6,1,28,0,0,0,0,0,0,86871,9975,74998,4325,-5975,469,6196,2429,803,-244,-23,177,0
193352,1,4,1,33,-2,-2,-2,-1,-2,-1,-232,1894,2546,1149,-367,464,-264,3041,1488,37,501,209,1
101020,1,2,1,59,-1,-1,-1,-1,-1,-1,-785,-1745,-348,9983,-95,16483,532,1359,1922,287,1342,290,0
496529,1,2,1,42,-1,-1,0,-1,-1,-1,10533,7625,21013,316954,20164,18098,9612,14405,18133,10352,13268,7214,1
24175,1,1,2,23,0,0,0,2,2,0,12402,16727,14949,6864,4016,14862,2304,1371,1298,324,1920,-66,0
89842,1,2,2,23,-1,-1,-1,-1,0,-1,1049,11300,15911,10138,16008,3103,4805,8188,4154,4127,1398,14459,0
90207,2,2,0,41,1,2,2,0,0,0,2421,22107,74483,42121,36316,4444,-1118,3781,2602,2254,1682,2412,0
248460,2,2,1,32,2,0,0,0,0,0,258397,338629,92233,216501,167039,183575,3905,9232,5912,2326,4375,1327,1
162405,2,1,2,32,3,-1,2,2,2,0,6828,8529,37787,66404,33687,30125,4439,15734,1634,4145,3554,1704,1
160624,2,6,1,34,1,-2,-2,-2,-2,-2,173,-2333,1487,826,-1319,851,-570,285,-1041,-333,-53,386,1
105707,2,3,1,38,2,2,2,2,2,2,72410,63032,34899,32114,73386,38662,5417,3473,776,1281,618,261,0
504270,2,2,1,41,0,0,0,0,0,-1,315235,411211,350095,275696,122163,131474,9549,11762,68613,5976,12496,16643,1
434658,2,1,1,33,0,0,0,0,0,0,180657,315467,319625,142623,156184,220417,61215,24285,12037,4294,92929,16114,0
149841,2,2,1,35,1,2,0,0,0,0,59124,70933,89592,40355,68512,40351,4958,6481,5186,2420,3333,389,0
476702,1,4,2,27,0,0,0,0,0,0,154050,125588,78320,222676,63636,83344,7338,15365,859,2505,2204,513,0
85945,2,2,2,28,0,0,0,0,0,0,28213,2699,17565,8576,208,22001,362,1986,830,2809,1756,1621,0
207688,2,5,1,21,0,0,0,0,0,0,10129,10701,2696,3598,3474,-773,925,2898,1148,113,289,186,0
523056,2,2,2,37,0,0,0,0,0,0,200433,186120,261502,91130,232512,121366,13204,8296,5039,4221,3173,1620,0
140380,1,1,1,47,0,0,0,0,0,-2,15898,12620,51933,3817,6211,8442,4310,1227,475,761,4291,140,0
102210,2,2,2,25,0,0,0,0,0,0,103758,64534,57408,13917,16683,11748,6858,1343,4321,545,774,-408,0
189962,2,4,1,34,-2,-2,-2,-2,-2,-2,2913,6863,22722,1596,321,2103,2501,3070,-362,4651,18109,1889,0
191335,2,6,1,33,0,0,0,0,0,0,166702,99193,57784,140206,39680,107544,5992,6159,3166,2393,1327,607,0
30771,2,2,3,44,0,0,0,0,0,0,13505,19856,20273,11510,21650,19741,5273,3352,963,5747,4382,866,0
17092,1,3,0,28,1,0,2,-1,3,-1,11795,15259,694,-1421,889,2297,1870,3085,1275,3263,392,104,0
78384,2,2,2,28,0,0,0,0,0,0,13680,20283,15534,3023,19297,6589,1490,21699,486,347,899,637,1
377566,1,2,1,38,-1,-1,-1,-1,-1,-1,811,6483,4334,10539,87,1174,3511,4474,17321,1206,314,16487,0
26323,2,2,1,25,3,3,2,2,2,2,8025,15041,8910,28770,41734,31459,3505,584,139,90,438,1671,1
24479,2,2,1,24,1,2,0,0,0,0,699,2073,519,350,383,869,-817,-277,-67,-245,-323,-42,1
49996,2,1,1,29,0,0,0,0,0,0,34387,43418,63875,36324,24184,30911,3591,2438,2451,381,1519,259,1
211072,1,2,1,35,-2,-2,-2,-2,-2,-2,-2248,-766,2760,365,-824,1731,9127,486,115,-39,192,378,0
132241,2,1,1,47,0,0,0,0,0,0,78756,148366,47523,65022,53696,36654,1135,5361,1590,6007,2524,7497,0
76102,2,1,2,33,2,2,2,0,0,0,26021,40399,37143,29085,46450,43711,620,476,795,2855,1474,3025,1
51139,1,2,1,34,0,0,0,0,0,0,57679,28564,52876,15318,23942,23305,5379,408,5275,2043,1476,1944,0
379048,2,2,2,30,-1,-2,-2,-2,-2,-2,2997,-263,1179,13955,-111,129,539,1216,800,456,208,2216,0
27044,2,2,2,31,0,0,2,2,3,-2,13664,17978,9830,-2188,389,818,545,1693,698,1615,2076,-30,0
16630,1,2,2,25,0,0,2,-1,0,-2,12780,11578,-505,-398,194,357,3951,839,908,831,4071,39,0
242372,2,2,2,30,1,-2,-2,-2,-2,-1,-1861,-1751,-1585,-217,444,616,-580,1197,-936,564,345,-156,0
183197,1,6,2,35,-1,-1,-1,-1,-1,-1,-2448,-1339,2161,8643,9360,20940,642,2148,951,384,5577,393,0
220181,2,4,1,45,1,2,0,0,0,0,33349,37370,62070,19158,29364,49012,5570,3834,3288,2448,2556,1364,0
49982,1,2,1,57,0,0,0,0,0,0,70535,98031,1505,120,-243,2064,5905,496,177,784,442,-452,0
185591,2,6,1,43,0,0,0,0,0,0,75604,202356,140745,86899,122837,69392,2056,5153,3749,3500,576,-566,0
226378,1,2,3,41,-1,-1,-2,-2,-2,-2,3519,-425,1805,886,-1605,-1749,-1404,941,-911,-432,358,1017,1
229326,2,1,2,32,-1,-1,-1,-1,-1,-1,444,-3279,752,-824,-469,5729,721,3214,156,6065,3328,6958,0
50015,1,1,2,44,0,2,0,0,0,0,5205,1522,1720,6434,15767,16212,1376,1244,627,736,1660,395,0
154507,1,2,1,42,2,0,0,0,0,0,137816,126648,55014,76046,59825,61992,2224,4790,8518,6111,1993,772,0
89031,2,3,1,38,-2,-2,-2,-2,-2,-2,-355,-1462,1418,1450,246,2466,-89,2229,-28,332,331,1260,0
56966,1,3,1,45,-1,0,-1,0,0,-1,10725,2715,1493,11728,1745,482,2152,491,308,453,-318,503,0
154367,1,1,2,28,0,0,0,-2,-1,-2,80836,64693,63690,418,-816,-417,-20,9226,4855,8472,257,271,0
218669,1,2,2,32,-1,-1,-1,-1,-1,-1,-1046,1441,1489,-608,1967,210,441,1283,1546,705,1680,3245,0
25949,2,2,2,60,0,0,0,0,0,0,15870,30092,53717,8690,4133,51133,1582,2976,1670,-139,1021,-443,0
140491,1,1,2,41,0,0,0,0,0,0,56985,54243,26571,12642,9893,12148,6053,4978,1154,5623,2756,156,0
120690,2,3,2,36,2,0,2,0,0,0,94899,104243,71824,62888,64751,103142,2147,2027,2335,3287,2046,1762,0
52612,1,3,2,25,0,0,0,0,0,0,15730,46567,37140,13463,185,1216,2214,2095,-126,375,-53,484,0
199063,1,2,1,32,1,-1,-2,-2,-2,-1,2694,1561,-446,379,-1003,7917,5290,460,948,-674,2537,-191,0
569308,2,2,1,35,2,0,0,0,0,0,96403,256810,240507,235011,232577,42734,292,3581,238,3538,3284,249,1
68271,1,1,2,30,2,2,2,2,0,2,41468,62412,51951,31403,37649,47976,1083,1190,2625,3339,2862,2864,1
22777,2,2,1,39,2,2,2,2,2,2,6372,15642,13512,285,2236,34851,680,37,-116,-48,1276,221,1
322301,2,2,1,44,0,0,0,0,0,0,144199,120972,110520,1714,66962,88661,6972,1583,4257,627,1923,1576,0
408779,1,3,1,47,-1,-1,-2,-2,-2,-2,1111,215,581,844,1798,1266,81,-67,-73,123,375,-133,1
128951,2,2,2,32,-1,-1,-1,-1,-1,-1,2879,109,1776,1078,1049,1316,131,771,1229,-245,345,1577,0
10514,2,2,2,27,0,0,2,2,2,2,13522,16766,16099,4891,25795,43833,4634,1752,341,1956,731,-267,1
51402,2,2,2,24,0,0,2,0,0,0,23509,36738,69152,30421,15656,53120,3476,1404,628,335,1593,2297,0
25798,1,3,1,51,1,-2,-2,-2,-2,-2,-1346,64,241,999,-526,65,-715,883,86,92,1802,101,0
17766,2,3,1,43,0,0,0,0,0,0,16573,22013,15136,16040,14337,14256,1202,2125,-337,399,4227,-168,1
31472,1,1,2,24,0,0,0,0,0,0,2292,21225,11124,6806,3522,12018,1540,1591,3844,531,2020,14519,0
25681,2,3,1,43,0,0,0,0,0,0,14294,26935,19825,12506,10754,15511,3803,2406,11,6525,4324,190,0
218683,2,5,1,36,0,0,0,0,0,0,91236,411737,145250,120753,128369,85603,9128,9963,3545,5738,1532,3304,0
17052,1,1,2,27,0,0,0,2,2,2,13067,8166,11082,5655,-938,35736,1518,1144,18,1548,-531,-245,1
228735,2,2,1,38,0,0,0,0,0,0,82922,169175,62541,69927,90340,63387,5394,10010,88663,5804,500,-57,1
48859,2,2,1,40,0,0,0,0,0,0,24398,50503,2129,14851,-2784,37354,3727,1444,518,1664,3149,348,0
83295,2,3,0,42,-1,2,0,0,0,0,322,14215,14962,14028,8239,14902,411,92175,816,7765,5188,1198,0
537558,1,2,1,38,1,-2,0,0,0,0,305504,453754,551922,244898,133086,334338,5853,15762,116304,69466,53009,79303,1
236757,2,2,1,63,-2,-2,-2,-2,-2,-2,15963,491,17780,28151,-3355,-58,1736,18577,29266,-163,-230,13279,0
163720,2,1,1,29,0,0,0,0,0,0,168477,146566,105769,133489,71427,41977,10107,5656,3517,1690,-224,2203,1
100993,2,3,0,31,-1,-1,-1,-1,-1,-1,2169,-1357,2701,472,595,962,592,1473,3982,2311,2276,1420,0
169550,1,1,1,30,0,0,0,0,0,0,50828,153359,194864,63768,131773,104966,6831,6950,10521,6521,5312,717,0
232622,2,2,1,41,-2,-2,-2,-2,-2,-2,81135,1813,21527,10635,17089,12825,973,2380,1342,2952,4142,10660,0
351261,1,1,2,35,0,0,0,0,0,2,113266,128139,38900,34623,44341,52930,45537,11670,2910,7795,1768,4469,0
25582,2,2,2,43,1,0,2,2,2,2,-225,19051,12205,10401,11588,21526,1563,1810,-34,7094,1915,-17,0
98430,2,1,1,33,-1,-1,-1,-1,-1,-1,9182,421,-1794,7699,-381,1716,980,535,1629,1296,35,-73,0
80232,2,2,2,41,0,0,-2,-1,-1,-1,207,11014,-1045,1159,-701,-1392,-234,2191,74,1657,1073,-167,0
44755,2,2,2,33,0,0,0,0,0,0,99946,18296,16181,11305,25677,20506,2124,1976,1549,3821,1656,519,0
15416,1,2,2,24,2,2,0,0,0,0,18968,22793,7973,10092,30795,45552,172,1034,3291,191,1114,41,1
188815,1,1,2,31,0,0,0,0,0,2,38972,49702,25765,27688,8748,36599,5222,1951,1271,5120,371,4827,1
53565,1,2,2,24,0,0,0,0,0,0,53946,60078,44725,37195,11639,29640,3110,2213,1431,593,827,130,0
48982,1,2,2,24,0,0,0,0,0,0,43365,29847,46533,6976,32683,84531,805,1186,4300,379,899,5784,0
59557,2,1,2,28,1,0,0,0,0,0,34645,24741,52563,40510,39998,36110,1842,2697,5104,2490,2978,3445,0
479534,2,2,1,46,0,0,0,0,0,-1,10350,11325,20002,13688,12146,7338,1824,21566,1715,5103,10117,224,0
161781,2,3,0,48,0,0,0,0,0,-1,-705,4726,16703,10138,17404,12763,752,1368,1090,2321,3010,248,0
24476,2,2,1,36,1,2,2,2,2,2,10165,19490,8280,10816,27059,47179,4,2431,-71,242,675,117,1
255362,1,5,1,53,1,0,0,0,0,0,300981,183369,71858,148936,131177,43652,6051,11830,117081,6377,2818,1722,1
134314,2,3,0,31,-1,-1,-2,-2,-2,-2,754,-120,2674,1409,1199,1642,3006,1582,1877,-57,2182,101,0
52147,2,2,2,24,0,0,0,0,0,0,44211,61810,52418,40563,19583,38696,2612,1429,-443,1591,1708,381,0
168862,1,2,1,33,0,0,0,0,0,0,68814,114346,82675,72351,39989,55632,7467,3293,2821,2221,4819,4839,0
75804,2,2,1,56,2,2,0,0,0,0,20302,49095,49132,11245,33661,43425,2931,2376,3974,3392,563,1597,0
134134,2,1,2,34,0,0,0,0,-1,-1,17509,25289,19052,5750,25853,11979,4730,19032,20293,9023,1813,10914,0
30995,2,1,1,48,0,0,0,0,0,0,35576,53123,60495,31857,14043,21025,2723,2916,1089,484,1694,-92,1
95773,2,5,1,28,0,0,2,-1,-1,-2,13132,11972,2780,1484,1301,-2050,5257,4821,1014,219,-159,341,0
210085,2,1,2,29,-2,-2,-2,-2,-2,-2,37666,12878,1686,39264,9127,1750,4564,1380,-654,216,752,329,0
371898,2,1,2,27,-1,-1,-1,0,-1,-1,-610,1047,1353,701,-265,1616,1327,185,-209,-438,1511,-194,0
208497,1,2,2,28,0,0,0,0,0,0,33141,33175,43679,21195,8087,42538,2626,2116,1218,1811,3436,10252,0
437470,2,1,1,45,0,0,0,0,0,0,216028,145482,173699,302235,274775,301291,8384,13020,8730,13354,27537,57527,0
295784,2,2,1,35,-2,-2,-2,-2,-2,-2,-2431,979,2123,23756,307,2367,227,2812,-536,4074,27464,27728,0
88272,2,1,2,28,0,0,0,0,0,0,34270,53275,58324,36058,30496,24967,4298,2414,3764,3951,1376,4447,0
794556,2,2,1,34,0,0,0,0,0,0,215938,225166,206445,48655,44223,71020,11017,7884,12969,9235,5627,3134,0
258724,1,5,1,34,0,0,0,0,0,0,247542,240560,166494,129317,142288,175953,8592,10946,6464,5588,4344,8717,0
24462,2,2,3,48,0,0,0,0,0,0,61116,63084,31592,14907,19843,55824,3677,2214,420,485,1280,-366,0
73498,2,3,0,54,0,0,0,0,0,0,12329,16136,54364,76095,-373,16751,3393,2459,3458,1974,2062,744,0
80169,2,3,0,30,1,2,2,-1,0,0,4006,8036,6033,16915,10361,14177,26,13034,2297,3303,1724,5749,1
99627,2,3,1,39,0,0,0,2,0,0,11895,3037,11192,4521,11317,10920,9206,6146,8693,328,496,414,0
192956,2,5,1,55,2,2,3,2,2,2,54464,76017,66525,47232,56780,81600,2008,7348,1559,2568,5998,1793,0
192975,2,2,2,23,0,0,0,0,0,0,73784,185706,202195,131491,147588,51425,2213,1184,79439,4771,625,314,0
133013,1,2,1,24,0,0,0,0,0,0,55499,153120,110486,48929,57105,74497,6806,6174,5191,3347,3456,-399,0
226190,1,3,0,49,-1,-1,-1,-1,-2,-2,736,-1525,-772,-476,-555,569,-883,429,-799,-443,90,-206,1
56831,2,3,1,49,0,0,0,0,0,0,45346,64926,52671,51780,47727,40216,1704,4475,226,1466,1456,810,0
240236,1,2,1,24,0,0,0,0,-1,-2,63518,23097,6937,8082,5861,465,11971,1035,725,42,-248,-181,0
176347,2,2,2,30,0,0,0,0,0,0,45913,59839,54505,36849,54310,17715,6113,4101,1656,737,2375,4581,0
19271,1,1,2,50,3,2,2,2,0,0,7222,8951,2138,3311,3567,15392,1330,3067,527,540,3573,-196,0
502768,2,2,1,36,1,0,0,0,0,0,178184,152550,116661,290389,115117,51454,8281,10048,2563,3468,6253,4883,0
94386,1,2,2,30,-1,2,-1,-1,-2,-2,-300,-990,2174,-199,-1102,383,547,1732,579,-621,92,347,0
403485,1,3,1,29,1,-2,-2,-2,-2,-2,-138,-1575,586,-478,-1513,-785,2994,457,-204,512,-108,2714,1
512898,2,0,2,29,-1,-1,-1,-1,-1,-1,13050,-3992,13342,1332,1713,35,4807,20486,22637,7036,18202,12036,0
216016,1,3,2,56,1,2,-1,-1,0,-1,-1556,-294,1961,777,-1372,2104,-465,860,-678,264,1874,2203,0
214691,1,2,0,36,2,-1,2,-1,3,-1,14090,8976,-1216,-309,-1506,-210,1854,562,225,290,906,3228,1
372955,2,1,1,34,1,2,0,0,0,0,27536,1144,25522,7577,18975,49706,294,1342,1902,1781,1108,1228,0
26817,1,2,1,23,3,3,2,2,2,2,32835,11774,10539,15076,-596,1936,955,2604,214,-588,1302,322,1
473180,2,3,1,46,0,0,0,0,0,0,11022,20183,12531,1745,6072,41069,527,668,96929,9391,2096,6408,1
17769,1,2,3,52,0,0,0,0,0,0,14614,11893,-728,5761,6548,12554,1083,1000,857,-104,1215,51,0
97030,2,2,1,28,0,0,0,0,0,0,46995,127054,61812,152306,78590,69395,1566,13872,2227,1594,134,4081,0
54847,2,2,2,22,0,0,0,0,0,0,38947,75782,51836,32994,40092,49721,6768,1495,2901,1612,4305,-222,0
179902,1,3,1,58,0,2,0,2,0,0,47304,130188,90459,144940,39147,145265,2630,4001,18675,2209,1194,1587,1
20960,2,2,2,24,0,0,0,2,0,0,55498,67726,40769,36678,18073,41527,3421,5482,572,7651,785,-764,0
18382,1,2,2,61,3,2,2,2,3,0,6138,16510,20887,9686,15477,60463,1141,-186,-164,2856,1350,1509,1
385408,1,2,2,36,0,0,0,0,0,0,228333,137238,215490,151486,144420,164721,9285,10156,12024,936,9988,278,0
66519,2,2,2,28,2,2,0,0,0,0,35742,19751,30140,11492,9913,35472,-59,739,13,692,876,138,1
149765,2,2,1,33,1,2,0,0,0,0,30874,41492,75584,33184,28306,45011,2296,2758,3843,5563,2312,1037,0
151393,1,1,1,28,0,0,0,0,0,0,39724,160403,108131,45586,77561,86307,1068,2166,1982,2287,1510,2839,0
21547,2,3,2,25,2,3,2,2,2,2,8748,12728,14920,1225,1558,317,2831,3963,1457,-305,-83,170,1
71429,2,3,1,49,2,0,0,0,0,0,62590,2068,2754,33328,44037,656,921,1119,454,-106,1864,68,0
198085,2,2,3,36,0,0,0,0,0,0,212608,172709,224499,147783,105981,145471,12283,14059,12748,4266,5084,2282,0
54712,2,2,3,40,1,-2,2,0,0,0,1028,1046,818,693,-724,-723,561,1672,367,35,354,1075,1
25747,2,2,1,38,0,0,0,0,0,0,2059,21975,14929,9631,15166,6800,3334,2249,953,2135,3641,5030,0
53894,2,1,2,27,0,0,2,0,0,0,1936,84604,11963,3191,-1733,16643,9407,1136,-744,3986,2335,1313,0
48456,2,1,2,24,0,0,0,0,0,0,74395,30189,48747,3690,6804,14932,2836,2606,709,3218,148,-199,0
186695,2,3,1,35,0,0,2,2,-1,-1,15550,14431,16460,1629,7629,8741,4630,750,442,9650,212,35,0
15006,1,1,2,31,-1,3,2,2,2,2,5018,14646,7775,1189,23350,10690,7724,5169,2165,13527,1462,183,1
55166,2,3,3,45,0,0,0,0,0,0,35158,33441,50890,5227,14787,24319,2827,1887,862,494,171,698,0
93089,2,2,2,24,0,0,0,0,0,0,68329,49796,60585,11970,9607,102807,990,1272,685,1754,4947,213,0
407568,2,1,2,25,0,2,0,0,0,0,69351,49698,17065,4552,25598,37898,1604,3978,959,11387,2519,1485,0
21018,2,2,1,31,0,0,-2,2,-2,2,44213,14417,4876,2988,-2388,-476,1122,1101,-959,-363,1247,-365,0
244558,2,1,2,35,1,2,2,2,0,2,52403,10611,56809,174593,83320,11490,6459,3761,3060,5872,12101,4366,1
412795,2,1,1,36,-1,-1,-1,-1,-1,-1,11383,5701,19700,11401,141,13006,40003,3027,1774,21892,2217,18751,0
216927,2,3,0,50,-2,-2,-2,-2,-2,-2,1497,-1951,-1137,196,-1475,398,-736,624,-838,-357,126,515,1
347147,1,1,2,29,-1,-1,2,0,0,0,6351,2299,6451,10458,32832,17345,4733,120,7620,582,8817,23656,0
27368,1,2,1,34,3,3,2,2,2,2,-4486,13154,9201,12416,35844,20283,413,2784,-140,1791,2257,206,0
28931,2,1,2,44,2,0,2,2,2,2,-3932,18840,16493,9979,7028,19036,1063,2469,-34,-400,2123,915,0
82891,1,1,1,36,2,0,0,0,0,0,60968,67644,77296,58754,192646,91600,36129,4217,1943,716,5751,1159,0
53315,2,2,1,35,-2,-2,-2,-2,-2,-2,-326,-708,2882,360,7721,12,254,2046,1954,7146,1741,3036,0
229701,2,1,1,31,1,-2,-2,-1,-1,-1,1341,-168,1018,103,-915,1153,1726,1576,1090,6200,1924,13694,0
96173,2,2,1,32,-1,-1,-1,0,-1,-1,-171,-708,1760,567,-224,-232,1009,1314,2866,1201,1439,1882,0
95262,2,1,1,27,0,0,0,0,0,0,2951,9309,12599,8245,11694,10213,3534,1177,1003,1847,2239,528,0
87765,2,2,1,45,-1,-1,0,-1,-1,-1,9699,9312,17943,5051,20006,10272,2177,19553,7966,6900,2075,2014,0
159738,1,2,2,33,0,0,0,0,0,0,34111,47200,98547,38740,43919,59395,6058,2616,1014,4093,436,567,0
499237,2,1,2,22,0,0,0,0,0,-1,23243,132289,20221,11135,24133,9265,1521,1428,5950,213,2914,5981,0
508469,2,2,1,26,0,0,0,0,0,0,92490,207019,268011,413214,236194,151110,8239,21425,15528,28450,17779,15183,0
30828,2,2,2,24,3,2,2,2,2,0,2682,26467,10990,11574,41760,56075,-537,276,343,1444,2799,2099,1
22485,1,3,1,46,3,2,2,2,2,2,8201,17910,67680,15796,33406,22225,2654,173,183,4053,1136,-106,0
197351,2,3,1,35,2,0,0,0,0,0,29634,68715,36400,10182,22346,-979,28423,497,794,234,576,972,1
56003,2,2,1,28,0,0,0,0,0,0,22296,24239,10006,4900,14005,363,7014,4732,410,449,615,89,0
222551,2,4,1,47,2,0,-2,0,-2,-2,48758,162528,88687,40801,28414,43233,62744,1652,1166,36813,1705,11865,0
55045,1,2,3,50,2,2,2,5,0,0,708,-2124,-749,1542,-1074,-16,-1239,-1077,-1412,-212,-116,544,1
80614,1,1,2,33,-1,-2,0,0,0,0,-402,-921,58009,-348,10004,1800,1071,2132,1280,1461,1481,9487,0
89481,2,2,1,25,0,0,0,0,0,0,40012,43189,37057,37188,25805,30402,5658,3330,1301,3363,3511,1397,0
652385,2,2,1,36,0,0,0,0,0,0,90337,165913,98525,44320,92390,58017,43226,4727,1501,25731,3914,9939,0
338361,1,2,1,48,0,0,0,0,0,0,71596,113728,129010,130966,92390,68720,5603,4011,3147,4613,2382,250,0
298121,2,2,1,39,-1,-1,-1,-1,-2,-1,2292,-902,487,5011,-1374,-979,1769,24240,7105,6791,55219,365,0
52522,2,2,1,24,-1,2,-1,0,0,-1,986,2377,858,-609,1727,39487,503,978,2852,2929,2895,2076,0
77845,2,3,0,29,0,0,2,2,0,0,3752,-2279,12064,260,5384,13839,4827,4399,2126,1189,303,156,0
52526,1,2,1,49,1,-2,-2,-2,-2,-2,1639,11841,1196,50,-1812,948,-88,1107,-767,-733,353,195,1
52871,2,2,1,29,0,0,0,-1,-1,0,18174,26391,10249,1477,15936,13636,6009,19161,1232,7469,2808,1479,0
110704,1,1,2,27,1,0,0,0,-2,-2,1417,526,3334,599,1807,547,1486,1176,1054,591,1954,224,1
22939,1,2,1,36,2,0,0,0,2,0,30391,54068,57864,42520,54327,55498,5049,-144,364,1277,1323,1230,1
222038,2,2,1,32,0,0,0,0,0,0,212815,153311,122586,116118,88025,51621,11677,11201,4160,5581,6366,2365,0
192456,1,3,1,48,-1,-1,-1,-1,-1,-1,3377,-2062,-1056,-241,-835,-462,6237,1247,2673,7419,2087,42542,0
56131,1,2,1,54,0,0,0,0,0,0,40385,11434,45687,8679,17033,13238,1953,1462,2964,621,4018,90,0
53525,1,2,2,29,1,3,2,2,2,2,17666,24222,47224,31708,22122,57191,6910,3902,578,1453,2636,55,0
357740,1,4,2,26,-2,-2,-2,2,-1,0,7157,7875,26061,10737,25691,39709,5584,3922,13181,4343,1729,1226,0
26548,2,2,1,49,2,-2,0,-2,-2,-2,8106,11469,1205,6853,-184,449,80,945,78,-338,-25,24,1
233267,2,1,1,32,0,0,0,0,0,0,99120,131851,70256,74424,120687,52165,6347,2651,2314,5339,936,1320,1
94552,2,1,2,34,1,-1,-1,-1,-1,0,-309,12564,14726,3488,18989,15715,2366,23861,283,15663,4343,2369,0
217971,1,3,1,36,1,-2,-2,-2,-2,-2,10732,3451,-1666,-541,4095,16,-1199,636,-1,225,66,99,0
141229,1,2,1,45,1,0,0,0,0,0,56081,67145,89523,76162,77438,63481,-483,1774,1050,9761,1473,5973,0
87963,2,2,1,32,1,-1,-1,-1,-1,-1,-1208,20930,1331,15116,23226,-774,2125,4440,1192,8988,2758,198,1
205048,2,4,2,48,-2,-2,-2,-2,-2,-2,25689,15942,1666,1061,117,403,2229,1385,67,-442,2067,-240,0
240287,2,2,1,38,0,0,0,0,0,0,216186,250249,204158,202507,190358,193064,36907,10217,93585,3597,9072,3122,0
262934,1,2,1,24,0,0,0,0,0,0,118938,198299,202335,96370,132569,112525,14640,11249,1626,7410,2604,1462,0
245446,1,3,1,50,0,0,0,0,-2,-2,35849,63766,20667,16475,27942,55532,2630,42631,1254,7001,1059,688,0
84875,2,3,0,38,2,0,0,0,0,0,40793,57700,54347,36153,27443,29964,406,3061,641,3326,2352,372,0
244316,1,2,1,31,-1,-1,-1,-1,-1,-1,6114,-1267,-1275,2210,-2410,-1855,-2000,1502,-769,-425,97,453,1
246730,2,2,1,32,0,0,0,0,0,0,358674,298857,190250,184757,137245,208739,10155,13540,10789,2021,12343,859,1
86918,2,2,1,51,0,0,0,0,0,0,39748,1094,23008,9392,19995,22743,1824,2309,4772,4254,1529,4639,0
48985,1,3,1,45,1,2,2,2,2,2,2691,8809,-2286,13104,44570,31548,-194,339,944,753,1159,504,1
458511,2,2,3,36,-1,-1,-1,-1,0,-1,20378,16944,19775,6783,14377,19713,831,1665,19701,6292,14021,12980,0
47449,1,2,2,46,0,0,0,0,0,0,9191,6208,11149,4101,7354,10189,1484,1719,282,8247,4109,477,0
156927,1,1,1,34,-1,-1,-1,-1,-2,-1,2999,2009,1797,1588,511,485,1531,510,404,99,1016,1654,0
54164,2,2,2,34,-1,2,0,0,0,0,10428,592,18423,9597,12676,19206,1761,1001,3087,691,2607,1646,0
137076,1,1,2,32,0,2,0,0,0,0,62158,50187,58255,38780,40466,93253,3075,2016,1014,3827,4733,2298,0
212856,2,2,2,28,1,-2,-2,0,0,0,83408,48132,15053,45153,49322,38932,3199,2217,1495,1889,4265,14481,0
272666,1,1,2,27,1,-2,-2,-2,-2,-2,54417,61247,73105,18960,14293,1965,5110,20807,936,2034,28008,10686,0
230073,1,3,1,31,-1,-1,-1,-1,-1,-1,743,-700,855,1999,-1787,973,-1140,72,-475,360,281,432,0
219225,1,1,2,30,1,0,-1,-1,0,-1,341247,89642,94329,248898,519921,388691,8522,22215,10775,17267,44521,18032,0
240925,2,2,3,34,2,0,0,0,0,0,72645,301826,257042,55188,91492,24710,9173,1675,2862,5959,4599,6765,0
102025,2,3,1,35,2,2,0,0,0,0,44197,49599,52255,46837,57842,51381,2270,1278,195,1848,905,1341,1
98724,2,2,1,29,-2,-2,-2,-2,-2,-2,10319,896,-111,-532,-2135,879,512,1509,162,2323,1804,2461,0
234258,2,2,1,31,-1,-1,-1,-1,-1,-1,1071,-574,-848,-1767,-877,-638,-878,1090,507,722,-1,265,0
48534,1,2,3,45,0,0,0,0,0,0,2196,3782,12864,5610,8292,19297,68,2099,1241,534,5684,-250,0
21676,1,1,2,37,1,3,3,0,0,0,-484,16898,976,19565,14204,21432,-391,239,980,803,4836,377,0
54060,2,2,3,24,1,2,0,0,0,0,38437,49770,43959,19645,-881,16218,1201,-294,-566,132,4594,70,0
78096,1,2,1,56,2,2,2,0,0,0,41239,36599,42435,61178,43484,54864,1335,1066,245,1529,235,1827,1
22189,2,2,1,48,0,0,0,0,0,0,23592,64277,10258,18135,-139,487,3036,4393,1617,215,-148,-374,0
92929,2,3,1,39,-2,-2,-2,-2,-2,-2,45308,41640,35010,35513,-1713,-341,6662,2765,619,1701,165,-54,0
159527,1,6,1,32,0,0,0,0,0,-1,56175,184789,16706,86639,58605,67306,9455,9363,1559,454,378,545,0
231267,2,2,1,34,0,0,0,0,0,0,124268,158491,96810,86672,64589,53522,10773,6044,3474,1913,5731,8147,0
54519,2,3,3,53,0,0,0,0,0,0,3129,51068,2823,13106,14102,15425,590,1880,898,-21,1916,-288,0
440073,1,2,1,30,0,0,0,0,0,0,352348,259180,465021,343269,478048,539571,7556,11593,26111,6788,5343,1496,0
227827,2,1,2,28,0,0,0,-1,0,0,186137,48596,89400,27024,45547,60699,24040,11636,18462,5955,26333,12730,0
224751,2,2,2,28,0,0,2,0,0,0,14133,23749,9594,7986,15821,7331,4110,21958,14533,7663,1857,1141,0
106328,1,2,2,25,-1,-2,-2,3,-2,-1,-1550,-1061,1511,2289,-389,1716,-1027,1836,443,170,328,131,0
92860,2,3,2,64,2,2,2,2,2,2,54816,103081,115388,69800,75801,96547,849,6548,621,1233,1629,650,1
180588,2,1,2,24,-2,-2,-2,-2,-2,-2,23936,77290,3282,120,1608,2139,1330,2038,-515,-678,412,621,0
192805,2,2,1,29,1,2,2,0,0,2,6315,79196,44651,26549,25955,49597,2525,7940,12095,1247,93,4015,1
84893,2,1,2,32,-2,-2,-2,-2,-2,-2,22383,40703,32349,25086,-821,1169,2130,1805,-895,1739,4259,155,0
204023,2,2,1,27,0,0,0,0,0,2,18442,165854,40250,50963,23953,46885,4127,1849,3604,1242,-83,5497,0
154805,2,2,2,29,1,2,0,0,0,0,48854,104491,97686,50552,52867,93588,2576,5634,1957,1376,4631,300,0
8835,1,2,1,58,1,2,2,0,0,0,6437,1949,20162,19369,11441,19324,867,1622,1350,353,1950,371,1
496567,2,2,2,44,0,0,0,0,0,0,86577,49839,55357,22912,27223,52236,6564,403,7564,41346,3320,546,0
34812,1,2,2,27,2,-2,-2,-2,-2,-2,22679,-1067,-944,-124,-941,398,550,-32,-1411,-520,-79,-68,1
478065,1,1,2,29,0,0,0,0,0,0,52156,47641,63355,38998,45205,58721,21427,1528,20411,9059,3804,10642,0
257574,1,2,2,47,0,0,0,0,0,0,151384,142087,145910,180827,161989,179794,8077,9879,11891,5927,7801,2278,1
228480,2,2,2,35,2,2,2,3,-1,-1,-319,606,-182,2150,1489,1749,261,506,-198,449,515,85,1
77474,1,2,1,23,0,0,0,0,0,0,34211,25114,23904,13542,8215,18370,6116,2095,761,5621,290,27,0
266167,2,2,1,36,-2,-2,-2,-2,-2,-2,2211,895,2395,11642,-1285,633,594,1831,-454,4403,20140,657,0
164268,2,1,2,27,0,0,0,0,0,0,39518,62349,39875,40800,44285,52019,6414,2265,838,963,4573,1428,0
238201,1,5,1,40,0,0,0,0,0,0,148921,70811,106551,63944,88839,80400,1347,38485,6702,7162,489,7036,0
381464,2,1,1,44,0,0,0,0,0,0,102612,113859,94253,334235,47482,26817,8220,14665,3957,11766,1163,-251,1
264224,2,4,2,29,-2,-2,-2,-2,-2,-2,-48,2524,3632,1205,287,1778,-263,1360,-793,-109,1880,-42,0
95750,1,2,2,34,-1,-1,-1,-1,0,-1,2019,904,2185,1491,-51,363,1380,897,375,-21,1148,374,0
251146,2,2,2,31,-2,-2,-2,-2,-2,-2,-586,-1118,-348,924,-199,-632,-573,381,-832,2627,1193,203,1
49857,1,2,3,38,-1,2,0,0,0,0,-701,-968,1293,16823,843,-159,59,909,617,-303,350,478,1
18527,1,5,1,24,0,0,0,0,0,0,12814,19173,24702,15073,4328,17057,1178,2515,-26,-416,3037,-431,0
19925,2,3,1,40,1,0,-2,-2,-1,-1,4286,11557,11433,2398,838,43,209,2197,1199,93,1164,2320,0
17143,1,2,2,24,0,0,0,2,0,0,36396,44703,33407,23556,46065,51543,1851,5516,974,2121,925,695,1
175219,1,4,2,31,-1,-1,-1,-1,-1,-1,10810,-998,1927,-418,1167,1812,1584,1883,-881,221,1,194217,0
28051,1,3,3,49,2,0,2,2,2,2,7866,20968,5780,28092,11487,10408,1446,2126,1803,572,1555,-40,0
73557,2,1,2,34,0,0,0,0,0,0,6017,4169,51736,10153,22231,53924,2243,1882,922,552,5032,-636,0
169857,1,5,1,42,2,-1,-1,-2,-2,-2,1419,7014,15694,566,1478,1402,3003,593,-334,2688,1976,2600,1
259422,2,2,1,33,0,0,0,0,0,0,222771,438449,398787,317211,329461,228404,8730,15159,24410,7612,11868,1538,0
189427,1,3,1,33,0,0,-2,-2,0,0,48689,39633,63577,47344,40858,48817,1186,24028,505,7202,1314,459,0
51609,2,1,1,32,0,0,0,0,0,0,44322,49175,44862,20068,7459,522,88,1235,444,233,1270,302,1
52769,2,2,1,29,-1,2,2,-1,-1,-1,5918,6557,-327,10381,-466,19329,7251,427,4473,3669,21741,1822,0
83690,2,1,2,32,0,0,-1,0,0,0,16930,24358,21608,13238,14980,12979,842,1554,2716,5743,1304,1666,0
132090,1,2,1,39,0,0,0,0,0,0,34523,129154,54583,44138,54097,44448,5940,2855,3154,192,3995,4185,0
134601,2,2,1,28,0,0,0,0,0,0,68378,41349,74529,1980,27665,2268,3105,4765,807,81,1694,535,0
22082,2,2,1,23,0,0,0,0,0,0,41236,396,1081,-1494,6703,11736,8618,1895,1013,233,710,710,1
262726,2,2,1,41,-2,-2,-2,-2,-2,-2,2661,-2096,-2136,889,-2577,49,-1158,177,-907,-605,19,207,0
178739,1,2,2,35,2,0,0,0,0,0,163164,148783,204845,194339,207083,3748,7525,10169,268,545,-151,820,1
394683,1,1,2,29,-1,-1,-1,-1,-1,-1,14184,6287,15121,18796,10841,9591,9040,26275,358,9660,4039,12965,0
218427,2,2,1,47,-1,-1,-1,-1,-1,-2,14691,-482,-983,504,-864,-371,6189,131,-753,2581,186,-15,0
95644,2,2,2,46,-1,-1,-1,-1,-1,-1,102,64420,55361,13858,-197,2377,2442,1812,174,1828,525,896,0
224305,1,3,1,33,1,2,2,0,0,0,30392,68886,71629,166947,158879,65471,2004,7602,1362,7929,549,6771,1
380800,1,3,3,38,1,-2,-2,-2,-2,-2,4737,2099,1555,-216,562,287,84,625,-192,-145,1445,471,1
228134,1,1,2,29,-1,-1,-1,0,0,0,1613,-328,20857,9644,17390,37680,2115,382,180,218,4448,2257,0
211867,2,2,2,22,0,0,0,0,0,0,71731,2171,44390,26247,19897,45823,4603,1302,-34,5,1669,-170,0
253611,1,2,1,33,0,0,0,0,0,0,244521,312579,174619,211544,113466,137988,11111,12494,6614,7660,3285,452,0
264300,2,4,2,25,0,0,0,0,0,0,219058,289325,218350,296870,367820,260979,11546,17212,13233,6480,1797,4928,0
192060,2,3,2,34,2,-2,0,0,-2,0,28533,49139,38795,23828,13182,869,8688,6777,449,372,1371,1785,1
241278,1,1,1,39,0,0,0,0,0,0,128550,205668,65455,110312,227414,228460,4690,7924,2784,1999,2435,55,0
23411,1,1,2,26,1,0,0,0,0,0,7863,9271,1202,12141,18934,1866,1002,561,357,-180,491,-707,0
498327,1,1,2,32,0,0,0,0,0,0,59763,62794,57204,40972,59144,36979,24875,6506,12399,31502,6985,13986,0
295517,1,2,2,27,-1,-1,-1,-1,0,0,12305,7899,15656,10604,8768,45,613,2570,996,4947,3581,15721,1
103231,1,2,2,27,0,-1,0,0,0,-1,44653,46190,85976,10119,20087,19826,4698,8762,2191,7761,4341,6141,0
221338,1,2,3,34,-1,-1,-1,0,0,0,1064,621,883,1876,1156,8969,-325,528,302,360,2225,590,1
49087,1,2,2,23,0,0,0,0,0,0,11214,15060,8829,7581,6971,4562,1851,4107,1082,303,-85,1387,0
209937,2,2,1,48,1,-1,2,-1,-2,-1,2043,-535,920,546,1483,1250,-55,93,-221,268,-7,283,1
526200,2,4,1,31,-2,-2,-2,-2,-2,-2,1632,893,2421,-284,474,2234,2443,-105,926,13,303,4692,1
289725,1,6,2,34,0,0,0,-1,0,0,8460,-276,9470,2638,-576,2179,7567,1126,1385,904,1231,160,0
145286,2,3,2,24,0,0,0,0,0,0,49045,55638,39380,30697,47508,16250,3183,3430,621,2987,1824,2392,0
30101,1,3,3,40,0,0,0,0,0,0,17320,9279,7296,27985,9076,26033,1364,919,651,476,1231,115,1
299999,2,1,1,34,-2,-2,-2,-2,-2,-2,-709,-248,2566,275,-1936,716,271,23,-375,155,169,3162,0
349972,2,1,2,44,-1,2,0,-1,0,-1,67468,101858,69546,120726,146832,456,407,867,1255,1053,1565,4928,1
20501,2,2,1,28,0,0,0,0,0,0,19603,27460,5710,13678,14382,6295,4994,2260,875,4638,1089,-109,0
148224,2,2,2,25,0,0,0,2,0,0,23793,79078,9009,10655,18882,20435,7405,4397,1474,3146,4913,246,0
88299,2,2,2,35,0,0,0,0,0,0,33577,56916,55990,44881,33880,42203,4132,1985,278,1361,2763,1976,0
28155,1,2,1,25,2,3,2,0,0,3,16773,26693,2449,3894,3184,3031,442,2020,-976,-263,131,-494,1
152831,2,5,1,30,0,0,0,0,0,0,160347,95708,84680,46680,32781,59999,4911,6028,1096,3810,1192,2162,0
196721,1,1,2,33,0,0,0,0,0,0,91343,170790,79651,69898,116842,94365,4812,1202,3604,1671,1914,5848,0
234022,1,2,2,32,0,0,0,0,0,0,170461,168513,228562,123746,148100,205203,4542,12072,3902,5613,1880,726,1
159285,1,2,2,30,-2,-2,-2,-2,-2,-2,12050,10000,1570,1252,-1069,2745,943,1856,2517,3354,1864,8936,0
190856,2,2,1,37,-1,-1,-1,-1,-1,-1,-1687,-2250,290,267,12782,2006,6679,120185,8985,8577,1870,1427,0
224642,2,2,1,32,2,-2,-2,-2,-2,-2,1639,860,37,419,-1070,333,2052,774,255,-875,-45,-184,1
439359,1,2,2,35,0,0,0,0,0,0,262780,261797,277197,314800,165344,267777,9549,13610,14008,23710,3866,1377,0
86204,1,1,2,28,-1,-1,-1,-1,-1,-1,-1226,2553,1019,7121,-74,14824,-674,1344,1071,1562,1513,2481,0
237105,2,1,2,36,0,0,0,0,0,0,216657,321535,264749,131230,227925,39244,8863,1739,1392,5135,9281,3800,0
50679,1,5,2,26,0,0,0,0,0,0,73764,137198,59738,564,14631,5274,4384,2167,1726,48,844,-235,0
17890,1,2,2,39,2,3,2,2,2,2,453,12535,4874,6993,4640,6389,1040,742,-883,398,2036,-458,1
56332,1,1,2,22,0,0,0,0,0,0,44580,42975,26491,142,1140,2345,2582,1731,555,-15,-145,364,0
227990,1,2,1,32,-1,-1,-1,-1,-1,-1,2651,3067,1333,2765,2891,2843,-832,1281,-41,151,1880,2362,1
398273,2,2,1,42,1,0,0,0,0,0,68438,61915,75636,34639,36766,41496,409,1891,5209,1337,1568,521,0
524957,2,6,2,31,0,0,0,0,0,0,67468,191984,93682,62838,47335,43754,3405,6407,53044,8636,2909,7893,0
224010,2,1,2,28,-1,-1,-1,-1,-1,-1,-1455,-138,687,-703,12250,3722,674,8417,72860,1267,3462,2180,1
24948,1,1,2,22,0,0,0,0,0,0,13838,12469,9641,7170,11624,-1039,4165,4122,947,1636,32,1606,0
14125,1,2,2,24,0,0,0,0,-1,0,28147,134167,19332,790,377,-598,4956,972,664,2169,-15,-144,0
449189,2,3,1,32,-2,-2,-2,-2,-2,-2,1348,10784,13796,6166,243,7237,11197,1455,-432,3347,1813,273,0
253674,2,2,1,37,0,0,0,0,0,0,148786,232663,72269,116562,147253,56089,10095,3917,4953,2796,702,101,0
382961,1,1,2,28,-2,-2,-2,-2,-2,-2,975,3815,1705,2757,-455,2179,646,2071,310,405,1619,2856,0
56170,1,6,1,39,0,0,0,0,0,0,38130,57439,51503,30183,30063,55707,4874,2402,1348,1648,1238,691,0
488132,2,2,1,53,-1,-1,-1,-1,0,0,22030,22830,23984,24180,18950,22233,8460,23600,927,6271,911,11395,0
216864,2,1,1,34,0,0,0,0,0,0,321582,465773,416427,478739,156043,237073,5516,22185,32678,31748,19894,2194,0
482430,2,1,1,33,0,0,0,0,0,0,2454,8207,-1078,16046,4195,-1011,4506,72935,1057,6274,5226,15814,0
509157,2,2,1,31,-2,-1,-2,-1,-1,-1,11180,20652,27301,23379,13514,20693,16046,22501,796,47953,25034,13507,0
96025,2,2,1,40,-1,-2,-2,-2,-2,-2,2915,2457,95,-1673,968,84,1319,1016,710,228,269,516,1
147497,1,3,2,31,-1,-2,-2,-2,-2,-1,1975,-1049,1426,819,1346,1064,653,819,-384,205,93,1983,1
137199,2,2,1,45,0,0,0,0,0,0,68224,52650,58356,39251,15772,15501,917,1357,1184,2670,2500,-106,0
51169,2,1,2,26,-2,-2,-2,-2,-2,-2,-1345,7442,815,-2543,-2246,28,627,1468,-1169,721,-43,-329,1
142394,2,2,2,28,1,-1,-1,-1,-1,-1,409,1460,11,-875,-450,854,61,715,-342,237,2109,50,0
224474,2,1,1,36,1,2,0,0,0,0,101904,147662,69128,136441,122919,83972,5782,83615,7207,4010,754,5091,0
287807,1,4,1,46,-1,-1,-2,-2,-2,-2,867,-1547,3160,1011,1701,3229,1625,971,-1229,33,247,667,0
49416,1,2,2,54,-2,-2,2,0,-1,-2,14021,-676,1201,629,-301,13123,590,2174,4991,21518,4861,305,0
219054,2,2,2,52,1,-2,-2,-2,0,-2,795,120,496,523,-422,-249,-1219,1994,280,26,275,462,0
345554,2,1,1,32,-1,-1,-1,-1,0,-1,8503,6237,13600,10788,5709,-742,819,5544,33,12577,5707,11761,1
282296,2,1,1,37,0,0,0,0,0,0,80681,141222,136968,141031,129047,164375,9395,10893,3091,740,2944,200,0
237567,2,3,2,28,-1,2,-1,0,0,0,264,13046,85323,58445,30209,16273,3327,1629,2755,32613,3703,4151,0
34680,2,1,2,30,0,0,2,2,2,2,-227,4580,34320,21883,33155,24336,3891,4478,919,4053,573,3857,0
204304,2,2,1,49,1,-1,-1,-1,-1,-1,-1598,-179,2118,152,-70,289,-76,2601,1883,-180,149,1580,0
13815,2,2,2,22,0,0,0,2,0,0,16874,17586,12546,-4539,11667,1280,6345,2404,18814,1512,1158,-174,0
79328,2,3,2,28,0,0,0,0,0,0,30414,40948,62401,26402,24288,50048,1400,1693,825,980,-101,3152,0
177218,1,2,1,35,0,0,0,0,0,0,140174,167512,201330,83976,135116,104379,6491,2679,3471,7280,4737,3910,0
26464,1,2,2,24,3,3,2,2,2,2,10822,15891,774,419,-444,1708,-98,-19,0,-126,475,-356,1
21811,2,2,2,28,0,0,0,2,0,-1,14613,11797,3405,12722,180,254,8156,1169,533,1938,163,25,0
249768,1,2,1,29,1,3,2,3,3,4,12948,26694,1697,1429,1858,2434,-21,-672,413,53,608,-140,1
51600,1,3,1,24,0,0,0,0,0,0,19406,17637,18416,4080,8296,-203,2318,2247,1116,219,146,19,0
93051,2,2,2,32,1,-1,-2,-1,-1,-1,5976,-1180,-1250,766,217,-220,4828,476,26,583,89,1498,1
121442,2,2,2,23,0,0,0,0,0,0,121955,171948,65297,34209,36396,12017,6994,1563,1544,1329,1516,401,0
87247,2,2,1,24,0,0,0,2,0,2,41673,118022,44652,11881,118161,61871,5667,1710,1413,1861,1148,976,1
236258,1,3,1,40,0,0,0,0,0,0,74602,134191,168209,164137,139992,91237,4388,9605,4953,3741,1190,6341,0
19693,2,2,3,27,3,2,0,0,0,0,2101,704,-403,7393,6594,11159,-957,1785,2339,307,410,263,1
196714,1,5,1,40,0,0,0,0,0,0,95053,177254,159432,98922,105765,84375,3247,9912,1429,-98,1505,-99,0
25024,1,2,2,26,2,2,2,0,0,0,128,1073,761,5879,7122,32689,156,438,380,100,40,244,1
27958,2,2,3,38,3,2,2,2,2,2,11138,29659,39983,41085,59442,24179,3069,2923,55,1582,2752,1041,1
187242,1,1,2,31,-2,-2,-2,-2,-2,-2,-170,131,253,2471,585,1284,131,1405,-664,-11,1485,591,0
250821,1,3,0,48,-1,-2,-2,-2,-2,-2,-117,-3232,-655,1276,-900,-876,-1402,1108,-1474,-526,-10,91,1
98007,2,1,2,28,0,0,0,0,0,0,37631,75963,48569,51444,39097,58426,8114,3168,3785,2481,1599,2343,0
139098,1,1,2,23,0,0,0,0,0,0,44764,55829,21787,53849,51949,39827,6579,2103,1025,1913,1299,1714,0
230412,1,2,1,39,-2,-2,-1,-2,-2,-2,608,-2244,1005,-753,-534,72,-854,569,-493,435,551,400,0
504778,2,1,1,33,0,0,0,0,0,2,19682,48659,25290,43594,37498,37354,20740,20344,25558,3672,8420,4765,0
222710,1,1,2,40,1,2,3,0,0,0,57760,38571,71719,54192,200859,76486,12703,25253,8032,7721,4545,3155,0
26911,2,2,0,49,2,3,2,2,2,2,14629,55010,37262,51812,32746,37171,-19,2210,1314,3373,1977,1891,0
245750,2,6,1,51,0,0,0,0,0,0,101834,150641,121620,87976,112139,156406,11950,8076,5082,2590,4011,2138,0
400422,1,2,2,46,1,-1,-1,0,0,0,8174,219,4070,8507,30755,39974,3331,1405,8778,8284,2709,1865,0
23317,2,5,1,23,-1,-1,-1,-1,-1,0,2266,591,15056,12081,830,-1580,1511,2296,-124,-536,176,399,0
25913,1,2,2,40,0,-1,2,-1,-1,2,1185,3703,16424,7354,17039,4413,11957,17756,5394,9680,1866,3110,1
144450,2,2,3,35,0,0,0,0,0,0,81057,130516,151899,57166,80768,77366,-374,1528,1046,7496,1870,2058,0
121940,1,3,2,38,0,0,0,0,2,0,41808,131677,66998,112359,65705,99676,2520,121547,1400,3568,1353,1019,0
229517,2,2,2,29,0,0,0,0,0,0,99263,177992,125487,61707,150467,118771,12214,7810,10959,1993,519,1110,0
184264,2,0,1,34,-1,-2,-1,-2,-1,-1,175,1297,3132,1579,1799,941,2099,1984,466,839,2596,113,0
90676,2,1,2,31,0,0,0,0,0,0,60984,145367,52405,73823,25239,91116,10347,4511,1236,4454,3827,6261,0
49883,2,2,1,25,0,0,0,0,0,0,38951,57394,84250,52217,45163,40484,2743,2362,1797,1334,1412,233,0
157359,1,1,2,23,0,0,0,0,0,0,85078,177318,47610,36205,56205,65910,6467,2024,743,1891,648,907,0
192501,1,2,1,32,1,-2,-2,-2,-1,-2,1207,149,1610,202,-220,2039,-1151,136,-750,-166,433,521,1
79548,1,1,1,33,1,2,2,5,4,4,986,-3183,-1939,1217,-2218,87,-783,-981,-1053,102,367,409,1
505054,2,2,1,50,0,0,0,0,0,0,27542,97724,26030,11111,14307,39363,4302,10989,3295,4708,3853,1185,1
19535,2,1,2,27,1,2,-2,0,0,0,6476,929,1632,8630,416,27005,531,2058,506,1612,1124,-138,1
214567,2,1,2,28,-1,-1,-1,-1,-1,-1,-930,-2120,183,-779,182,1017,-220,1719,4517,7303,4784,1414,0
24703,2,1,2,28,2,2,0,0,0,0,13470,14232,15380,8278,12571,11865,714,323,1183,231,1123,153,1
375467,1,2,1,44,-1,-1,-1,0,-1,0,15012,-365,-1253,-283,-1332,-860,6224,250,768,5302,50,407,1
22168,1,2,2,51,1,2,2,0,0,0,-881,19622,6452,1752,24714,54590,546,624,1412,8181,1258,1558,1
222410,1,2,1,38,1,2,0,2,2,2,46793,114203,59797,130506,90492,95717,1294,2214,1193,6289,1832,1256,0
68521,1,2,1,61,0,0,2,0,2,0,20699,44216,49189,22392,69775,59974,5595,760,1425,6838,2199,524,0
89240,1,2,1,24,1,0,0,0,0,0,29126,71974,38025,31435,49014,22673,4803,2067,3743,3850,329,507,0
30543,1,1,1,23,0,0,0,0,0,0,27312,42090,45104,40770,10782,55397,1269,2129,-479,30,571,-105,1
226147,2,3,0,36,1,-1,-1,2,-1,-1,9305,-1304,846,493,653,2321,-331,-289,-161,94,1899,563,0
120871,2,1,2,28,-2,-1,-1,-1,-2,-2,87235,14744,6696,1554,-181,-333,323,1135,419,-40,188,1568,0
236507,2,3,0,45,1,2,0,0,0,0,173433,201059,160426,182246,172577,147115,3596,11173,101970,5073,9856,4007,0
116687,1,2,1,40,2,2,0,0,0,0,78643,213805,138823,98118,96414,62875,34,1000,3169,2597,1301,1466,1
118028,1,2,1,59,0,0,0,0,0,0,81133,156220,101258,25711,46954,84415,5958,1585,4112,1069,558,1892,1
244384,2,3,2,45,0,0,0,0,0,0,364023,270922,158013,120815,116412,210131,8528,6868,9191,10239,2545,3664,0
15492,1,2,2,26,1,0,2,3,2,2,7856,9005,12877,40283,68501,18459,2355,1360,154,3331,208,4984,0
418864,2,1,1,24,0,0,0,0,0,2,74639,197147,61016,113828,38211,71003,3315,3538,3349,3001,1238,6478,0
443101,1,1,1,30,-1,0,0,0,0,0,271256,23080,68314,223671,43069,41158,3427,7787,7418,34146,2030,46541,0
386614,1,2,2,43,-1,2,0,0,0,0,18178,-562,-627,13128,8755,14398,-573,1217,1322,950,11533,1686,1
24205,1,2,1,24,2,0,0,0,0,0,8067,-1148,-1424,9298,8801,-1010,-284,1237,4083,595,901,690,1
50755,1,2,1,37,1,2,0,0,0,0,1033,33178,52345,40070,31675,50138,330,2279,4990,-352,2175,648,0
26894,1,2,2,32,0,0,0,0,0,0,11390,33013,56880,5746,20245,20153,7358,2761,1176,387,109,-200,1
277971,1,1,2,31,0,0,0,-1,-1,-1,53825,141207,170531,107086,114631,14278,1996,91603,1206,3186,44607,276,0
56231,2,2,2,23,0,0,0,0,0,0,15078,22285,8659,7138,6584,1432,1765,2642,-579,132,2216,-228,1
201580,2,2,1,35,-2,-2,-2,-2,-2,-2,7575,366,538,-562,-165,1136,713,-376,-995,142,269,889,1
311825,2,2,2,36,0,0,0,0,0,0,83137,250720,275999,38692,39928,51432,1040,10635,19478,29706,12994,15782,0
482395,2,2,1,37,0,0,0,0,0,0,237245,408415,187309,184963,173838,78868,13335,-49,4257,958,421,4208,0
421977,2,1,2,29,-1,0,0,0,0,0,80439,26669,47050,31990,48267,35019,5011,3385,2314,7604,2680,3709,0
59459,1,2,1,36,-1,2,-1,0,0,-1,4945,1879,772,4230,2753,1315,-1459,1489,504,1054,103,911,1
92508,2,3,1,45,0,0,0,2,2,2,23934,55400,38950,47244,53788,68994,7135,3966,1057,3651,1017,1316,0
469097,1,3,1,50,-1,-1,-1,-1,0,0,3642,13216,981,8773,6193,5300,890,2313,941,9453,4635,-284,0
519391,2,2,1,46,-1,0,0,0,0,0,83458,12648,19471,30381,7144,8169,21692,1722,3572,-26,79013,15753,0
235240,2,1,1,32,0,0,0,0,0,0,67595,113770,179687,133689,130366,151382,9663,5487,1418,6653,23767,4692,0
26010,1,1,2,34,-1,-1,0,0,0,0,18970,13051,11069,11402,22241,18802,1535,125,2206,512,1507,974,1
170286,1,2,1,44,0,0,0,0,0,0,236720,187302,177119,122697,200255,187011,11104,10099,4035,7768,3779,2703,0
216609,2,3,2,32,2,2,2,2,2,2,6332,12018,11764,24996,36197,37567,7291,24603,2666,2074,5322,485,1
202620,1,1,2,35,0,0,-1,-1,-1,0,12214,13153,16370,29817,33115,33583,7863,3998,749,5966,58576,1505,0
198808,2,2,1,32,0,0,0,0,0,0,108608,156960,189220,96802,126566,74510,9361,12605,3487,4411,4757,266,0
147978,1,2,1,30,0,0,0,0,0,0,68709,104807,65653,153212,92673,53601,11346,2332,2638,5711,1901,2732,0
29694,2,3,1,50,0,0,0,0,0,0,41039,24172,70641,11229,4016,7829,5394,1037,-850,296,1771,266,0
18467,2,2,1,23,0,0,0,0,0,0,24727,49180,11559,-334,-27,13703,1665,2353,435,462,161,-143,0
95583,2,1,1,25,-1,-1,2,0,-1,-1,-1211,1779,384,668,2783,450,453,401,-572,84,1378,2719,0
149436,2,2,1,26,0,0,0,0,0,0,44059,40110,72100,93108,37560,41870,2090,1985,3738,116,2432,733,0
448891,1,1,2,30,-2,-2,-2,-2,-2,-2,10554,2555,-112,-1000,-3416,-225,2355,2570,-589,178,70,22,0
54061,2,1,1,30,0,0,0,0,0,0,20133,60189,16218,9650,8569,8403,2347,5610,995,664,293,214,0
75956,2,2,2,30,1,2,0,0,0,0,66165,187747,63520,27010,20949,24273,852,8746,511,1434,944,797,1
47940,2,2,2,52,0,0,0,0,0,0,45142,44789,64392,15373,19612,13651,3040,3915,895,2036,1042,-58,0
285766,2,2,3,39,0,0,0,0,0,0,137787,139553,222441,92193,146906,91732,6816,5953,1615,7775,402,7868,0
220502,2,1,1,42,2,0,0,0,0,0,47798,57030,68831,14953,41396,83656,9564,1292,6325,2358,3995,-27,0
47285,2,1,2,25,0,0,0,0,0,0,43695,18654,20987,12651,10873,-56,1641,1850,857,245,48,315,0
128693,1,2,1,29,0,0,0,0,0,-1,68941,112166,114978,65359,51794,43900,13682,5025,874,418,1186,5027,0
223029,2,1,1,31,-2,-2,-2,-2,-2,-2,17703,35050,15552,4713,-2627,239,1652,1237,19887,5988,1015,657,0
78267,2,2,1,40,2,2,2,0,2,2,12956,19765,18398,51506,40438,38262,807,1775,-13,1725,990,2273,1
186782,1,2,1,36,0,0,0,0,0,2,215908,154997,86865,115637,158929,111392,4757,17244,2905,5415,3280,1256,0
397202,1,2,1,43,0,0,0,0,0,0,101487,188914,188667,88803,77244,92608,9318,13011,1847,7872,2500,3485,1
301380,2,4,2,34,0,0,0,0,0,0,236919,113853,200995,90028,112364,205671,7830,84766,10510,6950,15955,3492,0
210079,2,1,2,23,1,0,0,0,-1,0,43381,87642,77834,26631,32506,37034,2000,1433,2187,4923,1935,4252,0
178078,2,2,1,29,0,0,0,0,0,0,70369,134979,58802,181056,14898,37163,12678,1606,1523,-14,1005,40,0
19458,2,3,1,58,0,0,0,0,0,0,15578,2506,9243,10422,14448,16726,1472,389,167,154,7,583,1
362095,1,6,1,35,0,0,0,0,0,0,230795,413740,248175,423232,306311,98289,11405,10347,2697,10984,9871,3968,0
487849,1,2,1,44,0,0,0,0,0,0,91502,75151,58671,4087,1203,14977,4412,2695,8695,3723,-137,97,0
162166,2,2,2,25,-1,-1,-1,-1,-1,-1,8821,-30,978,-495,9533,-860,476,83254,-680,865,3029,726,0
336421,2,2,1,50,0,0,0,0,0,0,9618,21634,14694,14261,7766,18890,3337,1531,482,5801,2076,4237,0
136535,2,2,1,37,0,0,0,0,0,2,8415,95215,24018,37370,41420,34317,2041,6038,1652,797,849,2014,1
174528,2,2,1,40,-2,-2,-2,-2,-2,-2,17877,20775,1652,473,1018,978,1746,1191,-172,462,1352,180,0
55400,2,2,2,22,0,0,0,0,0,0,37464,25322,45694,13655,12749,22262,3992,2274,1397,1647,3914,1490,0
248176,2,2,1,34,0,0,0,0,0,0,83749,118227,122926,71644,106679,64150,12195,8480,3212,6219,4969,2947,0
154431,1,1,1,42,0,0,0,0,-1,0,86780,117585,79986,27896,37636,88494,118270,3024,962,8202,50264,426,0
158354,1,3,1,40,0,-1,-1,-1,0,-1,15518,11051,19572,3155,14959,45066,1293,3042,1599,44300,30574,11153,0
218863,1,1,1,45,0,0,0,0,0,0,90750,119488,83211,99724,50950,194083,542,14961,489,6676,1463,2656,0
199998,1,1,2,26,0,0,0,0,-2,-2,62981,62252,15011,8162,32813,197,5965,14535,542,12524,1977,19144,0
286035,2,1,2,23,0,0,0,0,0,0,3182,11209,-240,1197,15912,200,635,661,1704,1272,1346,17956,0
98019,2,2,1,33,1,2,2,0,0,0,60419,19216,49208,18184,32823,40737,868,1924,612,4476,4307,924,0
278179,1,1,1,39,-1,-1,-1,-1,-1,-1,2216,1669,333,10,1103,446,2166,1329,4330,2889,1830,3561,0
185799,1,1,1,52,-1,-1,-1,-1,0,-1,772,17458,42,9622,-1282,-604,632,4253,1010,631,932,289,0
395736,1,1,1,42,-1,-1,0,0,0,0,290767,235745,251131,86410,338091,205346,8145,84946,20712,41845,2401,17742,0
21084,2,3,1,35,2,2,2,2,2,0,35556,12213,32465,14831,42521,39853,2211,441,1355,563,400,1692,0
259153,2,2,1,37,0,0,0,0,0,0,155494,146305,99750,102865,120965,214629,11905,11516,3765,4621,1825,311,0
206779,1,2,2,31,0,0,0,0,0,0,129305,29519,28888,7553,18713,15126,4992,4563,797,4841,2218,5553,0
436186,1,2,1,32,-1,-1,-1,-1,-1,-1,11738,-128,410,1481,620,1235,2021,19001,90983,8984,2708,159109,1
79170,1,1,3,48,-1,-2,-2,-2,-2,-1,15154,8635,6852,-355,-675,-517,14762,1019,-283,1967,393,3085,0
139692,2,2,2,37,0,0,0,0,0,0,110603,149241,84215,115110,76711,78401,7681,4797,850,7832,799,2252,0
24958,1,2,2,24,2,0,2,2,0,0,-655,1422,13176,-1229,15231,9814,1223,364,1078,129,1089,232,1
223936,2,1,1,47,0,0,0,0,0,0,68077,65064,92517,17143,36757,81299,3323,3811,3951,3059,180,5234,0
98770,2,1,2,28,-1,-1,-1,-1,-1,-1,511,1609,1046,4317,549,471,-299,1682,2610,803,480,1277,0
318438,2,0,1,42,-1,-1,-2,-2,-1,-1,13251,8284,858,163,1847,470,1707,1084,1460,25254,25049,11533,0
76369,2,2,1,47,1,2,2,2,3,2,-1580,88253,43390,44038,33202,53994,364,2000,-13,5708,2521,583,0
89511,1,2,2,46,2,0,0,0,0,0,40457,40266,45711,51857,40567,58962,3383,2717,112,1927,4726,3094,0
452297,1,2,2,29,0,0,0,0,0,0,412337,414057,347378,369106,341548,207508,14721,11110,122086,3173,7354,29,0
253213,1,2,1,33,1,-1,-1,-1,-1,-1,13857,6865,9847,7769,11779,11736,20849,5176,23729,8241,4973,14075,0
483759,2,1,2,28,-2,-2,-2,-2,-2,-2,7932,9541,-54,13138,-2812,-3620,12024,2282,-49,-823,60,307,0
28872,2,3,1,36,2,2,2,2,3,4,3527,6177,-53,552,622,258,-479,684,-1076,-752,1883,143,1
402846,1,2,1,30,-1,-1,-1,-1,-1,-1,1057,-216,-632,960,-472,1129,-593,454,-109,495,1994,260,1
21628,2,6,2,25,1,3,0,2,2,2,9905,48377,28522,39507,18599,40673,2156,1021,2915,891,626,4927,0
47646,2,2,1,23,0,0,0,0,0,0,37437,50350,57314,11764,13374,21231,1936,4342,407,3072,1413,2195,0
90030,1,2,2,22,1,2,0,0,0,0,53057,171187,113982,32372,57143,42621,1163,4796,1325,-186,5811,1290,0
285967,1,2,1,32,0,0,0,0,0,0,120107,155078,89696,83482,59444,60165,9473,20315,1232,367,1407,11574,0
149983,1,1,2,24,0,0,0,0,0,0,106449,108941,85415,52132,49764,32583,10139,5330,699,8486,505,1154,0
474947,1,1,1,34,-1,-1,-1,-1,-1,-1,17430,8919,18413,2108,11541,3682,10016,11478,1262,16172,10928,168278,0
439082,1,1,2,26,0,0,0,0,0,0,54083,59806,54765,74257,55387,50598,4310,1043,14558,11714,877,19576,0
56280,2,2,3,33,1,0,0,0,0,0,-37,20,1267,15727,19548,-205,-940,1049,156,-517,6243,100,0
14030,1,2,1,32,1,2,2,2,-1,0,10998,8490,1105,14885,292,16169,-961,834,271,35,452,193,1
192410,2,2,2,28,0,0,0,0,0,0,13712,23756,84742,26459,28849,58300,5559,1406,301,102,321,4082,0
231698,1,2,2,23,-1,-1,-1,-1,-1,-1,1745,1105,-87,560,1764,-1168,4180,1173,285,4987,-123,-496,0
124948,2,2,2,22,0,0,0,0,0,0,93242,142686,222098,35756,24922,89141,5270,5049,3542,2939,3181,2818,0
219167,1,5,1,38,0,0,0,0,0,0,94760,57582,32754,84195,27198,13472,2031,3346,486,812,3498,3880,0
50802,1,2,2,31,0,0,0,0,0,0,46271,47387,50843,39272,11174,37108,5225,1094,10684,15844,882,8361,0
52703,1,1,1,27,-1,-1,-1,0,0,0,18205,109,737,13080,1623,281,649,1059,2572,1634,271,2098,1
79836,2,3,0,36,-2,-2,-2,-2,0,-1,1683,-330,1460,3850,8682,18992,849,11761,140,1277,2336,2082,0
88895,2,2,1,30,-2,-2,-2,-2,-2,-2,-2177,-1508,301,138,1736,2056,-332,-3,-710,3548,301,1411,1
31796,2,2,1,44,-1,0,2,2,-1,0,10779,24678,7018,7590,10093,8941,1135,5060,372,677,640,4890,1
134600,2,2,2,30,0,0,0,0,0,0,105368,101796,71529,87959,103124,83877,2539,4668,10626,5516,3555,1909,0
220085,2,1,2,27,1,-1,0,0,0,0,249501,185872,219342,13567,90386,88097,6049,3836,15277,29332,7511,5797,1
181424,1,2,2,37,-1,-1,-1,-1,-1,-1,-262,-1471,139,2447,505,1750,-1195,703,900,755,64,199,1
52914,2,2,2,37,1,-2,-2,0,0,0,56258,66079,39117,40166,33223,10127,2125,1793,888,118403,104,268,0
507700,2,1,1,33,0,0,0,0,0,0,64183,279218,38658,52884,91477,45059,17259,13249,9916,28688,5429,4191,0
238560,1,2,2,28,0,0,0,0,0,0,24292,76777,37133,25526,16492,23353,5916,1204,1702,804,384,3985,0
20029,1,2,1,38,1,2,2,2,0,0,14140,19042,11200,7100,8047,21026,845,2573,3433,3090,927,496,0
139478,2,1,2,26,0,0,0,0,0,0,55564,64638,50722,14631,46446,15599,5760,925,1101,42075,1796,529,0
76539,1,2,1,34,0,0,0,0,0,0,89983,83367,61883,5557,26563,44196,7529,3094,1733,1611,1202,410,0
152840,2,2,1,55,0,0,0,0,0,0,209654,149712,56267,89025,71970,147721,9051,2119,2565,5476,4765,-50,0
473348,1,1,2,30,-2,-2,-2,-2,-2,-2,8458,8896,16650,39343,17877,1915,13880,25383,28476,7628,86398,1491,0
93306,1,3,1,36,1,-1,-1,0,0,0,6571,-307,2190,9535,300,-474,-647,2224,1314,474,956,287,0
202295,2,1,1,28,1,0,0,0,0,0,84049,67207,131238,115226,117100,83539,8977,11777,77831,2971,733,4595,0
23750,2,3,3,53,-1,0,0,0,0,0,771,-591,602,10780,14963,14457,350,1492,1402,313,6673,614,0
114790,1,1,2,61,0,0,0,0,0,0,27649,4162,11408,4706,3847,15,2277,2130,1568,-26,2222,9967,0
379974,2,1,1,35,-2,-2,-2,-2,-2,-1,76811,5234,22392,16538,-224,1363,7075,18918,599,14237,269,14594,0
170411,2,2,1,38,0,0,0,0,0,0,136983,174375,114688,83451,35056,102535,8337,5010,2547,9502,2906,-320,0
261723,1,2,1,31,-2,-2,-2,-2,-2,-2,2604,-1126,2134,10127,972,786,569,2161,196,7056,53246,40161,0
55478,1,2,2,22,0,0,0,0,0,0,44668,76497,65681,23236,29640,39999,6989,1908,661,3719,3714,4966,0
43970,2,2,1,42,0,0,0,0,0,0,36189,37725,54751,38188,29269,46866,1682,2986,1009,1893,1574,-148,0
62225,2,3,1,40,0,0,-1,-2,0,-2,4704,2337,3775,16643,497,380,122,1371,757,-54,-168,43,0
286214,2,2,1,33,0,0,-2,-2,-2,-2,16322,61981,16676,19073,12034,21991,4926,3659,743,5719,4051,11368,0
53157,1,2,1,49,0,0,0,0,0,0,46929,51514,72943,11957,26019,15917,3001,1195,939,420,4746,404,0
219922,2,2,2,31,0,0,0,0,0,0,131333,111485,87911,103885,187709,41931,6594,12787,13175,3003,34247,2346,0
403363,1,3,0,49,-1,-1,-1,-2,-2,-2,4690,-1182,129,-556,-383,359,-1198,32,-377,-565,33,-184,0
18499,2,2,1,25,0,0,0,0,0,0,9515,15700,15249,14355,10583,11771,115,1575,-144,1619,1405,-165,0
483480,2,4,1,28,-1,-1,-1,-1,-1,-1,4713,16581,24440,12567,21556,1026,2168,1686,807,503,12337,2001,0
241484,1,5,1,48,0,0,0,0,0,0,140043,161085,104750,95382,112225,107707,12540,10897,2164,6625,1608,-6,0
18907,1,2,3,32,3,0,0,2,2,2,61266,51176,14874,11692,13486,2263,2205,1406,110,668,238,2105,1
260518,1,3,1,33,0,0,0,0,0,0,90281,90706,69014,131937,214833,182730,4473,13254,137960,6792,2464,924,0
87570,2,2,2,25,0,0,0,0,0,0,-449,44890,57067,6310,2266,49753,1905,1032,-373,6157,1219,1203,0
497087,2,1,1,33,-2,-2,-2,-2,-2,-2,1076,12774,23529,17891,10662,25053,18562,30586,17483,39346,13947,83617,0
29326,1,2,2,48,2,3,2,2,2,2,21972,24305,11540,31300,45549,56932,1056,1371,129,2484,1251,782,1
272696,2,1,2,38,-2,-2,-2,-2,-2,-2,18025,2555,2843,157,136,1084,16371,1659,655,69968,121,32777,1
52199,2,3,0,34,0,0,0,0,0,0,47018,51777,49731,17420,25969,51313,1745,3262,-25,3170,1663,1845,0
52942,1,3,1,53,0,0,0,0,0,2,37905,33921,52903,7584,-1327,10188,5500,5985,759,1958,1986,415,0
147950,2,2,0,23,3,2,2,3,2,2,156088,71328,4859,38427,59644,61636,7468,1411,1652,353,580,2960,0
256816,2,2,1,32,-1,-1,-1,-1,-1,-1,2713,-886,-986,-531,-810,-1237,734,2076,130,601,759,544,0
141917,2,2,2,33,0,0,0,0,0,0,51611,54193,138339,43784,4570,68706,2148,1986,1734,1287,-120,991,0
203069,2,2,1,37,-2,0,-2,-2,-1,-2,14884,50218,58199,40594,59717,55652,5589,22510,2060,37162,2979,1601,0
249998,1,6,1,41,-1,-1,-1,-1,-1,-1,70765,4427,14909,4030,6990,4473,10486,13737,127205,11696,1796,19235,1
93501,2,3,2,31,-1,-1,-2,-1,-2,-1,1300,-1735,985,1234,1357,-189,621,4013,307,2904,1835,1459,0
52418,2,2,2,23,1,2,0,0,0,0,-358,1787,27190,12802,15747,17660,-386,2043,1704,8073,2857,1634,0
222407,2,2,1,48,1,-2,-2,-2,-2,-2,2945,1016,745,1349,-446,-757,-181,659,1018,663,98,429,1
203729,1,2,2,30,-1,-1,0,-1,0,0,1378,2737,5773,10183,4839,2652,566,2797,686,6147,4284,7614,0
302687,2,3,1,45,-2,-2,-2,-2,-2,-2,-3103,3772,14079,-18,-1748,-319,680,500,273,7238,-156,249,1
22464,1,2,2,23,1,2,2,0,0,0,15934,15429,2055,2258,27288,23833,912,626,-87,-459,50,278,1
140092,1,1,2,30,-2,-2,-2,-2,-2,-2,5188,66366,15384,-410,1096,1492,4343,540,-367,219,1504,-159,1
185393,1,2,1,37,-1,-2,-2,-2,-2,-2,-197,479,2896,1531,-373,1027,-1469,72,-1023,-315,-15,48,1
196770,1,2,3,34,0,0,0,0,0,0,104115,95737,150367,75191,112518,76859,9720,5900,847,4441,4782,5733,0
53729,2,3,2,33,0,0,0,0,-2,0,37974,44297,42076,28109,13346,57727,2571,1728,570,4091,1801,13078,0
364124,1,1,1,43,1,0,2,2,2,2,717,19968,414589,14109,44412,238706,7132,12241,3992,7091,13746,3047,0
144555,2,4,3,33,-1,2,0,0,0,0,60271,9614,46208,-82,11033,17112,699,4437,1212,3466,2035,2801,0
499040,1,1,2,25,0,0,-1,-1,0,-1,15298,22963,22802,49735,54478,58528,54019,21992,23788,37654,37836,12655,0
50613,1,3,1,33,-1,-1,-1,0,0,0,-1053,5284,18745,7745,1105,9284,1882,5756,2387,947,2672,427,1
522135,2,4,1,33,0,0,0,0,0,0,326723,282381,428423,452320,260773,274159,32453,24520,20938,4196,24045,7195,0
149462,2,2,1,47,0,0,0,0,0,2,107363,176429,132274,118731,125463,86100,7793,6974,1766,4045,2213,-55,0
202332,1,2,1,34,0,0,0,0,0,0,39073,121754,46445,109925,89828,39072,5189,5782,2086,4,2966,1454,1
169120,2,2,2,22,0,0,0,0,0,0,125178,65837,47875,8158,3158,11950,6317,2560,1028,2934,2782,-153,0
139453,2,2,2,25,0,0,0,0,0,0,35419,72980,23062,23543,18432,18848,6524,1461,1371,5964,3757,2248,0
93645,2,2,2,25,3,3,2,2,2,2,57487,109719,36994,22782,30528,93180,1538,1421,437,1659,1780,1339,1
194165,2,1,2,33,-1,-1,-1,-1,-1,-1,1831,730,-691,-1034,35,490,1605,1409,904,156,3946,18832,0
252564,2,4,1,34,1,-2,-2,-2,-2,-2,-309,43,2001,2147,-2213,-161,-144,1653,303,435,1797,417,0
90170,1,3,1,38,0,0,0,0,0,0,51962,112181,47371,42241,33390,91858,2391,2885,2553,2074,518,1122,0
27089,1,1,3,47,0,0,0,0,0,0,16145,19905,16902,5303,11805,7179,683,1767,991,388,2056,-19,0
84867,2,1,2,28,0,0,0,0,0,0,32218,58171,67433,21381,37404,50601,1149,1217,857,2826,1011,668,1
90968,2,1,1,35,0,3,0,0,0,0,39643,50881,31898,38807,40213,48972,2128,6337,-141,2511,2103,1071,1
24756,2,2,1,39,2,0,0,0,0,-2,42225,2270,38010,11176,1708,196,1247,2177,391,-127,1288,-52,1
90442,2,2,1,27,0,0,0,0,0,0,36186,64008,65097,33013,37383,103385,7846,1757,2568,2313,1152,1717,0
223752,1,1,2,31,0,0,0,0,0,-1,73450,18189,41232,24522,25515,26687,13492,5579,3161,1397,2932,2111,0
288504,2,3,1,42,-2,-2,-2,-2,-2,-2,-619,-1599,114,-1139,-2908,814,-514,323,-1163,-981,-164,481,0
354455,1,1,1,31,2,-1,-2,-2,-2,-1,63705,-3013,-1588,1115,-562,1239,791,1080,90,131,313,2951,0
487645,2,1,1,53,-2,-2,-2,-2,-2,-2,59348,2549,3365,16820,-1842,-832,24300,22830,444,643,1040,18943,0
17379,1,2,2,27,-1,-1,2,5,-1,-1,1781,1740,-685,-465,-29,-250,-219,570,-445,-398,-174,24,1
23748,2,2,1,34,2,2,2,0,2,0,7309,5399,13690,177,4277,8832,-565,1439,392,727,348,412,1
94075,1,6,1,32,-2,-2,-2,-2,-2,-2,5719,6672,709,292,-2256,296,1183,346,-1111,418,192,-37,0
472290,1,1,2,27,0,0,0,0,0,0,7751,16058,12435,9455,8083,5870,2405,4138,2401,-111,1577,1000,0
19228,1,2,1,38,1,3,2,2,2,2,4319,1542,11169,8116,539,319,1751,1683,-141,26,1099,-102,1
255277,2,2,1,41,0,0,0,0,0,0,92985,390248,235033,53555,286236,87686,7734,27823,4156,3134,5678,6091,0
380072,2,2,1,32,-2,-2,-2,-2,-2,-2,12521,-2497,1238,545,-368,-291,79,751,415,662,1543,110,1
254648,2,2,1,35,2,0,0,0,0,0,157427,169444,148204,184893,152766,148858,5304,8977,8871,2992,2407,4811,1
21450,1,1,1,33,1,2,2,0,2,2,10220,7139,13364,12947,14499,47256,501,21513,2532,655,1881,1728,1
150560,1,2,1,24,0,0,0,0,0,0,38560,121614,77844,15414,30783,56947,2721,4282,2414,2239,1899,3828,0
145388,2,2,1,45,-1,2,2,0,0,0,3102,57075,8069,10088,32763,72392,524,1336,2036,6237,3983,427,1
217913,1,3,1,37,2,-1,-1,0,0,-1,1757,1226,12693,1948,9119,17994,2825,1912,466,894,121,1161,0
120823,2,2,2,24,0,0,0,0,0,0,45550,2636,54112,3405,28043,11148,1077,1860,2745,-235,1900,-344,0
185516,2,2,1,31,0,0,0,0,0,0,88698,205102,132077,170884,176518,102385,9722,3931,3668,5667,7745,3846,0
162884,1,2,2,43,1,-1,-2,0,-1,-2,113679,9538,1147,-1045,483,1393,337,2232,1216,1867,-44,2901,0
228282,2,1,1,33,-2,-1,-1,-1,-2,-1,14719,15832,3446,2767,46411,45166,15698,2716,76531,13446,990,35384,0
773071,1,4,1,32,1,0,0,0,0,0,92760,183813,352672,87243,79400,52633,43276,47824,47608,19127,4736,1621,0
215010,2,2,2,26,0,0,0,0,0,0,137429,106933,257653,135191,155358,136847,5647,9637,4062,4878,4709,5950,0
117017,2,1,1,27,2,0,0,0,0,2,77906,60575,81283,41889,36416,44852,2727,2417,2663,762,1385,1566,0
71359,2,3,3,55,2,0,0,0,0,0,79169,13247,1295,8728,3830,8157,119,1126,1533,3803,29,655,0
89919,1,6,1,33,0,0,0,0,0,0,89886,56615,77592,27254,13827,1405,983,1382,869,882,985,710,0
84577,1,1,2,23,-1,-2,-2,-1,-2,-2,-55,615,1085,-322,-1307,-361,2699,176,-325,-630,81,28,1
26609,1,1,1,30,3,2,2,5,-1,0,7440,-956,-972,425,-1368,7,-974,333,-1020,-310,551,1668,1
224155,1,1,1,40,0,0,0,2,0,2,8534,48565,16967,24590,27148,11946,5437,7253,906,620,2266,6589,0
210719,1,2,2,43,0,0,0,0,0,0,48487,47051,79755,49470,38693,75374,1992,2409,604,728,282,6525,0
28386,2,3,1,43,0,0,0,0,0,0,22524,63466,50744,6704,10525,20699,4225,1648,1215,1053,1276,1835,1
233252,1,2,3,36,0,0,0,0,0,0,96219,153740,124961,125438,89771,95801,6294,14932,3601,3653,5010,4303,0
207854,1,2,3,38,0,0,0,0,0,0,206861,176677,175673,86170,316346,97108,9627,10263,8293,7822,4285,2051,0
14805,2,2,2,28,0,0,0,0,0,0,4123,4660,38088,11110,11673,2421,1303,1490,1092,26,2119,17,0
150267,1,2,2,29,0,0,0,0,0,0,41560,116688,84630,31234,93572,89582,2608,2688,4065,2981,5665,1330,0
304338,1,1,1,34,-1,-1,-1,-1,-1,-1,12305,12124,19819,-155,42560,436,4321,13131,9503,7028,1699,2900,0
216368,1,2,1,48,0,0,0,0,0,0,106658,66340,8142,13636,19765,70051,2997,9547,5693,2663,5038,5099,0
303494,1,3,1,32,1,-1,-2,-1,-2,-1,754,-1539,-1338,652,1094,308,-994,1104,-567,-288,188,553,1
22105,2,5,1,22,0,0,0,0,0,0,55253,55551,11256,16588,24508,12264,5010,2565,2594,3441,4645,2546,0
228683,2,1,2,22,0,0,0,0,0,0,71089,222839,138500,66023,142518,103829,10457,4795,3813,7598,2190,632,0
154737,2,1,2,27,1,-1,-1,-2,-2,-2,999,9936,-1699,-188,500,1265,1566,895,203,126,1006,514,0
79740,2,2,1,37,1,-1,0,0,0,0,926,1981,881,737,182,2177,326,75,588,278,607,1253,1
237944,1,4,1,63,1,3,2,2,2,2,30042,100198,84301,74482,88727,93202,2075,6347,1646,2794,2506,1282,0
49993,1,2,2,26,0,0,0,-1,0,0,22056,6701,11284,11925,1661,-22,1718,1394,-69,8037,2767,211,0
191738,1,2,1,45,0,0,0,0,0,0,172380,126817,117134,143066,125109,127499,10904,11098,2950,5171,4521,4075,1
26710,1,1,2,43,0,0,0,0,0,0,27274,55007,46285,15007,14818,25058,1489,1378,762,2019,4560,6342,0
215030,2,2,2,30,1,2,-1,2,0,0,27,1132,2659,1569,1418,2295,814,177,660,936,1853,912,0
278574,1,2,1,42,1,0,2,2,3,2,11128,7738,-530,12060,-494,1088,202,1889,650,2150,-136,1018,0
86186,1,3,1,38,-2,-2,-2,-2,-2,-2,7221,762,3044,11601,62976,341,243,1486,2366,4364,2088,30629,0
368510,1,2,2,34,-1,-1,-1,-1,-1,-1,3354,856,-1959,-442,151,194,-1068,2437,-811,-97,106,-66,0
210687,2,2,1,40,0,0,0,0,0,0,64862,69845,147132,60289,47165,69274,4545,2515,1997,230,4029,1834,0
20618,1,1,2,26,2,3,2,2,2,3,14854,24122,4271,41681,1286,23267,224,888,-1111,153,775,336,1
197248,1,3,1,39,2,0,2,2,4,-2,62156,-206,14996,-80,-29,320,459,1360,-419,-80,-382,178,1
90753,1,2,1,36,1,0,2,3,-2,-2,12344,-204,185,354,-1250,1232,391,648,-414,-355,-256,251,0
287058,1,1,2,34,-2,-2,-2,-2,-2,-2,11699,4038,15137,14126,-1389,-219,22516,2327,681,31154,4140,18401,0
226659,2,1,1,34,0,0,0,0,-1,-1,30370,79107,104591,33898,37275,48610,27032,1298,1412,1220,1339,2423,0
269068,1,1,1,33,1,3,-2,-1,-2,-2,2235,2001,69,-182,-651,1341,-447,238,225,127,1940,-119,1
238490,2,2,2,29,0,0,0,0,0,0,187508,119659,98950,102410,69019,57004,7954,4859,2132,5295,3573,1271,0
247646,2,2,1,49,0,2,0,0,0,0,136986,192842,143701,67137,124761,122495,3534,12494,1134,1457,3564,657,0
209357,2,5,1,54,0,0,0,0,0,0,77453,42802,42495,10915,15294,-2777,2367,1773,-107,237,-35,-195,0
213205,2,2,1,36,0,0,0,0,0,0,88251,145951,135134,108017,224009,79848,7822,8938,4551,7585,2364,215,0
25884,2,2,1,37,0,0,2,3,2,-2,16732,13814,9154,26342,5667,35633,5379,2226,2278,94,2092,184,0
63095,2,2,2,34,-1,-1,-1,0,-1,-1,1917,827,2614,12542,24651,8838,9679,2539,13923,3227,1804,10071,0
54356,1,3,3,42,2,2,0,0,0,0,2419,839,2426,22676,14503,19029,-1246,618,231,195,459,386,1
492677,1,2,2,31,0,0,0,0,0,0,304969,300040,292168,160248,177189,180808,8899,25130,6746,24160,6634,2175,0
85394,1,2,1,22,0,0,0,0,0,0,47673,57075,64332,35199,22822,21759,7746,2914,287,6672,2420,-247,0
104679,1,6,1,50,0,0,0,0,0,0,32146,45409,59997,42246,36768,33452,4529,1875,484,139,616,5740,0
20721,2,3,1,44,2,0,2,2,2,2,4409,14455,524,7986,5809,6824,1296,2039,-812,507,-446,253,1
33782,2,5,1,51,0,0,0,0,0,0,56956,57955,58260,25119,2636,620,1434,683,-1000,-385,6199,-282,0
294113,1,1,1,35,1,3,2,0,0,4,-456,-1742,-2454,10525,-838,2137,-764,791,-540,1245,401,185,1
235205,1,2,2,27,1,-1,-1,-1,-1,-1,-705,-451,643,566,611,944,-1481,441,173,3122,1027,1378,1
182240,1,1,2,26,0,0,0,0,0,0,77575,5016,91664,2488,9595,205,196,1210,1207,401,833,95,0
47111,1,2,1,27,0,0,0,0,0,0,46732,53741,41815,37654,34647,47342,6699,2060,-688,1492,3304,-79,1
18896,2,1,2,25,1,-2,0,-1,0,-2,3890,2252,86,3666,-2216,-1051,436,1814,-570,591,1435,-103,0
246228,1,2,2,45,0,0,0,0,0,0,373819,508927,496695,375917,555737,512561,13697,24748,28334,10231,39648,4464,0
136954,2,2,2,32,1,0,0,0,0,0,50228,62636,80125,42649,26750,37866,35891,1452,2004,3849,4664,4471,0
72773,1,1,2,27,-1,-1,-1,-1,-2,-2,152,-2133,269,-1268,-556,-468,1197,1386,-65,-429,1315,366,1
245568,1,1,2,33,-2,-2,-2,-2,-2,-2,250,-1297,2019,1636,-1009,1527,-588,455,-289,366,1716,2331,0
18864,2,3,0,50,2,2,2,2,2,2,19212,22347,9003,18265,20607,27411,7126,3294,883,757,1560,1185,1
205708,1,3,1,46,0,0,0,0,0,0,88072,126119,139359,95916,111434,108457,8906,2939,3511,1932,387,4966,0
243764,1,2,1,46,0,0,0,0,0,0,61041,166493,142571,106115,144318,60356,79591,13771,2562,7407,1829,5056,0
485046,1,2,1,36,-2,-2,-2,3,0,0,-3554,5631,75401,48113,15858,44175,-1076,2476,848,284,151,1576,0
128606,2,1,1,33,0,0,0,0,0,0,12567,14244,7250,3288,12701,6974,12562,7283,2453,6114,1071,256,0
72337,2,3,0,49,1,-1,3,0,0,0,18558,1542,3786,-554,12239,1979,1609,5210,1148,441,2331,95,0
285739,2,2,2,33,0,0,-1,-1,-1,-1,98795,15930,76802,848,990,22423,4912,1794,2907,6926,2089,58053,0
298407,1,3,1,30,-1,-1,-1,-2,-1,-1,1344,1164,174,603,480,-408,-983,-198,158,700,1457,150673,1
90184,2,3,2,28,3,-2,2,-2,-2,-2,2646,8180,10236,8533,41,9325,7605,473,687,3754,-148,76,0
52673,2,2,2,30,0,0,0,0,0,0,38516,53875,41428,7146,39595,18399,1825,1612,2897,482,2735,11868,0
141754,1,2,1,31,-1,2,2,0,0,0,14778,1724,2732,21826,1418,557,-547,1906,1306,3869,2656,3055,1
137102,2,2,2,25,0,0,0,0,0,0,71740,36024,21747,37655,10205,1185,1444,1707,1878,113,180,63680,0
226140,2,2,1,32,0,0,0,0,0,0,113319,356508,160810,140439,285449,165112,10144,9667,19308,10128,9931,3008,0
493374,2,1,1,57,-2,-2,-2,-2,-2,-2,7940,97024,28275,28486,18235,808,4057,2776,18431,3462,20423,9197,0
48955,1,2,3,34,-1,-1,2,0,0,0,2058,24,1302,10973,8835,12798,318,874,614,-154,1648,24,1
166918,2,1,3,30,-1,-1,-1,0,0,-1,3482,566,280,155,-1894,-2458,-271,2601,985,91,7460,175,0
23287,1,3,3,48,2,2,0,0,0,0,308,10343,-378,11088,3323,-346,708,2076,284,-357,776,40,1
18846,2,5,2,27,0,0,0,0,0,0,44348,76932,20406,8170,16071,11679,5684,2068,754,1313,380,1083,0
104539,2,2,2,28,0,0,0,-1,0,0,15589,21123,3549,-1837,12511,12184,3781,1881,708,9626,1797,841,0
90052,2,3,0,38,-1,-1,-1,0,0,-1,3584,2492,416,-352,990,318,909,968,-99,-417,2097,-193,0
250878,2,1,1,42,1,0,0,-1,-1,-1,275195,104057,6248,69700,45340,7297,9491,6532,440,10401,11366,9422,0
214968,1,2,2,34,-1,-1,-1,-1,-1,-1,596,-2113,635,-50,8279,-1458,61,2065,214,5540,191,1168,1
279487,2,2,1,37,2,0,0,0,0,0,196263,289305,98838,205111,151195,237953,9207,17166,3883,3922,4372,3349,1
29594,2,5,1,33,1,2,3,0,0,0,28818,44493,40834,6045,14765,42065,-110,2838,3071,-152,2004,2581,0
96205,2,2,1,46,-1,-1,-1,-1,0,0,1418,-1272,2811,940,-501,-637,877,1177,252,59,134,1375,0
216063,1,2,2,28,2,-2,-2,6,-2,-2,10363,-8,-245,-863,-238,174,482,736,-679,815,-495,234,1
17076,2,2,1,46,0,0,0,2,0,0,17989,13278,15160,1987,3665,5928,2516,5357,678,1627,2061,143,0
176482,2,2,1,28,0,0,0,0,0,0,150950,159757,133388,100742,116263,93299,11398,13135,2504,7790,6440,5788,0
29332,1,1,1,51,0,0,0,0,0,0,11119,51215,12770,9885,9330,9038,6596,3725,-143,2703,3830,-375,1
52332,2,2,2,55,-1,-1,0,-1,0,0,504,-699,1026,3795,14943,7854,624,1460,2953,370,1753,741,0
229657,1,1,2,29,0,0,0,0,0,0,35280,351907,208561,148288,145883,201177,8397,14134,3518,5891,4950,4338,0
221016,1,1,3,26,0,0,0,0,0,0,16903,17859,17654,4458,8328,33009,1238,8462,4962,5466,1999,4462,0
330809,2,2,2,27,1,2,2,3,0,0,38226,15103,893,25541,35301,40431,5,936,1696,-181,2838,81,0
29390,1,2,2,32,0,0,0,2,2,2,3166,15928,12492,51727,31364,97738,453,4856,571,6316,4290,778,0
21359,2,3,1,41,2,2,2,2,2,2,6453,8068,8386,13424,42155,84956,2566,4124,45,916,1142,110,1
52588,2,2,2,26,0,0,0,0,0,0,13828,4147,22452,976,15473,17789,6236,1174,7212,569,923,13709,0
375113,1,1,2,27,-1,-1,0,-1,-1,0,4030,7122,22437,7489,44246,16451,11346,18021,43962,39473,2878,15606,0
402292,2,1,1,40,-2,-1,-1,-1,-1,-1,9878,11244,76040,747,891,948,22512,21435,994,6238,47510,8505,0
52025,2,1,2,22,0,0,0,0,0,0,56580,22806,11279,20236,12419,19640,7316,2334,233,-48,638,8050,0
85971,1,2,1,37,2,0,0,0,0,0,48598,42711,43074,22252,29678,46027,66,1916,913,3423,5768,2634,0
106352,2,2,2,24,0,0,0,0,0,0,42614,70083,36749,40656,48231,94604,3263,2972,3237,2562,2212,5867,0
261212,1,1,1,29,0,0,0,0,0,0,166608,233719,127507,89624,156194,221694,9722,11652,4499,8572,4089,1391,0
184573,2,1,1,49,1,-1,-1,-1,-2,-1,-544,-114,2803,542,1651,1296,361,558,-469,-70,1278,1558,1
84352,2,2,1,31,-1,2,2,2,-1,0,-1263,8072,4926,1921,12433,15282,66,1505,2031,2850,1806,1353,0
50757,2,2,1,54,0,0,0,0,0,0,11577,2240,21200,4892,16780,12259,5431,897,348,443,687,203,0
256005,1,2,1,32,-1,-2,-2,-2,-2,-2,452,-1485,1137,2806,-619,145,-1896,489,-1483,-397,-221,197,1
231540,1,2,2,35,0,0,0,0,0,0,188199,182658,112700,121471,58943,170456,82464,10745,7751,5480,3490,3938,0
218298,2,2,1,35,-2,-2,-2,-2,-2,-2,2148,913,2257,675,-798,1910,910,1454,800,-115,545,-1,0
314281,2,1,1,38,-2,-2,-2,-2,-2,-2,8645,7420,11906,-1154,-1449,-1637,4629,14474,6753,932,-1,371,0
49811,1,2,1,38,-1,-1,-1,0,-1,-1,2336,311,1165,1002,1960,859,368,1523,5244,2689,1606,1537,0
509536,2,2,1,31,0,0,0,0,0,0,212659,236315,350297,238193,237046,383333,11962,11133,9594,5218,6345,12480,0
181852,2,1,2,26,0,0,0,0,0,0,39146,18397,20087,20994,31018,15193,17460,2097,596,-123,4754,9077,0
95765,1,3,1,47,0,0,0,0,0,0,40780,48112,52888,50843,47404,58394,3291,61705,2093,1902,3871,3300,0
91342,1,2,1,49,-1,-1,-1,-1,-1,-1,-2901,3956,1877,-1830,7824,15407,1711,831,707,2303,4726,2706,1
170341,2,2,1,48,1,2,0,0,0,0,62427,139341,46531,146488,89411,63013,452,83551,2792,3410,3383,6334,1
204511,2,3,3,58,0,0,0,0,0,-1,60269,49426,88870,23360,857,621,3217,18521,592,1198,1338,328,0
506855,1,2,1,38,0,0,0,0,0,0,55503,262794,174780,331398,91420,88186,6414,21663,3393,35864,3826,64808,0
24896,1,2,2,24,3,0,2,2,2,2,17334,18893,20268,6387,8305,19557,1322,1912,402,994,1515,253,0
27818,2,3,0,49,0,0,2,2,2,4,3631,5797,13303,11304,217,13392,2517,666,-620,145,-153,-3,0
407082,2,5,2,32,1,-2,-2,-2,-2,-2,1241,1865,2932,1982,-194,403,322,1580,379,1629,294,954,0
56128,1,5,1,32,-1,-1,-1,-1,0,0,846,-428,3058,1392,2214,360,1971,1364,902,449,1468,241,0
207026,2,2,2,30,0,0,0,0,0,0,124466,316061,142902,74250,133285,134182,9055,6356,8656,7280,3363,4455,0
612826,1,6,1,51,0,0,0,0,0,0,13948,6079,13633,13412,14678,7132,4236,13605,2867,2814,1780,189,0
238724,1,4,1,28,-2,-2,-2,-2,-2,-2,21312,649,450,72,-77,902,6375,914,-643,-195,310,149,1
361550,2,2,1,32,-1,-1,-1,-1,-1,-1,-844,-763,1432,1276,-73,-49,682,1825,3296,7295,1486,220,1
23204,2,2,1,56,-1,0,2,2,0,2,3906,14863,12285,4332,33809,45858,2343,565,19,993,-310,94,1
25031,2,2,1,35,-2,-2,-2,-1,0,0,1600,1111,17561,10467,-1182,264,844,957,-535,3913,232,484,1
226778,2,5,1,34,1,0,2,-1,-1,0,17058,14709,78786,102216,30280,21568,7796,13209,411,33,4968,2418,1
16247,1,2,3,25,0,0,0,2,2,0,29789,24444,17343,13678,22490,25096,2503,2544,941,1303,2494,-225,1
208687,2,2,2,28,0,0,0,0,0,0,229465,123711,68387,124536,148478,104642,5051,12197,3582,5532,2705,3183,0
147169,2,2,2,47,0,0,0,0,0,0,32312,59272,38578,40316,37595,89299,4832,5665,2435,635,5251,1767,0
82165,2,2,3,35,1,3,0,0,0,0,9595,43351,38509,46209,21995,35990,998,3022,838,3737,1600,268,0
492720,2,2,1,42,0,0,0,0,0,0,128241,28452,10411,58531,51725,13013,10256,2230,1604,3397,1662,8221,0
102875,2,5,1,40,0,0,0,0,0,0,43369,140768,81817,7502,44199,12846,3882,2531,737,2209,2095,1331,0
227418,2,2,3,33,-1,-2,-2,-2,-2,-2,818,1390,1815,1416,-1827,-276,-77,999,-864,-281,192,106,0
57017,2,3,0,48,-1,2,0,0,0,-2,100464,2792,1639,-618,15175,10772,6393,742,-250,8813,257,2514,0
414791,1,2,0,37,-1,-1,-1,-1,-1,-1,12556,-3088,13067,234,435,833,3078,13063,111618,3879,5044,2014,0
27133,1,3,1,31,2,2,2,2,0,3,23105,28885,17588,1717,23401,2453,1045,1249,791,251,1258,1021,1
90118,2,2,1,39,2,2,2,0,0,0,73159,30118,62418,45829,34391,54491,540,2936,2153,1612,421,1000,0
51480,2,3,2,28,2,0,0,0,0,0,47024,55643,44812,36079,53325,61034,1730,1428,1744,2498,1246,192,1
60668,1,1,2,29,0,0,0,0,0,0,10652,3119,1427,17995,11797,24799,1865,790,1418,421,2122,-270,0
421830,2,1,1,34,0,0,0,0,0,0,317356,414379,386374,107128,85475,319291,14331,24192,160890,4007,47660,2002,0
48737,2,5,3,32,1,-1,0,0,-1,-2,1427,1072,501,1138,87,11248,151,1007,604,390,178,235,0
54768,2,2,2,25,0,0,0,0,0,0,36878,56592,52762,8723,23571,21877,5494,699,491,2483,5100,207,0
205841,2,2,2,32,-1,-1,-1,0,0,0,1870,-666,-262,7487,15115,4481,-604,1339,443,5788,1545,360,0
237481,2,2,1,42,-2,-2,-2,-2,-2,-2,1764,-990,620,3107,-160,843,1745,1147,34,1173,153,2497,0
203431,2,2,1,39,0,-2,-2,-1,-1,-1,11692,16787,29530,17511,357024,372218,7992,26150,21875,6226,4463,16146,0
97697,1,1,2,30,1,-1,-1,5,0,0,4356,7610,1420,296,88,15446,-845,557,-701,-499,1674,-5,1
222992,2,1,1,53,0,0,-1,0,0,0,30527,14602,21664,8283,12769,4322,4074,3116,10486,4998,1659,17365,0
213200,2,3,2,39,0,0,0,0,0,0,37104,9082,28822,12775,41582,11662,-267,1574,1700,1718,2350,622,0
124274,1,2,1,49,2,0,0,0,0,0,46318,97792,65288,85977,125338,75622,1166,1805,1155,2191,50,365,1
168453,2,2,2,26,-1,-1,-1,-2,-1,-2,-1258,-122,-2262,-347,-884,-240,-635,119,-151,127,1290,58,1
376166,2,2,2,32,-1,-2,-2,-2,-2,-2,613,-1340,1466,2235,-1411,-397,-400,1721,337,323,513,175,0
313148,2,2,1,59,-1,-1,-1,-1,-1,-1,-1848,1324,1181,1873,277,-473,272,4821,164,1429,180,909,0
26800,1,2,1,36,0,0,-1,-1,-1,-1,19284,12029,12977,1114,1481,2050,3825,561,1159,166,960,651,0
185331,1,3,2,32,-2,-2,-2,-2,-2,-2,13395,-1215,-309,-557,-488,-84,-382,573,-200,24900,1696,-174,0
60078,1,2,3,38,1,-1,0,0,0,0,1479,-611,405,-430,39,1368,-68,490,-500,666,5288,533,1
139618,2,1,2,26,2,3,2,0,0,0,64252,64517,75592,40480,62714,62180,728,5318,874,482,2129,725,0
200245,2,2,2,36,0,0,0,0,0,0,191269,377088,207448,112167,200461,173715,1900,10317,4756,5182,8894,10396,0
479575,2,4,1,32,0,0,0,0,0,0,298618,391555,83700,388646,333034,214494,85822,9250,160385,13574,17864,2729,0
97097,2,1,1,33,0,0,0,0,2,0,80760,121675,69570,26214,22447,16857,4354,17872,984,3287,860,104,0
79512,2,1,2,26,-1,-1,-1,-1,-1,-1,15408,-652,-294,-488,1325,195,1015,1451,-149,4255,1967,221,1
134875,2,3,2,38,0,0,2,2,2,2,48878,10852,12512,11892,2685,15829,3051,1971,1213,1247,728,1395,0
502105,2,3,1,35,1,-2,-2,-1,-2,-2,2217,1086,1930,68,232,2607,2521,1271,272,502,1420,1798,0
29777,2,1,2,24,1,2,2,2,2,0,5410,16556,12587,15716,17589,16088,3053,4186,406,486,6520,1724,0
490755,1,2,1,31,0,0,0,0,0,0,51991,10966,44973,3051,53,1000,6117,4216,1197,502,9497,24943,1
78915,2,1,2,33,0,0,0,0,0,0,66126,101264,78886,61075,123782,38869,1875,3129,2783,2498,1335,2180,0
92475,2,3,0,28,0,0,-2,0,-2,-2,21057,-323,1647,78,-319,1261,3239,587,-119,-85,247,530,1
92775,1,2,2,26,-1,-1,-1,-1,-1,-1,897,-978,2128,344,2586,1523,-761,1433,426,315,1742,1087,0
96535,1,1,1,27,-1,-1,2,-2,-1,-1,3325,2546,-2564,-564,-14,736,-904,1179,-646,540,1217,-361,0
100479,1,3,1,46,2,2,2,0,0,0,79131,21335,50377,34933,37273,43484,308,1146,2164,1531,895,2474,1
25764,1,2,2,28,2,2,2,0,-1,0,4875,1513,2269,19505,5031,1667,734,2465,655,554,812,2427,1
127865,2,3,0,38,2,2,2,2,2,2,55385,122802,62589,33448,71301,105855,8543,2949,1194,2150,2852,3685,0
140231,2,3,0,32,-1,-1,-1,-1,-1,-1,3834,15943,133,2476,74,812,4310,961,673,731,1329,37,0
452100,1,2,3,38,0,0,0,0,0,0,67575,193035,224712,180058,117091,112632,9604,9702,8000,4606,6248,4765,0
159433,1,1,1,35,0,0,0,0,0,0,63420,103187,71607,38591,35316,52739,5018,2795,3984,2375,1171,2928,0
100341,1,2,1,49,1,2,-2,-2,-2,3,17940,7405,9924,-526,1077,19064,111,2297,1114,431,2523,1631,1
519283,2,2,3,41,0,0,0,0,0,0,84969,169703,128942,113690,41046,87715,9104,10672,2759,2334,3765,1904,0
51726,1,1,1,36,0,0,0,-1,-1,-1,15556,20195,17649,5957,5450,16772,9415,25144,19912,2579,1670,43212,0
235738,2,2,2,29,-2,-2,-2,-2,-2,-2,3007,-1339,518,-1253,-2683,-760,111,1549,-557,735,21,100,0
165695,2,2,1,29,0,0,0,0,0,0,219456,147306,156012,117488,193989,100227,12624,13462,3715,4335,4684,2991,1
137760,2,3,1,35,0,0,0,0,0,0,70503,89169,155975,120455,30483,32802,961,4981,670,2219,764,1556,1
200191,1,3,1,35,0,0,0,0,0,0,149147,115160,163041,76502,133299,76645,9967,8524,1600,19880,-6,5825,0
51722,2,2,2,23,0,0,-2,-2,-2,-2,47774,31921,-1150,8504,-6895,1491,2054,2421,-115,156,1486,222,0
254067,2,3,1,23,-1,-1,-2,-2,-2,-1,3250,420,-621,-1763,-1209,167,2141,2162,-338,-478,-144,-28,0
225092,1,1,1,46,-1,-1,-1,5,-2,-1,-343,-2332,87,51,-967,-310,-565,-78,-506,183,-99,2241,1
317281,2,1,1,27,0,0,0,0,0,0,155152,25477,18049,16708,15711,40712,28485,5200,10466,70975,6957,142,0
99050,1,2,1,39,-1,-1,-1,-1,-1,-1,-1359,-990,-786,700,-1617,-670,1152,1912,173,221,1101,323,0
141366,1,1,1,31,0,0,0,0,0,0,86845,102302,73413,81479,61539,113318,10884,7109,5306,7070,2157,-100,0
232140,2,1,2,30,0,0,0,0,0,2,47845,63108,62870,32258,46804,64333,7395,4566,8177,7063,3174,913,0
276298,1,2,1,37,0,0,0,0,0,0,260058,225185,182770,113214,167972,121910,9944,12519,8572,3078,2648,656,0
236279,1,2,1,44,1,-1,-1,5,-1,-1,11875,11832,-433,1522,1499,456,534,1149,223,616,-66,568,1
20823,2,2,2,23,2,2,2,0,0,0,1301,11679,12237,6871,3244,376,174,725,-540,318,589,966,1
59248,1,2,2,42,2,2,2,2,2,2,11182,8535,11734,7239,30150,763,1294,398,895,523,-37,-324,1
52450,1,2,2,37,1,2,2,0,0,0,6721,-1119,61339,6437,11056,41731,461,716,2750,346,1750,583,0
144468,2,2,2,23,0,0,0,0,-1,0,87302,64537,57450,92728,54696,5666,8189,923,3507,5738,1329,418,0
127509,2,2,2,24,0,0,0,0,0,0,102475,99334,45939,33821,38510,78840,6167,3854,2022,755,3429,3022,0
232677,2,2,1,34,2,2,0,0,0,0,72796,281483,164620,173181,158509,137755,-8,12430,9427,5484,8364,3337,1
182183,2,2,1,27,0,0,0,0,0,0,157179,205850,199992,97635,108873,129120,4803,10812,7215,3736,3689,-781,0
148640,1,2,2,27,3,0,0,2,2,2,12910,53117,58858,33712,39488,53652,4040,23819,3560,5002,1755,732,1
147068,1,1,2,25,-1,2,-1,-1,0,-1,37617,732,1610,31,2325,1133,2524,1080,491,994,916,2945,0
108690,1,1,2,23,0,0,0,0,0,0,72161,148926,133703,14276,56343,145259,2697,4617,891,7836,1116,-304,0
293135,1,1,2,32,2,-1,2,2,0,0,4686,1519,640,14452,1457,2760,-525,1014,504,-442,1256,1925,1
283301,2,2,1,42,2,0,0,2,0,0,229471,232425,155800,156539,161932,175269,858,134,4668,6629,3457,7892,1
51091,1,2,2,24,0,0,0,0,0,0,12089,1648,16528,20552,17229,23939,1395,434,1017,271,146,68,0
178944,1,2,1,54,1,-2,-2,-2,-2,-2,1840,-298,499,9309,-1624,379,-168,175,677,212,-133,279,0
351144,1,2,2,33,3,2,2,0,0,0,7215,233659,9672,16006,178149,88308,5103,1053,857,10113,949,14820,1
49497,1,2,2,32,0,0,0,0,0,0,3163,11635,16544,7773,31388,22901,3886,1679,829,1148,4350,194,0
55634,2,2,1,34,0,0,0,0,0,0,31107,82447,44497,36692,43050,18378,1756,996,182,2542,1258,667,0
52705,2,2,1,30,0,0,0,0,0,0,38689,40321,44483,42463,26694,30521,1948,2808,955,402,666,-105,0
481696,2,3,1,34,-2,-2,-2,-2,-2,-1,11149,12559,17040,18954,394,1360,1843,7586,13570,6932,2971,12098,0
230865,2,3,1,45,0,0,0,0,0,0,55021,49686,20467,13797,26007,2106,1117,1512,128,142,-94,-497,0
49670,1,3,1,59,0,0,0,0,0,0,32489,39428,22239,3655,16750,15337,3643,770,936,886,3294,1038,0
154466,2,2,1,35,-2,-2,-2,-2,-2,-2,25529,45276,3606,-798,-880,1414,1227,1088,188,42826,787,2776,0
69738,2,3,2,30,0,0,0,0,0,0,16089,14496,15865,11705,34272,87229,4257,16321,6629,3505,2959,-122,1
163901,2,1,1,59,2,2,2,2,2,2,53350,103822,67717,37129,79890,85426,2368,5671,1709,2998,2232,2745,1
248730,1,1,1,31,2,0,0,0,0,2,124526,187572,135540,125568,143411,105635,5760,6861,1088,5683,4177,-221,1
197698,1,5,1,41,0,0,0,0,0,0,121959,133694,115171,87703,15531,9878,4094,1350,119,315,3672,118,0
77837,2,2,2,23,0,0,0,0,0,0,27919,50571,46661,22640,8923,47269,1929,2058,797,886,678,17,0
24721,1,2,3,47,-1,-1,0,0,0,0,-193,-1907,416,9529,23405,22803,808,1661,1599,-135,6147,109,1
32324,2,2,1,45,3,0,2,2,2,2,783,12204,12213,-298,-569,575,1745,658,-604,-316,1703,3,1
27205,1,3,3,50,0,0,0,0,0,0,16226,10831,4567,10984,-4638,309,433,1395,189,-112,-118,172,1
21970,2,2,3,44,0,0,0,0,0,0,3330,45333,37490,811,12410,16465,3077,2602,419,157,2285,-17,0
50403,2,2,1,43,2,2,2,2,-1,-1,637,1555,-520,2171,292,1209,-820,62,-365,-26,132,442,1
95615,2,2,1,36,0,2,2,2,2,0,86404,156217,70567,71248,119346,97112,9659,1920,8654,1278,1059,2101,1
80534,2,2,2,34,-1,2,2,-1,-1,0,6367,19072,19628,22545,42557,44635,6830,19269,7378,8740,34229,-8,1
51701,2,3,3,54,-1,0,0,0,0,0,1973,1246,2933,7963,-926,-691,-352,103,42,311,167,47,1
398083,2,2,1,41,0,0,0,0,0,0,121522,218915,128155,81668,119942,111944,4352,1187,8915,4388,1337,1496,1
23619,2,3,3,46,0,0,0,0,0,0,15313,12000,5732,14495,10449,17114,842,1000,1737,756,3049,456,0
201421,2,1,1,38,0,0,0,0,0,0,151310,185784,101122,81191,177552,184973,3933,8387,9148,3857,8807,2147,0
361418,1,1,2,31,-1,-1,-1,-2,-2,-2,-115,-1741,-98,-7,-88,989,-153,930,484,-328,2207,137,1
323832,2,1,1,49,-2,-2,-2,-2,-2,-2,39491,29428,46765,9395,28835,48659,13625,1280,19023,4257,1158,356,1
46042,1,0,1,32,0,-2,-2,-1,0,0,37379,199,54274,11017,15277,3213,1129,1596,332,5340,5769,1044,0
49716,2,2,2,23,0,0,0,0,0,0,42074,44687,41749,42080,31102,49716,2014,1746,392,2954,5800,31,0
223727,1,3,2,40,-1,-1,-1,-1,-1,-1,3734,-752,511,-1253,1746,-445,1211,4622,2,4094,326,30,1
15711,2,1,2,23,0,0,0,0,2,2,46895,14696,28814,22883,10937,33045,2726,1354,2446,-347,1101,-145,1
505028,1,5,1,29,0,0,0,0,-1,-1,465907,89124,84673,309585,143652,255601,8523,10432,91192,17188,25183,14111,0
52822,2,1,2,24,0,0,0,0,0,0,46438,60124,47994,42512,8898,16822,5738,1702,357,7340,1203,22,0
173253,2,2,2,39,-1,-1,2,-1,-1,-1,6694,17066,15866,4342,4282,-75,728,1409,10010,656,3788,1302,0
26157,2,2,1,47,1,2,2,2,2,0,11175,16508,12567,5401,746,22,-288,919,390,645,539,155,1
243766,1,2,1,33,0,0,0,2,0,2,163537,15251,15984,92192,123688,42057,1363,1084,3515,718,221,2434,1
182088,2,2,1,53,-1,-1,-2,0,0,-1,1014,389,2402,9734,-205,6537,78,2117,856,5156,1304,-78,0
14081,1,1,2,29,1,-1,2,5,-2,-1,2031,12182,171,1012,69,1390,-193,-273,-855,-564,270,28,1
221594,2,2,2,35,0,0,0,0,0,0,54513,217855,122290,103794,139516,74266,7889,21613,2790,6260,5883,611,0
208758,2,4,2,41,1,-2,-2,-1,-1,-1,780,517,3921,728,-810,501,460,3813,-227,500,199,2727,0
22118,2,2,2,26,2,2,2,5,0,3,-1896,66,-1285,-59,-452,1734,-1293,244,857,37,-142,179,1
354128,1,3,1,50,-1,-1,-1,-2,-1,-1,353,-1421,1341,1143,-410,273,-409,927,232,396,1703,513,1
171883,2,1,2,32,-2,-2,-2,-2,-2,-2,831,-1882,1545,245,-1151,151,61,572,428,-183,1195,56,0
53749,1,2,2,41,0,0,0,0,0,2,65541,73079,39093,38058,17975,48463,2931,3238,380,1593,1790,278,0
54951,2,2,1,39,2,0,0,0,0,0,52747,16613,42250,23377,45321,21163,1439,2438,681,2178,3964,603,0
20622,2,4,2,34,0,-2,2,2,2,2,9884,9472,24067,17430,4104,9018,2621,5367,491,574,1624,-52,1
20032,2,2,2,23,0,0,0,0,0,0,47727,48545,42103,3587,10714,4243,2003,2144,-331,2215,617,284,0
224055,2,1,1,45,1,2,0,0,0,-1,51015,105000,63192,145501,199867,36553,4366,8619,104156,3310,3321,2750,0
285773,2,2,1,46,-1,-1,0,-1,0,0,17213,12093,10738,4178,-1711,5797,2107,20208,22688,7162,3830,4956,0
150772,2,1,2,25,2,3,2,2,2,2,54386,55916,77339,21108,40231,47799,5264,6539,-430,1388,1729,1943,1
109773,2,1,0,31,-1,-1,-1,-1,-1,-1,3860,2787,-491,-1145,161,-882,857,1594,-159,1418,-100,557,1
201202,1,3,0,45,-1,0,2,0,-1,0,55071,31703,901,22261,4237,-24,3808,3714,576,2449,4693,3492,0
27758,1,2,2,61,0,0,0,0,2,2,29717,11931,50714,22006,-647,20035,1658,1785,790,559,1420,838,0
421489,2,1,2,31,0,0,0,0,0,0,22127,444097,417546,256757,285376,213353,24393,18218,18919,10790,6148,10236,0
25338,2,2,2,24,0,0,0,2,0,2,14134,67221,14429,37576,60272,26757,4928,1872,2747,1466,242,2698,0
100672,2,2,1,25,0,0,0,0,0,0,14601,73392,49618,44045,32060,42175,6451,4007,1284,3670,3660,566,0
226564,2,2,2,23,0,0,0,-1,-2,-2,57651,66004,13828,429,12,1132,1723,1304,466,-890,-126,-205,0
19575,2,2,2,30,0,0,0,2,0,0,12585,18488,4224,9052,10210,1597,4329,2061,912,-62,37,147,0
372135,1,1,1,34,-2,-2,-2,0,0,-2,71316,17290,444622,49970,30305,354807,19587,19472,49531,25431,23240,2808,0
75408,2,3,1,23,0,0,0,0,0,0,52474,42345,28782,11593,19900,45944,1219,1650,2223,326,926,2075,0
261821,2,2,1,24,0,0,0,0,0,0,105285,97274,67175,157384,13976,79781,1113,819,5559,723,1050,493,0
528320,2,2,1,33,-2,-2,-2,-2,-1,-1,7010,3379,2983,-140,172,1468,2223,1640,14799,6305,1460,13837,0
125876,1,1,2,23,0,0,0,0,0,0,40008,59708,34623,85123,34101,71326,2821,1788,669,462,1656,1479,0
202542,1,2,2,33,-1,-1,-2,-2,-1,-1,11270,20169,966,-1122,1971,857,4084,5295,97402,6611,9175,38519,0
185443,1,2,2,35,0,0,0,0,0,0,87503,227881,193131,114432,231589,176870,593,2304,749,2665,6522,14643,0
70706,1,1,2,31,2,2,3,0,2,3,76832,32186,56229,81980,26699,104415,69,1741,363,9501,1374,1324,1
205177,2,4,2,33,-2,-2,-2,-2,-2,-2,2506,-39,1073,-143,-1093,1359,758,1910,-404,3020,-48,177,0
275754,2,3,1,30,-2,-2,-2,-2,-2,-2,10128,1541,1324,1093,-439,1240,1113,889,63,-449,148,-356,0
256387,1,2,2,34,0,0,0,0,0,0,126028,375153,116581,165742,210739,181725,8672,11980,2354,7652,4482,-331,0
230980,2,3,1,35,-2,-2,-2,-2,-2,-2,8786,8994,641,-1376,-1810,670,1581,850,-305,-589,-176,273,1
20681,1,6,1,45,0,2,2,0,0,0,7628,16777,13304,12046,38148,22502,1479,979,1375,661,2317,696,1
27755,1,3,1,50,2,-2,-2,-2,-2,-2,5469,10420,12584,10501,-1715,13037,1072,816,-825,-280,-9,-68,0
98773,2,2,1,25,0,0,0,0,0,0,44234,74188,43386,44214,50367,37492,2998,1623,2471,1754,530,2150,0
317352,1,1,2,35,0,2,0,-2,0,-2,47969,65170,75790,45040,39620,46924,837,3957,1780,2062,1677,1461,0
468575,1,2,1,30,-2,-2,-2,-2,-2,-1,20850,17238,16242,9964,8280,42455,17477,19167,20026,38814,19748,14953,0
183844,2,1,2,24,1,0,0,0,0,0,204075,229739,130067,89153,163154,62913,947,9762,1966,1121,2109,633,0
95692,1,0,2,54,1,-1,-1,-1,-1,-1,1336,-290,-158,214,1351,-354,163,357,-516,-228,382,-359,0
318603,2,2,2,35,0,0,0,0,0,0,59085,190384,158331,113403,189334,181999,8586,10747,143232,4307,8284,14288,0
90032,1,1,2,34,-1,-1,-1,-1,-1,-1,1552,-1649,897,-226,1098,107,1695,62604,179,74743,1421,3188,1
20704,1,2,2,23,2,3,2,2,2,2,8218,18908,7483,34631,3769,17215,2399,1763,-377,-8,1486,614,0
74441,2,2,1,28,0,0,0,0,0,-2,43497,43022,40097,15821,6182,-269,1654,10546,1092,36177,376,123,0
287613,2,1,2,34,-2,-2,-2,-2,-2,-2,35565,51165,50957,38261,-766,-979,9076,2132,298,6973,2346,15816,0
145678,2,1,2,24,1,-1,2,-2,-1,-1,7978,131,-446,1584,-544,-230,8286,97,-364,-602,293,-156,1
170586,1,2,1,26,0,0,-2,-2,-2,-2,40837,7725,16454,1094,-2603,-1559,9026,3702,209,156,-48,434,0
97086,2,1,2,23,1,0,0,0,0,0,27620,56992,48685,32429,44394,50157,2168,2172,370,1011,2106,1863,0
118044,2,3,0,62,0,0,0,2,2,0,84760,172782,242809,124073,115261,83435,1265,9288,9913,4172,442,7626,0
184597,2,3,1,32,-2,-2,-2,-2,-2,-2,12,-2817,794,-914,-3575,214,-710,999,-361,431,75,-305,1
14690,1,2,2,22,0,0,0,2,0,2,39781,54914,48476,39888,37183,68770,6901,3903,139,2452,2157,-156,1
130743,2,1,1,29,0,0,0,0,0,0,45616,68681,60178,45308,47891,77500,7201,3242,749,4284,3999,322,0
223037,2,1,2,25,0,0,0,0,0,0,105235,157332,140955,172664,107859,89536,6603,10239,9505,7360,1758,3290,0
45015,1,2,1,23,0,0,0,0,0,-2,40502,1790,22889,11015,40,831,25,1309,608,-9,184,51,0
20435,1,6,1,46,-1,0,0,0,0,0,19861,878,13416,173,294,2204,1799,1389,616,-46,915,-486,0
188890,2,5,2,32,0,0,0,0,-2,-2,76358,74545,72170,63393,10102,43908,6661,1941,2805,2865,13271,5372,0
275911,2,2,1,36,-2,-2,-2,-2,-2,-2,43616,14097,18054,12252,606,1435,1681,1120,15381,7099,5367,6312,0
384082,1,1,2,39,-2,-2,-2,-2,-2,-2,13489,13316,20393,-217,1345,713,35190,2454,29191,6414,260,5029,0
23323,1,1,2,36,0,0,0,0,0,0,26192,60285,46600,5836,2048,12520,12741,1711,938,5625,3165,1372,0
235277,2,2,1,48,-2,-2,-2,-2,-1,-2,12903,-541,700,1703,-1242,410,-138,26025,-494,9495,8021,21328,0
49371,1,1,1,47,-1,-1,-1,-1,0,0,4279,7321,14388,2900,2304,1838,8688,22741,7891,930,794,384,0
17468,2,2,1,32,0,0,2,2,2,0,14266,20352,18456,13267,6364,1405,1787,4385,-211,-294,983,-46,0
70627,2,1,2,23,-1,-1,-1,0,0,-1,10557,16617,818,6805,25769,8804,1636,1164,4847,3132,3326,3811,0
229496,2,2,2,24,0,0,0,0,0,0,71960,110197,60420,61788,72450,80281,4592,5308,2163,1695,1297,4008,0
297978,2,2,3,29,1,-2,-1,-1,-2,-2,-1328,-1274,-829,343,-2007,-291,1418,724,-505,163,111,2039,1
225462,2,2,1,43,0,2,0,0,0,0,11651,40005,8274,2409,5468,6271,2056,1305,233,4088,276,651,0
27821,2,3,1,35,-1,-1,2,0,0,0,10539,13420,15712,8787,27775,2283,5378,19324,7973,5300,3334,1638,0
83644,2,2,1,57,0,0,0,0,0,0,45433,1817,21487,19271,15733,11708,1729,1169,969,45,923,150,0
215887,2,2,1,43,0,0,0,0,0,0,85203,41301,45954,22322,81248,11124,4035,5649,570,2365,170,2568,1
85042,1,1,2,44,-1,2,0,0,0,0,-1791,859,45867,16846,13743,38339,-798,963,312,805,1162,349,1
28536,2,1,2,20,0,0,0,0,-1,0,24688,16913,6058,-1594,14646,3955,5557,2383,170,1030,1560,-187,0
191857,1,2,1,51,-2,-2,-2,-2,-2,-2,3222,1907,1051,13436,-1450,2333,1161,1913,-201,4059,-34,293,1
488998,2,1,1,32,-2,-1,-1,-2,-1,-1,14617,808,18854,10034,12385,18041,4680,5029,795,16985,15351,2397,0
240934,2,2,2,29,0,0,0,0,0,0,33491,42188,94624,14269,12510,11017,31713,2043,11511,6064,1876,1679,0
181699,2,2,2,26,0,0,0,0,0,0,30258,56445,88476,25965,36492,29017,2728,1738,3978,159,473,1233,1
149644,2,0,2,23,0,0,-1,-1,0,-1,13125,4758,95307,11018,81307,23188,11484,2147,2016,8448,2000,205861,0
167272,2,3,1,35,-2,-2,-2,-2,-2,-2,2438,-1293,580,-166,687,577,-227,1211,-347,-143,140,268,0
246586,2,4,2,33,-2,-2,-2,-1,-1,-1,17066,19774,27513,15284,1487,10338,2048,4927,13678,2975,2211,26404,0
17748,2,2,1,45,0,0,0,0,0,0,14399,14348,21180,6660,13421,6284,1576,1858,1300,6648,2453,10,0
231763,1,4,2,30,-2,-2,-2,-2,-2,-2,2906,-2315,285,2261,-836,35,1805,2099,17572,1697,132,2827,0
195042,2,2,1,36,0,0,0,0,0,0,46840,155914,82193,170231,103052,119452,5240,11640,4296,2397,4309,3929,1
176215,1,2,2,30,1,-2,-2,-2,-2,-2,62826,40058,5323,-415,629,847,1553,4665,380,4173,1809,1530,0
421975,1,1,2,25,-2,-2,-2,-2,-2,-2,2841,3022,2256,31,-366,1502,1203,832,162,145,1921,300,0
157065,1,2,2,23,0,2,0,0,0,0,42301,34816,64789,74405,121322,49538,631,5664,1561,1649,3454,462,0
320069,1,3,1,37,0,0,0,0,0,0,74085,79885,134020,87746,56188,221762,8562,724,53068,31543,1649,2881,0
203586,2,3,0,24,0,0,0,0,0,0,92830,219331,99134,123625,98345,71356,7186,8318,2218,414,1815,2221,0
507405,1,2,1,40,0,0,0,0,0,0,150035,114155,66307,272206,11871,13486,8299,848,1515,9175,202,13262,0
17400,1,2,1,23,2,2,2,0,0,0,10903,13521,3099,18138,14738,26778,519,19,399,248,2096,247,1
212285,2,2,1,23,0,0,2,-1,0,0,-178,17822,10887,12081,13665,9129,3467,5420,2448,384,4710,5688,0
50922,2,2,3,43,-1,-1,-1,0,0,0,620,2057,2025,941,1242,1321,-541,2131,-489,1021,5361,448,0
216957,1,2,1,36,-1,0,0,0,0,0,14779,12656,24159,3093,14186,10758,1324,1787,1105,5478,2619,276,0
17236,1,3,3,46,1,2,0,0,0,0,832,249,2910,1005,9560,1974,362,4628,436,-91,1747,-174,1
94476,2,2,1,24,0,0,0,0,0,0,50303,110997,96457,48458,22317,73482,7833,2959,556,659,1204,1581,0
412190,1,3,1,35,-2,0,0,-1,-2,-2,55452,7989,19589,16173,39703,53510,33883,1414,16867,1422,18301,11307,0
13108,1,2,2,38,0,0,0,0,2,2,8655,21355,49350,18987,12959,28685,2168,1012,456,1567,1389,57,0
523657,1,2,1,34,0,0,0,0,0,0,296470,351181,364164,222741,179628,320870,29457,12212,123590,18736,10527,4066,0
74945,2,4,1,48,-1,-1,-1,-1,-1,-1,1456,-182,22501,5838,-155,84,1197,11893,1051,784,1615,1590,0
17873,1,3,0,42,-1,0,2,0,0,0,14278,7784,13196,11361,11715,17434,3092,1948,1159,749,1756,-82,0
391231,1,3,1,29,2,-2,-2,-2,-2,-2,1404,-32,1271,498,1025,1150,-1576,-114,-904,-205,646,-49,1
107384,2,3,3,44,1,-2,-2,0,3,-2,8673,13496,656,-842,-1247,134,-41,1507,-1078,-652,99,323,1
107194,2,6,1,60,0,0,0,0,0,0,43274,60882,54476,42188,37301,86266,3701,4210,2879,1054,1128,-67,0
112942,2,2,2,46,-1,-1,-1,-1,-1,0,53892,71128,55390,77816,60780,108524,4348,11331,9897,7814,1760,5735,0
53239,1,1,2,26,-1,0,-1,0,-1,0,9465,12682,12328,44346,52796,28771,4685,7356,458,2999,1994,2269,1
305350,2,6,1,37,0,0,0,0,0,0,290104,257936,115976,96051,41338,101340,2876,1711,4290,2267,166,1690,0
390323,2,5,1,42,0,0,0,0,0,-2,35487,82293,70341,44605,54153,9212,9648,6827,976,1925,3770,1570,0
145591,1,1,2,27,-1,-1,-1,-1,-1,-1,3882,2422,1636,382,957,-270,2832,953,-390,235,-198,489,0
204005,1,1,1,28,-1,-1,-1,-1,-1,-1,2026,-3296,401,1421,570,-124,-1331,1278,-27,694,1183,810,1
80441,1,2,1,36,-1,2,0,0,0,0,-1222,7144,14721,7909,28785,11286,765,1998,1076,2468,632,5710,0
452410,2,1,3,33,-2,-2,0,-2,0,0,15537,24223,23897,45487,50684,19092,52473,49379,20325,3466,4625,12314,0
171710,2,4,2,24,-2,-2,-2,-2,-2,-2,22677,477,2016,472,-272,1412,1715,2251,-207,204,-110,15160,0
26824,2,2,2,23,0,0,2,2,2,2,10064,29132,32714,45054,45101,64096,2897,2867,-286,2893,856,1498,0
75988,2,2,2,28,-1,-1,-1,-1,-1,0,2276,392,1654,10887,2848,12907,3967,2732,3781,2091,1938,16776,0
176173,2,1,2,23,0,0,2,0,2,0,49648,76375,29374,32730,40551,34701,4289,5328,315,1346,1875,842,0
147274,2,5,1,42,0,0,0,0,0,0,34434,63380,66934,52454,32528,65745,3165,2835,873,1249,6443,271,0
17929,2,2,2,22,0,0,0,0,0,0,93444,67690,31022,21358,16662,40248,3135,2663,176,3327,2269,-499,0
238367,1,2,1,38,-1,-1,-1,0,-1,-1,66757,11118,17403,123353,63768,17146,6318,20433,2164,306,273,1531,0
52756,2,1,1,40,0,2,0,0,-2,0,13509,5223,9201,12613,4536,16067,1284,1622,3088,837,1342,341,1
169386,1,1,1,30,1,2,2,2,2,0,-3533,11981,71578,35790,41736,2731,-297,1642,-681,734,1425,2585,1
220157,2,2,1,33,0,0,0,0,0,0,253806,118674,202753,141537,334749,48912,10151,9966,2468,7085,9424,1231,0
155041,2,1,1,37,0,0,0,0,0,0,140842,89065,68913,9327,39681,45250,8740,7696,9097,4165,154,5681,0
23418,1,3,1,42,2,0,2,0,0,2,9759,45257,46281,26484,56018,39718,888,1732,3494,1028,1109,282,1
19674,2,3,3,49,0,0,0,0,0,0,16946,102624,11953,1001,13953,20753,2256,1218,932,654,2018,477,0
50748,2,2,1,36,0,0,-2,-2,-2,-2,11591,13788,2088,7065,4539,-147,8702,1868,713,-106,2215,-183,0
194483,2,2,1,41,1,2,2,2,2,0,14269,21762,13165,7805,125785,136629,9758,8220,8235,22476,11557,7119,0
66730,1,1,2,34,1,2,3,0,0,0,-458,-1000,-1572,-30,-466,1541,-1541,618,-404,179,1047,115,1
51214,2,4,2,35,2,0,-2,0,0,-2,18311,2304,4368,341,51,1215,2515,2040,-194,-188,124,334,0
92740,2,2,3,32,0,0,0,0,0,0,54881,127105,71700,165540,106175,103067,5223,3371,1853,2149,2278,2318,0
228564,1,3,2,34,-2,-2,-2,-2,-2,-2,6999,6591,413,525,-254,171,1289,1774,-129,1686,754,65,1
30897,1,6,2,45,0,0,0,0,0,0,14312,39227,57499,11397,11175,19428,5144,1778,738,-99,-265,335,0
257711,2,1,2,27,1,2,-1,-1,-1,0,27233,4796,41585,38436,45813,41423,46212,2318,4290,46936,2581,634,0
261819,2,2,1,34,-1,-1,-1,-1,-1,-1,1314,1337,858,-63,487,1884,3387,856,884,1322,1367,1212,0
168562,1,2,1,51,1,-1,-1,-1,-1,-1,2700,7117,3477,9750,16602,12321,52,15541,603,475,382,67,0
279723,1,1,2,26,1,-1,-2,-1,0,-1,2363,1340,3077,-185,1745,1424,911,1478,714,1080,1532,392,0
24863,1,5,1,22,2,3,2,2,2,0,9816,419,282,7049,3266,2343,-365,466,-73,165,193,273,0
66646,1,3,1,50,1,2,0,0,0,0,2424,-505,16309,9669,6751,26166,962,1868,1520,1849,838,2291,0
18775,2,2,3,47,2,2,0,0,0,0,8278,57567,21536,13106,12567,22524,856,2112,2437,36,5900,7,0
23705,1,1,2,25,-1,2,2,2,2,-2,13868,24118,443,-442,17447,15565,1136,1366,-279,-373,357,69,1
30821,2,2,3,41,1,2,2,0,0,-1,1873,-17,-958,1568,524,11717,-288,845,761,1605,2041,492,1
380512,1,1,1,44,0,0,0,0,0,-1,398532,20746,103217,207375,122536,311262,9663,17985,23607,8806,24130,2152,0
97916,2,4,2,25,0,0,-1,-1,-1,-1,15987,10804,3417,18619,1538,1847,4903,6410,2631,7512,2182,5296,0
97074,2,2,1,55,0,0,0,0,0,0,203,2193,2145,13047,3309,-6,-180,2263,109,412,1092,-489,0
11329,1,1,2,56,0,0,0,0,0,0,15573,2614,2955,10203,5194,1035,1179,1614,372,100,1316,6,0
207439,2,1,1,44,-1,-1,-1,-1,-1,0,-770,1382,560,3850,468,13149,1106,1913,2132,200,1624,225,0
146397,2,1,1,23,0,0,0,0,0,0,127369,194876,64117,102085,107897,85706,7062,2570,3653,2026,4174,-222,0
190610,1,1,2,25,-1,-1,-1,-1,-1,-1,1918,810,1369,389,386,966,2269,3021,594,2823,1303,202,0
379899,2,1,1,40,-2,-2,-2,-1,-1,-1,13669,49811,22639,18882,13191,33430,985,10155,19239,5007,26902,62200,0
87282,2,3,1,38,3,2,2,2,2,2,8683,12255,-595,1540,2046,39197,-1044,723,-448,499,1769,-27,1
106836,1,1,1,25,2,2,2,2,2,2,24772,66183,24767,27520,37850,54373,5008,6193,-127,939,1841,-297,1
103324,2,5,1,36,0,0,0,0,0,0,39722,47871,48849,20631,24018,79826,2679,3042,845,109,1772,-377,0
220123,1,2,1,35,0,0,0,0,0,0,489971,348893,428773,120854,128091,220802,9330,7990,10403,14821,9149,5550,0
138926,1,1,1,27,0,0,0,0,0,0,103800,63590,57727,23255,64740,77775,6659,2194,3721,7584,4207,350,0
100295,2,1,2,26,1,-1,-2,-2,-2,-2,3095,816,3259,2094,1267,2671,-534,90,-771,-646,64,-383,0
334742,1,2,1,32,1,0,-2,-1,0,0,16970,17088,19114,14312,14100,11909,4663,4172,624,797,1032,28650,0
108051,1,2,3,46,0,0,0,0,0,0,87155,117948,73981,10119,61503,75832,1675,1179,800,785,1975,131,0
73646,2,2,1,34,0,0,0,0,0,0,34211,44576,117590,17670,9908,49678,6797,1851,2725,3642,1631,1080,0
53143,2,2,2,24,0,0,0,0,0,0,37801,40524,58908,12799,13802,36479,1282,1832,726,-36,463,334,0
198206,2,1,2,51,-2,-2,-2,-2,-2,-2,20680,1218,51,3884,-1511,-1148,2311,589,779,-203,10,56,0
417234,2,1,1,34,-2,-2,-2,-2,-2,-2,-1782,1563,2942,922,1064,1000,1217,6748,1017,506,1128,1980,0
160345,1,2,2,26,0,0,0,0,0,0,120617,117619,100999,37970,35395,80007,14924,2656,2091,4823,1445,500,0
50484,1,2,2,34,1,2,-2,-2,-2,-2,8733,-352,-1907,-916,-1554,891,-1050,-191,-1259,160,78,1,1
100432,2,2,2,24,0,0,0,0,0,0,85019,54259,49507,48791,35833,31097,1699,9714,2234,3191,4139,2998,0
45846,2,2,2,23,0,0,0,0,0,2,94648,105495,9686,9500,2570,9001,3488,2036,949,2521,3531,-446,0
26479,2,2,2,49,0,0,0,2,2,0,2968,22437,10915,312,3405,21662,572,812,401,46,762,-503,0
181883,1,2,1,44,1,2,2,2,-1,-1,2753,757,2510,9590,336,40912,1085,512,486,1696,1362,1802,0
122607,1,3,2,30,3,2,2,2,2,3,5833,15319,642,2133,92899,3395,-455,110,-684,-305,497,-591,0
238237,1,3,1,35,0,0,0,0,0,0,196467,250407,553753,222833,423952,47878,6484,18927,9320,5947,4996,7279,0
146946,1,3,1,36,0,0,0,2,0,0,54571,155437,45895,20655,55796,85954,4923,1997,2090,10560,260,2453,0
203649,2,1,2,26,-1,-1,-1,0,0,-1,1643,2676,1279,307,898,852,1715,1047,-265,88,1514,1443,0
283841,2,2,1,37,0,0,0,0,0,0,64952,256447,169971,161593,110632,98468,5905,9299,9943,6396,5444,5430,0
21611,2,2,3,39,0,0,0,0,0,0,3182,2434,2881,359,24987,319,1057,1541,183,280,1529,132,1
104338,1,2,2,43,-1,-1,-1,-1,-1,-1,-1426,-3879,-1573,966,-627,-393,-35,1562,35071,7422,263,648,0
20969,1,2,3,57,0,0,0,0,0,0,22624,20364,24146,10466,21223,22926,1391,1308,335,2184,2415,310,0
98735,1,1,2,36,2,2,2,2,2,2,56630,84710,35738,148340,68118,98284,-290,4475,-601,1024,1999,1388,1
24661,2,2,2,35,3,3,2,2,2,2,-495,2289,5804,2425,8262,1521,721,2446,617,-168,1441,4755,0
227432,1,2,1,43,1,2,2,2,4,-2,12908,15593,6968,710,1683,-107,11,227,-947,-411,1427,-345,1
111582,1,2,2,34,1,0,0,0,0,0,8620,1874,38901,8449,44343,44337,2308,2427,1651,3019,-101,160,1
25684,2,2,2,25,2,3,2,2,2,2,4953,53298,42047,44129,36957,41079,2071,3344,-316,253,1167,-497,1
478289,2,0,1,30,-2,0,-2,-2,-1,-2,14596,16564,18174,10550,63667,25034,5774,20029,10122,10284,56967,11667,0
232483,1,0,2,37,0,0,-1,-1,-1,-1,7822,10774,12160,8126,21160,6090,22735,8544,5306,9758,10230,11000,0
84780,2,2,1,29,1,2,0,0,0,0,36406,45901,70859,30630,73604,41150,415,4481,2823,596,2055,2113,0
112325,1,2,1,48,1,0,0,0,0,0,26239,63205,49667,46827,74029,78408,1116,2808,3030,3149,5629,1644,0
76271,1,3,3,47,2,2,2,5,-1,3,12855,17272,946,2075,1794,1622,1357,252,-329,-37,1979,395,1
27002,1,2,2,24,0,0,0,0,2,2,13776,292,17733,15571,12178,4582,10977,4939,1265,18,4625,857,0
225788,2,1,1,32,1,0,0,0,0,0,60996,67562,59803,48772,58447,47834,1722,4696,1877,2650,833,1196,0
160401,2,2,1,50,0,0,0,0,-2,-1,20651,14554,2961,7888,1029,-1296,1078,2093,-233,5897,256,289,0
501458,2,1,1,43,-2,0,0,-1,-1,-1,7369,16618,20327,178244,17691,24340,6747,15555,19199,8879,10491,16026,0
49648,2,1,1,35,0,0,0,0,0,0,42139,31920,46783,22406,20550,31140,3124,2543,1374,1482,1274,346,1
71619,2,2,1,50,2,2,0,3,2,2,38564,61071,31723,30714,41397,69520,4242,1986,1393,1604,901,994,1
242355,2,1,1,27,0,0,0,0,0,0,145105,124676,82690,126867,92467,99389,14229,12617,7172,3396,3992,1079,0
78490,1,2,2,36,0,0,0,0,0,0,76571,73643,49686,25300,83868,807,85735,5055,1771,434,385,689,0
159201,2,1,1,28,0,2,0,0,0,0,66649,112749,39303,58715,10291,72313,8573,1405,7702,1729,2786,1755,0
57380,2,3,3,57,-2,0,0,0,0,-2,50826,2702,2993,15832,-1898,1349,911,1434,348,28,1915,-293,0
351962,2,2,1,31,-2,2,-1,-1,-1,-1,1422,-724,75073,799,-2639,200,154,64209,-334,1933,285,5287,1
235863,1,1,3,35,0,0,0,0,0,0,74479,78921,77364,15313,37739,9981,12473,1992,6562,297,42,3120,0
143601,2,2,2,25,2,0,0,0,0,0,82046,76463,36774,18103,37283,2141,1547,2076,445,488,2616,285,1
186960,2,3,1,37,1,-2,-2,-2,-2,-2,1928,-635,-225,551,-388,-1084,-183,1261,-499,60,929,-102,0
92902,2,2,2,25,2,2,0,0,0,0,30963,31002,2581,44798,30010,12874,-123,896,-680,2373,1460,-16,1
25253,2,2,1,43,3,2,2,2,3,2,5549,11917,11727,1246,21180,1816,187,2570,140,-424,1247,1481,1
283248,1,2,1,34,0,0,0,0,0,0,192447,398000,160774,142080,170893,126668,9672,13822,4120,5280,11884,2131,0
17359,1,1,2,23,0,0,-1,0,0,-2,8215,-894,143,-1457,-175,990,787,886,490,68,215,286,0
219184,2,1,2,27,-1,-1,-1,0,0,0,-621,8403,20506,3063,5794,45522,1108,1406,1287,-416,3331,3494,0
170554,1,6,1,51,0,0,0,0,0,0,92184,43193,46147,34761,12755,13188,1496,703,870,3164,632,2769,0
493092,2,3,1,38,0,0,0,0,0,0,238975,515801,210685,226360,202977,272576,7329,7697,17338,49218,6655,6087,0
255875,2,2,2,29,1,0,0,0,0,0,28506,64651,68626,43224,37831,33629,1214,2310,1204,652,1954,2500,0
18927,1,2,2,40,0,0,0,0,0,0,19043,10715,41226,575,-3527,-834,4893,3007,3299,343,-6,332,0
214072,1,0,2,23,0,0,0,0,0,0,41294,72395,44629,9428,52559,37233,5996,3434,30764,2540,466,4467,0
74520,1,2,1,34,1,2,2,2,0,2,32806,33176,60505,39141,43735,51816,-121,2004,1442,1824,2119,2739,1
12812,2,2,3,52,0,0,0,0,0,0,21478,22588,21983,12575,9926,14041,2808,3001,1218,713,492,-306,1
71994,2,2,2,25,-1,-1,-1,-1,-1,0,18442,4110,3586,13845,10320,-543,10402,6486,3692,9449,3437,57,0
275640,1,1,2,27,0,-1,-1,0,-1,0,2218,898,22693,10077,29262,43905,1163,454,353,82,4101,929,1
371895,2,1,1,33,0,0,0,-1,0,-1,126343,137157,60914,21864,126025,78636,11658,8007,2912,1197,93844,2198,0
137793,2,2,1,30,0,0,0,0,0,0,71042,135006,96490,125117,68792,108015,14592,4411,2561,3618,2336,321,0
89244,2,2,2,58,0,0,0,0,0,0,33505,40910,38484,29612,3520,2985,2327,1097,198,-634,2148,588,1
545819,1,2,2,36,0,0,0,0,0,0,458595,439321,448647,475041,411046,424634,16554,23157,146659,20296,22921,9734,0
377101,2,2,1,37,0,0,0,0,0,0,110959,195067,116937,145002,154467,55761,9835,22842,1742,1034,3212,9814,0
131362,1,2,2,33,1,2,0,0,0,-1,54525,64540,85895,8412,45756,1721,6674,3157,-70,1007,4529,480,1
228215,2,2,2,31,-2,-2,-2,-2,-2,-2,1195,3189,3058,943,2406,811,13136,1263,-450,83024,1704,1179,0
494851,2,3,2,31,-2,0,0,0,0,0,315028,399779,107416,529894,194664,63405,36009,23443,44855,14742,32827,5907,0
53055,2,2,2,23,0,0,0,0,0,0,7853,23113,46413,12683,16950,11207,12467,2152,874,2537,4253,503,0
23630,2,5,2,22,0,0,0,0,0,0,19310,65623,107150,14804,8360,25072,2222,2455,3897,3391,2672,-179,0
403820,1,1,1,27,0,0,-1,-1,-1,0,73516,83333,91380,103012,311982,84306,9389,6322,3692,6646,58428,1059,0
158032,2,1,2,28,3,3,2,2,3,-2,-1621,11236,-779,362,-941,1102,-338,690,-891,-143,51,188,1
223401,2,1,2,28,-1,-1,-1,-2,-2,-1,374,-872,123,-155,-1051,788,-768,1397,485,-332,131,416,0
175444,2,2,1,35,0,0,0,0,0,0,57006,176188,73786,116076,124209,79407,5026,118618,4134,2637,3711,1435,0
98528,2,2,1,38,0,0,0,0,0,0,85729,269683,81051,43313,113612,78960,11909,10637,3215,3388,4057,7463,0
22961,2,2,1,33,0,0,0,2,2,2,16130,20131,14258,42281,19636,44287,2888,1500,1497,6681,1867,5323,0
206584,2,2,1,34,0,0,0,0,0,0,157086,177869,82476,80217,111339,202718,2278,8455,1279,5906,1188,5334,1
427820,2,2,1,33,-1,-1,-1,-2,-1,-1,-894,-2576,299,1021,-411,1266,-804,-306,-155,-216,58,238,1
423617,1,2,1,38,-2,-2,-2,-2,-2,-2,2630,11484,23530,3613,-1585,1107,58596,23737,6339,8947,51811,1763,0
25908,2,2,2,23,2,0,2,2,2,2,5703,54811,67862,27167,24857,41179,7963,1792,623,895,2154,1243,1
156879,2,2,1,39,2,2,0,0,0,0,38987,115166,92437,71870,98164,87636,1078,6845,1513,1741,314,4513,1
363171,2,1,2,36,-1,-1,-1,0,-1,-1,951,559,1796,5813,-575,251,-229,939,362,598,764,16580,1
201873,2,1,1,38,-2,-2,-2,-2,-2,-2,6291,21182,24083,15104,832,1245,23985,22119,16728,45035,22565,-3,0
161288,2,2,1,48,0,0,0,0,0,0,135564,89589,82281,49092,106904,80595,3961,14845,3631,496,778,848,0
408423,2,2,1,34,1,0,0,0,0,0,264089,299078,88405,404500,315564,428131,7413,25365,48236,31693,39279,62378,0
29839,1,2,3,34,0,0,2,0,0,0,20192,19153,14035,14006,-70,2359,1362,1333,2956,111,38,-56,1
50472,1,3,1,32,0,0,0,0,0,-1,4303,14793,1847,1436,31,953,800,2947,1472,148,1602,609,1
225203,2,2,2,24,0,0,0,0,0,0,43219,64481,84501,48563,29551,80901,6614,5559,177,1833,1213,1122,0
127506,1,5,2,30,2,2,0,0,0,0,47952,107392,71231,161273,61762,70138,-250,1937,179,426,2702,1384,1
80307,2,2,2,25,0,0,0,0,0,0,-2335,15582,2206,-5139,6657,6385,3725,1668,3794,-119,2116,2794,1
12398,1,2,2,23,0,0,0,0,0,0,28539,96686,51857,3459,8393,-101,2204,2074,916,-365,248,-154,0
87601,2,3,1,33,-2,-2,-2,-2,-2,-2,875,-204,3135,-72,-1935,-321,112,863,529,-80,14058,65,1
178716,2,2,2,34,-2,-2,-2,-2,-2,-2,-966,986,-546,793,-118,963,614,1470,109,-285,1647,527,1
49942,2,2,2,55,0,0,0,2,2,0,46819,68521,52512,45884,31394,46831,2983,1481,1109,1163,1842,2793,0
497077,2,1,1,48,1,-2,-2,-1,-1,-1,16088,1182,17908,20092,1068,60196,978,17466,1432,40893,27842,87648,0
211954,2,1,1,43,-1,2,-1,-2,-2,-2,-698,-971,955,-1,-1876,-494,-57,479,-356,105,618,-113,1
192714,1,2,2,32,-1,-1,-1,-1,-1,-1,764,-437,1686,908,91,851,81,1780,160,281,2451,989,1
156532,2,2,1,48,0,0,0,0,2,0,125276,66793,69309,85042,154865,95106,5915,6493,-562,7644,3567,7573,1
423835,2,1,2,30,1,-1,-1,-1,-2,-2,390,-264,2026,-1089,1037,-96,-183,1292,485,2103,2055,14633,0
224127,1,6,1,40,-2,-2,-2,-2,-2,-2,60009,82600,83155,11847,13220,1700,95361,22911,361,4146,-122,281,0
186631,1,1,2,58,-2,-2,-2,-2,-2,-2,12188,11438,26749,-948,-1735,673,5075,2055,170,1149,-123,782,0
90361,2,2,2,29,-1,-1,-1,0,0,0,-390,99,1595,748,958,1130,4054,1308,-667,117,1097,119,1
335610,1,1,2,23,0,0,0,0,0,0,18152,20198,2888,3750,-241,798,5191,882,11028,-257,160,-123,0
102180,2,2,1,37,2,0,0,2,0,0,115198,69668,28225,74903,71382,44940,6503,6712,2161,3247,1937,878,0
372506,2,3,1,37,0,-2,-2,-2,-2,-2,83985,13682,681,-1075,1808,1628,5160,1989,1749,-79,-83,-187,0
327423,2,2,2,28,0,0,0,0,0,0,116426,182091,185615,101067,114041,111093,12560,12112,3356,6242,3908,1788,0
28517,1,1,2,24,0,0,0,0,3,-2,19124,13624,10,620,-3257,-1920,1169,2316,935,-624,814,-91,0
322528,1,6,2,47,0,0,0,0,0,0,257326,241800,312013,207822,59883,136839,7570,8558,6690,5764,65306,3863,1
91257,1,2,1,33,-1,-1,-1,-1,-1,-1,-2163,-2357,717,59,606,463,-296,642,222,678,882,319,1
521647,1,1,1,40,-2,-2,-2,-1,-1,-1,11496,21410,108467,43710,28534,55016,45100,28309,23486,46060,20823,15419,0
521513,2,6,1,49,1,0,0,0,0,0,95297,167263,97713,293915,243299,109076,2744,47608,8019,4621,4793,-37,0
159099,2,2,1,40,0,0,0,0,0,0,110776,146640,47694,131219,124559,72772,11629,2219,3666,3195,1265,6990,0
151482,1,2,1,30,0,0,0,2,0,0,57252,187992,71708,154450,105498,83895,4780,2653,3848,4355,2042,1393,0
378872,2,2,2,31,-1,-1,-1,-1,-1,-1,1693,1651,-314,417,-716,-710,-743,11995,1344,1064,80101,25644,0
141445,1,2,3,31,-1,-1,-1,-1,-1,-1,3206,-2333,-1624,1446,-128,-222,-758,2366,97,486,64,638,1
214254,1,6,1,33,-2,-2,-2,-2,-2,-2,11471,8379,1472,146,-2709,1273,2146,2354,514,563,-228,-124,0
237555,2,5,1,28,0,0,0,0,0,0,80426,186494,168741,126100,116786,72836,2241,2943,2953,1515,2589,2186,0
15980,2,2,2,23,0,0,0,2,0,-1,11111,21447,-1797,11387,13673,10097,793,2399,1850,5247,3747,4505,0
505630,2,2,3,49,0,0,0,0,0,0,69081,86599,75472,74844,15221,34908,10640,9899,2125,6103,4523,7884,0
171299,2,5,1,35,-2,-2,-2,-2,-2,-2,7701,-387,792,-742,-681,883,919,1152,84,8370,1427,1345,0
74592,2,2,1,30,1,3,-2,2,-2,2,68297,18726,13352,51499,23595,48892,115,10640,483,8639,1377,1258,1
536866,2,4,2,42,0,0,0,0,0,0,207820,503784,333368,291115,92317,102431,8352,19949,3989,5524,7832,5304,0
23733,1,1,2,31,-1,-1,-1,0,0,0,4278,-703,754,12436,2032,-526,506,1935,2278,308,5038,412,1
250822,2,4,2,26,1,2,0,0,0,0,47793,154823,93425,118703,106192,86511,421,2618,1089,1774,2509,2318,0
81945,2,3,1,49,2,0,0,0,0,0,3015,19069,37849,10627,-776,3168,378,1052,928,13253,1003,708,0
49627,1,1,2,23,0,0,0,0,0,0,32555,51195,60226,21097,12214,21341,1802,1706,995,1263,3794,353,0
25756,1,2,2,26,0,0,0,0,2,2,11915,3309,6227,-1496,-330,10227,6192,1871,476,16299,3552,121,0
17611,2,1,2,30,0,0,2,2,0,2,14551,21028,10409,9888,-618,987,1928,2087,-191,746,1491,196,0
210375,2,2,0,31,-1,-1,-1,-1,-1,-1,1228,9197,16812,266,985,13203,1004,2761,1279,6113,441,13251,0
21229,1,2,2,30,3,2,2,2,4,0,-79,5461,102,15901,6295,1067,1436,59,265,-81,198,287,0
200691,1,1,2,44,-1,0,-1,-1,-1,-1,4260,2466,2425,-1002,368,570,5197,1771,899,7501,92,-114,0
307202,1,5,1,43,2,0,0,0,0,0,76826,219865,79967,189708,75255,72876,5352,7366,2018,699,6060,2887,1
89415,2,2,1,38,0,0,0,0,0,0,43299,54328,49897,9901,6797,13349,5056,1531,913,1362,3044,1108,0
81573,1,2,2,22,1,0,0,0,0,0,53109,59871,51207,15652,4990,45232,410,1066,1887,1980,3892,1386,0
103604,2,1,2,24,-1,-1,-1,-1,-1,-1,-2082,-2001,481,588,2608,108,1017,1549,-337,4300,1401,513,0
195009,2,2,2,29,1,-1,-1,-1,-1,0,248,1184,1630,1213,441,1776,-1002,827,456,519,945,1013,1
54761,2,2,1,55,0,-2,-2,-2,-2,-2,53424,993,211,10828,-628,2202,1266,1226,1067,1913,1998,-341,0
223313,1,4,1,39,-2,-2,2,-2,-2,-2,6870,12974,16466,14023,18941,7397,5744,19078,88,4066,513,6341,1
218448,2,2,1,32,-1,2,0,-1,0,0,148259,128114,146172,131862,159513,99962,5516,8310,1086,5237,8537,5012,0
199396,1,3,1,31,1,0,0,0,0,0,44906,54576,78399,5655,16821,38002,764,4630,-58,5641,2109,1700,0
76451,1,2,1,43,0,0,0,2,2,2,61333,99876,52913,89167,107307,92364,2363,2575,3620,4633,2503,-258,0
287151,1,2,1,35,2,0,0,0,0,0,80859,-218,12932,67353,3877,-817,-819,2152,1295,4662,5684,380,0
19812,2,2,2,47,0,0,0,0,0,0,35178,49615,60073,13922,15874,32974,7153,2900,446,804,1658,-252,0
215892,2,2,2,26,0,0,0,0,0,0,19194,61430,81446,38832,24570,23748,1451,764,478,1123,1762,297,0
74979,2,2,1,35,-1,0,0,0,0,0,2687,12250,13673,-32,15809,8719,5044,804,3177,6411,4071,4834,0
88714,2,2,2,30,1,-2,0,0,0,0,10686,53847,52694,38481,36991,49860,68529,5755,14485,43744,2443,4668,0
251014,2,2,2,34,0,0,0,0,0,0,302734,435831,112653,207704,382502,228066,4484,28690,9618,4777,8936,2303,0
247140,2,4,2,35,-2,-2,-2,-2,-2,-2,10856,5488,2480,910,-2315,2033,2073,1325,192,-367,92,1392,0
181869,2,1,2,42,0,0,0,0,0,0,123867,162760,359399,171438,104548,101691,8162,8315,9672,4843,2823,656,0
233535,2,2,1,35,0,0,0,0,0,0,12280,24798,26930,10499,18818,50693,48805,2189,1209,41407,10070,8730,0
225026,2,1,2,25,0,0,0,0,0,0,78574,30862,25714,41938,19074,13126,1938,2376,1948,-466,3698,2846,1
25234,2,3,1,39,3,0,3,2,0,2,14549,11444,12432,17082,-571,33026,133,1232,-202,6290,1152,2219,0
394593,1,1,1,39,0,0,0,0,0,0,199883,151448,227469,150229,163227,91393,11281,7808,10325,23136,2613,179,0
91094,1,2,2,35,-2,-2,-2,-2,-2,-2,1343,-2183,15542,1378,-1937,1424,297,416,60,1465,715,314,0
62851,2,1,1,48,-1,2,2,0,-1,0,51218,21526,78366,85860,52866,48169,61464,4854,1001,1582,5242,4152,0
311888,1,2,1,31,-2,-2,-2,-2,-2,-2,3853,5645,-910,1066,37,-1819,-538,1714,-432,29,81,1284,0
53452,2,3,2,23,0,0,0,0,0,0,38200,22889,58647,13621,18868,13075,1394,11637,876,5393,912,609,0
217823,1,4,1,39,0,0,0,0,0,0,89405,136177,96091,106055,58433,89607,29008,2207,2507,456,3502,2057,0
24781,2,2,3,36,0,0,0,0,0,0,8674,20888,47601,9389,2053,568,1491,1770,165,-141,474,135,1
26758,1,2,3,38,0,0,0,0,0,0,16999,20647,14374,2656,15154,15416,3745,1964,1055,1836,2595,-86,0
84158,1,2,1,35,2,2,0,0,0,0,86875,334197,54658,194594,34493,60271,-292,4978,3093,598,2723,1976,1
286847,1,1,2,35,-1,-1,0,-1,-1,-1,11683,7375,5899,12611,9263,4917,9022,19823,8151,2656,117134,180273,1
410943,1,3,1,46,-1,-1,-1,-1,-1,-1,-695,-1598,1166,284,2108,758,-273,677,116808,3472,67886,2055,0
302279,2,0,2,42,-2,-2,-2,-2,-1,-2,12202,-641,7565,-109,480,-609,2496,1832,787,3789,387,254,0
138466,1,3,1,37,-1,-1,-1,0,0,0,1097,-316,1409,12569,9042,9746,-589,244,1310,586,1072,835,1
243931,2,2,1,32,1,-2,-2,-2,-2,-2,87142,4690,2879,1140,-977,141,1937,2518,11728,894,301,402,0
80844,1,5,2,23,0,0,0,0,0,0,30203,20624,48768,4403,34596,88114,853,1899,502,-544,5669,2516,0
47678,1,2,1,47,1,3,2,5,0,0,3283,5315,-219,2145,-2561,8674,-4,94,179,1022,1287,296,1
82944,2,4,1,30,0,-2,0,0,0,-2,53520,83690,63906,50710,34860,42559,6098,1888,1038,527,179,2609,0
533165,1,2,1,34,0,0,0,0,0,0,390710,320500,331670,300817,316532,287643,7006,7650,8664,1841,13832,7427,0
16430,2,1,1,41,1,2,2,0,0,2,2561,16430,8152,29857,49277,40253,-48,-353,517,9901,1198,724,1
21842,1,3,1,21,0,0,0,2,0,0,8560,46974,13089,5949,9535,21931,1738,1736,1628,908,449,-304,0
76215,2,2,2,32,0,0,0,0,0,0,42005,41224,33875,9607,33362,-248,4954,571,449,207,1676,1389,1
230764,2,2,1,48,-1,-1,-1,-1,-1,-1,600,11132,586,763,-66,-943,-83,683,57990,10110,2574,4102,1
212470,1,1,1,31,1,-1,-1,-1,-2,-2,-112,1945,3056,852,671,1282,-1541,954,-1148,-875,382,-174,1
196756,1,1,2,31,-1,-1,-1,-1,-1,-1,-1107,-85,1701,1366,2019,209,-394,859,1743,257,5427,370,1
102488,1,6,1,44,0,0,0,0,0,0,49018,10291,-906,5465,7573,635,454,611,875,274,172,249,0
236699,1,2,2,25,1,0,0,2,2,2,67923,178162,60022,102485,67922,99836,6034,6012,1736,6578,1524,-28,0
449662,2,2,1,47,-1,-1,-2,-1,-2,-1,2109,10184,1172,-851,468,179,768,17451,304,1046,218,1203,0
136079,2,3,2,36,0,0,2,-1,-1,-1,11106,14473,44963,12720,2294,1645,4123,19988,1077,7656,1696,742,0
512994,2,3,1,34,-2,-2,-2,-2,-2,-2,13463,4975,14304,2951,422,10667,1139,21465,31472,8881,-226,16238,0
155881,1,2,2,24,-1,-1,-1,-1,-1,-1,1345,-1012,1159,152,2253,1002,956,1961,11122,439,2396,2198,0
86620,2,2,1,33,0,0,0,0,0,0,35353,53926,38963,33540,27489,47431,6753,7067,2807,1678,1643,2101,0
23996,2,2,2,28,0,3,0,0,2,0,16533,29180,3480,647,12228,35482,3833,1344,218,1462,699,3292,1
85772,1,2,1,40,1,2,2,2,2,2,-1666,16289,16919,49284,52884,110167,3540,23117,619,9241,1628,1452,0
431774,1,2,2,37,0,0,0,0,0,0,63283,232970,162294,116253,137275,193080,9856,12923,5570,29950,5138,842,0
50108,2,3,2,28,1,-1,0,0,0,0,34176,2454,2073,17537,743,813,-732,895,-594,1520,127,-2,0
226681,2,2,1,29,0,0,2,-1,-1,0,197450,344622,8310,93928,417208,69305,10790,8559,104383,3442,11439,3048,0
247260,1,2,1,39,0,0,0,0,0,0,232791,284534,64011,156485,126634,196696,8072,12794,3850,4135,1281,3628,0
62134,2,1,3,46,-1,-1,-1,-1,0,0,-1110,-1804,175,1469,2289,1940,-184,80,-668,-235,1453,108,1
278454,1,2,1,28,-2,-2,-2,-2,-2,-2,3031,-1117,1187,1040,1153,-403,-12,1321,348,68,148,251,1
200160,2,2,1,69,1,-2,-2,-2,-2,-2,894,13420,16931,18474,-1163,382,-316,3421,72,790,-148,172,0
81124,1,2,1,49,0,0,0,0,0,0,85218,88448,40742,70960,42663,42511,3792,11418,4022,2689,1170,1456,0
54143,1,1,1,37,-2,-2,-2,-2,-2,-2,37682,-1179,56516,277,684,19492,48218,19582,14857,8394,1945,456,0
13899,1,2,1,49,1,2,0,0,0,0,21292,-355,16206,18731,20203,16679,675,1538,326,398,624,163,1
72926,2,2,1,58,0,0,0,0,0,0,21464,16991,52547,31966,36064,35740,1075,1909,1018,464,1977,763,1
499240,2,2,1,33,0,0,0,0,0,0,28898,146897,241371,389278,348643,54349,13217,13488,7972,5863,3330,1547,0
29706,1,2,1,27,2,2,2,2,2,2,13638,19642,12704,31894,29873,36851,2035,1776,1905,1080,893,1167,0
57521,2,3,3,31,-2,-2,-2,-2,-2,-2,4017,2963,2665,6170,200,1771,3033,1240,500,855,196,-7,0
385651,2,2,2,32,0,0,0,0,0,0,60083,121556,43669,80551,95642,28029,6818,3094,7100,1117,827,1401,0
20057,2,2,2,27,2,3,2,2,2,2,3880,12465,12700,11697,5883,39755,4249,1478,-363,381,752,373,0
192596,2,4,2,28,0,0,0,0,0,0,41084,47823,65155,16688,46483,39863,5443,4144,40598,1454,2884,1226,0
18599,1,2,2,31,0,0,2,2,2,2,1837,28619,6989,9386,18280,61333,1837,2985,512,445,1582,191,0
21927,1,3,3,48,1,-2,-2,-2,-2,-2,2502,1502,2277,5713,133,54,616,1958,767,-330,1188,-629,0
184360,1,2,2,33,-1,-1,2,-1,-1,-1,-955,-738,-611,10595,1972,801,826,4053,319,21850,1648,2327,1
381233,1,1,2,23,0,0,0,0,0,0,102974,123125,88523,124465,35528,88048,5852,1693,2176,1747,3278,3523,0
223323,2,1,2,25,0,0,0,-1,0,0,63353,94264,57728,10903,5731,33390,57625,9210,23045,2767,18008,1887,0
206781,1,2,1,32,-1,-1,-1,-1,-1,-1,-312,-2680,-2,14056,837,-274,5123,837,1918,373,1508,6547,1
95066,2,2,2,33,-2,-2,-2,-2,-2,-2,175,-86,954,1114,251,1709,-791,2526,402,-151,1335,-227,0
183830,1,2,2,60,1,-1,-1,-1,0,0,13740,-1543,9927,2494,13285,7389,-143,1685,50,602,5796,96,0
246344,2,2,2,36,0,0,0,0,0,0,398011,209971,128450,121030,152553,184519,4086,9278,9973,5346,16354,3592,0
221641,2,3,3,47,-2,-2,-2,-2,-2,-1,1407,-1395,829,1088,-858,-530,1203,780,-918,1464,496,21,0
201536,2,1,2,32,-2,-1,-1,-1,-1,-1,-182,87,1957,13821,2517,835,1414,1471,8417,539,1412,1627,0
194297,1,3,2,26,0,0,0,0,0,0,40975,35660,21628,18276,19608,33982,6114,7022,401,2402,1101,1775,0
214544,2,3,1,40,-2,-2,-2,-2,-2,-2,7291,8141,6964,-881,-665,-425,249,143,-528,-163,107,297,1
12178,1,3,3,42,0,0,0,0,0,0,12106,9959,8708,-1021,-1669,6384,1478,2943,480,347,-220,253,0
237593,2,2,3,45,-1,-1,-1,-1,-1,-1,2853,-117,-2257,-217,-1487,-887,-236,1665,126,667,271,11377,0
87222,1,2,3,51,0,0,0,0,0,0,28965,44500,50930,46757,33769,22112,2867,2698,2504,753,6610,495,0
224944,1,1,2,31,1,-1,-1,-1,0,0,-935,7214,2395,16824,26233,1163,184,517,681,528,1248,5633,1
344156,2,1,1,28,-1,-1,-1,0,0,-1,-1459,-141,1727,10030,-184,338,-342,1206,618,8,21551,1864,0
99961,2,1,2,35,-1,2,2,0,0,0,22120,-195,1894,2393,1203,539,239,260,-174,-2,1574,411,0
49247,1,2,1,25,0,0,0,0,0,0,46656,22122,56521,10304,13224,21064,2505,2580,573,3999,1406,-252,0
18469,1,2,2,23,0,0,0,0,0,0,16341,15647,18370,6139,-1107,23201,1661,1116,922,520,3800,369,0
25596,2,2,2,27,2,2,2,0,0,0,7714,35906,339,19090,1925,2189,314,723,-1204,-339,370,471,1
90750,2,2,1,38,0,0,0,0,0,0,17951,3046,21611,8448,11353,13589,1279,3595,1355,56,1898,1892,0
49542,1,2,1,56,0,0,0,0,0,0,23579,31452,52665,15207,21174,48680,1593,2892,750,4,1931,1638,0
233119,1,1,2,35,1,2,2,0,0,0,8858,10822,14159,11192,55613,53462,3027,3412,4975,7220,3531,2601,1
363338,2,2,2,33,0,0,0,0,0,0,20564,54591,60050,9731,42697,35304,1444,2513,270,5173,3198,1301,1
78043,2,2,1,24,0,0,0,0,0,0,76869,19928,16270,48613,45144,40021,2310,2658,4096,2064,4228,13412,0
159687,2,1,2,28,0,0,0,0,0,0,16812,54657,52692,34920,39378,42102,2529,5479,3343,649,3884,88,0
402971,1,3,2,46,-1,-1,-2,-1,-2,-2,57415,-44,1171,45,-34,2127,2692,1345,760,7145,219,8298,0
107890,1,2,1,38,0,0,0,0,0,0,66696,74829,114482,89948,136543,83732,3380,1590,17873,4200,3012,-11,1
193228,2,3,1,42,1,-2,-2,-1,-1,-1,69,-361,1457,268,415,1074,-35,-374,-498,1534,1895,154,1
482304,1,2,2,58,-2,-2,-2,-2,-2,-2,55734,42745,51806,16653,-1048,781,37128,1348,410,4615,-38,6679,0
21607,2,3,0,34,2,0,2,2,0,2,21299,17256,16001,14779,1065,1657,1217,2266,164,-24,1769,-239,1
408390,1,1,2,30,-2,-2,-2,-2,-2,-2,1913,12771,2984,-601,-1327,490,2394,2122,8546,4594,830,12265,0
150036,1,5,1,49,0,0,0,0,0,0,86849,143249,126613,96616,71635,65195,8430,6045,8105,5059,2212,380,0
378542,1,2,1,33,-1,-1,2,-1,-1,-1,13502,8228,11251,34655,53213,26452,4249,2035,421,1894,4937,2732,1
35802,1,1,1,47,1,2,-1,2,3,4,-447,12856,467,-682,3926,-281,-913,1146,-662,-785,369,-582,1
199225,2,3,1,54,-1,-1,2,2,2,-1,-2560,7382,-416,15878,-1930,10212,-79,828,-768,-700,1258,31,1
17667,1,1,2,24,0,0,0,0,0,0,577,14146,18653,20047,37165,1526,1058,336,99,380,386,141,1
227849,1,1,2,47,0,-1,2,0,0,0,1058,-311,634,22159,889,1135,-313,669,-161,-117,378,86,1
22297,1,1,2,22,0,0,0,2,2,2,10085,20274,10263,33670,11667,12047,3682,1255,1190,1759,1293,9676,1
91941,2,1,1,32,2,2,-1,0,-1,0,2026,-607,1813,730,116,566,-1489,267,430,2081,-405,378,1
194055,1,3,1,49,-2,-2,-2,-2,-2,-2,7203,5448,2145,1004,-795,-157,1975,1483,63,-14,-84,1190,0
109170,2,1,2,27,2,2,2,0,2,2,58638,81926,184110,67039,65837,46951,1115,4941,2697,5160,1032,2969,1
145738,2,1,2,22,-2,0,0,-2,-2,-2,24927,40283,1552,5882,-934,-138,1105,1345,-673,-494,1841,804,0
175095,1,2,1,36,0,0,0,0,0,0,81700,149995,114828,73389,105318,102610,7442,2535,8918,8278,1652,1410,0
500857,2,3,1,34,-2,-2,-2,-2,-2,-2,41657,86119,62246,37387,30821,41255,588,2370,36997,31753,18112,1437,1
77312,2,1,1,27,0,0,0,0,0,0,50373,53207,50953,51289,2136,37567,4630,1276,-343,2157,1731,1186,1
251857,2,2,2,32,0,-2,-2,-2,-2,-2,12914,16421,1407,1870,808,1536,4752,1425,598,79840,1123,48,0
10354,2,1,2,23,0,0,0,0,0,0,7538,14683,7085,1802,8726,10755,4546,4226,1000,-11,1971,-338,0
49045,2,2,2,24,0,0,0,0,0,0,46855,53669,123,6272,-76,719,4598,1306,2385,-20,1057,182,0
79078,2,3,0,52,-1,2,-1,0,0,-1,-1716,241,11272,10635,-413,194,564,684,3157,464,-235,6065,0
52040,1,1,2,27,0,0,0,0,0,0,16895,2592,504,13114,15487,21371,1960,507,378,11036,1881,3324,0
394113,1,1,1,33,-1,-1,-1,-1,-1,-1,2127,-1814,-1049,-1093,1159,498,4266,1812,123191,8655,2280,22837,1
142644,1,2,1,50,0,0,0,0,0,0,54486,56919,65041,45285,33836,39641,5765,3373,1750,1385,4966,991,0
351526,1,2,1,33,0,0,0,0,0,0,76508,84669,93915,9317,102164,52324,3312,4272,4220,16814,1039,3515,1
213934,1,1,2,24,0,0,0,0,0,0,85541,133814,81683,155009,86503,55350,13452,9546,342,-30,193,949,1
158233,1,3,1,34,2,2,2,0,0,0,58339,13752,9395,14823,11400,9832,4407,470,2319,2106,1059,149,1
12048,1,2,1,55,0,0,0,0,0,0,14766,8278,16195,7333,4464,16955,782,1701,1069,1050,604,253,0
51452,1,2,2,38,2,2,-2,2,-2,0,7113,9594,18349,19718,48460,1343,6315,1996,-103,6988,1785,1845,0
273724,2,2,1,38,0,0,0,0,0,0,264535,403910,226327,333933,416103,266826,9371,9498,22906,2184,6175,3210,0
16516,2,2,2,42,0,0,2,0,0,0,16092,-865,2243,6553,6188,8310,3687,1920,862,6771,360,8796,0
47286,2,2,1,51,0,0,0,0,0,0,22977,59263,17142,4214,17792,15859,1573,1252,810,5620,2947,1650,0
53961,2,2,1,34,0,-2,-2,-2,-2,-2,71661,16330,13204,487,178,1091,5270,1094,333,3763,1813,2676,1
143794,1,2,2,36,0,0,0,0,0,0,69939,63132,75829,74986,133960,82672,9936,1078,7692,5038,534,3303,0
222893,1,2,1,35,0,0,0,0,0,0,192749,268664,177687,150543,133326,145516,8526,23531,8588,6059,14015,3208,0
330282,1,1,1,36,-1,-1,-1,-1,-1,-1,8073,913,1673,635,915,662,1050,1428,-330,1054,118269,2136,1
517821,2,3,1,34,0,0,0,0,0,0,90928,63526,93043,48720,47005,70499,6046,11727,2666,41357,4429,2753,0
102102,1,2,2,27,1,2,2,0,0,0,65154,59147,78032,56574,53878,98886,679,1653,167,1825,5355,1688,1
242356,1,3,1,31,0,0,2,-2,-2,-2,18392,7749,3752,5140,-1911,882,2999,1687,567,5148,283,-37,1
54202,2,2,2,33,1,2,0,0,0,0,472,2020,3443,11857,3405,9563,-745,1113,115,797,601,213,1
397048,1,5,1,26,0,0,0,0,0,0,123271,140059,91053,84868,102513,114267,4806,11974,1235,476,4652,1456,0
100796,2,2,2,32,-1,-1,-1,-1,0,-1,5905,2258,456,17402,1714,20274,39,488,303,5101,1347,3177,1
507071,1,2,2,45,-1,-1,0,-1,-1,-1,27891,16248,15549,523,339227,51227,10366,12733,14481,27012,10083,14860,0
132470,2,2,2,24,0,0,0,0,0,0,1787,3010,3191,12845,6670,6,242,-157,996,132,4200,-337,1
72721,1,2,2,22,-1,-1,0,-1,0,-1,15876,1068,2955,17591,1961,1431,1273,1395,2983,8559,1487,517,1
229442,1,2,1,35,0,0,0,0,0,0,57996,57136,42587,14434,7900,1665,2424,1184,541,427,-79,-182,0
52207,1,2,1,48,-2,-2,-2,-2,-2,-2,8368,10327,12690,3757,-1270,11064,2260,2407,40,8018,1950,114,0
227900,2,2,1,39,-1,-1,-1,-1,0,-1,-2014,507,23,1616,327,7196,708,935,-426,500,194,2638,0
211249,2,2,1,46,2,0,0,0,0,0,4062,11443,10818,11994,25258,6898,889,1856,1512,365,6792,907,1
213476,2,2,2,27,1,0,2,2,2,2,4656,22207,11021,34013,46372,59760,571,23366,16713,5359,3887,752,0
129998,2,6,2,33,0,0,0,0,0,0,88198,74875,15010,114343,26954,9342,10445,10791,-48,614,2320,1260,0
200247,2,1,2,37,0,0,-2,-1,-1,-1,78740,2404,785,754,1868,12723,1403,1031,695,9074,2003,12361,0
225220,2,2,2,33,-2,-2,-2,-2,-2,-2,3098,-1237,461,278,4,-698,-769,238,-254,-443,165,2194,1
26013,2,1,2,26,0,0,0,0,0,0,13752,16835,22091,70,7416,15432,2940,1758,1776,-53,206,-192,0
155357,2,1,1,34,0,0,0,0,0,0,132722,157068,105723,54290,90051,102188,4666,9501,2475,386,2681,819,0
25805,1,2,2,28,0,0,0,0,-1,0,16867,21362,877,12702,12563,22537,1735,932,1078,168,3212,412,0
155735,1,2,2,26,0,0,-2,-2,-2,-2,14658,10347,6342,6786,-1065,4396,5463,2401,630,671,36,787,0
469784,2,2,1,34,0,0,0,0,0,0,10082,142190,44570,17737,9717,10757,10786,25325,24841,6079,2682,336,0
100701,1,3,1,31,0,0,0,0,0,0,34038,48922,42530,22856,42902,2137,1155,2202,291,414,532,-230,1
21780,1,2,1,36,2,2,2,-2,-2,3,7012,6101,-681,-1078,-2622,121,-53,180,-1069,47,-159,218,1
268388,2,4,2,31,-1,-1,-1,-1,-1,-1,-161,-1920,1943,-1625,1929,-566,288,1369,52,2141,317,626,0
522092,2,2,1,44,0,0,0,0,0,0,244007,454878,374254,321427,206502,165195,8695,26108,120117,31238,90038,5264,1
92342,2,4,2,36,1,-1,-1,0,0,-1,2619,136,1472,321,944,-567,1047,1343,893,1117,107,784,0
93822,1,3,0,49,0,0,0,0,0,0,80785,140632,42044,6238,1459,16482,3433,1455,1274,685,5019,619,0
89543,2,2,3,45,0,0,0,0,0,0,92057,39249,30404,32161,48705,29054,2652,4600,8547,661,1725,-79,0
92086,2,2,2,24,0,0,0,0,0,0,14777,3650,25189,9900,9470,10829,1203,1569,-92,147,2049,-273,0
13425,2,2,1,40,3,3,2,2,2,2,7732,4698,4859,4579,-845,6232,144,1034,49,778,1086,356,1
18404,2,2,1,35,0,0,0,0,0,0,8231,16459,14165,7939,12800,9697,6302,1997,18119,355,10442,8970,0
105058,2,2,2,25,0,0,0,0,0,0,52257,79824,56372,37594,37252,43025,8557,2772,1653,2102,4244,1909,0
271721,1,3,1,42,0,0,0,0,0,0,117179,159617,170741,126416,148175,196879,10709,10949,4063,5578,7252,2772,1
408961,2,1,2,36,-2,-2,-2,-2,-2,-2,19484,6116,1356,885,1225,1802,3568,624,484,87158,1841,7291,0
170230,1,2,2,38,2,0,0,0,0,0,52223,44817,43861,58837,41602,69913,1122,275,391,2663,75,6797,1
189860,2,2,1,55,3,0,2,-2,-2,-2,90078,11138,8992,8021,-1305,145,278,1253,3,-182,136,1344,0
237164,1,2,3,36,2,2,0,2,2,2,211681,236398,175027,91061,114298,163134,4874,11640,1001,3655,2175,5500,1
43560,1,2,1,25,0,0,0,0,0,0,25599,21441,16555,3748,8980,14484,11342,212,1643,411,237,3019,0
44527,2,1,1,40,0,0,0,0,2,2,24203,22891,14220,12920,-1051,20460,4901,2594,1499,376,2021,-108,0
162111,2,2,0,37,2,2,0,0,0,0,70771,111606,90707,86535,117409,134504,911,4087,1484,1559,738,2753,1
128478,2,1,2,29,0,0,0,0,0,0,99386,163712,125445,83410,97267,58234,11598,6529,4224,3197,1396,5815,0
346718,2,1,2,37,-2,-2,-2,-2,-2,-2,20951,33298,16447,56266,42089,59271,5282,22599,14330,3035,20895,1877,0
198096,2,3,1,36,0,2,-1,-1,0,0,18615,5749,11043,11135,14746,14279,309,2092,13210,10768,4751,1187,0
54712,2,2,1,31,0,0,2,2,2,0,37172,14401,4359,17023,12877,46305,5176,4117,2739,4501,2006,4504,0
243248,2,2,1,36,1,0,0,0,-1,-1,63226,69104,78430,124809,202490,199464,2784,8145,36239,6563,108,6358,0
133946,2,2,1,33,2,0,0,0,-1,-1,64685,53611,50539,74548,-35,86,692,825,1785,2935,50,2669,1
217892,2,2,1,34,-1,-1,-1,-1,-1,-1,425,-1282,725,176,-2918,-821,-1707,-55,-1014,-579,321,6,1
155259,2,1,3,45,0,0,0,0,0,0,74149,158710,80502,94652,143983,92716,11273,3150,4532,1364,732,3201,0
426289,2,3,0,29,0,0,0,0,0,0,311732,359570,169535,153336,284082,294574,10116,9359,25725,4758,4270,1805,0
250387,1,1,1,34,0,0,0,0,0,0,209184,131156,80654,48597,139533,78748,12952,11912,10212,8353,4331,13488,0
16782,1,5,2,34,0,0,0,2,0,-2,29492,37884,38047,6967,-625,852,3711,1824,888,403,1373,-539,0
15323,1,2,3,49,0,0,0,2,0,0,12538,23740,1761,8083,765,701,4353,1571,797,254,-106,64,0
19802,2,2,1,30,0,0,0,2,2,2,15361,31781,11210,17452,12670,12048,9908,2743,2105,820,3327,-354,0
27021,1,2,2,38,3,3,2,2,2,2,6619,16706,6184,15851,49671,26899,2248,1564,783,3060,1286,482,1
50644,1,3,1,57,0,0,0,0,0,0,13900,57690,13711,8806,11921,9672,11591,6983,218,8234,331,390,0
55338,2,2,2,23,0,0,0,0,0,0,44797,76116,54385,45763,14161,45360,5872,4999,2106,6526,3006,2933,0
134858,2,1,1,33,-2,-1,-1,-1,-1,-1,29160,19844,16477,35180,15487,33735,3877,1312,3965,27911,1263,-166,0
315033,2,2,1,49,0,0,0,0,0,0,94496,183954,185282,65283,178836,121244,1403,1513,1423,942,430,7106,0
281773,1,2,1,34,0,0,0,0,0,0,160576,361351,168823,202937,125888,181544,5931,10615,9324,4302,6897,64,1
199188,2,2,1,58,-1,2,-1,0,0,-1,6692,5816,14743,6861,7026,32338,1247,4597,745,2319,3674,6307,1
312846,2,1,2,31,-2,-2,-2,-2,-2,-2,13220,10484,2017,-1041,15419,-166,1119,1596,10987,1336,2167,2116,0
225478,2,2,1,30,-1,-1,-1,-1,-1,-1,-1332,-1819,-749,250,575,-1112,-767,771,715,430,185,555,1
213577,2,5,1,26,0,0,0,0,0,0,38155,188580,84564,21076,19056,73458,2823,4010,2322,1374,6057,-47,0
77084,2,6,1,31,2,0,2,2,2,0,62994,68490,81536,35923,56952,61462,2450,945,543,2172,3995,1377,1
232033,2,2,1,38,-1,-1,-1,-1,-1,-1,13674,10747,18882,-255,-946,-426,926,1019,832,6561,176,-130,0
275503,2,1,1,39,0,0,0,0,0,0,165781,138061,161761,164964,164643,164492,8556,7963,117023,785,3427,2267,0
382108,2,1,1,31,0,0,0,0,0,0,130977,171880,79689,130637,162077,164046,4566,8771,17740,4608,8483,982,0
137262,2,2,2,24,0,0,0,0,0,0,83191,88882,106780,87215,12259,77277,12283,1770,8113,1806,345,2366,0
158752,1,1,1,35,-1,-1,3,2,-1,3,-1757,13603,205,480,1039,2022,1154,2779,-490,122,5501,94,1
174048,2,2,1,61,0,0,0,0,0,0,43212,62371,94549,27848,36531,40729,6894,2592,385,1249,3646,2255,0
394332,2,1,1,36,-2,-2,-2,-2,-2,-1,70383,72801,28438,24865,370082,843,27451,19518,109461,7069,42200,11486,0
140158,1,2,1,41,2,2,-1,0,0,0,33131,74436,1759,17570,1747,97446,440,868,-110,1673,2238,3020,0
225566,2,4,2,35,-2,-2,-2,-2,-2,-2,3255,2973,940,580,-2119,-617,647,2337,-1212,-404,239,-65,0
236409,2,3,0,30,-1,-1,-1,-2,-1,-1,-799,-1782,594,3926,1505,2548,-549,569,23,793,604,162,1
127612,2,2,1,28,-2,-2,-2,-2,-2,-2,178,-1046,3220,1126,389,808,9391,1506,-521,7022,157,94,0
139734,2,2,1,35,0,0,0,0,0,2,74545,116274,78345,39374,39528,103361,4345,3336,1565,6710,4469,717,0
13914,1,2,2,24,0,0,0,0,0,0,3171,14748,14043,5810,11808,14888,948,572,1714,2438,668,27,0
55158,2,1,2,24,1,2,2,2,2,2,8145,15435,9326,34356,27095,32894,1031,2557,724,1203,700,924,1
196572,1,2,2,31,-2,-2,-2,-2,-2,-2,-611,-898,1036,-1318,-942,859,587,634,-1178,38,-253,315,0
178095,1,3,1,30,2,2,0,0,0,0,194293,128183,157233,147713,186900,80934,-13,9091,4035,7975,1015,5165,1
241777,2,3,1,34,-1,-1,-1,-1,-1,-2,1532,-319,-2871,-1321,-399,-1273,28,1056,111,134,285,-101,0
163518,1,5,1,39,0,0,0,0,0,0,97584,168697,115917,8739,120864,13411,4589,11728,654,1764,2934,4673,0
732418,2,2,1,33,0,0,0,0,-1,0,101268,175794,254728,261678,219113,362737,10323,8696,8135,6530,8981,4974,1
147978,2,2,2,23,0,0,0,0,0,0,76200,94207,51710,6786,11574,20552,8997,992,256,3805,3722,13792,0
200915,2,2,1,41,-1,-1,-1,-1,-1,-1,-320,129,1581,2809,1054,-290,1178,860,-834,100,879,-76,0
74849,1,2,1,46,-1,2,2,-1,0,-1,15758,-1267,1315,1402,742,19439,-746,543,-130,468,896,429,1
611776,2,1,2,29,0,0,0,0,0,0,184834,161042,213423,64230,163368,190687,6722,94281,116355,4469,10550,2610,0
419892,2,2,2,27,1,2,0,0,0,0,591,6410,46298,111428,43035,29563,2583,9308,2855,58058,11806,1447,0
431394,1,1,2,34,-2,-2,-2,-2,-2,-2,11267,11762,2674,2519,349,886,419,2886,148,7365,1902,2118,0
136933,2,2,1,24,-1,0,0,0,0,0,14742,3104,21446,17448,14835,1079,2650,1177,179,202,431,-33,0
103430,2,1,2,23,2,2,3,2,2,2,-1647,66546,23194,31683,51079,67519,-589,2067,484,-23,1064,2088,1
249287,1,2,1,37,0,0,0,0,0,0,102218,185151,144815,81120,145567,150031,8292,11161,2253,3086,4370,2633,0
174298,2,1,2,35,-1,-1,-1,-1,-1,-1,17304,8769,14559,510,12699,13526,20190,12138,8495,5998,4141,5158,0
90632,2,2,1,39,0,2,0,0,0,0,31566,72028,90689,39591,19876,58487,4186,1543,1400,1874,2479,2335,0
104852,1,1,2,31,-1,-1,-1,0,0,0,-2148,-2307,1396,3711,6453,7784,1477,2928,2068,1409,4648,2376,0
513539,2,1,2,29,0,-1,0,0,0,0,37951,15249,16816,8175,12122,11231,1285,1131,918,5764,2989,16615,0
98976,1,2,2,48,2,0,2,0,2,2,49587,106822,52609,27911,53396,59785,7401,3541,2904,7537,680,385,0
91189,1,3,1,41,-1,0,-1,0,0,-1,77454,157417,66867,128272,60,24571,6511,7798,590,667,-123,234018,1
216412,1,6,1,47,0,0,0,0,0,0,90125,162365,215965,159945,97247,173717,7114,10813,146017,3535,7508,1004,0
277714,2,4,2,33,0,0,0,0,0,0,182108,221311,130787,121772,153065,252604,4385,13643,4576,4820,3231,3278,0
97274,2,2,2,30,1,-1,-1,-1,0,-2,4508,-87,358,-498,-184,1779,134,2210,105,4989,1521,1252,0
19859,1,2,1,24,2,2,0,-1,-1,3,170,440,19428,-712,-197,-740,344,742,226,863,-72,256,1
248367,1,1,2,37,0,0,0,0,0,0,126078,158906,63856,84468,133811,77828,9914,1005,2362,4757,3979,645,0
125054,2,2,2,27,1,2,0,0,0,0,26908,51683,41406,20245,17880,30686,740,1338,1282,1451,1472,2275,1
133314,2,2,1,24,0,0,0,0,0,0,81227,134750,41443,36220,30062,32925,8220,2518,341,-134,1122,4104,0
97248,2,5,2,48,0,0,2,0,0,0,34371,72296,37393,28864,359,-641,1683,3809,1677,1248,786,-8,0
178425,2,1,2,28,0,0,0,0,0,0,49163,48657,53256,38904,46800,45738,1390,4890,3397,1587,4082,2549,0
230741,1,1,1,36,0,0,0,0,0,0,492286,357022,238424,286659,328403,254626,12542,7270,22887,5559,6705,2283,0
31104,2,2,2,24,2,0,2,3,0,0,71337,3826,-768,1393,-670,483,-296,2011,-152,-174,2215,1735,0
79164,2,2,2,35,1,3,0,0,0,0,52689,21752,21363,35143,15652,37172,407,6916,735,31484,3589,2006,0
90825,2,2,2,25,1,2,0,0,0,0,27682,53992,54454,35344,38154,23191,2181,2161,249,752,2360,799,0
142160,2,1,2,30,0,0,0,0,0,0,60583,64779,69310,53539,100638,92778,5711,2357,1363,4704,1703,1012,0
198619,1,5,2,32,-1,0,2,-1,0,0,-1289,1003,12284,15972,268,-985,22518,1944,8938,187,3481,3609,1
89277,2,3,3,30,1,3,-2,-1,-2,-2,11101,10763,29090,970,-908,37225,141,1116,-131,-237,263,151,0
53059,2,2,2,24,0,0,0,0,0,0,36473,41311,39081,4067,5019,12499,5302,1190,-306,98,1020,365,0
212119,2,0,1,28,-1,-1,-1,-1,-1,-1,10136,9202,-523,7364,30723,6260,10931,13954,19535,85045,5704,5937,0
218105,1,5,1,34,0,0,-2,-2,-2,-2,43788,61245,56079,16803,-509,741,2040,2487,378,626,144,119,0
161114,1,3,1,39,0,0,0,-2,-2,-2,54330,60655,15134,59837,22357,922,2208,1362,1050,960,574,182,1
204801,2,2,1,33,-1,-1,-1,-2,-1,-2,1687,-1004,-690,2143,-270,-1295,-1462,579,-225,430,-58,212,1
107657,2,3,0,31,-1,-1,-1,-1,-1,0,4785,-2273,-1299,213,955,12207,-317,2586,1283,-90,73,650,1
139961,2,1,1,23,0,0,0,0,0,0,69345,114708,50456,22209,62005,75125,5696,5618,1688,2306,3738,47,0
201150,1,3,2,27,-1,-1,-1,-1,-1,-1,2000,-1244,-82,-927,555,269,-849,1294,222,12,266,2559,0
21269,2,1,1,45,2,0,2,2,2,2,14727,21631,7524,14881,24704,13478,1785,1798,730,2553,1302,240,1
54411,2,2,3,49,0,0,0,0,0,0,29817,37818,62074,45764,16178,15765,1370,2931,617,2428,1582,808,0
495631,2,4,3,45,-1,-1,-1,-1,0,0,20845,1203,17272,-110,2826,3098,1662,3035,3055,191,1940,13982,0
403599,1,2,1,31,0,0,0,0,0,0,393320,293165,276917,126870,251821,230574,24909,8669,10079,6771,8806,13122,0
251622,2,2,1,34,0,0,0,0,0,0,285924,360195,219769,188755,261334,195164,7413,13441,11186,6959,7052,3114,0
45348,1,2,1,53,1,-2,-2,0,0,0,613,43441,48112,40865,-3167,39284,176,2317,1149,67,1935,888,0
27070,1,1,1,41,-1,0,0,0,0,0,10190,-84,31591,3873,-741,989,685,512,487,361,595,344,1
264821,2,2,1,38,0,0,0,0,0,0,87534,355436,110868,224615,190066,44962,7444,34119,3276,322,14,1801,0
26292,1,1,1,26,2,3,2,2,-2,3,12058,7670,518,19906,-703,519,543,1213,-848,-451,869,197,1
230305,2,1,2,29,-1,-1,-1,-1,0,-1,1948,-924,479,1120,1882,-496,292,1007,-571,-17,91,428,1
102430,2,3,0,30,0,-1,0,-1,-1,-1,53189,31306,50607,2437,856,-245,2335,4086,2779,596,1688,558,0
227634,2,2,1,34,0,0,0,0,0,0,78370,98662,163870,146219,211289,183530,13379,6080,6510,7710,1709,14,0
57732,2,3,2,25,0,0,0,0,0,0,49473,57563,36939,43613,-1615,44358,1586,6446,-241,304,1879,436,0
239255,1,0,1,31,-1,-1,-1,-1,-1,-1,1225,1241,769,-1371,3089,874,3427,2159,336,8967,140,12,0
147646,1,1,1,33,1,-2,-2,-2,-1,-1,427,5931,18408,336,686,-53,1266,5725,4310,6321,104945,153053,0
429117,1,2,1,34,0,0,0,0,0,0,449874,497606,423145,325967,235819,155857,7236,19954,18735,16265,22787,108899,1
222000,1,1,1,31,-1,-1,-1,-2,-2,-2,2245,1184,1225,336,839,422,-774,397,-643,-70,0,389,1
406112,1,1,2,40,-1,-1,-1,-1,-1,-1,852,679,328,-94,104,139,-151,-109,101,199,75,1219,1
87130,2,5,1,33,-2,-2,-2,-2,-2,-2,1527,1552,52,772,-1102,-514,1887,1106,-430,-911,-247,-604,0
25636,2,2,3,42,2,0,0,0,0,0,2221,2753,2034,10070,20203,27794,405,814,1393,1090,2286,120,0
233681,2,2,2,31,0,0,0,0,0,0,130367,212854,172462,84705,130756,136271,14548,6423,1728,5815,1324,1010,0
21990,2,3,2,54,2,2,2,0,0,0,7659,2769,42895,48712,22639,55223,841,1786,-756,581,699,-235,1
71559,2,1,2,34,2,2,2,0,0,0,67302,16579,43166,15047,38406,42730,247,353,131,4014,1306,2661,1
58055,2,2,3,49,0,0,0,0,0,0,42223,65712,62816,10814,11647,20445,3182,3279,2350,2358,5716,-205,0
90162,1,1,1,33,-1,-1,-1,-1,-1,-1,1150,-153,707,802,390,235,256,4079,336,345,287,720,1
218625,1,0,2,48,-1,-1,-1,-1,-1,-1,13048,13624,15882,-228,3265,1030,1814,8386,1501,121065,155,4516,0
198196,2,2,2,23,1,-2,-2,-2,-2,-2,-741,5362,233,800,136,-211,245,-410,-359,261,1487,331,1
18015,2,1,2,24,0,0,0,0,0,2,15973,28660,16839,10181,12707,19440,6330,3492,944,2422,1150,-143,0
23636,1,1,2,23,-1,-1,2,2,-1,0,4064,6134,15907,-8,9021,-2830,929,8411,660,2242,1347,-324,0
173550,2,2,1,35,0,2,0,0,0,0,276,-807,8610,26986,18330,2861,680,1313,508,701,3788,1636,0
194449,2,1,1,43,-1,-1,-1,-1,-1,-1,15189,1282,15953,261,1678,21118,756,2439,1299,548,17870,1769,0
25697,1,2,1,49,2,2,0,0,0,0,14960,13929,2,9735,6747,16584,3580,491,1006,803,-77,-128,0
148639,2,2,1,34,-1,-1,-1,0,-1,-1,1244,1318,9659,11800,11942,80,-600,16310,5985,623,4094,40,1
136370,2,1,2,33,1,-1,-1,-1,-1,-1,3451,-1816,-108,5019,487,617,41845,4607,12248,9100,7817,1280,0
296973,1,6,2,31,0,0,0,0,0,0,183963,171909,169672,106528,84037,131410,12582,10569,3869,5388,8750,1827,0
233907,1,2,1,44,1,-2,-2,-2,-2,-2,-210,3071,1466,-903,187,2465,-140,239,-610,478,2223,156,0
52290,1,2,1,31,0,0,0,0,0,0,15447,5825,40795,10758,12593,18542,4085,11876,9538,4420,859,29168,0
307347,2,2,1,31,1,-2,-2,-2,-2,-2,246,818,-1004,-815,-179,-75,-1257,848,-250,194,-21,126,1
244583,1,2,2,55,0,0,0,2,2,0,97530,154020,191959,111474,87139,78857,13212,5148,3261,6872,2832,1790,0
224940,2,3,1,39,2,0,0,2,-1,0,7833,11515,9018,12134,30796,17064,-243,5179,885,3253,1363,4573,0
107707,2,3,3,38,-1,-1,-1,-1,-1,-1,1196,-683,289,1382,-1519,776,-271,188,-356,-502,1861,-278,1
29538,1,1,2,25,-1,-1,-1,-1,0,0,-2221,1276,3937,2364,2306,1459,-6,990,574,-62,1125,149,1
215735,1,1,2,23,-2,-2,-2,-2,-2,-2,1391,11493,319,-788,-1683,1394,3922,2115,-265,-209,20647,131,0
152161,2,5,1,37,0,0,0,0,0,0,42573,42310,56793,33764,48137,83453,1871,2360,164,683,2424,1141,0
69947,1,2,1,31,0,0,2,0,2,0,82460,27482,37284,24626,33976,22352,3554,2876,547,2914,1104,1321,0
236949,2,6,1,34,-2,-2,-2,-2,-2,-1,2160,1526,3592,-198,805,197,737,1477,1070,680,1374,186,0
155157,1,5,2,32,1,0,0,0,0,0,81723,150529,54114,69183,102995,191009,7143,6684,1100,2587,186,3409,1
153407,2,2,1,63,2,0,0,2,2,2,58903,104489,78501,101430,43760,55493,5265,8568,1952,4081,4524,2160,1
26321,1,2,3,49,0,0,0,0,0,0,45774,56684,17986,13192,3499,10023,7022,3547,468,89,140,-219,0
92300,2,2,1,50,2,0,0,0,0,0,43121,61617,47073,55186,46969,37579,4872,4958,2972,3299,1109,4606,1
314119,2,3,0,35,-2,-2,-2,-2,-2,-2,2267,-765,619,187,-1215,92,273,1208,126,6619,89,1550,0
56955,2,2,1,52,1,-1,-2,-2,-2,-2,-1949,2778,-1411,1025,-1196,-1153,659,509,-797,-539,-204,276,1
346230,2,2,1,42,0,0,0,0,-1,0,14202,12329,11827,7485,27656,-704,2124,3200,702,787,8524,314,1
26169,2,1,1,47,2,0,0,0,0,0,56348,53100,64002,45399,52597,38495,327,2807,1491,1797,1420,1512,1
295753,2,3,3,31,-2,-2,-2,-1,-2,-2,15517,10192,-1793,1174,-306,530,-464,1510,-573,404,1299,390,1
54741,2,1,3,46,0,0,0,0,0,0,1936,-108,1751,11532,13785,10262,3065,4150,130,51,244,-43,0
37607,2,3,3,46,-1,-1,2,0,0,0,1059,-2678,-1513,1178,-386,897,-729,56,707,95,-245,465,1
248673,2,2,2,27,-1,-1,-1,-1,-1,-1,4720,2011,-1367,268,2798,272,1633,1612,533,193,1,-432,0
520804,2,1,2,28,-2,0,-1,-1,-1,0,14924,15779,81662,18651,25603,55008,53961,16463,16463,9658,66747,4706,0
12071,2,2,2,38,1,2,2,3,-2,-2,-1772,5539,232,-193,-417,1798,220,390,-64,-222,1455,-442,1
48481,1,3,1,53,-1,2,0,0,0,0,-304,-23,995,771,21848,41198,-845,433,-131,287,4421,349,0
378414,1,2,2,30,-1,-1,-1,-1,-1,-1,1400,1,-1072,395,-860,1197,-465,1374,356,965,1813,1997,1
55913,2,3,1,38,0,0,-1,0,0,0,2818,4272,2082,654,1693,1023,716,742,1477,-108,312,314,0
229531,2,3,0,52,-1,-1,-1,-1,-1,-1,5105,242,1165,-999,1541,318,2124,881,1760,-47,1284,1679,1
471426,1,1,1,41,0,0,-2,-1,-2,-2,-286,5605,23354,-1238,1544,1792,3382,3094,469,862,2002,-42,0
94737,2,2,2,28,-1,2,2,0,0,0,2181,44225,-1048,10146,45076,46107,776,1922,-92,2648,1315,2685,0
23864,2,2,2,32,0,0,0,0,0,0,15932,27055,17859,19303,9944,19870,3193,1827,879,6402,3174,9772,0
474066,1,2,2,41,1,2,2,0,0,0,62148,63383,78697,29090,32882,12405,4769,1471,1074,7018,5972,2579,0
96573,2,1,2,36,0,0,0,0,0,0,9422,13538,15421,19499,29684,44955,4304,10415,1975,4109,-58,6113,1
21395,1,2,1,36,3,0,2,2,2,2,39288,51919,2171,41402,19985,13200,5173,2282,65,1730,50,1542,0
263261,2,3,0,36,0,0,0,0,0,0,91670,210216,191965,115594,122259,119895,10213,11117,4235,5027,3906,1730,0
89139,2,1,1,37,0,0,0,0,0,0,37905,73200,69910,24180,45960,34180,6044,1806,1066,1301,1176,3553,0
52168,2,3,1,27,-1,0,0,0,0,0,3597,1476,3609,12429,25927,807,1108,1871,1255,3379,4672,14388,0
147724,1,0,2,29,0,0,0,-1,0,0,21073,89519,18239,13498,22462,8441,1938,4708,1383,636,81,12862,0
47835,1,1,2,24,0,0,0,0,0,0,50392,62841,49418,2627,-2300,9086,1887,2198,1273,-18,833,-196,0
495872,1,1,1,25,0,-1,-1,-1,0,-1,12923,3579,14339,12404,-231,-1052,1446,10047,932,-388,6985,630,0
30018,1,2,3,24,3,0,2,2,0,2,20465,20377,10366,14424,3085,21002,487,416,85,641,1199,-71,1
15707,1,1,2,24,0,0,0,0,0,-1,17920,1992,3074,1659,1098,1471,896,605,-483,-199,-100,-142,0
83839,1,2,1,51,0,0,0,0,0,0,41775,54475,40812,19739,44327,43450,2604,1832,432,260,590,483,1
247321,2,2,1,33,-1,-1,0,0,0,0,78608,3845,12907,6964,22846,6258,9200,6282,2995,-172,3921,6995,0
94228,2,2,2,25,1,-1,-1,5,0,-1,1642,-257,-301,1517,-946,1104,-1499,185,-123,-240,914,-242,1
157483,2,2,1,36,1,-2,-2,-2,-2,-2,63330,39264,61809,1098,-1836,701,1139,2035,815,2713,1516,1234,0
88037,2,1,2,31,0,0,0,0,0,-1,21310,16810,1575,14051,22985,14053,2610,1662,543,8381,844,490,0
240391,2,0,2,30,-2,-2,-2,-2,-2,-2,58168,17300,3169,399,-950,2302,5282,1487,-162,3022,-62,19331,0
512765,1,3,1,38,1,2,2,-1,-1,-1,-1556,9333,25071,372636,24958,27578,2353,20551,5749,5482,26075,7136,0
89649,2,1,2,26,0,0,0,0,0,0,30089,33836,37145,4696,22699,1300,826,2200,686,7,1545,-114,0
96858,1,3,1,35,-1,-1,2,-1,-1,-1,10800,429,1043,-262,1630,250,1339,3368,3392,1811,1373,1898,1
51769,1,1,2,53,0,0,0,0,0,0,3279,-521,12552,18187,19914,5762,1485,294,470,62,-109,769,0
23280,2,5,1,49,0,0,0,0,0,0,10915,15250,14012,5978,5612,14088,274,1820,1729,351,1878,221,0
257197,2,6,3,32,0,-2,-2,-2,-2,-2,2377,14091,1352,5853,-1,519,236,1138,592,820,1147,385,0
520224,2,5,1,35,1,0,0,0,0,0,75101,76027,73119,72609,40408,13906,120,2140,3693,7245,1319,30,0
188455,2,5,1,33,2,-2,-2,-2,-2,-2,46586,13863,19197,10090,-561,134,3935,3640,283,-286,-114,-346,0
217356,2,3,1,35,0,0,0,-1,-1,-2,20733,12053,17095,416,-952,-1396,23885,962,1401,-201,1692,182,0
508546,2,2,2,35,-2,-2,-2,-2,-2,-2,44144,50362,17571,32366,6070,35439,1572,53589,678,83008,161,14775,0
11795,1,1,2,30,0,0,2,-1,-1,-2,18146,7038,813,6472,-705,-945,901,955,190,-306,-174,144,0
13496,2,2,1,42,3,3,2,2,2,2,13263,24765,6522,14625,30335,18887,9272,1954,468,2260,1528,-7,0
296647,1,2,2,38,-2,-2,-2,-2,-2,-2,6027,4531,2427,-655,-3238,-1068,2566,1156,-1335,-313,106,90,0
233703,2,2,0,40,0,0,0,0,0,0,11164,26893,16534,18321,21934,17677,4733,6016,1555,5707,2926,5259,0
153961,2,2,2,60,0,3,2,2,2,0,73075,20880,52635,31580,40187,64082,557,4899,1445,3019,5640,1496,1
148805,1,2,1,55,0,0,0,0,0,0,101848,135208,204937,119202,62777,100269,5250,7598,2331,8453,2931,442,1
30366,1,2,1,39,2,2,2,3,2,0,29882,20492,30220,56110,41426,54280,-123,2326,-35,2003,1880,408,1
382155,1,1,1,32,-1,-1,-1,-1,-1,-1,2866,-940,-707,2192,-792,-438,-1102,1641,389,253,281,561,1
497068,1,2,1,43,1,-2,-2,-1,-1,-1,6998,7679,22026,19346,8923,26091,35176,25207,8437,7384,25326,27307,0
136303,2,2,1,37,-1,-1,-1,-1,-1,-1,-2141,5794,12796,5875,1611,10724,3103,454,568,7178,623,919,0
239979,2,2,1,39,0,0,0,0,0,2,74306,109975,57933,25480,80150,24748,1702,3782,14588,8152,15318,4740,0
336904,2,1,1,28,-1,-1,-1,-1,-1,-1,-3388,-3198,-1396,41,252,1038,-1188,1198,-341,1934,180,1855,1
94116,2,2,2,25,0,0,0,0,0,0,81350,320021,57226,107027,28402,78675,12298,5028,240,8414,3062,11577,0
354697,2,1,1,43,-2,-2,-2,-1,-1,-1,19135,15546,13639,41263,45663,416229,3567,19045,90540,17038,11767,8241,0
49913,2,3,3,52,-1,-1,-1,0,0,-1,1393,8818,2125,794,1481,580,2,1436,814,-313,1748,-261,0
371099,1,6,1,47,0,0,0,0,0,0,122008,68978,141268,69389,93498,101605,10119,4459,1885,6038,4289,329,0
89391,2,6,1,39,-1,-1,-1,-1,-1,-1,63906,68366,23420,15896,-78,2072,2334,8171,1904,218,32231,2193,0
226274,2,1,2,31,-1,-1,-1,0,-1,0,1609,1014,3251,255,-53,1529,5532,810,158,2658,2351,77,0
52045,2,5,2,39,0,0,0,0,0,0,46838,45744,59282,1310,7547,7901,2460,3974,774,264,4721,-510,0
182395,2,4,2,32,0,0,0,0,0,0,190055,158135,109146,189411,96027,141264,4567,5485,3200,2477,2880,4460,0
150393,2,2,1,33,0,0,0,0,0,0,149541,206679,176618,204558,144439,143004,10023,12001,2960,4800,6165,3029,0
228398,2,2,2,36,0,0,0,0,0,0,219628,168134,161579,115636,108504,127169,9748,9039,3348,3397,7355,1970,0
93025,2,2,1,25,0,0,0,0,0,0,26678,61766,40632,30353,21570,28501,4396,8921,429,1873,2152,1325,0
95833,2,1,2,25,1,0,0,0,0,0,147,31234,18056,18566,39619,356,1032,224,-90,78,3538,2824,0
184326,2,3,1,40,-2,-2,-2,0,0,0,-793,17339,23192,19369,7069,9702,3067,2428,1048,7660,4628,12506,0
124384,2,2,1,40,-1,-1,-1,-1,0,-1,2962,7707,17446,6409,7836,9597,30,17313,301,1300,19475,895,1
232202,1,1,1,54,1,2,0,0,0,0,58177,100928,81726,274915,48331,64778,13710,59733,137907,4849,2888,1509,0
56212,2,2,1,40,0,0,0,0,0,0,51650,54211,62622,16463,13111,14533,1268,1621,-327,520,1090,-260,0
74399,1,4,2,33,-1,-1,-1,-1,-1,-1,9902,2897,268,8324,-174,8763,6851,2077,3635,7514,2335,887,0
207565,2,2,2,27,0,0,0,0,0,0,5161,21426,16432,13593,10649,12610,11010,3649,417,6973,3507,334,0
150860,1,2,2,34,0,0,0,0,0,0,92976,152549,127278,105892,48526,91256,4666,6654,3608,2478,1427,2712,0
308784,1,3,1,33,-1,-2,-2,-2,-2,-2,3344,-1198,1496,36,-2287,216,-1498,474,-240,5358,-25,810,0
383448,2,1,1,38,-2,-2,-2,-2,-2,-2,2884,-452,1335,934,-433,298,786,930,185,-321,-77,313,1
22198,2,2,2,23,2,2,2,0,0,0,14280,32090,1416,23385,20079,2636,76,119,-67,367,275,-26,1
377276,1,2,1,35,0,0,0,0,0,0,190701,88258,221303,64106,143516,104734,6849,11269,996,4758,8676,752,1
16758,2,1,3,51,1,0,0,0,0,0,14933,44680,15743,13655,8142,16698,1682,5214,1041,1265,464,787,0
330523,2,4,2,24,1,0,0,0,0,0,67577,253001,133143,52424,290689,56302,19561,11771,20090,5079,2854,1450,0
127962,2,2,1,41,0,0,0,0,0,0,108319,18309,11392,8921,31995,14104,4542,1451,9364,8648,961,376,0
230072,1,2,1,42,1,-2,-2,-2,-2,-2,437,-1480,170,151,-1702,1682,-1600,-144,-1267,-64,50,16,1
95917,2,2,2,22,0,0,0,0,0,0,45446,71211,55976,29166,31172,50289,1916,5157,854,585,1084,2002,0
72111,2,2,2,56,2,2,0,0,2,0,22063,70032,44046,38516,35720,45876,4340,2988,2399,2128,1440,1471,1
72272,2,1,2,31,3,3,2,2,2,2,10053,126112,8638,34645,18991,89205,5968,4122,469,891,841,8759,1
56732,2,2,1,58,1,-2,-2,-1,-2,-2,35646,1156,1159,-136,-905,-11,1414,1252,543,1731,469,-260,0
83362,1,2,1,36,2,2,0,0,0,0,59576,49948,46809,35793,42069,44727,2152,7200,1075,3148,675,3837,0
217689,2,1,2,26,-1,-1,-1,-1,-1,-1,11257,12375,11320,-1405,85,-1621,3759,2177,10605,17322,3483,12142,0
21671,2,3,0,43,1,2,2,2,3,0,81405,618,15092,17368,-2082,7346,670,1163,2152,297,1673,212,0
391512,1,2,2,39,1,-1,-1,-1,-1,-1,45489,12954,20634,12590,70363,32089,24630,11966,23726,2245,4728,17926,0
139866,2,3,1,42,-1,-1,2,-1,-1,-1,63161,63718,68516,-1425,42129,24859,3605,10212,90185,3100,1540,3797,0
135764,1,6,1,54,0,0,0,0,0,0,85269,199537,71536,28178,7941,49205,14314,3891,3780,2336,2768,-609,0
294010,2,2,1,31,0,0,0,0,0,0,170372,135155,135343,151812,90940,163310,9240,8155,4592,6014,5047,10125,0
21446,2,2,1,56,3,3,2,2,2,3,14741,15241,6813,27624,-752,16911,1826,1494,-526,644,1921,328,0
164812,1,2,1,33,-2,-2,-2,-2,-2,-2,22897,12975,2665,30902,17611,15399,11169,37495,34243,41112,4343,13765,0
30186,2,6,1,48,0,0,0,0,0,0,28776,59354,40586,8787,8718,7007,7171,2860,1779,-159,-146,-143,0
21108,1,2,2,24,2,0,2,2,2,2,13088,19900,29887,16652,29565,43746,101,993,1066,8380,355,2604,1
89508,2,2,2,25,0,0,0,0,0,0,37289,43950,37396,15117,42360,18527,237,1412,483,450,998,533,1
85434,2,1,2,25,1,0,0,0,-1,0,37073,3675,3659,40604,22305,53439,6282,4568,-186,832,3976,4462,0
324551,1,0,1,52,1,-2,-2,-2,-2,-2,59998,58588,86115,3615,42586,80484,7551,2190,1927,82733,3966,1895,0
16754,1,3,2,48,2,2,2,0,2,3,11585,9517,13906,317,716,1017,72,503,-186,443,111,3,1
170349,2,2,1,30,0,0,2,0,0,0,241,80267,53547,13279,40432,14186,2808,3296,591,246,518,6003,1
21277,1,6,1,47,-1,-1,2,0,0,0,13552,1002,14392,18630,-887,4491,-198,1107,1167,379,437,288,0
356831,2,2,1,34,1,-1,2,-1,-1,0,40695,54604,-725,-41,564,55686,120,919,-304,523,1662,3619,0
90858,1,2,1,55,0,0,0,0,0,0,62594,65996,33340,22393,25089,51617,2553,2735,5604,1992,2317,2889,0
227897,2,1,2,34,0,0,0,0,0,0,46482,101470,53151,37531,45762,66896,18999,23469,44730,21345,34141,1308,0
74331,1,1,1,33,-1,-1,-1,0,0,-1,2081,-636,3341,16392,-510,35613,-536,845,589,-266,752,282,0
85445,1,2,2,33,0,-1,0,-1,0,0,117478,6490,12209,3668,12957,652,88947,21036,11117,35647,19160,9768,0
223870,2,4,2,25,-2,2,-1,-1,-1,-1,13141,1032,2671,2022,1247,1070,3742,2380,187,251,278,1219,0
59996,2,3,3,35,0,0,0,0,0,0,45976,58400,50242,34019,36625,50518,1611,5644,3430,3413,412,868,0
50575,1,3,1,44,0,0,0,0,-2,-2,41895,42802,22908,9938,-1155,1779,1690,1807,255,2056,353,245,0
475972,1,6,1,33,0,0,0,0,0,0,65516,164008,127171,202979,139135,113270,7482,12198,4013,3266,2651,3753,0
169803,2,2,1,37,2,2,0,0,0,0,51981,191043,59570,168274,106463,73181,1384,8082,4906,1866,1280,3882,1
415477,1,2,1,43,1,2,0,0,0,0,57031,114073,45925,33560,34772,75001,5222,15530,2632,2142,1826,2248,1
132768,2,2,2,26,0,0,0,0,0,0,31210,26574,53564,24436,9426,20546,7420,2235,6345,1878,12868,-19,0
156382,1,2,1,34,-2,-2,-2,-2,-2,-2,2826,-1052,-265,-550,-3127,810,215,1698,-986,-515,31,139,0
72304,2,2,2,24,0,0,0,0,0,0,54476,3982,64980,14616,17646,600,697,4355,3064,-160,1213,1591,0
183454,2,5,1,42,1,0,0,0,0,0,96969,190944,58722,57610,101173,98996,2815,8873,2058,4334,2541,32,0
125020,2,1,1,33,2,3,2,2,2,0,7663,13350,56737,44816,72343,35997,1440,890,1635,4452,-209,891,1
27122,2,2,1,38,2,0,2,2,2,0,1506,15243,10170,20078,1933,1422,5186,2192,592,-221,607,-602,1
415387,2,1,2,27,0,0,0,0,0,0,88110,236071,207658,99408,64568,78539,10007,24165,9804,35683,4230,2761,0
91942,1,2,2,41,2,0,2,2,2,2,62080,199024,123624,72116,29357,86124,-358,20157,7601,719,1715,1274,0
236879,2,2,0,36,0,0,0,0,0,0,417196,100978,219315,184405,99602,125758,8810,9381,5341,5098,5009,3123,0
443202,1,6,1,51,-1,-1,-1,-1,-1,-1,-1236,-485,2308,17266,-1706,998,476,289,565,363,1160,732,0
70350,1,6,1,56,0,0,0,2,-2,2,63584,46514,51419,8479,44506,26664,4807,4450,231,149,1530,1158,0
443432,1,0,2,36,-1,-1,-1,-1,-1,-1,224565,6444,282450,197022,327404,269892,10089,12860,20772,10417,27842,32682,1
52432,1,1,2,26,-1,-1,-1,-1,-1,-1,1364,1317,2024,1607,692,-388,-851,1197,625,311,1536,380,0
148854,1,1,2,26,0,0,0,0,0,-1,85361,78538,16805,7083,336,-942,1676,67289,1578,653,-145,-104,0
157030,1,1,2,27,0,0,0,0,0,-1,19431,20329,24854,11280,26499,15501,9511,27843,26075,9134,21642,681,0
129427,2,2,1,48,0,0,0,0,0,0,97314,77131,47526,15193,52733,32775,6686,3273,1983,2814,175,415,0
401043,2,2,1,45,0,0,0,0,0,0,56480,263167,423423,217854,396019,432645,6013,12971,24005,6189,8760,3959,0
429263,1,2,2,34,0,0,0,0,0,0,272551,408604,203110,265186,330042,212534,8784,7846,27233,5027,9714,4664,0
17738,2,3,1,59,1,3,3,2,3,0,11314,1115,650,-89,153,-569,-354,1015,-236,-307,896,-406,1
121658,2,1,2,31,1,0,0,0,0,0,69750,69576,94373,129608,72206,58314,1883,4850,1746,3884,1697,1698,0
485257,1,2,2,31,0,0,0,0,0,0,177501,165162,238434,136303,154057,110462,12510,11097,91726,2310,2999,7244,0
211359,2,2,1,47,-2,-2,-2,-2,-1,-1,-2407,5876,23654,10942,22686,16041,764,40104,19489,4097,2440,44165,0
197678,1,3,1,31,1,2,2,2,0,0,9409,6405,21214,8189,805,567,1868,3450,567,794,311,1323,0
85388,2,3,1,45,-1,2,2,-1,-1,0,4575,5582,8770,525,3651,4917,-691,1475,630,2955,1560,7394,1
73938,2,2,1,28,0,0,0,0,0,0,36543,55581,95757,40912,40395,38879,3254,1343,945,323,3574,313,0
51717,1,2,1,34,0,0,-2,-2,-2,-2,49569,18097,19260,11089,12601,710,5161,2314,615,62,1267,8609,0
495571,2,2,1,34,-2,-2,-2,-1,-1,-1,22136,14523,27602,12012,18713,21714,4031,19025,14706,41462,20497,15644,0
217825,2,2,1,38,0,0,0,0,0,0,11379,17648,22701,6513,35106,12418,11068,10803,7867,2636,2444,10994,0
51046,2,2,1,38,2,2,2,0,-2,0,874,-985,2105,-205,1254,1661,-998,187,88,-314,548,832,1
135530,2,2,2,31,1,0,0,2,0,0,33386,39493,32336,21881,134,18075,4459,859,3400,381,22042,564,0
158294,2,2,2,23,0,2,0,0,0,0,52832,19415,52690,45222,26420,43208,289,917,2611,-6,1431,808,0
25523,1,2,2,49,0,2,0,0,-1,0,3695,2819,1342,11543,2649,27315,534,1183,879,597,1603,-76,1
28896,1,2,3,49,2,0,0,2,2,2,12715,27611,3924,18079,3854,15812,675,1993,176,2566,1473,-450,0
98142,2,3,0,53,-1,-1,-1,-1,-1,-1,2621,1142,-513,-1882,5073,-1168,313,1806,512,599,8337,6454,0
16463,1,2,1,47,0,0,0,0,0,0,13939,15512,53937,7745,16557,21951,1744,1808,1505,3649,1254,2650,0
52950,1,3,1,46,-1,0,0,0,0,0,22796,137,1205,13845,685,637,557,-274,280,178,1295,198,0
64176,2,2,2,27,1,2,0,0,0,0,25362,42785,92558,25792,45882,24434,926,1410,3847,1455,1655,1723,1
509486,1,3,1,49,0,0,0,0,0,0,200649,206609,229014,148459,278618,194911,10644,8735,23769,2092,6485,3690,0
358529,1,1,2,50,1,-1,-1,0,-2,-2,2377,443,868,-1041,7500,1148,-124,957,-99,1105,3745,374,0
72301,1,1,1,45,1,2,0,0,0,0,1446,1773,55237,28862,31574,40892,-79,770,587,674,3644,3773,1
25282,2,2,2,24,0,0,2,2,0,0,19303,21023,-652,14541,14837,20949,3315,1539,503,-725,2274,-403,0
380565,2,4,2,28,-2,-2,-2,-2,-2,-2,23957,17318,1758,13836,-442,468,1122,2338,194,3541,19813,348,1
36624,1,2,2,28,2,3,2,2,4,-2,14960,18878,590,49,590,1300,1211,1033,204,-157,-26,280,1
88842,1,2,2,27,1,2,-1,0,0,0,-3532,-1250,1214,1904,1284,1931,7,904,286,4234,381,198,1
154248,2,1,2,30,1,-1,-1,-1,-1,-1,-1350,-108,11529,8866,4698,48,227,1791,6885,421,20944,2591,0
390134,1,1,1,36,0,-2,-2,-2,0,2,3745,26807,11677,6826,3046,17540,3975,1700,13219,603,5856,87361,0
83137,2,3,1,43,0,0,2,2,0,0,12287,1021,19219,17661,5796,41220,7147,4132,157,-17,1424,2917,0
410023,1,0,2,32,0,0,0,0,0,0,518423,379904,376321,326049,441989,258767,47909,20398,157630,27610,7001,3499,0
24318,2,3,3,50,0,0,0,0,0,0,1554,2365,11530,2942,4053,9208,98,1612,1209,173,2192,-515,0
375104,1,2,2,41,0,0,0,0,0,0,190773,296079,202111,155047,263223,170206,9029,9369,12453,5213,10916,2217,0
110364,1,2,3,32,-1,-1,-1,5,0,-1,2377,1432,-107,1781,1193,620,-1089,1704,-163,52,222,654,1
139344,2,2,2,35,2,2,0,0,0,0,6624,475,1703,19611,134,1837,-850,961,-89,702,1805,408,1
410766,2,5,2,29,-2,-2,-2,-2,-2,-2,612,14225,482,1456,-424,-1038,6048,22385,-304,4528,1546,2288,0
237703,1,2,1,30,-1,0,0,0,0,-1,691,360,10462,1706,11379,440,-25,689,1590,753,1281,100,1
244754,2,2,1,47,-2,-2,-2,-2,-2,-2,-1769,257,2553,-351,-886,1477,-718,1205,474,375,1333,269,1
50963,1,3,1,35,0,0,0,0,0,0,6040,52937,45281,15271,911,2434,1144,5123,910,56,759,-553,0
484538,2,2,1,41,-2,-2,-2,-1,-1,-1,1073,8301,1338,15537,618,12780,16709,13352,8767,459,96995,7424,1
200897,2,3,1,54,2,0,0,0,0,2,8365,130181,69739,65551,84505,77215,6296,5759,3609,1879,1564,1994,0
128836,2,2,2,24,1,2,2,2,2,2,48941,59093,60247,86397,35474,95233,1430,6129,547,224,900,3287,1
175754,2,3,0,42,-2,-2,-2,-2,0,-2,14381,5284,10441,6829,26277,11885,1042,929,371,2362,1819,447,0
277747,1,1,1,53,0,0,-2,-1,-1,-2,10412,4977,17144,9451,7560,1390,9857,5351,2966,3855,23322,1164,1
153399,1,2,2,25,0,0,0,0,0,0,135668,141458,198648,134641,98841,36340,9630,1291,1634,6055,1248,8689,0
279293,2,2,1,45,0,0,0,0,0,0,92054,191688,171718,117560,117890,195460,11364,11804,3938,5449,3063,1122,0
143632,2,1,2,27,0,0,0,0,-1,-1,94816,14298,22012,107,715,1757,292,-915,526,-191,837,1839,0
78819,2,2,1,43,1,2,2,-2,-1,-1,-996,2150,-1059,852,-888,286,-1503,783,-792,333,2090,64,1
148212,2,3,1,43,-2,-2,-2,-2,-2,-2,30996,10997,30788,46341,54772,59647,24513,6262,21578,21550,4789,6129,0
262663,2,2,1,33,0,0,0,0,0,0,41259,48644,99302,51328,54722,89617,2779,19376,16052,43367,9687,6715,0
96837,1,1,2,25,-1,-1,2,5,0,-2,1624,56,1032,-14,-583,980,-1057,-660,-843,-88,678,310,1
54040,1,3,3,49,0,0,0,0,0,0,43737,53604,57345,33056,9170,44197,2436,1381,36,1742,1760,1421,0
256611,2,1,1,33,0,0,0,0,0,0,380921,240784,180363,318577,299374,225406,10971,5717,23261,2984,15960,27443,0
16926,2,3,0,44,0,0,2,-1,-1,0,20317,1472,22310,38097,18549,15284,5567,1531,1650,2733,834,2237,0
106556,2,2,2,36,0,0,2,3,0,3,59154,17155,646,8201,26427,17177,179,1119,376,543,2430,379,0
195154,2,4,2,30,-1,-1,-1,-1,-1,-1,3859,-1020,1254,170,-1466,160,1110,1331,2352,415,421,5545,0
95215,2,2,1,42,1,-1,-1,5,0,0,-565,-998,2424,1730,-308,-1187,-1,504,9,-619,904,-28,1
245040,2,0,2,27,-1,-2,-1,-1,-1,-1,-1003,-1101,2255,580,2270,1119,515,2542,1850,3752,21373,913,0
55310,1,1,2,23,0,0,0,0,0,0,40251,35610,65589,39209,10111,42559,1086,829,457,1585,108,646,0
519420,1,4,1,31,-2,0,0,0,0,0,485636,356630,484069,393275,289662,424308,26621,18119,21972,6869,21734,11707,0
22023,2,2,1,49,0,0,2,2,2,2,10994,24818,9218,8325,11513,16859,9915,1471,431,746,15,1538,0
191640,2,5,2,30,-1,-1,-1,-1,-1,-2,2481,2809,1916,-20,2603,398,642,4116,505,930,19903,959,0
466544,2,2,1,49,0,0,0,0,0,0,276916,406870,222362,162902,171374,219117,5792,10985,8814,6143,10465,3775,1
252158,2,1,1,33,0,0,0,0,0,0,172513,225585,196396,77283,149007,259232,9958,18520,4363,6170,1327,5421,0
202047,2,1,2,23,0,0,0,0,0,0,50914,109383,35556,21889,35513,61822,4135,2458,3108,999,4440,1360,0
12591,1,1,2,23,3,2,2,0,0,0,8057,1019,436,22306,41469,1186,1514,1486,1278,550,1017,476,1
108540,1,1,1,30,-1,-1,-2,-2,-2,-2,1082,-244,879,311,495,1471,3248,-474,319,-171,860,431,0
147660,2,2,1,52,0,0,0,0,0,0,166343,144404,38863,137485,37099,66264,2020,9438,1058,2070,673,463,1
17666,1,2,2,23,0,0,0,0,0,0,24304,9040,11467,17737,16955,24070,975,1346,533,-84,5442,-134,1
486437,2,4,1,33,1,-1,-2,-1,-1,-1,4281,8379,6688,8760,12192,-421,1758,8651,8424,8865,14020,13375,0
412087,2,2,1,35,1,-2,0,-1,0,-1,211684,20197,28389,24916,55089,50886,35448,17321,48095,14773,19004,4204,0
389828,1,2,1,32,1,0,0,0,0,-1,80051,207579,397097,260793,115323,348577,7420,13285,19494,5708,26912,11293,0
29659,2,2,2,24,0,2,0,0,0,0,10055,1957,-1012,14438,16890,7609,4256,1341,2474,6449,1504,260,0
30962,2,3,1,49,0,0,0,0,0,0,20580,21662,16759,7249,18905,21580,751,1246,752,3698,1944,1902,0
27775,2,1,1,55,0,-1,2,0,0,0,11053,2263,366,9115,-21,14,-52,2033,170,133,1014,23,1
197025,1,1,2,26,1,-1,-1,-1,-1,-1,1085,1448,2875,1143,546,2104,104,1873,636,-175,1579,18499,0
24918,1,2,2,33,-1,2,2,0,0,0,-603,-564,308,13559,11391,11220,-653,1247,852,7015,1547,5657,0
512238,2,4,1,38,-2,-2,-2,-2,-2,-2,84175,78955,33395,14842,8964,2172,29815,11526,163,91493,28404,7680,0
196192,1,2,1,36,-2,-2,-2,-2,-2,-2,302,17,2438,8,333,449,10,3198,1042,86,2114,26009,0
85540,2,1,2,27,2,2,0,0,0,0,51084,128540,57024,119549,105570,77389,1128,3004,4565,1806,1031,1595,1
305750,2,2,2,50,1,-2,-2,-1,-2,-2,65732,72459,2284,173,1821,1232,-463,1642,751,6934,1660,117,1
300277,1,2,1,36,1,0,0,0,0,0,55502,136703,46838,162252,74523,79473,3897,95632,2906,3112,923,2055,0
53959,2,1,2,25,0,0,0,0,0,0,17853,2264,2849,14068,14166,16464,1559,2076,-875,-616,707,160,1
222178,1,2,1,50,2,2,0,0,0,0,104631,177983,146696,169922,175433,174027,2429,7402,10449,8640,8079,1057,1
372499,2,2,2,27,0,0,0,-1,-1,-1,12842,14709,7882,11420,13829,8400,10089,21632,20345,50229,19475,5887,0
26774,2,3,1,24,0,0,0,0,0,0,17273,23555,6632,11765,8522,8479,10560,1250,879,1714,1519,42,0
54801,1,2,1,35,0,0,0,0,0,0,10135,14432,54947,9092,11396,31073,5021,970,526,4094,718,5951,1
269634,1,3,3,28,1,-1,-1,-1,0,-1,1250,1285,2184,1349,2161,507,325,936,1461,484,599,-145,0
28861,2,3,1,34,2,3,2,2,0,0,963,17124,8769,-317,-544,-808,116,1449,-412,-476,1875,-300,1
31236,2,2,2,40,2,0,0,2,0,2,18573,47562,32773,19137,12812,44000,1214,5288,-316,2623,2405,105,1
209036,1,2,2,30,0,0,0,0,0,0,49460,56174,40603,32934,36563,29435,5155,2252,373,434,3378,2376,0
196085,2,2,3,37,0,0,0,0,0,0,140228,85692,68442,166757,98791,111908,6329,11245,2301,6683,2244,5944,0
116351,1,2,1,34,-1,-1,-1,-1,-1,0,1517,639,494,1259,1170,959,680,1856,4725,6479,2978,1572,0
83916,2,3,2,35,0,0,0,0,0,0,41443,65932,60002,26271,26441,168,-2,1881,917,296,972,70,0
14191,1,2,1,24,2,2,2,2,2,0,14135,20646,62452,34417,46919,61523,405,1336,1390,1888,1609,1990,1
271869,2,2,1,36,0,0,0,0,0,0,253379,199550,183246,177089,161033,212913,8467,11917,144484,-102,3981,3656,1
155361,2,1,2,28,0,0,0,0,0,0,103962,235411,182420,93800,79922,181958,8346,7811,117418,2216,4777,1765,1
30300,2,3,1,47,0,0,0,0,0,0,38316,20205,21040,-101,16624,21862,1805,4880,1351,2487,1518,2077,0
153043,2,2,1,43,0,0,0,0,0,0,97462,100335,76288,131152,97749,80217,792,5679,3672,167,-89,1059,0
146481,1,2,1,46,0,0,0,0,0,2,62118,129584,91766,115815,64731,111892,8541,1686,722,3213,2422,1827,0
185829,1,1,2,29,0,0,0,0,0,0,11513,35453,16702,6142,38031,25299,3693,3811,17277,249,4,7119,0
316488,1,2,2,35,-2,-2,-2,-2,-2,-2,5203,618,815,-1837,-1827,992,1853,746,-107,694,1594,144,0
92192,1,2,1,29,0,0,0,0,0,0,36172,67764,58531,40754,15474,20440,5216,5712,2381,1865,5620,2125,0
92589,1,2,1,35,-1,-1,-1,-1,-1,-1,9650,869,13228,10371,-825,435,1956,36242,14176,633,377,6967,0
123057,2,2,2,30,0,2,0,0,0,0,263,85623,46060,39971,1063,1262,3929,912,1468,580,842,1376,0
252156,1,4,2,43,-1,-1,-1,-1,-1,-1,2977,-1890,3035,893,-2098,117,1074,1969,-362,6186,281,3017,0
72955,2,1,1,30,-1,-1,-1,-1,-1,-1,3112,1044,2359,-869,1901,860,1417,1237,436,68,612,13490,0
88022,1,1,2,24,-1,-1,-1,-1,0,-1,2036,19304,12584,8263,8030,10475,4242,1546,3622,5907,1628,12422,0
231043,1,1,2,35,1,0,0,0,-1,-1,18046,448752,103382,95265,69076,58406,7975,89220,45433,36106,6102,9652,0
22166,2,2,3,47,2,2,2,3,0,0,8740,15912,16316,13403,24246,61862,755,1895,-1308,1110,2366,33,1
329394,2,2,0,34,0,0,0,0,0,0,252646,219497,146170,133898,116933,164233,11502,6015,374,5738,8248,905,0
176298,2,1,1,35,1,0,0,0,0,-1,193390,172784,69727,108977,43430,24244,4437,4557,116117,1694,1448,-148,0
240408,2,0,2,31,-1,-2,-2,-2,-2,-2,-2827,-3547,-140,776,3082,1561,673,983,-556,528,283,372,0
271621,2,2,1,43,0,0,0,0,0,0,265446,344554,245048,328029,116675,255797,11201,7126,21246,8624,10802,1552,0
18067,2,3,3,52,-1,0,2,0,0,0,9767,10466,7512,3294,4490,-641,1103,698,5522,716,943,140,0
360590,1,2,1,55,0,0,0,-1,0,0,280465,26515,186294,180160,46105,21297,43690,9921,15407,20345,52890,8605,0
92535,1,2,2,32,2,0,0,0,0,0,1521,1932,2308,19441,3118,1218,1153,587,185,295,3862,243,0
30098,1,2,1,27,3,3,2,2,4,-2,14235,3431,-1506,-833,-936,1671,431,11,-1393,-1064,-18,-670,1
126847,2,3,1,40,0,2,0,0,0,0,174608,128580,136908,70303,82081,67932,2542,2650,1893,2645,1273,3107,1
283645,1,1,2,33,-1,-1,-1,-1,-1,-1,375,-1387,64,799,183,1051,59,572,-684,658,2252,3201,1
184482,2,2,0,41,0,0,0,0,-2,0,19138,17603,17612,6035,-463,4926,1741,2276,918,627,234,11038,0
211571,2,3,1,53,-2,-2,-2,-2,-2,-2,46,-743,1895,1213,-1613,1575,-684,184,559,-160,112,106,0
424446,1,2,1,33,-2,-2,-2,-2,-2,-2,2085,306,-1440,439,-2349,355,688,7,325,4870,1629,166,0
246878,2,1,1,32,-1,-2,-1,-1,-1,-1,13356,10620,17030,11924,18570,43889,49877,7082,48409,33795,77745,21849,0
236149,2,2,1,53,0,0,0,0,0,0,279930,347020,251643,338809,173440,227802,9594,11150,8872,2181,9738,3479,0
224957,2,5,2,32,-1,0,0,0,0,0,248477,188905,207203,88719,295784,124663,5772,13081,20716,1864,12499,1591,0
54443,1,1,1,40,-1,2,-1,0,0,0,-1569,-373,229,19859,-1325,16115,-8,1108,470,-91,7361,472,1
143360,2,2,1,36,1,-2,2,2,0,2,7050,17196,7145,46062,7671,42513,3617,1626,1813,5949,1989,3060,0
284123,2,1,1,43,-1,-1,-1,-1,-1,0,1228,12072,17499,2975,10161,14504,280,19389,10741,8663,3748,2378,0
147431,2,2,2,26,0,0,0,0,0,0,88169,215530,71245,60403,118438,79835,13069,7136,2970,5921,2425,732,0
21267,2,1,2,23,0,0,0,0,0,0,16716,38070,36563,5464,10097,1633,636,1325,-680,477,1347,-150,1
25162,1,2,1,34,1,2,2,2,-1,-1,4456,1045,-1574,7872,-149,32801,1031,1004,61,834,13,2231,1
54114,2,1,2,25,0,0,2,2,2,-2,10022,20426,6362,5742,129,23662,2114,967,468,1300,1591,-410,0
58281,1,2,1,26,0,0,0,0,0,0,4591,1931,2643,19797,3079,3577,1017,1883,-202,1662,1156,36,0
105877,2,3,0,32,-1,-1,-1,-1,-1,-1,986,3012,-274,163,-272,2430,25,698,1209,802,514,291,0
56002,2,1,2,23,0,0,0,0,0,0,13343,43898,28222,5242,6306,3637,2508,1434,1719,-20,96,758,1
146935,2,2,1,34,-1,-1,-1,-1,-2,-2,3348,592,764,590,307,-278,505,62562,148,2660,274,257,0
374017,1,6,1,26,-1,-1,-1,-1,-1,-1,13072,-1644,357,7912,-1549,-1011,9792,6066,6951,239,118,3113,1
14705,2,2,2,25,0,0,0,0,0,0,26323,14191,18392,16472,11732,460,1620,2570,4749,-751,258,3,0
423260,1,2,2,36,0,0,0,0,0,0,189526,132853,259353,293409,363372,181292,9144,10401,3428,3594,5289,8416,0
56199,2,2,1,46,0,0,0,0,0,0,40264,44279,44848,39364,15091,41813,1119,2031,152,461,629,-359,1
213632,1,2,1,41,-1,-1,-1,-1,-1,-1,2822,-1777,450,2590,1902,2637,-592,443,-392,262,419,387,1
28017,1,5,1,36,0,0,-2,-2,-2,-2,12765,9127,12301,9925,-203,-1775,2101,2131,-202,-262,362,-26,0
24782,2,2,1,37,0,0,0,0,0,0,16691,13160,15339,3616,10031,5523,3288,1107,111,-115,735,3944,0
165279,2,2,1,47,2,0,0,0,0,0,303598,233109,183671,246699,217572,204392,10137,10186,24754,5003,7898,3097,0
54913,2,1,2,27,0,0,0,0,0,0,18779,19150,18699,1471,3704,6212,3321,3284,577,1194,903,9304,0
22988,1,2,3,46,0,0,0,0,0,0,16262,3318,9470,475,1300,706,1440,2038,1458,81,261,-511,0
93523,2,1,2,27,0,0,0,0,0,0,30173,60199,65624,33167,10053,40595,4615,4746,69,2002,5454,79,0
104683,2,2,2,35,-1,-1,-1,-1,0,-1,7803,48079,511,13698,15249,2490,5219,1456,114632,4749,2054,5777,0
59126,2,4,2,32,0,0,0,0,0,0,45469,14097,23201,22141,8602,998,1234,926,68,536,1735,198,0
18964,2,2,2,29,0,3,0,2,0,2,8424,8927,9510,5524,21640,13343,633,1547,2597,5224,5780,-37,0
17001,1,6,2,32,2,-2,-2,3,-2,0,17515,-1409,2041,2352,-3412,-665,-185,590,-223,152,328,351,1
93837,1,2,2,30,1,-1,-1,0,0,-1,-1270,597,2140,1434,-538,480,481,1406,-143,1836,1086,2318,0
24962,1,3,2,25,2,0,2,2,2,2,14416,60685,35029,32345,11264,55247,2208,2759,369,2597,1622,-267,1
49693,2,2,2,27,0,0,0,0,0,0,49872,66191,46391,35309,15360,24467,7690,2916,415,1564,2330,-26,0
46774,1,1,2,33,0,0,0,0,0,0,49166,22876,82024,11495,9063,9486,6436,2054,910,57,604,343,0
240786,2,2,1,43,1,-2,-2,0,0,-2,71670,89965,83026,246024,47152,53200,-780,4490,2801,3513,-164,8039,0
399944,1,2,1,38,1,-2,-1,-1,-2,-2,518,14949,15705,6343,-1357,8346,2414,21980,909,6182,4230,3250,0
50897,2,2,1,44,0,0,0,-2,-2,-2,2119,1095,996,-410,1098,1587,407,1569,-57,-53,-22,-324,1
242150,1,5,1,33,-1,-2,-2,-2,-1,-2,2294,48,653,2090,61,-1338,111,2468,752,2656,330,252,0
15684,1,2,1,58,0,0,0,0,0,0,54573,55165,61411,8575,5066,21081,3591,2349,1401,624,207,-287,0
95327,2,1,2,43,-2,-2,-2,-2,-2,-2,8652,1141,28478,40586,37512,14236,1487,53531,540,2108,1436,446,0
342847,1,2,1,32,-2,-2,-2,-2,-2,-2,7380,-1155,4034,910,-896,2060,332,2173,-174,-344,2080,1542,0
239143,2,2,1,32,-1,-1,-1,-2,-2,-2,3176,2086,294,867,-1962,-148,-829,576,-331,207,-234,317,0
81787,2,2,2,42,-2,-2,-2,-2,-2,-2,16854,21792,66706,9670,40095,39017,4101,21626,-183,2712,1252,1345,0
428619,1,1,1,31,-1,0,-1,0,-1,-1,117216,147016,364828,286647,16788,41490,29,21434,975,4706,9714,100540,0
79494,2,3,0,57,0,0,2,0,0,0,81893,71061,82809,73442,56591,90995,4093,5221,2749,743,173,2445,0
119189,1,2,1,46,0,0,0,0,0,0,65480,123147,51305,110079,75570,77071,1938,5577,3023,3784,3857,1983,0
50598,2,1,2,24,0,0,0,2,0,0,15671,806,32073,17531,7887,10205,2800,899,91,6573,165,246,0
198950,1,1,1,31,-1,-1,-1,-1,-1,-1,3436,469,943,-1328,-173,-1847,6404,1829,15384,243,73667,213,0
21297,1,3,1,45,2,2,3,2,2,2,34619,-1715,36055,8139,41290,41178,1047,4500,1817,-79,5340,-122,0
397307,1,2,2,50,-2,-2,-2,-2,-2,-2,453,-1682,1157,1220,-1927,726,828,1066,-98,428,18530,525,0
22821,1,2,1,43,1,2,2,0,0,0,15777,44106,46618,14916,50299,49143,1856,335,1835,2743,1453,2959,0
223181,1,2,1,46,-1,-1,-1,-1,-1,-1,20,470,2148,903,2804,-195,635,1124,920,8553,2403,2580,0
67623,1,2,2,31,-1,-1,-1,-1,-1,-1,39,-2749,46,-490,1514,427,1869,4296,3221,9250,925,697,1
209200,1,2,2,45,0,0,3,2,2,2,101611,65028,43170,45242,31523,40502,6760,5529,2968,611,2211,1523,0
27412,1,1,1,32,0,0,2,0,-2,-2,15688,13485,17415,7723,-440,-955,181,1187,388,-463,387,3297,1
103428,2,3,1,42,-1,-1,-1,-1,-1,-1,3567,2220,-156,-972,555,767,-47,462,-456,-52,54,322,0
100253,1,6,1,35,0,0,0,0,0,0,60573,92275,94903,72926,21013,75342,1792,2457,4785,-134,-63,5595,0
84056,2,3,0,46,-1,-1,-1,-1,-1,-1,2738,3089,-333,1239,977,739,19,2723,585,5105,1744,222,0
15255,2,3,2,23,1,2,2,2,3,2,13189,9159,-611,2628,-1433,-296,-230,-205,-532,34,-169,-157,1
18563,2,2,1,29,0,0,2,-1,-1,-1,6339,7158,1087,1176,11477,91,2468,1206,-173,327,1143,-365,0
154387,1,2,2,29,0,2,0,0,0,2,34649,56163,46305,36745,46469,50136,4476,4144,-653,2595,2143,554,1
149881,2,2,2,44,-1,-1,0,-1,0,0,1587,10253,12279,9687,311,12427,347,9190,2965,558,793,2928,1
24861,2,2,2,23,-1,0,0,0,0,0,2909,2713,1344,5848,22840,19758,1299,816,844,20,899,-46,0
84809,2,1,2,24,0,0,0,0,0,0,66814,57278,45875,38561,20891,46033,3193,3010,1175,-22,1980,1752,0
55039,2,4,2,37,0,0,0,0,0,0,53134,19065,75789,2725,13172,12294,6962,3973,5798,6548,3725,5594,0
22510,1,2,2,35,0,0,0,0,0,0,38913,55040,25105,5994,22657,16943,1460,1933,1077,1886,2472,-39,0
24498,1,2,1,36,0,0,0,0,0,2,16572,50239,43071,40919,35686,19732,2499,5806,431,2413,1274,656,0
238184,1,2,1,49,0,0,0,0,0,0,261297,282723,193046,190338,121724,83112,11990,8798,4695,10102,2710,4881,0
89290,2,2,1,36,0,0,0,0,0,0,39848,56939,20344,38881,34439,12793,2479,4540,823,1479,1538,1050,0
219127,2,1,2,27,-1,-1,-1,-1,-1,-1,2778,-126,-425,-968,675,-1087,914,1947,-151,5990,182,2073,0
112127,1,1,1,55,0,0,0,0,2,2,83918,167909,70053,84384,59437,87459,3045,3016,1044,4265,3224,1937,1
132129,1,2,1,36,-2,-2,2,2,0,2,3293,4728,13574,4593,27516,1312,2841,3917,367,8204,1426,9980,0
519378,1,2,2,25,-1,-1,-1,-1,-1,-1,1834,1313,1849,14834,1792,679,3316,66173,1303,6010,1162,1085,0
146279,2,2,2,32,0,0,0,0,0,0,87412,168996,41686,101339,140605,53912,6767,7721,1618,4052,2923,1555,0
319884,1,1,2,28,-1,-1,-1,-1,-1,-1,155,-1258,1256,2316,1329,462,-348,88,36,13,304,911,1
161425,2,1,1,58,0,0,0,0,0,2,70596,85392,53188,102107,53222,76246,12937,7067,1251,33858,345,767,1
229842,2,2,1,51,1,-2,-2,-2,-2,-2,9469,82,1387,12749,-1079,245,-318,-108,642,374,1108,567,1
203123,2,5,1,36,0,0,0,0,0,0,81461,119664,82763,94331,63001,76781,1089,5517,3254,2633,482,1250,0
21606,1,2,2,29,0,0,0,2,0,2,13725,6997,36262,28907,15190,9687,10689,1017,28,7382,4039,13798,0
213969,2,3,1,34,-2,-2,-2,-2,-2,-2,1772,-1271,-92,-1046,-2812,-1550,-155,646,-777,-408,-239,88,0
95990,2,4,2,34,-2,-1,0,-2,-2,-2,75330,10185,2826,-393,-176,1318,1864,1903,-192,932,-9,293,0
228224,2,2,1,43,0,0,0,0,0,0,102010,162689,74280,69579,63812,128092,5745,10363,4132,3609,940,2001,0
29024,1,1,2,41,1,3,2,4,3,4,8616,7788,-984,4452,-1356,-1698,-448,1070,-1054,-133,1107,-195,1
108013,1,2,1,53,0,0,0,0,0,0,57754,84643,62974,31642,52959,41503,7037,2230,-407,-106,1025,3269,0
519182,1,2,3,49,0,0,0,0,0,0,251613,218039,216633,242089,303248,209938,8906,8408,5260,4813,3809,540,0
25410,2,2,1,32,2,2,2,2,2,2,9259,12595,5805,19452,10338,11952,2085,1408,-78,316,749,1902,1
163536,2,5,2,28,0,0,0,0,0,0,107510,189842,126322,80920,79473,116099,12848,5009,5492,1258,2421,624,0
197650,1,3,2,31,-1,-1,-1,-1,-1,-1,7548,-1698,-1517,583,-1500,-35,3361,23150,-389,289,2573,-204,1
214583,1,3,2,28,0,0,0,0,0,0,98598,80578,58864,65329,27103,1597,1638,317,6476,679,2575,72,0
393369,1,1,2,27,-1,-1,-1,-1,-1,-1,1568,740,1595,873,-553,813,-115,1202,-83,-466,396,1336,0
166708,2,0,3,32,1,-2,-2,-2,-2,-2,1853,-2042,424,649,2901,1471,-611,866,274,147,1706,-265,0
212321,2,1,2,32,0,2,0,0,0,0,25055,42289,60805,43598,54501,61555,1625,2857,1206,1623,269,1461,1
80406,2,1,1,39,2,2,2,0,0,0,59276,165847,57317,19055,117417,84474,2012,923,3765,3199,1089,1479,1
199497,2,2,2,37,-1,-1,-2,-1,-1,-1,-3207,-3625,-1787,276,-1096,-822,-972,1091,-932,543,1059,-38,1
190695,2,5,2,31,0,0,0,0,0,0,423963,164377,414066,234564,256990,96454,10447,12555,3294,5334,40,2119,0
205864,2,2,1,27,-2,-2,-2,-2,-2,-2,1920,230,1895,612,-2386,-224,12051,762,-456,231,458,1361,0
202479,1,1,1,35,0,0,0,0,0,0,49289,41774,51253,65892,41626,105602,5401,6100,1137,3327,3454,5524,0
94732,1,2,1,33,-1,-1,-1,-1,-1,-1,1037,-41,2230,613,-311,-444,-1252,1941,-36,782,105,-155,1
24099,1,1,2,27,2,0,2,0,-1,-1,3293,1189,3261,-458,-377,-8,1804,1440,-195,-439,1767,594,0
29404,1,2,2,23,2,0,2,2,2,2,15433,68615,43978,38449,47710,44916,3145,2214,-89,1190,5817,-136,1
213543,2,1,1,33,-1,-1,-1,-1,-1,-1,7382,9364,1811,8068,9718,207,3476,17307,22700,7227,16167,86791,0
74043,2,3,0,50,1,2,2,0,0,0,22175,21763,56245,36239,32320,42295,280,1425,3076,2624,3756,1687,0
84586,1,3,1,52,0,0,0,2,0,0,17876,14731,12711,15521,30451,17084,3040,2561,692,558,4258,4148,0
80818,1,3,0,46,0,0,2,2,2,2,44602,66925,18260,46784,32836,43584,5022,2102,3164,2876,886,319,1
15259,1,2,1,43,3,0,2,2,2,2,8703,21804,7120,22239,26480,17990,817,1874,632,1003,-13,2232,1
388907,1,2,1,35,-1,-1,-1,-1,-1,-1,1232,-2368,-1960,468,-150,151,1398,1088,179,6080,409,1211,0
45747,2,2,1,23,0,0,0,0,0,0,18473,52642,51556,41351,10821,77893,4324,1910,390,4040,1545,58,0
193642,1,4,1,31,0,-1,-1,-1,-1,-1,4315,3638,18379,8376,278,-689,1998,12880,92,427,-12,14987,0
35959,2,2,3,53,0,0,0,0,0,0,1251,12615,11773,10650,11347,8400,1245,1880,793,173,4325,648,0
217380,2,2,1,50,1,0,-2,-2,-2,-2,62348,24819,37794,13286,-654,842,3455,737,541,-454,1818,1248,0
179261,2,2,1,29,0,2,0,0,0,0,80773,191110,67485,102749,104678,91900,9926,58042,1749,2231,2753,3569,0
445737,2,2,2,36,0,0,0,0,0,0,312340,171969,508214,106591,161229,294161,13954,16231,13009,1827,7224,3870,0
381519,1,2,1,35,-1,-1,-1,-1,-2,-2,3077,-851,-1107,868,71,1514,-78,299,-460,21,1930,1,0
56016,2,2,2,57,0,0,0,0,0,0,33591,33149,49459,36865,26915,21169,1930,2244,704,351,1097,1886,0
18142,1,2,2,54,0,0,0,2,0,0,13445,17520,34521,3494,11040,18708,4745,817,406,2978,1562,478,0
197165,2,3,1,37,-2,-2,-2,-2,-2,-2,75,-366,2299,919,-343,715,-695,1340,920,3273,1204,446,0
26562,1,2,1,28,0,0,0,0,0,0,11453,35023,25391,5470,7366,14416,2530,2706,470,1537,1649,142,0
161315,1,2,2,31,0,0,0,0,0,0,36674,65299,92871,16564,34518,45666,49015,6078,23791,34437,639,4121,0
516595,2,1,1,33,1,0,0,0,0,0,417038,412073,545398,465771,284764,445337,20372,20653,21706,31778,14918,10461,1
362841,1,1,2,32,0,0,0,0,-1,-2,70667,16810,10961,16717,6819,13970,2320,5495,16333,4003,1678,6546,0
27445,2,2,1,29,2,2,2,3,4,-2,6998,10259,-515,-1154,-1502,-697,345,1178,-1263,-476,2,-403,1
365525,1,2,2,55,0,-2,0,-2,0,0,49215,46940,51634,69692,35106,47053,809,42775,1104,21693,4920,2595,0
53765,2,2,2,34,0,0,0,0,0,0,59211,58374,32590,33898,42127,19037,3431,1787,1953,2291,2770,1326,0
116211,1,2,1,34,0,0,0,0,0,0,91868,123111,51750,33336,41252,102793,3698,5972,1078,834,3677,2797,0
111686,2,2,2,25,0,0,0,0,0,0,75371,51532,92453,64503,31334,46561,1274,2018,3862,399,1813,873,0
90767,1,2,1,34,2,0,0,0,2,2,32540,45193,50573,38458,36528,59214,4203,2222,1418,7577,669,1052,1
245680,2,1,1,29,0,0,0,0,0,0,34158,11029,16790,7567,49956,13857,9514,11068,7605,7549,2587,11456,0
147778,1,2,1,43,2,0,2,0,0,0,93036,9576,5259,5062,11521,14623,1001,2797,1644,479,785,-325,1
232865,2,2,1,38,-2,-2,-2,-2,-2,-2,10696,-793,12110,-1005,-3195,1058,529,2583,-268,-253,4734,1661,0
132371,2,1,2,22,0,0,0,0,0,0,41196,97542,37055,31137,31558,46848,13257,7485,7776,2621,3455,11203,0
438269,2,4,1,41,0,-2,-2,-2,-2,-2,73681,66701,57283,-1081,-1750,1433,2274,1475,81,3867,-117,-158,0
71071,1,3,1,46,-1,2,-1,0,-1,-1,-1202,2545,2436,12988,14856,23641,-5,2384,702,2504,3366,486,1
86547,2,1,1,33,-1,-1,0,0,0,0,1027,-852,41823,27798,42386,180,893,2114,2220,274,287,1096,1
214844,2,2,1,41,0,0,0,0,0,0,66290,263720,216661,128292,55449,54919,8884,9390,1357,6612,74983,2349,0
59179,2,6,1,34,1,2,2,2,-2,0,9323,6485,16885,8296,26521,-968,605,3520,1032,-375,680,445,0
19850,2,2,2,24,2,3,2,2,2,2,6483,28020,16046,2217,34016,18758,2790,1630,169,-121,1954,1339,1
238054,2,2,1,26,0,0,0,0,0,0,230114,185802,98564,138483,67794,90800,12613,10364,3520,2937,7969,1500,0
153501,2,1,2,24,0,0,0,0,0,0,134897,159209,85410,100912,51375,58150,4829,1545,2454,1735,1062,2625,0
25482,2,3,0,34,0,0,2,0,0,0,18717,16675,12244,2573,978,2015,3018,637,1157,247,984,-58,1
139181,2,2,2,27,0,-2,-1,-1,-2,-1,8039,3985,-284,4791,-1354,1934,1210,1241,25,7320,-140,361,0
258306,1,1,1,44,1,-1,-1,-1,-1,-1,-776,-1066,10829,11788,143,1025,8546,1801,-131,309,1808,3323,1
21009,2,2,2,23,0,0,0,0,0,0,18943,20625,14198,1462,15161,1555,6101,1015,310,-85,1584,-86,1
142724,2,1,1,46,0,0,0,0,0,0,21271,45594,47060,20623,129478,12705,4477,1993,3720,6052,1685,2151,1
230056,1,1,2,32,0,0,0,-1,-1,-1,92853,132066,78517,76072,255500,236607,10483,11623,12172,10702,9291,14694,0
30933,2,1,3,23,0,0,0,0,0,0,20197,27050,56077,11039,22004,12406,4719,3111,1184,1803,5122,340,0
87363,2,2,2,24,0,0,0,0,0,0,70178,128398,117987,27556,68637,68135,1797,3390,1149,4925,1534,2947,0
155939,1,2,1,34,2,0,2,2,2,2,21296,78941,74476,36501,17053,42252,739,1601,-408,459,1171,176,1
212533,2,2,1,25,0,0,0,0,0,0,63674,105066,70248,25182,82605,71426,5483,2747,-169,1676,2097,1112,0
25080,1,2,2,39,0,0,2,2,0,2,9214,14080,20650,3573,17489,20833,5068,2700,3069,6835,5151,8643,1
240146,2,1,1,32,0,0,-1,-1,-1,0,9708,71409,87500,4416,742,504,1866,1793,415,4235,1164,718,0
52611,2,1,1,35,0,0,0,0,0,0,13303,59064,42456,8775,10081,34644,2164,2028,1751,-288,1543,150,0
160767,2,2,1,54,0,0,0,0,0,0,66632,103414,57783,83059,27738,11134,2059,2751,4730,73,4784,-297,0
368567,1,2,0,34,-1,-1,-1,-1,0,-1,-240,-494,374,14973,407,-1856,-490,1669,962,360,1792,501,0
15442,1,2,2,49,0,0,2,2,-2,-2,-120,7,-344,-83,-1961,-462,-144,966,-157,-54,17,-321,1
194973,1,2,2,35,-1,-1,-1,-1,-1,-1,-1553,758,237,7697,1867,2031,-224,595,365,243,3826,1686,0
92864,2,2,1,29,0,0,0,0,0,0,161494,192148,118833,155834,124685,68772,13344,842,5195,6783,317,1215,0
84291,1,2,1,41,1,-1,-1,-2,-2,-2,2688,-1700,88,41,-231,-765,-825,-268,-630,125,-372,2784,1
31134,1,2,1,53,0,0,0,2,2,0,13056,19304,13820,5283,11961,4144,1677,1949,-52,520,2489,-268,0
212288,1,1,2,22,1,-1,-1,-1,-1,-2,-2294,732,1420,1181,756,258,18,1670,-83,-235,258,2018,1
261456,2,2,1,29,0,0,0,0,0,0,88213,195785,126742,157354,334740,198388,11274,13560,4036,5186,4167,3980,0
26364,2,2,3,44,-1,-1,0,0,0,0,-66,-1316,622,11266,9598,-340,-681,449,651,-306,93,691,1
190950,2,5,1,49,0,0,0,0,0,0,89351,136833,141283,76427,155887,113635,8671,5120,9855,3679,1306,946,0
223789,1,6,2,44,0,0,0,0,0,0,68221,113101,84703,107721,40351,68674,4991,8963,10555,2448,3909,7998,1
91915,2,2,2,28,0,0,0,0,0,-2,85512,68486,89425,946,1241,1410,3075,1060,442,1481,1773,1420,0
96058,2,2,2,24,2,0,2,2,2,2,74819,73553,27948,31369,22969,45487,2174,2913,1048,2296,1900,670,1
135326,2,2,2,23,0,0,0,0,0,0,73584,162269,41676,110117,106560,78176,6261,2703,2142,503,2151,3007,0
28467,1,2,1,36,2,3,2,2,2,0,10988,12600,10665,7933,13685,89,1003,571,-334,476,-120,341,1
19949,1,2,1,29,0,-2,-2,-2,-2,-2,10920,14226,17067,2044,-171,52,1561,1657,995,-272,-1,869,0
190287,2,1,2,26,-1,-1,-1,0,-1,0,1981,2778,3025,1378,1869,1733,522,1225,278,601,2370,6,0
151588,2,2,2,25,0,0,0,0,0,0,166050,175422,35659,75745,143914,65476,5877,2581,3680,2865,726,2350,1
292311,1,2,2,27,-2,-2,-2,-2,-2,-2,-403,-519,2913,2063,1366,1625,-360,1637,-258,35,276,333,0
57392,2,1,2,23,1,2,2,0,0,0,12523,25457,-232,1561,605,56160,-1119,-275,612,-548,1497,1447,1
70777,2,2,3,49,1,2,0,0,0,0,29540,40656,36393,52090,30816,51205,21,2577,-345,1356,2078,1313,0
50892,1,1,2,24,0,0,0,0,0,0,57508,56370,47632,23149,47670,10592,2716,1017,2276,55,3023,4154,0
236717,1,6,2,28,0,0,0,0,0,0,194134,107833,73871,75241,97938,103852,11617,4727,1958,5823,1110,1477,0
229853,2,2,2,39,-1,-1,-1,-1,-2,-1,6956,-1474,391,1093,2281,339,-400,688,-568,2897,210,241,0
291894,1,1,1,35,-2,-2,-2,-2,-2,-2,8853,7141,2570,-360,-1558,1613,20687,581,-481,695,21255,274,0
281891,1,2,2,36,0,0,0,0,0,0,171620,152223,77136,86321,104490,78227,5403,5678,4404,5065,329,4687,0
27605,2,3,0,40,2,0,2,2,2,2,20391,59659,19056,22683,25987,42529,6021,3725,1539,2496,1477,2258,0
224992,2,2,2,23,0,0,0,0,0,0,33460,43597,55508,43946,22696,32714,3970,1913,161,2109,1036,2163,0
350685,2,1,2,26,-1,-1,-1,-1,-1,-1,-2085,2074,-645,-1920,871,936,641,-59,182,2742,187,408,1
195962,2,2,1,48,-2,-2,-2,-2,-2,-2,10933,7442,-327,2022,2170,-690,1034,1562,-708,-60,1668,-52,1
244410,2,1,1,41,-2,-2,-2,-2,-2,-2,2346,1383,773,-770,-194,419,3328,1615,1174,115,1925,14953,0
371359,2,1,2,43,2,-1,-1,0,-1,-1,67704,8948,3222,10696,13565,426,4892,6841,346,5594,8501,2092,0
125186,2,2,0,47,2,0,0,0,0,0,96912,205886,73779,29388,44931,77298,1803,4137,2880,1129,4459,1021,0
201466,1,2,2,29,1,-2,-2,-2,-1,-2,465,57409,82,915,-731,607,2618,1475,-132,213,98,1464,0
234050,2,3,0,38,1,2,-2,-2,-2,-2,57150,80524,84746,35191,37244,54622,7031,2091,-32,1689,2324,2532,0
48562,2,1,2,24,0,0,0,0,0,0,43158,97181,41488,4659,44687,25255,4393,570,1267,340,5554,-203,0
211374,1,2,2,34,0,0,0,0,0,0,213784,133413,188839,105884,115571,53070,10152,9374,1457,9905,4110,5057,0
73014,2,2,1,59,2,0,0,0,0,2,133993,25208,40678,45304,38939,42750,3775,2115,589,2188,1416,2221,1
232770,2,2,3,39,1,-2,-2,-2,-2,-2,1387,1438,-622,-163,583,-360,-375,259,-773,-393,96,284,1
12453,2,2,3,35,2,0,0,0,0,0,13985,67029,25169,7767,12654,2529,2338,897,615,-221,5462,-187,0
222165,2,5,2,52,-1,2,0,0,0,0,21495,1981,2337,2565,-1,-6,1779,2143,508,-354,2552,127,1
173278,1,3,2,30,-1,-1,-1,-1,-1,-1,-1070,-1168,-788,-270,-129,-423,-920,1492,-287,692,755,1245,1
64348,1,2,1,32,-1,-1,-1,-1,-1,-1,3027,9303,41,17580,414,13747,3354,3247,1446,7521,1979,-87,0
85827,2,3,2,40,1,2,0,2,0,0,9114,12876,15322,12555,11439,22461,10280,1951,3481,2472,4140,9353,0
16857,1,3,1,49,3,0,0,2,2,2,18183,107756,56625,9403,-1316,19011,13307,2792,7120,2195,896,25,1
466323,2,3,1,39,1,-1,-1,-1,-1,-1,2850,6602,3106,8579,19491,908,14949,7037,20087,9647,36944,17972,0
183649,2,2,1,27,2,2,2,0,0,0,46456,87648,53952,73644,74974,53160,4231,2106,2899,1581,1034,911,0
19768,1,2,1,34,0,0,0,0,0,0,1228,-1932,-672,10286,-1291,15073,190,2169,792,162,3906,76,0
497728,2,2,1,37,0,0,0,0,0,0,272246,281421,508043,189615,427856,253598,11565,9667,25676,20224,13111,11679,0
21677,2,3,1,25,1,2,2,2,3,2,78955,17353,9321,51295,41338,47538,966,1924,1885,5023,2178,175,0
30885,1,2,1,30,1,2,2,2,0,0,1836,979,404,17165,16814,764,2383,1321,119,1361,2475,-59,1
501616,2,3,1,38,0,0,0,0,0,0,34093,19745,60897,37534,21557,207486,12647,8026,3912,3197,1857,14358,0
143263,2,1,1,22,0,0,0,0,0,0,64420,82170,90196,65925,88539,67062,9363,1823,11950,1027,1047,3622,0
99106,1,1,2,27,-2,-2,-2,-2,-2,-1,1916,3606,12840,8268,2501,1214,2997,2070,396,2784,17833,14873,0
21974,2,2,1,27,-1,2,2,2,3,0,7907,1808,-1032,252,-533,867,-383,1193,-364,555,448,23,1
149959,2,1,1,24,0,0,0,0,0,0,70864,107755,80048,68502,37426,70783,2695,2580,1577,1907,2202,1013,0
102691,1,2,1,43,-1,-1,-1,0,0,-1,2956,-625,3192,8328,9601,13142,38,1652,308,370,1199,806,1
173728,1,2,1,64,0,0,0,0,0,0,159120,381737,79152,16866,99615,230875,48401,25757,15073,6699,18675,15619,1
74155,1,3,3,34,0,0,2,0,0,0,80326,655,43028,28763,10839,772,1402,1367,402,351,216,50,0
28063,2,3,2,34,2,2,2,0,0,0,45109,18546,12461,34102,41679,45038,-170,2135,1262,1727,532,119,1
81761,2,2,2,24,0,0,0,0,0,0,8105,47882,45589,39400,5332,21689,1231,3207,696,838,2400,-101,0
151772,1,3,0,36,0,0,2,0,0,2,55070,68756,78084,42312,46356,38913,1692,2414,1540,2661,4431,1206,0
52640,1,2,1,37,-1,-1,-1,-1,-1,-1,1696,-386,-521,-803,1184,326,7662,1816,65,501,1753,860,1
646512,1,2,1,39,0,0,0,0,0,0,155989,326857,251684,157401,192057,146982,12489,10545,85186,6270,5088,1682,1
258287,1,1,1,41,1,0,0,0,0,0,329564,353817,167563,393816,82304,408945,6071,51131,86690,1706,25796,2120,0
86759,2,1,2,32,-1,-1,-1,-1,0,0,8856,14586,20436,9256,9766,288,1465,2295,1110,7074,4270,1355,0
37130,2,2,2,23,-1,-1,2,0,-1,-1,1066,1106,-965,1539,1901,97,689,871,-184,-667,72,312,1
513057,1,0,1,42,0,0,-1,-1,-1,-1,12844,12887,7339,10640,66568,18665,21411,18283,21609,56566,89616,1920,0
88018,2,2,2,26,0,0,0,0,0,2,36375,62369,42796,35683,20529,39730,6138,3050,575,1761,1641,850,0
173183,2,2,1,36,1,2,-2,-2,-2,-2,4511,5190,1014,233,-760,2113,662,4352,-307,141,525,1414,1
232707,2,2,2,50,-1,-2,-2,-1,-2,-2,19986,716,-755,-98,-206,-546,2611,864,-621,-37,-61,371,1
117187,1,1,1,30,0,0,0,0,0,0,81118,320814,51243,74933,22265,30721,1934,2718,909,8006,4645,296,0
91307,2,2,2,33,1,2,2,0,0,0,-3304,2217,-683,15375,17777,14717,291,1089,1251,1678,2531,173,0
51523,1,1,1,29,-1,-1,-1,-1,-1,-1,594,13331,1179,1969,1885,545,683,757,860,201,2011,1262,0
16418,1,3,1,44,2,2,2,2,2,0,6234,16194,33880,8797,34601,16858,525,1967,1300,-246,-21,-228,0
51648,2,1,2,25,0,0,0,0,0,0,45428,106155,60444,44883,32520,50316,5748,5261,1228,1003,599,407,0
394951,2,1,1,26,-1,-1,-2,-1,-1,-1,-14,-1689,268,314,25,1277,608,1538,-181,4299,314,-241,0
310636,2,2,2,23,1,0,0,0,0,0,115906,132280,106345,118096,95247,146255,8064,11594,9879,4359,4633,3600,1
143985,1,2,2,27,1,0,0,0,0,0,34332,49155,49652,37773,52216,85960,1894,1821,2364,3161,976,6037,0
19199,2,2,1,58,0,0,0,0,0,0,16292,11813,13023,2165,15206,9113,1141,2609,178,358,232,761,1
402679,2,3,1,36,0,0,0,0,0,0,91403,135197,80315,145687,48658,30765,5232,2178,4011,175,2139,6405,1
227517,2,3,1,36,-2,0,-2,-2,-2,-2,37770,70946,19119,874,467,-657,5112,1902,1363,170,-79,-194,1
202323,1,4,2,24,0,0,0,0,0,0,6967,8462,23792,14025,31815,8390,965,1766,16,2287,770,6549,0
376799,2,2,1,28,0,0,0,0,0,0,97668,176284,68626,172962,218975,92403,2754,1932,4900,2148,3196,4745,0
230505,2,2,1,23,0,0,0,0,0,0,30124,122544,36157,57175,50922,57572,6988,1432,189,2869,2731,3405,0
180395,2,2,1,42,0,0,0,0,0,0,11721,13904,2284,3531,14225,8911,7040,4973,1859,856,1203,14574,1
184758,1,1,1,30,-1,-1,-1,-1,-1,-1,-404,-1217,2148,868,1169,1815,-855,1175,1244,3570,2432,1999,1
98552,1,4,2,29,0,0,0,0,0,0,33185,18365,63956,13202,39302,15106,2010,1071,1561,3868,2529,516,0
90121,1,2,1,50,-1,-1,0,-1,-1,0,8526,6669,6416,9764,35923,23497,474,10940,4098,2556,1142,19638,1
235880,2,1,2,33,-2,-2,-2,-2,-2,-2,-1166,466,2000,-235,-855,606,1702,1741,-274,5571,35929,147,0
100596,1,2,1,25,-1,-1,-1,-1,-1,-1,533,-647,-1857,1297,2418,828,347,1347,-423,2957,1642,592,0
109325,2,2,1,41,0,0,0,0,0,0,77170,143074,94045,153066,110234,60515,4759,3130,1031,4732,3069,2623,0
49023,2,2,1,30,0,0,0,0,0,-2,72370,45997,44725,11169,-1216,1157,5167,2217,3256,48,124,-356,0
56161,2,1,2,24,1,2,0,0,0,0,10461,16132,26686,8056,14724,10232,59,1220,1709,873,3825,2492,0
103943,1,3,1,37,-2,-2,-1,-1,-1,-1,1746,4748,-836,14616,291,9783,414,700,3407,648,1160,8041,0
53532,1,2,1,33,0,0,0,0,0,0,17227,11440,2392,13085,17555,14878,925,808,887,52,440,441,1
164359,1,2,1,33,1,2,2,2,2,2,68721,114113,36317,21356,29310,53270,4065,3483,-328,4747,5540,696,1
15213,1,2,1,46,2,3,2,2,0,0,13735,20861,11476,15495,-19,23233,506,1559,662,227,881,308,1
235496,2,2,2,26,-2,0,-2,0,0,0,23340,-676,1557,13265,14424,11541,1608,753,94,3355,1084,16350,0
238642,2,0,2,29,-2,-2,-2,-2,-2,-2,3644,609,2544,1796,1303,1374,1923,1497,260,5070,1840,13686,0
24349,2,3,1,25,0,0,0,0,0,0,99676,72672,60530,20502,1516,18390,4242,4409,875,-315,71,39,0
90930,1,2,2,24,0,0,2,2,2,2,16080,24151,17168,5353,12567,74230,7485,5865,665,3069,196,1626,0
28158,2,5,2,22,0,0,0,2,2,2,37489,27425,37914,5707,9967,13120,6870,2484,1697,6616,1133,-122,0
154298,2,2,1,28,-1,2,-2,-1,-1,-2,8041,-2375,-1447,257,-1227,976,665,283,-524,-5,171,897,1
51568,2,1,2,23,0,0,0,0,0,0,31855,48974,34089,12401,2044,12559,1338,808,-74,-88,1362,-41,0
273482,1,4,2,24,-2,-2,-2,-2,-2,-2,2916,-932,2270,1646,-995,1817,-58,2028,-550,1756,1669,2864,0
283630,2,2,1,33,0,0,0,0,0,0,182757,397295,190226,164305,190583,256951,6067,10647,96265,4829,11784,1779,1
379832,2,3,0,40,-2,-1,-1,-1,-1,-1,15010,16211,22233,15763,46132,23955,40355,20796,3872,53361,24804,14558,0
213258,1,1,2,21,-1,-1,-1,-1,0,-1,-712,359,1432,2095,2528,2151,517,825,223,-243,138,399,1
22232,2,2,2,23,-1,-1,2,-1,-1,-1,12409,348,11871,6728,-1085,-573,10927,387,-471,416,1806,143,1
204440,2,1,2,26,-1,2,2,0,-1,-1,1106,116069,145967,141892,109634,91613,9322,5894,9685,7153,13510,478,0
49168,1,1,2,24,0,0,0,0,0,0,54868,56024,50767,20625,39992,2236,7707,972,9614,6567,846,372,0
394401,1,3,2,36,-2,-2,-2,-2,-2,-2,3060,1413,2439,-1791,-2905,-406,-838,901,-156,-185,94,659,0
355675,1,1,2,28,1,-1,-1,-1,-1,-1,677,6541,8580,4557,-197,611,2882,1097,791,2623,881,2242,0
378698,2,3,1,33,-1,-1,2,0,-1,-1,8703,49276,2750,10436,38167,5604,3393,20457,9563,10966,1470,13733,0
51908,2,2,2,23,0,0,0,0,0,0,20712,85345,46356,4205,6075,17502,1198,1916,35,367,1467,3946,0
153004,1,2,1,33,-1,-1,-1,-1,-1,-1,2592,-1305,-1454,2761,2653,-63,-325,683,-461,-97,406,989,0
168867,2,1,1,36,-2,-2,-2,-2,-2,-1,15544,17807,14855,24537,11141,18389,43453,20505,1809,46551,1319,-208,0
32847,1,2,1,42,2,2,2,0,3,0,3527,3236,1283,22715,2723,22713,2136,-667,573,535,1760,418,1
207188,1,1,1,57,0,0,0,0,-1,-1,81589,114504,59184,124394,16,725,820,3880,580,233,64,8847,0
500545,1,1,1,49,-1,-1,0,0,0,0,5167,6030,59567,15408,38585,31765,47734,7815,23191,5143,8734,8608,0
99923,2,2,2,27,1,-1,2,0,0,0,-284,1771,1696,9566,6106,21006,-69,2981,11140,7009,3227,1367,0
201966,2,1,2,28,0,0,0,-1,-1,2,175516,6467,69475,93326,17431,776,9707,5630,6945,5863,9399,375,0
350937,2,2,2,24,0,0,0,0,0,0,550854,178389,404033,114649,261657,98026,19833,7949,6019,375,4054,4736,0
24556,2,2,1,32,0,0,0,2,0,0,14233,30164,9199,10310,13699,10092,365,3699,-516,6097,4331,3639,0
316108,1,2,2,34,-2,-2,-2,-2,-2,-2,587,-1991,2148,-527,-998,1371,1,2206,-763,-500,94,-329,0
219236,1,6,1,45,-1,2,0,0,-1,0,1367,176834,18534,14084,17713,69856,8606,24293,1901,6432,12024,5195,0
524688,2,2,1,50,-1,-1,-1,-1,-1,-1,8824,3154,7425,15163,4046,11683,-106,14628,71735,303,36586,18124,0
186960,2,2,2,26,0,0,0,0,0,0,54735,71026,99547,73724,39853,83022,5413,5128,2689,2006,3570,59,0
292902,1,0,1,45,-2,-2,-2,-2,-2,-2,329,-1076,1701,2491,1386,1502,926,1013,519,620,-5,165,0
204914,2,2,1,39,0,0,0,0,0,0,230281,250687,179256,107570,138705,162657,1577,11259,2585,112,9986,2761,1
96973,2,2,1,34,0,0,0,0,0,0,59167,97484,49482,45029,2308,43491,1448,1739,188,1343,1070,2527,0
245214,2,1,2,31,0,0,0,0,0,0,53435,30646,17523,1092,19005,10891,3918,1770,257,582,761,16349,0
311542,1,1,1,31,-1,-1,-1,-2,-1,-2,1263,3444,-1474,852,32,-23,-428,827,-869,-861,147,334,0
51613,2,2,1,41,0,0,0,0,0,0,39724,67063,49041,42996,51466,37209,6025,2489,3104,794,5117,5412,0
104806,1,2,1,28,1,2,2,0,0,0,49913,52699,59885,17445,14778,807,-428,779,1037,2041,2194,1398,0
236261,2,4,2,33,0,0,0,0,0,0,71272,77054,167332,86567,107934,78632,2261,10254,3802,7321,3484,2865,0
26457,2,2,1,36,2,0,0,2,0,0,11225,22636,18081,20622,42422,39729,1483,1132,867,2465,4314,2127,1
23597,2,2,2,24,0,0,0,0,0,0,1699,17103,18796,7359,7075,13516,1112,1158,1292,631,1201,10642,0
178844,2,1,1,27,0,0,0,0,0,0,65421,104271,83041,85153,82622,67128,2666,1898,3510,2621,3602,2244,1
97920,1,3,1,32,-1,2,2,-2,-2,-2,-956,-814,-492,1979,189,2198,-1973,-407,-1263,-606,261,1459,1
46766,2,1,2,24,0,0,0,0,0,0,48783,52958,59985,885,12271,12460,1733,2963,371,-221,677,61,0
185973,2,2,1,45,-1,0,0,0,0,0,16178,429,17869,8004,12724,20517,849,1839,656,5411,847,5577,0
380216,2,6,1,31,1,0,0,0,0,0,53718,85502,132229,128242,58840,86158,3642,24761,5113,6316,-57,408,0
53475,1,3,1,38,0,0,0,0,0,0,38890,49323,27079,27374,32950,46630,4666,2205,-292,599,3468,1179,1
156710,1,3,1,30,-2,-2,-2,-2,-2,-2,1241,-2641,-92,-2234,-2375,-25,-832,-151,-54,-442,-342,424,1
501836,1,3,1,48,1,0,-2,-2,-2,-2,71230,52626,102262,40289,1354,2876,19383,4766,4662,682,786,771,0
335722,1,5,1,42,0,0,0,0,0,0,91927,259135,209848,197286,164701,181152,6271,11430,10094,5256,3469,52,0
186950,2,2,1,43,2,0,0,0,0,0,105160,142757,114903,78015,131268,229443,6617,13444,3444,6951,2325,1439,0
173220,2,2,2,23,0,0,0,0,0,0,63347,193692,140497,113783,120706,94575,7595,7754,1640,515,1217,76,0
546504,2,2,2,29,0,0,0,0,0,0,2095,2033,1635,9343,1209,20903,61,4321,629,23151,879,195,0
21273,2,2,3,23,3,2,3,2,2,2,16121,27286,4797,4879,10431,7352,-716,1880,424,-515,299,-17,1
229790,1,2,1,33,-2,-2,-2,-2,-2,-2,2382,848,-1183,-883,-2913,-873,-1328,1860,-558,452,1525,272,1
486448,2,3,1,43,-2,-2,-2,-2,-2,-2,-4805,7155,14997,8596,-1977,204,5070,18196,27,4197,-203,6445,0
418098,2,1,1,46,0,0,0,0,0,0,25869,20391,11890,7176,11843,12073,5029,1284,21138,765,10535,13,0
74973,1,1,2,27,-1,-1,-1,-1,-1,-1,929,1870,2643,1460,1234,1107,1612,859,337,64,1048,553,0
408473,1,2,1,34,-2,-2,-2,-2,-1,-2,10804,6290,9927,491,832,889,8236,11284,55,7268,2122,1851,0
218261,2,1,2,30,-1,0,0,-1,0,0,197701,148449,157167,152625,169026,124664,7590,14501,7898,13758,3518,3879,0
257928,1,2,1,50,0,0,0,0,0,0,189521,241297,206740,120788,111449,79471,9338,11385,43237,4605,2013,5365,1
313322,2,3,1,30,-2,-2,-2,-2,-2,-2,-342,-1880,574,-1190,-67,1266,1093,-116,454,-14,-60,329,0
262843,2,2,1,47,0,0,0,0,0,0,434260,267005,263672,127701,212839,320723,6149,9299,5980,4546,3100,2284,0
212730,2,1,1,46,-2,-2,-2,-2,-2,-2,73446,78168,103013,61962,48178,2493,7069,25368,20336,4954,39001,7871,0
235077,2,1,2,32,-1,-1,-1,-1,-1,-1,13036,368,17886,8843,-35,1968,59235,1995,1193,7730,20571,16907,0
15549,1,2,2,44,2,2,2,0,0,0,5805,19821,9582,15123,10123,18228,544,1137,854,32,1589,-354,1
94460,2,3,0,34,1,-1,-1,-1,-1,-1,4099,-43,-654,8913,-548,7815,-441,1988,909,5523,145,1846,0
308883,2,4,1,30,-2,-2,-2,-2,-2,-2,10224,9438,21568,19850,8779,633,4620,2429,37336,42481,14,263,0
50934,2,2,1,23,0,0,0,0,0,0,50105,50350,36714,30778,19635,46937,1924,2514,937,3067,1408,1604,0
281109,1,2,1,43,-1,-1,-1,0,0,-1,11327,2932,12075,7504,6005,13261,8937,17241,9872,4576,9536,8883,0
163271,1,1,2,28,1,0,-1,-1,-1,-1,17287,668,8906,-451,5200,343,2173,1598,-302,3797,1639,371,0
267857,1,1,1,35,-1,-1,0,-1,0,0,78522,12235,18597,16315,17884,1050,7606,625,939,941,300,-220,1
242901,2,2,3,48,-1,-2,-2,-2,-2,-2,2823,-918,1169,-690,385,-1070,1294,354,497,432,46,289,0
88727,2,2,2,26,0,0,0,0,0,0,35144,64453,62858,50230,58999,54915,3283,1827,1294,2376,1387,2216,0
21681,2,1,1,53,0,0,0,0,0,3,20476,72587,38514,4529,-808,1043,1515,5155,505,-65,442,-98,0
14328,2,3,3,44,1,-2,-2,-2,-2,0,7457,6016,14788,7787,5168,12191,958,1436,-240,2496,5951,345,0
71709,2,1,1,45,0,0,0,0,0,0,41069,67859,50929,30684,51167,56151,1373,6823,4954,1698,411,1997,1
203732,1,2,1,45,1,2,0,2,0,0,124035,103029,190897,98326,163181,212781,1559,2304,194,4859,2008,2838,0
257015,1,2,1,46,-1,-1,-1,-1,-1,-1,6855,-3420,11066,10222,38094,15685,8008,24194,98164,9113,1786,15197,0
87076,1,6,1,27,0,0,0,0,0,0,49505,81025,51962,23163,32814,56203,7590,2620,174,3624,1933,1436,1
178950,1,2,2,35,0,0,0,0,0,0,66260,179297,188307,165959,161622,174328,7431,14771,5624,3960,12343,2676,0
51628,2,2,2,34,1,2,2,0,0,0,1689,20523,-316,9288,36207,37950,499,1498,1454,6494,3996,317,0
138970,1,2,1,53,2,2,0,0,0,0,154422,116796,88348,132800,78152,82200,6494,823,3861,3196,1825,6522,0
208471,2,2,2,32,0,0,0,0,0,0,70512,75708,83315,24233,48689,77400,2555,6228,2585,179,4397,5030,0
493990,2,2,1,36,0,0,0,0,0,0,46352,44378,56339,37535,35290,19788,5896,39279,36245,40831,628,42681,0
19100,1,3,1,51,1,2,0,0,0,0,72,8991,1286,16293,8499,14250,-961,849,402,601,167,25,1
529822,1,0,2,28,-1,-1,-1,-1,-1,-1,11539,9931,14020,5233,23723,3607,11015,23772,1549,10550,7414,15671,0
62243,2,2,3,25,0,0,0,0,0,0,30114,56715,52040,15588,16802,11731,2730,3974,79,7410,2081,215,0
81713,2,2,1,44,2,2,-2,2,2,3,18076,44160,42861,21413,31465,65,2044,2058,-326,4612,1417,63,0
56898,2,2,2,23,0,0,0,0,0,0,41789,58410,763,13119,14874,1006,411,2348,-471,110,1824,324,1
244706,2,3,3,32,0,0,0,-1,-1,-1,12924,14971,14081,13814,21572,13113,912,10073,966,21050,4594,-82,0
401467,1,1,2,26,1,-1,-2,-1,-2,-2,10241,31,-579,-349,-1368,-886,245,631,-468,221,362,2141,0
372138,1,1,2,33,-1,-1,-1,-1,-1,-1,609,-1307,2276,10495,377,1035,1631,688,1205,157,1257,3409,0
120927,1,2,1,32,-2,-2,-2,-2,-2,-2,13791,14660,21422,16501,808,1924,235,23987,1532,5441,2013,14785,0
100164,2,2,2,47,1,2,-2,0,3,0,5398,-796,1007,304,499,12200,-279,1006,634,4514,1008,671,1
226498,2,2,1,30,-2,-2,-2,-2,-2,-2,1382,-94,2706,2215,-1489,1096,-817,1295,655,661,1985,2055,0
36170,2,3,1,44,0,0,0,2,0,0,31356,72214,24777,37062,25279,20317,2861,2902,199,2525,2684,1288,0
226851,1,1,2,34,0,0,0,0,0,0,94456,220975,166814,89073,173033,20078,11076,1435,1352,12861,2657,4763,1
49625,1,1,2,25,-1,-1,0,0,0,0,-2241,-1290,2161,16093,1543,9081,206,138,433,1345,5009,705,1
200255,2,1,1,46,-2,-2,-2,-2,-2,-2,6888,-1153,708,476,-803,1655,48414,3669,60,5692,1861,927,0
276147,1,3,1,45,0,0,0,0,0,0,195030,371756,227064,177194,330700,189610,10931,5994,6777,3715,9762,1815,1
25098,2,1,2,29,1,2,2,2,3,0,8437,-1495,65,1707,-35,493,-807,1240,-188,269,1949,-6,1
289317,1,2,1,37,0,0,0,0,0,0,142223,169120,202341,143814,217725,219987,7643,14565,12204,3363,5959,1741,0
98552,2,2,3,38,0,0,0,0,0,0,45732,49009,56622,44886,5812,20826,2521,3962,6846,652,1706,96,0
126727,2,4,1,39,-1,-1,-1,-1,-1,-1,1004,-2442,3302,525,-442,1901,1390,3839,-204,5686,667,2008,0
81637,1,6,1,63,0,0,0,0,0,0,67606,113038,85422,32407,35941,57742,3370,5262,1111,8426,1240,1489,0
524276,1,6,1,33,0,0,0,0,0,0,434590,389306,513301,297672,388919,253257,10637,21293,22337,35370,10253,6394,0
696049,2,2,1,34,1,2,0,0,0,0,90269,215109,232830,115110,31706,300182,5336,1487,12545,5049,19059,5380,0
174135,1,5,1,33,0,0,0,0,0,0,83844,189738,81773,146001,113044,90014,9221,10294,3822,5748,6247,1862,0
184485,1,2,2,33,-1,-1,-1,-1,-2,-1,2007,-1806,-404,1481,-111,-283,-1170,921,-293,-97,-104,81,1
16493,2,2,3,45,0,0,0,0,0,0,45958,59767,22987,17756,619,29404,4183,2560,35,98,484,-178,0
100799,1,1,2,56,2,3,2,2,3,3,7627,11785,8767,40096,40190,587,630,3833,80,2580,-177,524,1
20389,1,3,0,38,0,0,2,0,-2,-2,17498,5693,369,-1806,-2217,-1650,552,578,234,-257,21,405,0
13699,1,6,2,51,0,0,0,0,0,0,20238,135513,39879,11675,2996,14839,6049,1354,2653,113,289,293,0
298026,2,2,3,47,0,0,0,0,0,0,3137,781,633,3089,3845,6913,862,2309,887,186,1507,441,0
52126,1,2,2,25,0,0,0,0,0,0,38832,44833,68952,13681,3968,21913,2977,2280,784,353,18,394,0
98686,2,2,1,44,0,0,0,2,0,2,16814,24673,12309,8139,44410,17571,883,2518,156,2439,524,1862,0
55526,2,2,2,24,0,0,0,0,0,0,46799,2682,2475,20005,8270,29254,1431,589,192,-123,1539,97,0
73421,2,3,0,34,-2,-2,-2,-2,-2,-2,15039,208,776,-863,-1670,1083,725,2469,892,5120,2091,-187,0
473185,1,2,2,34,-1,-1,-1,-1,-1,-1,20617,14296,11908,1719,8347,14734,13938,11110,6299,6547,7768,4376,0
102824,1,3,1,41,-1,-1,-1,-1,0,0,1382,18,13243,-416,-627,9979,-324,544,730,2488,499,795,0
20806,2,2,1,43,0,0,2,2,2,3,5094,19239,1699,20843,4536,15597,4596,2217,-155,1035,2190,-22,0
196201,2,2,2,33,-2,-2,-2,-2,-2,-2,43341,49534,50900,11014,36170,50654,1739,1661,-763,2942,4560,2778,0
157703,2,2,1,25,-1,0,-1,0,-1,0,21653,15570,16557,4017,9227,11991,1300,17749,1401,2670,1118,3543,0
128030,1,2,2,41,0,0,0,0,4,0,88711,99138,57538,92632,70736,135502,1320,625,843,3385,1724,310,0
19096,1,2,1,47,1,3,2,2,2,2,21932,14598,3039,5264,4689,12043,1167,181,1630,348,225,216,1
338633,1,5,1,38,0,0,0,0,-1,0,83401,135393,19624,10416,13378,101,18996,22024,1830,6588,346,7439,0
128252,2,2,2,29,2,0,0,0,0,0,48240,76619,39908,71931,40842,23553,1009,74,7696,1561,517,18,1
350737,1,1,2,23,0,0,0,0,0,0,35051,196353,89724,18794,39002,80045,1885,700,1751,35,3784,1994,0
79081,1,3,1,36,2,2,0,0,0,0,22909,2030,43937,17013,16099,20402,947,2587,-157,6224,651,5204,0
152420,2,2,2,34,1,0,0,0,0,0,58652,164858,71908,57994,40138,64095,5285,5470,1411,-5,4603,1659,0
191174,2,2,1,26,0,0,0,0,0,0,65187,89027,114472,7476,59727,63560,9822,8925,6891,4642,1559,13684,0
291829,2,6,1,38,-2,-2,-2,-1,-1,0,10563,14084,25264,11824,2262,27252,3804,1293,9017,3868,3581,861,0
24577,1,1,2,38,1,-1,-1,-1,-2,-1,-1194,-1578,681,11509,-1433,8084,45,1355,-155,-364,2252,173,0
29148,2,1,2,32,1,0,2,0,0,0,15437,22328,55477,23273,19337,58243,2635,1229,381,-61,2013,46,1
205336,2,2,2,24,0,0,0,0,0,4,48039,124604,35601,14726,28079,143660,6293,1774,2014,1454,2232,1238,0
22067,1,2,2,50,-1,3,2,3,3,0,12874,16778,-1460,13129,2288,6698,1094,681,-592,242,105,2694,1
30154,1,2,1,50,2,3,2,2,4,2,-424,9516,127,2856,2196,1231,-302,2642,-614,1288,1767,46,1
223355,2,2,1,43,-2,-2,-2,-2,-2,-2,7040,-2117,1122,1822,-922,710,67463,14546,1085,-40,47382,1137,0
31000,2,3,3,23,0,0,0,2,2,2,25027,28205,7598,6883,4918,-435,4508,2078,-186,-95,-117,-277,0
51722,1,2,2,45,0,0,2,0,0,0,7531,51755,37657,2502,46686,17299,1943,4463,525,2561,3788,875,0
186498,1,1,1,32,0,0,0,0,0,0,95162,101086,38085,26801,52626,93423,6388,1839,2123,2810,833,-284,1
18751,1,2,1,34,0,0,0,0,0,0,50598,82164,71026,23301,41249,42603,6539,2404,3690,3044,1958,12773,0
144194,1,1,1,55,0,0,0,0,0,0,16428,2010,26364,5764,10929,18099,3569,3353,321,688,1585,167,0
18603,2,2,1,58,2,2,0,0,0,0,4410,22375,12192,922,21945,15000,1740,1816,1307,3273,911,1861,1
18988,2,2,2,25,0,0,2,2,2,2,9290,11448,4056,10962,313,14974,1435,1942,209,4424,387,1819,0
207920,2,3,1,44,0,0,0,0,0,0,104943,258592,244943,80847,120236,214795,9292,10544,1632,1146,4423,4495,0
21190,1,2,2,23,0,0,0,0,0,0,11396,13135,16991,5539,-57,1210,526,1044,24,-335,-105,-50,1
250570,1,1,1,31,-1,-2,-2,-2,-2,-2,-2618,322,-411,1557,-856,298,-39,-826,-1346,79,69,315,1
18611,2,1,2,28,0,0,0,0,0,0,49112,53950,36366,12626,11605,11762,3088,2150,719,4125,4186,-95,0
48868,2,3,1,55,1,2,2,0,0,0,-279,59327,3541,12123,2284,45677,1237,2272,710,266,4433,-3,0
208355,2,2,1,33,0,0,0,0,0,0,126607,235691,178884,114204,377512,127683,12679,8649,3267,6114,5105,4501,0
224021,1,5,1,23,-1,0,-1,0,-1,-2,2323,3004,751,17369,888,1075,-257,979,-13,-125,275,329,0
198008,2,1,2,38,-1,-1,-1,-1,-1,-1,-309,526,1535,559,-532,601,1016,904,170,3322,132,2570,0
484914,2,2,2,29,0,0,0,0,0,0,462057,308149,71553,61329,72629,63801,10051,13869,118632,6691,7391,12405,0
20870,1,2,2,24,0,0,0,0,0,0,83930,29400,34622,1997,1207,2181,7757,3252,98,-412,60,-236,0
57983,2,2,1,39,0,0,0,0,0,0,57879,65707,57193,57804,38793,49431,7116,1559,361,2052,1463,963,0
143503,2,1,1,46,1,0,2,0,2,0,4297,15865,10760,32910,42825,45161,411,9151,4868,513,773,2346,0
203695,2,1,2,41,2,0,0,0,0,0,82027,135431,83324,79386,124687,78412,939,1007,2406,3689,3744,2911,1
302696,2,2,1,51,-2,-1,-1,-1,-1,-1,11194,5943,1006,458,1040,2067,1089,15554,546,8387,1923,1886,0
505182,2,1,1,34,0,0,0,0,-1,-1,73669,15219,74302,13792,47536,37590,1503,19452,112043,32647,5285,9641,1
419268,1,1,2,30,1,-1,-2,-2,-2,-2,1444,-124,2252,1078,-1052,642,195,715,323,637,1361,2141,0
486739,2,2,1,27,0,0,0,0,0,0,485175,516296,209252,191935,278973,363890,7984,18387,7317,6846,9517,2535,0
84543,2,2,2,26,0,0,0,0,0,0,32770,49219,53618,24155,35047,30129,8636,2022,2542,-504,299,-104,0
306503,2,3,1,36,-2,-2,-2,-2,-2,-2,41674,44678,2332,18625,870,2510,6093,17618,324,47240,1990,16165,0
81575,1,2,1,37,1,-1,2,-1,-1,-1,18817,16180,9522,-1301,12099,1702,2896,592,263,2380,1514,525,1
234094,1,4,1,28,-2,-2,-2,-2,-2,-2,715,-45,2275,836,-170,607,1229,5201,288,86,93,299,0
178149,1,2,1,44,-1,-1,-1,-1,-1,-1,2201,1230,659,3241,-815,183,-375,-196,39,441,2071,433,1
211512,1,2,1,41,1,2,2,0,-1,0,5362,11221,495,93161,74364,29419,2041,734,6763,886,6431,1126,1
111535,1,2,1,56,1,-1,-2,-1,-1,-2,3062,-774,-1390,1605,-1419,1732,854,2023,-743,-332,-147,-117,1
182918,2,2,1,24,0,0,0,0,-1,-1,73189,43447,58998,13283,22263,251,1450,1647,10389,6545,884,14291,0
53881,2,2,2,28,0,0,0,0,0,0,30301,98269,58459,7185,25614,37301,5528,4957,2250,579,1194,1749,0
127352,2,3,1,40,1,2,2,2,0,0,4465,5416,16175,12676,9156,7199,840,763,642,153,1147,438,1
259394,2,2,2,29,1,2,0,0,0,0,45588,60923,45260,23380,36028,93064,221,3319,172,685,1495,1387,0
32298,1,3,3,42,0,0,0,0,0,0,8208,-1466,17134,12353,13101,21007,90,2064,642,-131,528,133,1
57463,1,1,2,29,0,0,0,0,0,0,37274,176206,54087,32643,49337,54046,2292,1237,1898,1894,1531,1375,0
492536,2,4,2,26,-2,-2,-2,-2,-2,-2,17663,95,1442,-45,-42,170,1118,1752,43450,92066,483,2398,0
82476,2,2,2,30,0,0,0,0,0,0,38266,64869,29843,60395,39881,97434,2830,3393,3424,1242,2679,2115,0
169759,1,3,2,45,1,-1,2,-2,-2,-2,1317,951,2067,24776,174,2642,-117,1077,1046,155,6,-222,1
299955,2,2,1,34,-2,-2,-2,-2,-2,-2,838,9564,-1807,-1639,-2057,-255,3938,2317,-275,3762,142,-11,0
640412,2,1,1,45,2,2,2,0,0,0,4648,19064,8418,25594,34880,26837,-449,1397,11845,955,1303,2836,1
236953,1,2,2,34,0,0,0,0,0,0,101151,148782,205559,85099,232040,97371,9357,10701,7838,2611,5299,3472,0
375482,1,1,2,24,-1,-1,-1,-1,-1,-1,29841,11932,13972,6386,2212,14996,2025,2447,1074,2959,5053,15979,0
418584,1,0,1,54,-2,-2,-2,-2,-2,-2,84535,83680,92045,418616,53784,56903,23106,48385,41411,8302,16530,142814,0
309274,2,2,1,32,0,0,0,0,0,0,93516,133399,68302,94294,136889,94880,11114,4092,3194,4616,700,-59,0
231372,1,3,1,42,-1,-1,2,2,-1,-1,4170,3557,7069,8503,-362,833,6805,65324,2787,2719,587,241,1
146651,2,2,2,35,1,3,2,3,2,0,57337,70146,87202,3340,68063,82359,495,1496,663,1003,366,-273,1
330060,1,2,1,34,-2,0,-2,-2,0,0,42367,51915,50547,4807,5385,29102,813,1136,706,2062,1049,1727,1
504774,2,1,2,56,-1,0,0,0,-1,0,18085,17735,19633,9744,19530,46006,5133,91193,516,6882,1658,2492,0
99648,2,1,2,24,-1,-1,-1,-1,-1,-1,5426,1551,344,-323,2315,1693,4985,5505,1161,3166,1669,573,0
160136,2,1,2,29,-2,-2,-2,-2,-2,-2,16852,13312,1125,270,-1155,-235,9703,19933,-87,3688,1904,477,0
239060,2,3,1,46,0,0,0,0,0,0,25953,64603,75676,61116,50471,52610,7307,4493,2780,3866,2531,1517,0
94000,2,1,2,30,-1,-1,-1,-1,-1,-1,10877,7816,14521,8146,16891,9942,3324,1931,7685,2599,1626,1926,0
136094,2,2,1,38,0,0,0,0,0,0,83391,105960,67229,61132,42847,61532,5322,2961,501,5475,5906,588,0
90102,2,2,1,33,1,-2,-1,-1,0,-1,4833,2120,3610,-236,26143,7061,53060,2326,1195,38198,1644,1472,0
50890,2,1,2,23,0,0,0,0,0,0,52293,22189,20916,-664,11694,8053,2565,1066,-182,1138,1463,-17,0
94236,1,6,1,32,0,0,0,0,0,0,4136,99566,13957,86499,47998,69003,1765,1538,461,6901,2119,1064,0
211338,2,1,2,28,0,0,0,0,0,0,70936,108341,111411,72879,49399,88407,3728,9402,4853,-42,2737,3222,0
149730,2,1,2,27,1,-2,-2,-2,-2,-2,1271,-652,-807,-95,-303,-255,-682,-583,-926,-298,1959,279,1
57513,2,1,2,34,0,0,0,0,0,0,47325,64622,53179,6529,30622,5439,4708,4110,2212,-12,2231,18,0
214519,2,2,1,38,-2,-2,-2,-2,-2,-2,-538,1789,3447,480,-118,2554,2781,1199,518,6140,31819,12207,0
84086,2,1,2,30,-1,-1,-1,-1,-1,-1,178,-1354,-490,1654,-260,7880,-549,1924,2803,527,126,46213,1
22694,2,2,3,33,0,0,0,0,0,0,4205,15826,16195,18185,13432,42083,-112,1780,991,350,1645,4073,0
350386,2,2,1,61,0,0,0,0,0,0,37121,115701,92055,74777,38869,73482,566,19672,3050,4213,1642,4800,0
181988,2,2,2,27,-1,-1,-1,-1,-1,-1,62395,2516,2665,-278,1156,1284,2458,2486,1257,282,1537,461,0
152703,2,1,2,23,0,0,0,2,2,2,18605,62736,38907,76641,33747,35026,6122,6694,2492,3673,2567,709,0
196474,1,1,1,35,-2,-2,-2,-2,-2,-2,13042,16864,25647,25449,616,41194,1230,1838,36056,3907,1684,1886,0
50393,2,2,2,24,2,0,0,0,0,0,2393,2969,18569,1319,2136,1252,416,63,1126,214,1734,-54,0
264486,2,3,0,60,-2,-2,-2,0,-2,-2,3218,1316,-1284,12242,-931,713,8372,2070,303,537,3089,313,0
290733,2,1,2,28,1,-2,-2,-2,-2,-2,-1508,-639,320,-1042,-445,2184,-80,623,367,30,467,1229,0
78426,2,1,2,28,-1,-1,-1,0,0,0,-955,28066,19169,22681,36959,-159,3701,5168,6653,2043,3193,6250,0
132936,2,1,2,50,0,0,0,0,0,0,59882,104027,84263,90139,78589,95288,1032,1066,3793,5123,301,759,0
179377,1,3,1,45,-2,-2,-2,-2,-2,-2,2828,11359,-730,9877,-2003,-774,1742,1485,505,32,-109,-61,1
20389,2,2,1,48,0,0,0,0,0,0,17955,21119,16122,5642,16909,10175,5658,1527,1489,455,84,-312,1
18587,1,2,3,46,0,0,0,2,2,2,33454,7594,14047,2358,2813,12749,8358,3594,664,4190,201,276,1
101700,2,4,1,32,0,0,0,0,0,0,75053,30695,23350,5414,12029,33256,1850,2271,270,278,1218,3205,0
221324,2,2,1,35,0,0,0,0,0,0,321144,393347,446251,53741,41641,41904,3662,23868,18419,21740,33000,15345,0
16904,1,1,1,45,-1,2,0,0,0,0,14361,-1037,12053,8194,561,-177,-146,1742,112,937,63,530,1
369460,2,2,1,37,0,0,0,0,0,0,128108,243091,185130,103150,185351,133088,12349,11168,3832,2832,11168,5272,0
256078,2,2,1,32,0,0,0,0,0,0,100704,226517,201464,85624,187967,96884,11446,7864,18163,3209,7431,4675,0
236670,1,2,1,29,0,0,0,0,0,0,60208,170871,69231,72604,68410,61553,4197,2805,4365,203,4869,1272,0
169022,2,2,3,48,-2,-2,-2,-2,-2,-2,505,-359,282,1607,-129,-14,949,857,-429,-454,110,759,0
21230,1,2,1,37,2,2,2,2,2,4,10514,8770,-272,14822,343,595,-95,42,-339,917,578,3166,1
158594,2,2,1,28,1,2,2,2,2,2,8298,73816,43872,49656,37974,50901,-250,1933,689,1863,1384,1594,1
52230,1,2,1,45,1,-2,-2,-2,-2,-2,2202,930,1037,-1310,-1112,-632,593,22331,387,677,-332,572,1
209200,2,2,2,36,0,0,0,0,0,0,141721,199412,76127,174051,145944,82962,13608,2168,2897,1961,6203,7614,1
168832,2,2,2,37,0,0,0,0,0,0,77117,231565,79123,42399,36019,1666,8599,2479,4472,6595,4637,1158,0
53126,1,3,1,58,-1,-1,2,0,0,0,3422,1235,-352,13302,821,6637,-26,1964,166,5170,1093,179,0
19899,2,2,2,37,0,3,2,0,0,0,20253,-533,4258,2136,-1959,6835,132,1991,859,642,3416,-23,1
153680,1,1,1,34,-1,-1,-1,-1,-1,-2,2152,8754,15688,21444,14406,16077,947,2377,62463,2988,1921,12766,0
101066,1,1,2,26,2,2,2,2,3,3,26739,30084,30953,6939,-1802,1815,1986,1996,215,175,-17,421,1
168450,2,2,0,37,0,0,0,2,0,0,83638,111546,30989,45391,92323,81680,6010,10357,2620,8150,4392,3361,0
294693,1,2,1,49,-1,-1,-1,-1,-1,-1,-1980,15316,2411,9007,-614,35,2924,2217,1176,6500,3857,1435,0
252781,1,2,1,52,2,2,0,0,0,0,135086,209320,145698,156083,176313,113848,5441,11990,2992,2844,2798,2438,1
20545,2,1,2,41,0,0,0,-1,0,0,10615,2375,16067,3297,19346,10432,4808,1937,9031,3054,5840,189,0
47957,1,2,2,45,0,0,0,0,0,0,6830,20353,40978,9930,7874,9220,8142,3060,641,552,66,-7,0
382814,2,2,1,34,-2,-2,-2,-2,-2,-2,1922,895,1669,1225,-68,110,1693,1686,111,69,1356,-9,1
81310,1,2,1,50,1,2,0,0,0,0,3579,32596,8724,8412,24028,12686,6097,5264,1204,5079,742,4905,0
56881,1,2,2,33,0,0,0,0,0,0,44714,43372,52018,3952,5549,6482,2443,3104,386,-526,1920,-177,1
210684,1,1,0,43,-1,2,-1,0,-1,-1,2454,712,3358,477,-57,871,-358,1312,468,191,2200,1606,0
52829,1,3,1,37,0,0,0,0,0,0,38730,59750,48483,36546,29981,33970,2165,4666,-145,1414,969,1643,0
50523,2,2,2,22,0,0,0,0,0,0,3385,3050,23309,2681,-422,13837,4433,860,-56,402,1551,-283,1
179482,2,2,1,36,0,0,0,0,0,0,62428,166322,71694,119193,74603,71985,6502,6642,3053,1613,3527,-694,0
78691,2,3,0,35,2,-2,2,2,-2,0,23476,-2034,24496,545,120,1131,374,-20,484,1652,1487,1801,0
23325,2,2,2,28,0,0,2,0,0,0,15247,12795,11584,40436,9051,21866,1187,5777,948,3478,1324,549,0
238496,2,2,2,31,0,0,0,0,0,0,94683,274775,85280,62605,139978,78065,12204,11549,10180,372,3165,3747,0
55334,1,2,1,39,0,0,0,0,0,2,37102,55578,55403,53562,28826,42936,1567,4550,499,1060,3849,2912,0
69971,2,2,1,28,1,3,2,2,2,2,9410,42320,63697,45696,61049,39496,4184,1529,-9,5789,3025,1557,1
90030,1,2,2,24,0,0,2,0,0,0,7870,67744,48403,27900,34601,44472,4468,2651,2644,2370,1266,3639,1
305450,1,2,2,30,0,0,0,0,0,0,110608,242990,81906,73418,132763,399512,12267,23642,10255,8575,2377,3299,1
81266,2,2,1,25,-1,-1,-1,-1,-1,-1,1613,1049,-504,527,-1373,1605,1026,8882,-876,1186,1177,737,0
121503,2,1,1,31,0,0,0,0,0,0,84549,162050,43048,91871,31254,38643,6172,39715,1081,2784,932,680,0
49371,1,2,2,26,1,-1,-2,0,0,-2,-211,1287,2510,13032,1020,-779,895,1974,152,3314,-13,551,0
81977,2,1,2,22,0,0,0,0,2,0,51821,53261,70977,42912,39573,81198,6112,2042,992,1660,1448,1658,0
20365,2,3,2,46,0,0,0,0,0,0,1603,-971,13452,17674,12016,21936,-527,1690,929,-247,1794,433,0
76206,1,2,2,25,1,2,2,0,0,0,59884,93339,72515,80623,66856,85506,-52,1009,3446,3532,2419,1596,0
218190,1,2,1,45,0,0,0,0,0,2,260584,163896,211127,76197,199780,118679,10824,7380,7852,16619,8878,6912,0
226656,2,3,1,34,0,0,0,0,0,0,19491,14078,20127,6348,8954,17050,2873,1686,876,177,1639,3221,1
144797,2,2,1,50,0,0,0,0,0,0,67239,44342,83059,25260,56526,31309,5191,77347,9209,293,332,5843,1
182938,1,2,2,28,0,0,0,0,0,0,27037,13561,20533,12172,9602,12424,7489,23918,551,2727,16794,12124,1
216608,2,3,1,34,-2,-2,-2,-2,-2,-2,-473,423,2254,-536,-944,2835,-578,1241,629,530,2029,6403,0
212646,2,1,2,32,-1,-1,-1,-1,-1,-1,12143,16276,1695,2646,19011,17098,6998,21705,21991,3079,40507,40085,0
149330,2,1,2,27,-1,-1,-1,0,0,0,3406,4484,1668,144,-657,-531,82,368,-618,2102,-25,-5,1
84896,1,2,2,27,1,2,2,0,0,0,439,9030,1649,22252,422,21856,370,656,4398,1948,2406,-117,0
19928,2,2,1,52,0,0,0,0,0,0,23726,43771,25911,13740,12637,16491,4542,1183,124,297,2013,-515,0
197553,2,1,2,28,0,0,0,0,0,0,101069,89325,99651,35712,36355,42064,21512,2496,23807,5905,3224,135,0
209350,1,3,3,48,-1,-1,-1,-1,-1,-1,20639,2075,279,-313,1127,349,605,1264,-92,-302,190,195,0
309912,1,2,2,29,-2,-2,-2,-2,-2,-1,59954,32575,39576,49952,28412,800,10561,20441,892,33194,1472,18059,0
238344,1,4,1,31,-2,-2,-2,-2,-2,-2,3995,148,2307,1583,-2354,1540,877,790,-1352,4234,392,631,0
18404,1,2,2,25,0,0,2,2,-2,-2,13633,9900,2464,-867,-3003,847,2191,2550,-663,-483,1258,2136,1
493737,1,6,1,23,0,0,0,0,-2,-2,63888,63518,19505,20881,684,1489,4471,7464,1679,443,1654,236,0
21517,1,3,2,45,2,0,0,0,3,0,43885,690,21457,642,2033,17225,923,459,-106,458,1553,-150,0
110856,2,2,1,28,0,0,0,0,0,0,70212,116454,77456,117785,74648,156525,1860,2819,3202,2003,6533,1330,0
197215,2,1,2,30,0,0,0,0,0,0,30041,64429,87592,36213,19058,29070,1902,5848,5450,366,1000,5357,0
101314,2,2,1,27,0,0,0,0,0,0,100959,105132,69921,90764,22227,68627,7145,6090,600,510,2613,1748,0
535060,2,1,1,39,0,0,0,0,-1,0,164028,251083,254248,128274,59771,61355,26145,20923,16608,5341,5499,7697,0
513747,2,1,1,33,0,0,0,-1,0,-1,15357,10162,10581,22742,19192,19885,9021,4924,10039,8579,10245,18420,0
213077,1,2,1,37,0,0,0,0,0,0,56297,53184,52241,31546,45793,35419,5038,1345,2899,654,373,-160,1
45240,1,2,2,35,0,0,0,0,0,0,42337,17415,20547,13218,20974,52279,5220,1872,1751,5134,3510,7525,0
208008,2,2,3,53,1,-1,-2,-2,-2,-2,3555,569,188,2199,-1266,95,-845,468,-436,164,139,563,0
225808,2,1,2,30,1,0,0,0,0,0,62229,87309,80947,87047,47583,57067,2746,4310,3440,1379,1472,1469,0
205112,1,3,0,53,1,-2,-2,-2,-2,-2,12836,-1221,58,-1695,-1614,1013,22,1531,-376,18,-43,229,0
24840,1,1,2,23,0,0,0,2,0,0,16166,455,17089,10093,6981,16715,30,1030,359,2410,790,222,0
172793,1,2,1,36,1,0,0,0,0,0,64125,188526,105726,95267,86152,91810,8754,7633,2602,1962,89,1096,0
21004,2,2,2,23,2,0,0,0,0,0,10665,10697,1187,2647,28133,19731,1332,1484,-1005,-360,1130,-114,1
235364,1,1,2,36,0,0,0,-1,-2,-2,67158,24835,53023,-1721,-2455,708,-242,2519,837,3081,170,334,0
18229,1,1,2,28,0,0,-1,-1,0,0,4188,14834,14091,2404,-2298,-308,247,1511,2066,336,-147,-155,0
59181,1,1,2,23,2,2,0,0,0,0,108299,51748,46486,29862,49301,52205,-5,1213,230,1004,1669,-285,1
239540,2,2,1,36,1,-2,-2,-2,-2,-2,1158,1141,2426,1057,7806,320,-1053,1410,-51,1385,1560,2,1
25606,2,6,1,37,2,-2,2,2,-2,-2,3500,9912,10608,-447,1213,-1431,636,2042,-647,50,9,-261,1
118488,1,2,1,26,0,-2,-2,-2,-2,-2,65894,11099,19066,7091,-1346,778,4846,850,345,834,1104,129,0
219243,1,2,1,41,0,0,0,0,0,0,42406,65913,53323,13039,54786,14234,12708,11151,793,7567,2825,15074,0
308081,2,2,2,27,0,0,0,0,0,0,98345,81889,160820,50761,44594,73601,4894,920,4790,6747,892,2673,0
30949,1,2,1,49,0,0,2,2,2,2,9946,7604,9550,13262,-4839,12298,768,1789,647,4539,68,2805,1
51649,1,1,2,26,0,0,0,0,0,0,36590,50636,46246,64861,33628,55451,6080,2524,1973,4354,1048,937,0
32036,1,2,1,30,3,2,2,6,3,-2,-2027,6072,16774,-673,-1822,393,-540,781,-888,-595,1212,35,1
224701,1,2,1,45,1,0,0,0,0,0,57244,36243,65686,60063,36090,66523,1723,1804,2688,2485,535,1546,0
291434,2,2,2,36,0,0,0,0,0,0,136744,107060,217006,76701,314933,186169,17596,16707,7872,9014,1451,-335,0
77809,2,1,1,36,1,0,0,0,0,0,9575,11738,13872,5822,10198,1461,614,-69,294,217,-100,465,1
254135,2,5,1,47,-2,-2,-1,-1,-2,-1,60966,81446,19123,12572,36337,13923,4011,76811,917,898,2766,1552,0
261467,2,6,1,29,-1,-1,0,-1,-1,-1,-508,1843,2020,-449,5447,-1136,3194,1772,476,394,905,2013,0
63573,2,2,2,31,2,3,2,2,2,2,4896,6442,4894,13963,1122,34592,1614,180,296,5424,203,2311,1
219233,2,2,1,35,0,0,0,0,0,0,151120,187963,210882,30424,91178,111511,9749,1471,3894,920,1415,984,0
184419,2,2,1,40,-1,-1,-1,-1,0,-1,1081,2879,14756,-763,107,6416,10488,11565,3729,9038,10793,1753,0
23276,1,2,1,42,3,3,2,2,2,2,714,15120,15033,10697,17093,14441,26,1880,794,-161,2017,469,1
458242,2,2,1,33,0,0,0,0,0,0,281188,296209,187967,362636,156316,184039,10787,11114,7242,3793,4697,387,0
543120,1,5,1,30,0,0,0,0,0,0,72217,218033,172054,135710,94769,60720,2892,22489,8259,5371,1920,3459,0
423252,2,1,1,41,0,0,0,0,0,-2,87200,53395,66697,10072,35092,1707,2253,15519,1610,10923,1839,-128,0
25754,2,5,1,43,2,0,2,2,2,0,73490,20881,2787,674,51770,700,344,2583,385,590,420,394,1
244797,2,3,1,36,0,0,0,0,0,-1,45932,169927,75782,73767,94093,76967,3915,9080,4201,5835,3537,3144,1
88714,1,1,2,34,0,-1,-1,0,0,0,11528,9886,25736,8171,47051,50530,3831,3401,2821,8797,4578,1414,0
212270,1,2,2,51,2,0,0,0,0,0,9600,2451,22164,18978,7151,10737,714,948,670,1975,1113,339,0
59682,2,2,2,27,0,0,0,0,0,0,43091,40346,41754,37574,34736,558,977,1961,1301,80,988,426,0
25892,1,2,1,34,3,2,2,2,2,0,5240,16975,8182,8370,19705,17261,-134,2346,981,5676,1455,467,0
405267,2,2,1,32,0,0,0,0,0,0,254489,296164,88982,117724,77331,140421,6785,11416,8078,1717,9584,1310,0
242772,2,1,2,30,1,-1,-1,-1,-1,-1,9440,6433,15248,7355,10871,193,4119,11009,1894,3800,1677,7375,0
55239,1,2,1,30,2,-2,-2,-2,-2,-2,10587,4795,17844,17119,-1083,666,1780,1124,-550,2204,894,2109,1
119828,2,2,1,36,0,0,0,0,0,0,76788,76881,75452,38130,62700,84368,1949,2728,4041,1456,1820,1905,0
23621,1,3,0,33,0,0,0,0,0,0,2814,11744,10948,12369,2278,-688,-110,2247,1213,3144,-97,98,0
28361,1,2,2,23,2,2,2,0,0,0,4837,15793,12336,14330,11793,30187,430,2368,3504,75,1977,-27,1
23339,1,3,3,44,0,0,0,0,0,0,24325,22837,17690,9647,15447,266,2212,3027,557,235,1966,275,1
55147,2,2,2,41,-1,-1,-1,-1,-1,-1,-1037,626,1956,1651,1732,7308,1732,1010,1235,-387,1498,340,1
249345,1,2,1,52,1,2,2,2,0,0,54450,105429,61300,85503,60576,86703,5028,5292,1021,7405,2567,4384,1
88194,1,1,1,25,2,2,2,2,-1,0,13548,17183,10642,6700,1849,14174,489,1036,874,2490,399,317,1
35695,2,3,1,53,2,0,2,2,2,2,19926,78017,58845,30993,52695,64694,3190,3204,526,2110,1239,-190,0
102217,2,1,1,28,-1,2,0,2,0,0,11506,39614,1132,16169,37607,33106,-5,-639,-311,53,3699,674,1
232421,2,1,1,42,-2,-2,-2,-2,-2,-2,-1463,16383,-704,-459,-1318,-1452,1740,841,-775,3674,248,101,0
219363,1,2,1,51,2,0,0,0,0,0,169540,395596,275593,235487,325577,168087,4807,11521,121420,6956,9285,-148,1
107759,2,3,2,24,0,-2,-2,0,0,-2,920,2548,127,-393,2544,132,-141,1147,741,295,1647,167,0
56461,1,1,1,25,0,0,0,0,0,2,35206,47818,45769,31875,45372,28864,6782,2686,91,441,533,46,1
52640,2,2,2,34,0,0,0,0,0,0,84791,47576,103853,32923,35987,42003,2275,4540,3647,2007,3924,267,0
54815,1,2,2,22,-1,-1,-1,-1,-1,-1,4307,1797,-354,86,2448,181,517,1375,131,199,2320,213,1
14204,2,2,2,24,0,0,0,0,0,0,13178,52062,20656,6807,10625,13189,2622,3531,339,-90,2328,133,0
51871,1,3,2,32,0,0,0,0,0,0,14131,63109,43528,8070,18847,51025,2841,4053,-460,5144,-681,631,0
157986,2,2,1,35,1,0,0,0,0,0,58695,41432,51532,36047,24965,44643,5588,2258,6587,3211,4428,3359,0
142651,2,1,2,28,2,0,0,2,0,2,37965,64310,40560,28543,45852,58948,1932,5463,2027,1286,4500,1016,0
249604,2,1,1,32,0,0,0,0,0,0,172691,142282,96989,135616,126884,91269,10360,10068,5841,5486,9693,4021,0
280920,1,1,1,35,-2,-2,-2,-2,-2,-2,2529,583,1702,970,-1714,542,-1140,672,510,-20,307,146,0
244651,2,1,2,33,1,2,2,0,2,2,4264,26634,11277,28426,49598,26575,4368,1489,45523,7838,4233,2137,0
44473,2,2,1,51,0,0,0,0,0,0,49025,73107,45342,8532,8248,7285,7300,2325,-224,2800,62,165,0
287911,2,3,1,44,0,0,0,0,-1,-1,102389,59957,52164,12383,5058,-1554,8011,6289,3050,265,-149,13005,0
68993,2,2,2,24,0,0,0,0,0,0,85788,114605,135956,39506,71781,75479,2106,1129,1406,861,2967,-97,1
513506,2,2,1,43,0,0,0,0,0,0,281034,149060,360131,195321,149128,235103,7607,8230,10968,12312,11060,11314,0
213855,1,1,1,31,1,2,-1,2,-1,3,63747,58450,66647,52115,131081,98924,4693,6710,15129,6146,4976,1316,0
88072,2,1,1,26,0,0,0,0,0,0,1204,17393,20535,28184,49707,17397,1199,4189,1197,1825,1099,4259,0
344454,1,5,1,41,-1,-1,-1,-1,-1,-1,1299,-301,-942,1498,1333,-256,1075,554,-308,224,412,495,1
92913,1,2,2,30,1,-2,-1,-2,-2,-2,-432,-461,522,-640,-1480,975,-962,1005,-1284,819,123,46,1
236297,2,5,2,25,0,0,0,0,-1,-1,5636,18343,49500,96,229,4686,5430,2320,-278,-166,140,5308,0
124286,1,2,1,44,-1,-1,2,-2,-2,-2,1476,13529,1209,491,-483,330,-205,500,155,370,132,104,0
88991,1,2,1,33,-1,-1,-1,0,0,-1,1513,579,22170,10644,16778,6372,649,4605,437,1245,94,-154,1
187130,2,2,2,25,-2,-2,-2,-1,-1,-1,14774,65120,13095,10195,30614,39529,2258,62212,3709,129218,4904,10054,0
26536,2,2,1,53,0,0,0,0,0,0,16909,23423,14203,9290,19692,20169,4068,2022,751,5140,1905,491,0
269345,2,2,1,31,-2,-2,-2,-2,-2,-2,-669,-2691,377,1099,-1155,-218,-1220,615,452,7314,2221,2809,0
31678,2,3,3,42,0,0,0,0,-2,-2,4154,2003,1207,-5520,-734,-434,-617,2111,293,-717,185,-234,0
134668,2,3,1,32,-2,-2,-2,-2,-2,-2,2626,649,2301,1182,-699,783,4368,1478,1650,5943,-266,757,0
196044,1,5,2,32,-1,-1,0,0,0,0,19,15798,9868,10850,60,5058,577,842,1507,32,2115,5404,0
141997,2,2,1,36,0,0,0,2,-1,-2,20751,102969,12809,10954,9523,1141,1737,4319,806,2222,1450,1550,0
283010,2,2,2,33,-1,0,-1,0,0,0,32548,55705,81890,15563,7698,32498,2397,636,197,4807,357,5350,0
50627,1,2,1,45,0,0,0,0,0,0,59337,60959,51505,60898,51645,53870,4472,2463,1035,10573,2090,1147,0
48267,2,2,1,54,0,0,0,0,-2,-2,51429,48426,52101,14025,6813,38345,7519,1726,263,8954,1066,2616,0
190677,1,2,1,44,-1,-1,-1,-1,-1,0,2318,11429,13561,13224,3860,4311,2031,1632,19,335,162,240,0
20193,2,2,2,24,2,0,2,0,0,0,-598,12360,1050,-691,236,1545,-614,373,225,-508,127,-405,1
49565,2,2,1,37,2,2,3,2,2,2,6688,53860,60773,38081,47163,51257,1268,4552,277,2419,1395,236,1
390676,2,2,1,33,-2,-2,-2,-1,-2,-1,24282,897,1699,1222,-981,1477,1033,4156,72571,447,576,34094,0
27372,2,1,1,30,-1,-1,-1,-1,0,0,2219,1079,-274,-165,-272,-663,1610,737,229,92,-114,644,1
22628,2,0,1,41,0,0,2,2,0,0,5340,4015,17109,11977,17438,11967,10285,20140,1162,2675,10695,303,0
193975,2,1,1,35,2,0,0,0,0,0,33005,56971,54439,26990,39669,17668,472,709,3775,407,2307,2083,1
314609,2,4,2,29,1,-2,-2,-2,-2,-2,1353,-649,1253,1047,-2309,210,1116,1060,-298,227,154,2147,0
228441,1,6,1,33,2,-1,-1,-2,-2,-2,1886,1421,903,-119,-1779,803,544,1476,-57,150,278,232,0
32336,2,3,2,26,2,-1,2,2,3,-1,807,-754,-1159,-94,-1110,676,6592,330,-400,323,85,201,1
77389,2,3,2,48,0,0,0,0,0,2,67617,38238,40349,33596,33064,30766,2030,2094,2521,1412,1102,5256,0
29564,1,3,0,24,1,0,0,0,0,0,4083,13748,21868,7753,5929,12505,925,1158,706,178,2791,92,0
25440,2,3,0,49,0,0,2,2,2,2,17788,18206,9698,13776,16694,13582,4442,3950,236,282,1070,93,1
28522,1,1,2,25,-1,-1,-1,-1,-1,0,10603,-1175,-1062,13,880,-1610,436,291,-686,-74,116,111,1
233290,2,3,1,33,-1,-1,-1,-1,-1,-1,-1443,-2273,225,1289,-294,580,-388,1456,431,62,234,1905,1
255758,2,4,2,30,-1,-2,-2,-2,-2,-2,1070,-1860,-758,1340,-2448,-687,-855,382,-1236,-325,-367,254,1
30988,1,2,2,34,-1,2,2,0,0,0,956,1159,905,853,13749,491,-1433,906,520,90,1196,162,1
53900,1,2,3,47,-1,-1,-1,-1,0,-1,200,-1557,-1672,477,-1121,-87,451,1503,291,378,1338,569,0
23249,1,1,2,47,3,2,2,2,0,0,9544,1479,-391,23048,22692,1290,310,911,483,2561,1909,-47,1
93242,2,2,2,23,0,0,0,0,0,0,38179,116199,88941,36309,13258,35236,6905,2433,2991,398,1579,1505,0
79183,2,2,2,28,2,2,0,0,0,2,50201,89400,73371,21471,35002,88356,3585,3419,735,1400,5116,1894,0
114321,1,1,2,28,0,0,0,0,0,0,59126,56337,83628,93243,42491,85901,2285,79474,312,1041,1004,5490,0
222985,2,1,1,29,-2,-2,-2,-2,-2,-2,1942,637,1793,1140,0,539,-580,2012,523,69,1565,5763,0
55829,2,2,2,23,0,0,0,0,0,0,-1180,24539,19666,10702,-561,27263,1872,1332,1342,-151,1198,111,0
250891,1,3,1,34,-1,-1,-1,-1,-1,-1,-981,-2323,-1134,-250,-2,-149,-629,724,-644,-138,248,753,1
20335,1,2,1,45,1,2,2,5,4,4,378,-2152,-1009,-807,-1663,1563,-1059,-1654,-523,166,231,-72,1
104287,2,4,2,22,0,0,0,0,0,0,47331,40543,50874,20373,28681,35149,6454,1918,340,3493,738,4896,0
16213,1,2,2,49,2,2,2,2,2,3,10884,9155,0,11826,544,15823,-1019,1722,1163,603,536,283,1
189047,1,1,1,30,1,2,2,2,2,2,16805,13455,3579,735,-2539,41338,61,1300,-1253,4323,48,881,1
80725,1,2,1,30,0,0,0,0,0,0,38455,109146,85859,32753,75844,89066,5853,1832,812,2598,6259,1263,0
68465,1,3,0,33,2,0,2,2,2,2,13993,86258,65587,43819,20234,50389,2344,1366,900,2221,407,1192,1
94791,2,2,2,29,1,2,0,2,0,0,91644,44914,39184,34501,45013,34921,6748,1261,325,2510,2050,2905,0
221792,2,1,1,36,-1,-1,-1,-1,-1,-1,70658,5120,10038,65803,73330,81406,1330,20538,13108,8127,75729,277,0
97934,2,1,1,32,-1,-1,-1,-1,-1,-1,-1293,-2987,-231,1195,328,8754,1949,1951,19587,7536,1968,5637,1
218696,1,2,1,38,0,0,0,0,0,0,102551,69541,92276,85964,33973,46788,47372,23803,16627,8340,2037,6475,0
381299,1,3,3,38,-1,-1,-1,0,0,0,2153,2,1569,1190,-122,912,226,613,197,7,-179,58,1
512945,2,1,1,29,-1,-1,-1,-1,-1,-1,10125,3002,-303,1299,-756,3084,36262,22669,6951,15353,17140,16070,0
86471,2,3,1,26,1,-2,-2,-2,-2,-2,153,-1237,-223,-2212,-2526,362,-1788,335,-224,-140,43,429,1
23651,1,2,1,46,3,3,2,2,2,4,3879,7313,18281,-708,-286,14642,2479,903,-310,681,1305,174,1
212494,1,2,1,32,-1,-1,-2,-2,-2,-2,1715,1330,-175,874,-804,2129,1443,57,842,597,184,227,0
25851,2,5,3,42,2,0,0,2,0,0,78893,22268,11797,19782,12459,18353,497,3929,77,-549,5640,-139,1
253282,2,2,1,32,0,0,0,0,0,0,231219,338446,258857,115313,145030,382261,10371,10867,11839,8390,4443,-156,0
445683,1,1,2,35,0,0,0,-1,-1,-1,262737,224797,342971,202692,479892,103614,13140,24948,24287,35505,21850,11836,0
56402,2,1,3,53,-1,-1,-1,0,0,0,702,4963,2783,4151,21645,25936,637,885,-425,2888,5732,608,0
53310,2,1,2,47,1,0,-2,2,2,2,16218,21814,8180,14343,34594,41341,1423,1395,90,3476,588,-246,1
374994,1,1,2,41,1,2,-2,-2,-2,-2,-796,-1223,-496,-67,369,864,-77,515,-852,-191,-24,159,1
218329,2,2,2,24,-1,0,2,0,2,0,11613,9140,8404,4079,16916,14674,2241,2997,138977,6413,7263,2369,0
239411,2,2,1,39,0,0,0,0,0,0,90508,146703,80442,110706,75671,56991,6589,4538,3292,3112,3643,2407,0
315216,2,4,2,31,-1,-2,-2,-2,-1,-1,429,-1274,1726,2959,-696,1728,-195,1766,251,3330,463,1878,1
105217,2,1,1,48,-1,0,0,0,0,0,40957,27736,93911,15278,44825,4495,2062,3579,2540,3675,3531,1774,0
47100,1,2,2,36,0,0,0,0,0,2,16099,17010,17911,7365,15815,10886,4100,3929,644,489,3153,267,0
157077,2,1,1,32,0,0,0,0,0,0,46147,62377,61011,46924,37416,48223,66896,466,1627,731,2557,47731,0
218319,2,2,1,31,-1,-1,-1,-1,-1,-1,332,-1365,14,1089,-462,490,-559,2505,-119,7348,111106,756,0
207828,1,1,1,34,-2,-2,-2,-2,-2,-2,7183,9765,26184,461,1087,2788,663,2957,1140,8678,1710,4737,0
223168,1,2,1,38,0,-1,0,0,0,0,933,5204,18780,2799,6961,8516,102,10627,1692,7523,7154,18168,1
215938,1,2,2,33,0,0,0,0,0,0,38551,90624,37917,11450,35679,125806,3199,2186,5950,7434,828,5231,0
53410,1,1,1,55,0,0,0,0,0,0,18763,3034,19598,6068,4840,7818,1873,642,-75,174,1186,64,0
361639,2,1,1,31,-1,-1,-1,-1,-1,-1,2146,11864,-135,7422,16786,608,435,12129,22095,5870,739,342,0
86859,2,2,2,29,-1,-1,-1,-1,0,-2,404,-1179,-2565,-857,-1163,629,-399,1654,-699,1292,4413,11822,0
83336,2,1,3,51,-2,-2,-2,-2,-2,-2,3012,4961,3374,-702,-3089,-1569,390,1575,-16,-588,168,-207,0
213980,2,1,2,24,0,0,0,0,0,0,29755,47717,41411,43058,39139,46408,3685,1955,1266,1386,2855,2540,0
109461,2,2,2,27,-1,-1,0,-1,-1,-2,4460,-1712,2108,927,2393,1929,1816,699,-482,-548,-50,208,1
132551,2,2,2,28,0,0,0,0,0,0,50694,66438,82756,34460,40750,73747,5859,1963,1241,6012,1436,2020,0
53270,2,2,2,24,0,0,0,0,0,0,2379,785,556,8535,17909,12532,1172,1811,1159,1514,1579,-120,0
25539,2,2,2,44,0,0,0,0,0,0,21451,41283,7731,5968,11085,14893,2437,940,5113,461,392,7845,1
51057,2,1,2,26,0,0,0,0,0,0,23463,18666,10986,5989,870,-3697,6976,1341,445,673,632,-414,0
294738,2,2,2,25,-1,-1,-1,-1,-1,-1,336,2098,2693,1813,2291,307,-716,753,246,772,-52,2887,1
247522,2,2,3,46,1,2,-1,0,0,0,71475,5112,61951,26878,20222,39848,3760,6960,1339,4317,4132,3595,0
16020,2,2,2,23,0,0,0,0,0,0,13410,20674,2436,16065,10760,17164,1603,364,-233,-448,2422,-88,0
419890,1,2,2,22,0,0,0,0,0,0,73609,47147,82839,79364,81079,66174,5102,10516,744,3860,3394,6718,0
505356,1,2,1,32,1,2,2,0,0,2,65264,23819,30930,374433,42185,48551,18695,16318,19127,479,18191,1778,1
173386,1,3,2,38,0,-2,-2,-2,-2,-2,85110,35543,98790,29034,24914,1349,4921,5159,1047,285,95,12056,0
308622,1,2,1,34,0,0,0,0,0,0,159882,169534,118138,138931,121550,68521,12190,10538,5133,2794,2695,1783,0
146699,2,2,1,37,0,0,0,0,0,0,65899,175704,196584,121326,166077,92387,5089,5223,2708,7510,678,1212,0
147999,2,2,1,23,0,0,0,-1,-1,-1,10421,19927,14496,3173,2024,13448,12359,1869,8969,680,1131,1059,0
21334,2,2,2,27,0,0,2,2,0,0,19075,15989,-559,8431,5393,-178,713,646,-288,1307,1909,2257,1
414922,2,1,2,32,-1,-1,-1,-1,-1,-1,-588,3,2724,10215,683,11573,1333,4053,13933,8190,5090,16014,0
22291,2,3,0,49,0,0,0,0,0,0,23341,1699,43128,11622,3097,19059,1751,1061,736,1173,547,410,1
214565,2,2,2,41,0,0,0,0,0,-1,264359,146830,131184,135796,50024,116813,70514,79841,18365,5449,10729,5759,0
194327,2,5,2,33,-1,-1,-1,-1,-1,-1,2013,468,1008,18871,120,-334,680,967,692,164,2536,19608,1
221008,1,5,2,27,0,0,0,0,0,0,80832,188427,130489,71768,91737,64831,4671,10847,5389,6339,2214,1049,0
217746,2,2,2,30,-2,-2,-2,-2,-1,-1,16662,8274,8070,4688,1433,1280,4134,753,300,343,429,293,1
90261,1,3,0,32,2,2,2,2,2,3,4328,-278,12553,121,-724,613,770,1316,-101,2245,154,574,1
206183,2,5,2,40,0,0,0,-1,0,0,57808,65866,74475,7980,1209,21,1822,1945,344,101,2285,-84,0
66952,2,1,1,28,-1,2,3,0,0,0,8405,6358,-51,9084,28880,33436,-100,507,2252,1813,1592,436,1
220459,2,2,1,42,-2,-2,-2,-2,-2,-2,4297,2216,2249,5373,-1433,63,4040,15051,268,3701,61,6380,0
208441,2,6,1,27,0,0,0,0,0,0,47054,121661,98809,10020,38046,11210,6310,3859,934,2767,69,3742,0
83743,2,2,2,25,0,0,0,0,0,0,13322,42324,9528,26737,25759,39594,953,4502,590,731,4592,2115,0
181487,1,2,1,26,0,0,0,0,0,0,77978,178653,67698,117006,91983,88808,3304,2229,651,4709,3781,1139,0
511662,2,2,1,38,-1,2,0,0,0,0,16098,254060,438673,325965,54170,55768,19789,65530,20328,5161,4505,3719,0
55890,1,2,1,49,-1,-1,-1,0,-1,0,298,2525,805,676,3361,932,-410,661,534,-225,1013,399,0
127695,2,2,1,36,1,-1,-1,0,0,-1,6942,894,2210,8207,12788,18786,-638,3770,1422,3491,1995,2658,0
195331,2,5,1,36,0,0,0,0,0,0,70999,157777,163319,84663,73914,103706,1212,25174,2228,140,1113,1903,1
171901,2,2,1,49,-1,-1,-1,-1,-1,-1,9250,824,600,2146,-956,-1691,372,1120,-605,633,-111,505,1
303163,2,4,1,38,-2,-2,-2,-2,-2,-2,4260,15554,7439,119,839,996,3335,2220,-504,959,912,211,0
173123,1,2,1,27,0,0,0,0,0,0,73470,175244,64827,35519,62040,69780,11791,4967,588,434,3122,789,0
19437,1,2,2,46,0,0,0,0,0,0,8984,11035,10179,6999,14324,8359,2361,1110,994,472,805,-267,0
93635,2,2,1,38,1,2,2,2,0,0,8107,12594,31880,48358,31459,22721,-25,1358,-527,3464,-120,2238,1
26946,1,2,2,25,3,3,2,2,2,2,8504,27184,10724,39063,1748,2260,461,1631,-476,-591,465,-620,1
97505,2,1,1,36,2,2,2,0,0,0,1409,8951,119,26663,29714,24606,1785,1948,4471,3597,3281,1518,0
90629,2,1,2,27,-1,0,0,0,0,0,1606,864,1542,5899,14897,14460,262,2047,630,-528,4806,808,0
73413,1,2,2,36,-1,-1,-1,-1,-1,-1,64,17090,663,10925,1555,12839,174,78156,217,7634,10124,5327,0
211668,2,1,2,24,0,0,0,0,0,0,29500,46918,93552,25557,45047,34727,2012,3538,933,-95,385,5797,0
144593,1,1,2,38,0,0,0,0,0,0,107057,193317,87897,71496,116389,132243,13117,3982,9897,4324,1406,1781,0
295807,1,2,2,29,1,-2,-2,-2,-2,-2,6914,4031,-90,-1117,-1941,-165,306,224,-939,70,-23,248,1
685619,2,2,1,27,0,0,0,0,0,0,140686,228305,210405,129561,249766,96624,5798,5367,7740,3727,2856,5359,0
196001,1,3,2,36,0,0,-1,0,0,0,97620,105008,8349,10685,12991,6418,2605,1963,19857,6132,674,30193,0
84055,1,1,2,29,-1,2,2,0,0,0,11355,1695,494,6891,17611,32713,390,242,385,2678,550,470,1
39205,1,4,2,22,-1,-1,2,-1,-1,-2,14291,-1012,94,770,-422,3035,281,-840,-1459,-238,132,-250,1
78401,2,2,1,30,2,2,0,0,2,0,74492,41394,29427,44241,51844,65062,602,1568,2438,2319,1462,1109,0
127812,2,2,2,28,0,0,-2,-1,-2,-2,8766,9736,15312,5058,-742,597,11239,3775,205,2465,-130,-391,0
93453,2,3,1,39,0,0,0,0,0,0,34176,51995,56586,30162,28537,64182,5646,2063,635,1139,883,384,0
43175,1,2,0,24,0,0,0,0,0,0,131165,53377,14148,6150,-1303,7621,4827,4721,1031,2874,180,-352,0
276882,1,2,1,35,-2,-2,-2,-2,-2,-2,1374,-506,4037,-166,-1006,182,23617,1997,864,3577,2141,987,0
199859,1,0,2,42,0,-1,-1,-1,-2,-1,14990,2664,2810,6500,3356,1718,5710,1593,1654,371,41839,1061,0
299557,1,3,1,49,1,-1,-2,0,-2,-2,3965,1297,-1293,-1918,3,710,-975,-270,908,354,-274,546,1
154301,2,2,3,39,0,0,0,0,0,0,278595,168067,75590,78484,5878,4615,8262,2947,32789,276,2047,781,0
98604,1,2,1,23,1,-1,2,-1,-1,0,620,3250,-2348,17196,11644,1515,-22,495,481,1686,6953,567,0
109936,2,2,1,46,-1,-1,-1,-1,-1,-1,-2095,-3386,1222,2494,437,6404,-121,247,796,2769,1747,686,1
167960,1,3,1,43,2,2,2,-2,-2,3,68192,432,2113,1262,2767,838,2668,394,249,211,686,-37,1
74765,2,1,2,31,1,2,2,2,2,2,31994,66667,53918,48803,38969,33259,1277,6201,2513,2239,4717,5341,1
78264,2,2,2,27,1,0,2,0,0,0,46949,30929,13726,71380,45634,39765,531,4285,2107,251,6424,1053,0
52199,1,2,3,44,0,0,0,0,0,0,4925,5237,8093,7012,12008,10357,1697,3493,695,6959,5023,59,0
102026,2,1,0,37,2,2,0,0,0,0,57395,51490,62330,45534,49942,29141,3870,1950,1096,2943,1372,8359,1
368163,2,2,1,31,-1,-1,-1,0,0,-1,3814,13232,8993,8363,10585,19749,4409,26257,21275,4465,1350,675,0
253556,1,2,1,44,2,0,0,0,0,0,150983,256466,172340,181763,151096,169335,5641,13260,6933,2580,1673,4151,1
244036,1,5,1,55,0,0,0,0,0,0,97102,130855,54214,47691,34654,19015,6128,6903,38865,4136,2851,-131,0
288028,1,2,1,44,0,0,0,0,0,0,195417,259930,241390,249148,238723,144053,10426,13311,11018,2261,9987,2760,1
257869,1,2,1,33,0,0,0,0,0,0,299548,376803,264272,114394,226806,196277,10892,10110,9687,6586,11319,2643,0
516818,2,2,1,36,0,0,0,0,0,0,210728,9705,10741,14821,125724,15647,7048,8458,13532,6614,3569,8444,0
21431,2,2,2,24,2,0,2,2,0,0,5997,7848,27524,25729,1399,48264,876,1425,503,46,1298,158,1
315768,2,2,1,53,-1,-1,-1,-1,-1,-1,-591,-868,802,334,220,-197,3417,856,-61,725,1128,-162,0
55539,2,2,3,43,0,0,0,0,0,0,32439,67650,66752,38218,9483,8598,3376,2669,-128,673,4211,-287,0
168474,2,4,2,32,-1,-1,-1,-1,-1,-1,1938,-1014,15440,617,-1608,405,1031,18181,-10,70,1423,628,0
220938,1,1,1,43,-1,-1,-1,-1,-1,-1,-1336,-1093,931,-1593,-909,-30,5478,1685,-523,65795,10,19723,0
254179,1,4,1,33,-2,-2,-2,-2,-2,-2,1513,-2636,1031,1159,-2565,1179,-474,827,-1109,2639,99,2560,0
320619,1,2,1,34,0,0,0,0,0,0,248407,108158,276909,162165,52292,197282,28121,9498,1433,9094,22144,6720,0
96615,1,1,1,46,1,2,2,2,2,0,57760,27658,6086,44763,41818,84861,3581,1530,955,4972,3817,4285,0
219744,1,1,1,33,0,0,0,0,0,0,300872,218394,149176,115078,202887,159461,9492,19593,131797,6907,7607,7323,1
49972,1,3,1,39,0,0,0,0,0,0,33063,49657,65314,13358,39879,30405,6292,2606,558,171,5295,719,1
214108,1,2,1,34,0,0,0,0,0,0,96710,102109,90852,79025,304070,156810,9273,9899,11715,5065,3516,1747,0
79721,1,1,2,67,1,3,2,2,2,2,29303,64504,33440,38514,30746,17191,1380,2471,2087,2105,2418,4836,1
134742,2,2,2,28,0,0,0,0,0,0,36113,65190,80661,29795,27792,42223,2762,1719,3002,5165,3451,1014,0
82645,1,2,2,39,3,-1,2,-1,-1,-2,148,4299,-681,1094,176,321,-370,1023,83,130,1433,338,0
126888,1,2,2,30,1,2,2,0,-1,0,6097,23428,-1084,569,1505,20074,848,-329,-66,511,1053,8671,1
26811,1,3,2,23,0,0,0,2,2,2,21223,18034,10360,1914,18661,16326,1933,3304,410,357,822,-190,1
423133,2,1,2,33,1,-1,0,0,0,0,396609,164941,311826,292372,261198,375731,31556,17895,19020,10202,11702,3432,1
143492,2,2,3,23,0,0,0,0,0,0,114191,127281,71365,80744,64964,130993,4765,2536,3457,6354,38,860,0
418416,2,4,2,41,0,0,0,0,0,0,120614,123066,76213,112169,116113,101381,9945,13175,13579,3278,2254,7205,0
215944,2,1,1,43,1,-2,-2,-2,-1,-2,-309,424,603,-319,-1491,-1380,-820,1573,390,252,-36,98,1
51668,1,2,1,46,1,0,2,2,-2,-2,12542,27904,15661,32425,-571,2005,1726,2910,-65,189,1644,-141,0
172739,2,2,1,44,0,-1,0,0,-1,0,9820,21687,7958,-1455,6924,1889,9753,20355,1654,21856,938,4873,1
247558,2,1,1,40,0,0,0,0,0,0,98547,187192,200720,107366,140542,89080,12429,8584,4192,1950,2175,3289,0
17219,2,1,1,23,0,0,0,0,0,0,11556,27044,25962,5109,13448,9281,1716,3860,682,-232,-40,-95,0
145720,2,2,1,33,0,0,0,0,0,0,67506,20398,12032,13273,1996,78558,4228,3372,1305,6898,45,9409,0
216780,1,5,1,43,-2,-2,-2,-2,-2,-2,765,607,2499,1137,-603,2232,289,653,-179,258,271,2,0
19115,1,2,1,35,0,0,0,0,0,0,19941,63634,26084,11637,22388,12033,1877,1752,776,850,2063,-248,0
93547,1,2,1,56,1,-1,2,-2,-1,3,-429,-1425,-730,-247,739,456,-481,720,-617,638,1838,585,1
147098,2,2,1,33,0,0,0,0,0,0,128542,158823,115343,77805,116653,86956,8331,9057,4208,463,3308,2316,0
84635,2,3,0,33,1,3,2,2,0,0,60441,55469,45994,45676,33054,44544,2908,1839,926,735,492,6509,0
401622,2,6,1,44,-1,-1,-2,-1,-1,-1,6482,-922,53293,130,57,267,7228,592,879,1499,56643,2385,1
487613,2,2,1,38,-2,-2,-2,-2,-2,-2,15895,16366,68542,48972,32889,53427,20817,14628,2973,29624,13968,7054,0
51673,1,2,1,61,0,0,0,0,0,0,43150,50980,47655,11297,11739,12858,2817,2903,2405,2505,1317,197,1
219629,1,2,1,52,1,-2,-2,-2,-2,-2,-1187,-1595,-237,282,-2187,748,-1401,-1127,-1117,-107,498,-27,1
30895,2,3,1,27,2,2,2,2,3,2,222,37023,35992,8081,295,1281,984,1080,990,-499,722,-32,1
33861,2,3,1,25,0,0,2,-1,-2,0,11612,1570,1775,371,200,661,1491,-3,30,-580,3987,-20,0
88706,2,1,1,45,-2,-2,-2,-2,-2,-2,17507,2715,1860,-1412,3510,698,3755,1566,810,30298,1590,591,0
267293,2,3,1,39,0,0,0,-1,-2,0,10963,8604,16968,14356,2158,-48,1531,1823,1843,792,180,294,0
23730,2,2,2,24,2,3,2,2,2,2,7016,9599,6469,12312,1480,1117,337,832,-262,-210,-128,260,1
493849,1,1,2,33,-1,-1,-1,-1,-1,-1,7071,10891,11041,-1930,27931,16870,1210,18782,8423,4820,6061,9477,0
303736,2,4,1,31,-2,-2,-2,-2,-2,-2,18639,8861,18699,1361,453,618,18290,10985,557,3303,2299,329,0
228260,2,2,2,34,-1,-1,-1,0,0,-1,7245,588,36983,5602,621,12488,873,2524,4928,3060,4380,2124,0
48029,1,1,2,25,1,0,0,0,0,0,26266,35327,55771,9112,33192,78648,1927,1801,3284,-30,1483,309,0
261844,2,2,1,48,0,0,0,0,0,0,219045,247191,218772,142679,255703,158432,11888,10724,19004,3931,7326,5020,0
404770,2,1,2,26,1,-1,-1,-2,-1,-2,5668,-1011,794,1188,733,465,5633,13486,2777,241,-48,560,1
54552,1,2,1,27,0,0,0,0,0,0,44150,47588,47595,32112,50614,14058,6334,801,3165,2788,3376,2371,1
233335,1,2,1,44,0,0,0,0,0,0,107394,220971,176429,139066,144759,203426,6486,11696,115316,1261,10100,2338,0
171727,2,1,1,53,1,0,2,-1,-1,-1,80097,10781,14761,-1490,-722,206,1301,1782,7975,2983,3893,2639,0
156247,2,2,1,37,0,0,0,0,0,0,69378,206909,311746,159599,212555,172245,41284,10441,7040,23160,5156,2473,0
27988,1,2,1,40,0,0,2,2,2,2,16524,17807,10126,6120,14562,12292,4346,4139,268,4123,1253,434,0
24706,2,2,1,45,0,0,0,0,0,0,15845,1890,17261,12268,13668,45714,400,2289,1630,7184,2038,341,0
116262,1,3,0,33,-1,-1,-1,0,0,0,16318,15386,11922,42706,26443,40188,674,5284,2438,87149,3770,1040,0
86449,2,2,2,27,0,0,0,0,0,0,76765,92552,46774,52520,39144,34476,2234,2130,2211,4278,1472,2516,1
418746,2,2,1,34,0,0,0,0,0,0,308131,456216,313116,394983,274265,277818,9551,10884,20282,8404,7448,9827,0
23577,2,5,2,23,0,0,0,0,0,0,26594,64278,12568,2211,10897,13437,1291,1849,731,104,1287,-189,0
29837,2,1,2,29,0,0,0,0,0,0,1898,21139,15247,6351,10752,13864,-219,78,707,-532,1569,74,0
216274,1,2,0,45,0,0,0,0,0,0,132016,141161,182798,211386,181100,89718,11371,5798,4271,6856,13928,3118,0
248153,2,1,1,41,0,0,0,0,0,0,185879,231024,174482,116153,138972,111486,9607,7026,8587,6638,2824,5319,0
237125,2,4,1,27,-1,-1,-2,-2,-2,-1,2281,-69,784,1943,-1496,428,216,2061,-165,133,70,422,0
51289,2,2,2,33,-2,-2,-2,-2,-2,-2,57969,35244,42629,37914,-705,2656,2713,2583,-223,392,695,1075,0
401252,2,2,2,30,0,0,0,0,0,0,136077,92926,70520,64570,46956,76800,3146,898,3854,2666,1831,411,0
175459,1,2,1,39,2,2,2,2,2,2,57319,6215,53693,22047,35325,90622,142,1634,2125,2058,1658,1534,1
136756,1,2,1,45,0,0,0,0,0,0,77125,129336,101235,23747,97125,95910,8088,4647,3996,1726,3396,2113,0
51585,2,2,3,36,-1,-1,-1,0,0,-1,2505,1201,10839,10595,10293,-151,662,513,137,4643,2742,353,0
15050,2,2,2,30,1,-2,-1,-1,-1,-1,14364,8174,8060,5392,9036,895,588,2393,-459,4288,10331,7,0
275970,1,3,1,34,1,2,-2,-2,-2,-2,-2020,6607,856,-432,-1204,810,-1680,1704,-54,756,415,3505,1
97435,1,2,2,25,1,2,2,0,2,2,932,14517,9722,27056,43804,41970,1122,10204,2347,1402,4218,-143,0
31784,1,3,1,42,0,0,0,0,0,0,37973,55643,51983,3267,2919,17130,7335,1682,1228,420,245,152,0
229062,1,6,0,35,-1,-1,-1,-1,-1,-1,54640,-1524,14805,10534,816,9554,815,1401,1207,227,4297,1627,0
508449,2,2,1,33,-2,-2,-2,-2,-2,-2,18546,545,69065,609,1313,1535,3515,833,1560,-71,500,1776,0
90344,1,2,3,43,0,0,0,0,0,0,3380,2574,1337,17745,8188,13748,590,2088,392,-91,2249,326,0
140049,2,3,1,37,-1,-1,-1,-1,-1,-1,-849,-1514,173,23173,1111,1584,421,2461,621,2711,1389,841,0
152868,1,5,1,32,0,0,0,-2,0,-2,5820,2548,1781,-1052,1360,91,824,2028,-76,-171,41,-307,0
304721,1,3,2,25,1,2,2,0,0,-2,13770,2937,1294,1327,1665,1217,1049,702,3361,540,275,-481,0
102316,2,1,2,31,-1,-1,-1,-1,-1,-1,2122,-32,1354,-1150,840,-131,355,1424,855,636,2267,2538,0
56962,2,1,2,22,-1,0,0,0,0,0,-71,-1020,338,10601,17123,5583,985,735,-481,1221,2491,3396,1
16961,1,2,2,60,2,2,2,0,2,0,3142,7472,6547,118501,29721,12878,955,2339,-4,400,248,1842,1
263815,2,2,2,33,0,0,0,0,0,0,62013,102984,95011,107505,111229,90170,76440,15368,5240,600,1703,207,0
227929,1,1,2,35,-2,-2,-2,-2,-2,-2,12639,15167,3320,274,1185,41231,44930,29246,47417,6489,25504,9949,0
391216,1,2,2,30,-2,-2,-2,-2,-2,-2,4526,1736,114,-1057,100,2682,437,1034,-405,-32,228,-175,0
468109,1,3,2,35,0,0,2,-1,-1,-1,11205,13368,8832,8513,21523,7213,9822,23947,11089,23176,5066,16614,0
484471,1,1,1,33,-1,-2,2,-1,-1,-1,15525,14676,12609,5155,10209,46589,16169,31213,1038,14617,21617,17915,1
141394,2,2,1,39,0,0,0,0,0,0,52858,80057,51708,34707,28612,31414,4178,1989,1988,818,882,3880,0
50157,2,2,1,24,0,0,0,0,0,2,46336,70308,53237,29895,30469,47593,4150,5144,1836,3192,252,1171,1
28348,2,3,1,31,0,0,0,0,0,0,35153,26678,59209,20601,23054,17709,731,1595,1159,663,1188,531,0
374380,2,2,1,30,-1,-1,2,0,-1,0,1101,570,1535,1256,1028,10527,507,623,-231,898,1360,2113,1
18191,1,2,1,50,2,2,2,3,2,2,13673,6655,16737,14940,21392,12912,134,940,1054,409,1122,2443,1
396104,2,1,2,35,-2,-2,-2,-2,-2,-2,1302,-2557,2573,-484,-779,-1652,-50,923,-749,-225,380,559,0
300268,2,1,1,34,-2,-2,-2,-2,-2,-2,9622,10570,1827,-247,-810,-962,17472,1347,187,107,270,21,0
51336,2,1,1,44,2,2,0,0,0,0,1033,259,1258,13451,21517,9070,6,774,182,674,473,301,1
404590,1,0,1,31,0,0,0,-1,0,0,64520,201887,453967,74665,73441,79139,12758,8253,8539,5182,1811,7691,0
36135,2,1,2,24,0,0,0,0,0,0,8177,24793,14579,15148,19894,-437,1068,2037,-188,-1295,274,66,0
86535,1,2,3,37,0,0,0,0,0,0,70475,98105,91262,37563,27787,35957,4732,5963,4188,4640,2859,1325,0
75660,2,2,2,45,-1,2,-1,0,0,0,55295,-67,488,-935,19369,1332,-342,347,1006,669,2541,3698,1
23639,1,3,2,49,0,0,0,2,2,2,5737,22465,11044,7978,13209,24214,2303,2688,-263,561,1491,-219,1
87847,1,2,2,22,-1,-1,0,0,0,0,1236,1537,770,9275,12089,4668,72,1882,2825,3628,1202,516,0
80278,1,1,1,49,-2,-2,-2,-2,-2,-2,3076,11336,2254,-956,-364,1140,-52,23,-48,785,1255,1882,1
225993,1,1,2,32,1,2,0,0,0,0,152341,93993,82080,261531,48393,188170,2827,24448,8620,282,21517,15644,0
493351,2,1,1,36,0,0,2,0,-1,0,88022,16502,52239,34270,34810,78777,10659,20048,2664,2629,1683,11875,0
147225,1,2,2,28,0,0,0,0,0,0,108955,81502,95682,89968,39822,55094,9817,24697,4765,21052,3973,3866,0
139152,2,2,2,28,1,2,0,0,0,0,17436,125078,79874,14911,29503,25268,1376,2279,3035,5131,1967,3863,0
225799,2,1,1,24,1,-2,-2,-2,-2,-2,-784,-2429,-1448,-940,-1314,126,-257,157,-448,285,1256,716,1
282404,1,5,1,33,0,0,0,0,0,0,88073,264535,106569,207969,118551,214519,11518,14700,2109,5309,9697,3320,0
196823,1,1,1,33,1,0,0,0,0,-1,330655,13644,449918,221283,346108,32656,9983,22036,18542,7150,13016,7595,1
89953,2,3,2,23,0,0,0,0,0,0,32188,55655,68744,34630,25473,30943,1836,2167,706,819,3975,711,0
135794,2,2,2,28,0,0,0,0,0,0,61640,70670,89731,52193,22828,65034,7274,2031,4205,33623,4075,1103,0
53910,2,2,2,23,0,0,0,0,0,0,9687,56328,60124,13275,18139,16982,2701,1027,749,663,1874,319,0
322340,1,2,2,32,-1,-1,-2,-2,0,-2,1746,168,-1338,91,-204,636,254,529,780,99,-27,492,0
222023,1,2,2,23,0,0,0,0,0,0,169805,163533,79623,109467,110821,111449,4696,92539,3930,4493,3134,2277,0
499967,2,3,1,32,-2,2,-1,-2,-1,-1,19006,4901,12305,7812,-1674,106,-308,-89,-141,514,1235,359,1
303681,1,2,1,49,-1,-1,-1,-1,-2,-2,3595,1705,2075,280,-1490,1033,-147,1277,-217,143,345,2214,0
515133,2,2,1,47,-1,-1,-1,-1,-1,-1,3620,6904,13795,10121,29553,1885,11212,22160,15259,9274,43605,95030,0
208972,2,2,2,27,-1,-1,-1,-1,-1,-1,-2609,-187,1632,-138,-103,788,-52,3483,-17,628,966,86,0
221010,2,2,1,34,0,0,0,0,0,0,338549,198903,209497,319630,216687,83998,11900,88182,7781,3999,3649,923,0
264105,2,3,1,50,0,0,0,0,0,0,156687,169769,186719,192425,168299,168583,6832,12479,2178,2859,4957,3702,0
25241,2,2,2,24,0,0,0,0,0,0,12625,50529,16470,972,5204,16118,1250,1711,335,334,1238,-183,0
204103,2,2,2,25,0,0,0,0,0,0,52375,155903,124602,131299,48564,105241,12838,5903,1605,392,3631,275,0
10559,1,2,2,51,1,2,2,0,0,0,7132,2856,535,17651,13432,90,649,1546,1179,570,2393,0,1
251476,2,2,1,33,-2,-2,-2,-2,-2,-2,-387,1291,-62,2967,81,1632,-49,1344,139,90141,2218,2137,0
246429,1,3,1,39,-1,-1,-2,-2,-2,-2,2448,2290,1821,1302,-505,-511,-55,1082,-948,236,126,315,1
89442,1,5,1,27,0,0,0,0,-1,0,8010,42826,24360,3002,31903,20249,2711,2016,1833,-81,984,-131,0
260988,1,1,1,32,0,0,0,0,0,0,354554,393398,250923,261246,206549,426286,10278,9693,15455,2619,9797,1726,0
25232,1,2,2,21,-1,-1,-1,0,0,0,-836,-685,2184,3170,730,2120,154,1284,3399,1498,3349,656,1
86017,1,1,2,40,2,2,2,0,0,0,20732,21410,15495,14179,8220,1174,462,2314,1032,690,2064,375,1
152364,2,2,2,28,0,0,0,0,0,0,108906,181468,133116,106227,122527,82441,7617,9127,2368,1843,4490,2546,0
239901,2,2,1,26,0,0,0,0,0,0,138768,155020,103260,104061,104342,103862,7252,5922,2736,4823,3828,1236,0
78975,2,2,1,41,0,0,0,0,0,0,39488,81156,57725,59151,68754,40822,9289,1406,4664,1679,961,3532,0
345620,1,3,1,33,1,-1,-1,-1,-1,-1,21263,11434,2026,3909,11000,1820,45427,21754,16411,7250,18030,173255,0
112620,2,2,3,23,0,0,0,0,0,0,34513,70087,44866,36515,27106,9968,5637,2432,1201,2477,2068,566,0
261134,2,2,2,25,-1,-1,-2,-2,-2,-2,-1126,-1911,-1193,398,-719,-458,-861,731,-1125,1280,218,11,1
482559,1,1,1,25,-1,-1,-1,-1,-1,-1,16691,4034,11953,12886,1066,9358,1751,25129,15501,8658,407,1254,0
14890,2,3,0,50,1,0,2,2,2,2,13251,13074,19719,9928,16067,21181,1846,1868,918,6837,1548,-329,0
296389,1,1,1,36,2,0,-2,-1,-2,-1,12238,4184,11133,764,147,-1381,13106,18265,4468,61,3,477,1
248347,1,1,1,49,-1,-1,-1,-1,-2,-1,-1528,-169,651,1210,-404,187,-743,1964,-10,997,98,2691,1
30036,1,2,1,27,-1,2,2,-1,-1,-1,-1682,-412,1682,914,95,2369,-525,-161,-437,-147,25,321,1
164877,1,2,3,57,0,0,0,0,0,0,47162,65563,50098,39947,36007,14321,5637,4949,1739,5597,2383,1458,0
218758,2,1,2,33,0,0,0,0,0,0,97712,213189,110900,64147,112329,110200,7429,18055,10761,11998,11090,430,0
410686,2,2,1,35,-1,-1,-1,-1,-1,-1,1091,-2594,2000,2981,-1412,-323,-1004,501,-347,-1,2384,456,0
85404,2,2,2,23,0,0,0,0,0,0,60236,68045,41571,21241,21739,44379,3342,2442,730,2678,1691,149,1
309679,1,5,1,38,0,0,0,0,0,0,101466,252321,141926,105689,139560,85294,9904,9753,5984,6766,8916,1828,1
192365,2,4,1,33,0,0,0,0,0,0,66731,80918,81073,82360,76605,67508,5244,4994,3308,486,1228,523,0
117099,1,2,1,35,0,0,0,0,0,0,68103,137690,90535,79268,73511,39928,1601,6446,2687,3129,1050,1223,0
161449,2,1,2,25,0,0,0,0,0,0,47936,68185,49452,68203,15785,19001,5440,5385,1840,256,2040,1225,0
23652,1,2,1,52,0,3,2,2,0,0,13443,18221,17248,10694,23274,14047,1452,2075,1394,80,2506,361,1
87210,1,2,1,34,-1,-1,-1,-1,-1,-1,1957,-1547,89,574,-861,-1999,1044,1441,12913,792,32,2493,1
177719,1,3,1,31,1,-2,-2,-2,-2,-2,3576,11084,14863,251,-454,2071,1668,1063,296,13072,4923,-13,0
506784,2,2,2,24,0,0,0,0,2,2,5437,24986,22910,46917,52570,52104,8153,21271,382,19118,5243,25961,0
8417,2,2,1,24,0,0,0,0,-1,0,26509,17124,7074,10452,599,14921,6172,1220,263,377,1661,-465,0
34793,2,2,2,28,1,0,0,0,0,0,9115,24891,19437,10232,5628,12183,1971,20738,1189,637,1548,3872,0
187394,1,5,2,29,0,0,0,0,0,0,143754,162504,68193,84747,90962,64168,2061,1339,7978,8882,2164,4417,0
30446,1,2,2,33,1,3,2,3,0,0,8820,14095,20050,10252,55746,52580,1394,1331,740,1086,3331,1508,1
81672,2,1,2,36,0,0,0,0,0,-1,58202,73136,80720,22164,16269,30916,4268,3849,3610,8320,2846,11031,0
278023,1,2,1,49,0,0,0,0,-1,-1,35798,7157,17928,1485,-1865,1862,15351,723,1374,490,1117,7807,0
390370,2,5,2,26,0,0,0,0,0,0,56436,83398,63133,99897,66694,87034,6009,1399,10469,3391,702,27,0
18291,1,2,2,35,2,3,2,2,2,3,7263,22331,19486,1373,1543,2589,465,1357,-544,-171,143,372,1
19026,2,2,1,23,0,0,0,0,0,0,21051,21681,13391,17551,9667,9593,6279,6217,1174,829,3650,-183,0
183108,2,2,2,24,0,0,0,0,0,0,30158,55458,50395,45257,72141,46675,5470,2153,457,675,3229,25,0
19642,2,1,2,23,0,0,0,0,0,0,44293,19388,39641,16242,32039,40470,1504,2922,3620,217,1145,86,1
150799,2,1,2,28,0,0,0,0,0,0,68056,138637,64214,56009,31262,64180,6222,7198,4671,747,1865,-74,1
22299,1,2,2,57,3,3,2,0,-1,-2,16300,4984,2651,-118,296,1855,-396,159,-412,-89,-34,-57,1
651331,1,2,1,35,0,0,0,0,0,0,225847,469883,431989,264220,223998,181522,4891,12390,19555,7995,10635,2770,0
417082,2,2,2,34,0,0,0,0,0,0,222529,241962,207624,100653,368226,198182,11968,43475,15387,3530,918,8967,0
25184,1,4,2,25,1,3,2,2,2,0,5597,6605,16209,6406,14745,16737,-244,1564,1127,838,6680,-16,1
21812,1,2,3,43,1,-2,-2,-2,-2,-2,20613,-328,-907,-2470,-2762,-708,-27,1610,-57,328,209,628,1
122817,1,5,1,37,0,0,2,2,2,2,91437,113507,64914,79534,86700,111717,10260,4327,3647,4969,1320,188,0
214809,2,1,1,26,0,-2,-2,-2,-2,-1,243,5956,16613,14889,-378,10467,21696,41186,5475,410,66624,10315,0
180677,2,2,2,41,-1,-1,-1,-1,-1,0,1113,660,-422,1321,-630,1220,439,878,-68,375,-40,1290,0
247220,2,2,3,40,-1,-1,-1,-1,-1,-1,2490,9856,-1546,602,-124,92,6155,1520,56415,85390,1934,546,0
78383,2,2,2,32,1,2,2,2,2,2,-6312,20182,67428,29243,61884,99326,811,2152,20,1464,1120,2457,0
101115,2,2,1,27,0,0,0,2,2,2,48635,63974,21268,30586,37480,44070,3680,3407,-196,1922,6349,1285,0
207331,2,2,1,29,0,0,0,0,0,0,102689,81898,15913,65847,10709,5279,9830,12038,171,25,122,1249,0
223574,2,2,0,37,1,0,0,0,0,0,178553,269281,130133,116246,145916,191229,7200,10462,3072,7537,3421,740,0
214402,1,5,1,39,-2,-2,-2,-2,-2,-2,1856,1229,35,1628,-311,844,-599,262,41,198,252,437,0
26379,1,2,1,40,0,0,0,0,2,0,3920,43431,12307,34413,49335,21847,1658,2638,-89,240,1419,111,0
225848,2,2,1,51,1,-1,-1,-2,-2,-1,2644,-133,-919,1925,-1087,-264,33,545,-306,224,-186,823,1
205977,1,3,1,36,-1,0,2,2,-1,-1,5190,5438,9850,4547,175,7606,7398,1656,291,9797,136,404,1
146167,2,1,2,38,1,0,0,0,0,0,52889,118503,58740,46704,78358,75902,7836,90145,2038,6016,3158,2643,0
248908,2,1,1,33,0,0,0,0,0,0,88482,127010,162740,172020,81825,213109,8023,8891,4747,5446,6496,13555,0
28600,1,5,2,35,0,0,0,0,0,2,66333,100063,22423,38019,23377,52063,3476,2542,3667,626,2652,4609,0
492904,2,2,1,33,0,0,0,0,0,0,23340,127573,18695,19239,49037,50942,4424,1338,3462,2211,2101,12287,0
214049,1,1,1,30,1,-1,-1,-1,-1,-2,5834,6408,433503,12611,89,487,6839,1779,4861,7113,272,1694,0
23440,2,3,2,27,2,3,3,2,0,0,9897,27,8706,8985,6296,1637,1136,3534,-133,183,1322,-280,1
224021,2,5,1,37,0,0,0,0,-2,-2,68805,9130,8565,8722,-1349,-109,384,1667,757,346,2281,166,0
114072,1,1,1,28,1,-2,-2,2,-2,0,7417,10909,10546,1328,510,37631,-5,1126,-531,115,-24,-56,0
183950,2,1,1,37,-1,-1,-1,0,-1,0,19274,257254,11183,113064,34986,254865,5158,2098,22383,6281,4421,2939,1
391890,2,1,1,36,0,-1,-2,-1,-1,0,1661,262,1461,783,-1169,-605,496,2834,778,4354,793,288,0
227802,2,2,1,42,-1,0,0,0,0,-1,59773,248158,68565,9970,91055,21632,7089,20756,2029,74,7936,5774,0
16365,2,1,2,26,-1,-1,2,-1,-1,-1,-252,1494,-327,441,1458,2200,743,1844,-177,-628,2748,852,0
44348,2,2,2,31,0,0,0,0,0,0,26791,28940,15563,149,8191,7968,4772,1572,83,3857,1426,-259,0
152125,1,2,1,28,-1,-1,-1,-1,-1,-1,2745,19158,14228,10009,2477,7813,3996,27013,241,15252,8479,8020,0
85448,2,1,1,36,2,2,2,0,0,0,40865,60668,41312,39218,33596,33194,926,1493,166,2537,1671,223,1
237163,2,1,1,31,-2,-2,-2,-2,-2,-2,9037,8729,-1335,-1382,-2287,1060,817,-265,-672,-551,154,509,1
240799,2,2,1,32,3,2,0,3,0,0,77714,55272,74148,34551,57281,45309,702,3211,1263,288,2120,1476,0
140045,1,2,1,30,2,2,2,2,2,2,64745,63571,59329,74160,34509,100215,5757,5900,1138,2689,2039,2275,1
505145,1,3,1,33,0,0,0,0,0,0,54527,64236,99204,58841,44689,115763,4857,3477,4284,1650,1799,1643,0
78567,2,3,3,42,0,0,0,0,0,0,14686,130365,73047,8319,477,29290,1115,2524,957,424,1552,141,0
149220,2,2,1,26,1,-2,-2,-2,-2,-2,912,654,374,1652,1656,930,-358,-176,-270,332,-85,1330,0
380180,2,2,2,37,-1,-1,-1,-1,-1,-1,1750,1747,1137,108,2585,1273,31,1464,-235,-92,811,2797,0
422391,1,2,1,39,0,0,0,0,0,0,362556,225429,190584,247764,264116,129625,7659,9717,135751,23914,3117,4110,1
218180,2,1,1,39,-2,-2,-2,-2,-2,-2,2657,613,-673,-1166,-284,880,1754,693,482,-530,-110,114,1
202142,2,2,2,33,0,0,-1,-1,0,-1,15579,13295,6930,3457,5733,1755,1389,953,2048,8317,2679,5081,0
394153,1,1,1,32,-2,-2,-2,-2,-2,-2,33845,14204,26810,44385,-676,1527,6934,2416,2020,2978,945,11388,0
183966,1,2,1,43,-1,-1,-1,0,0,-1,5184,2384,828,21992,66467,908,4857,17439,1749,1348,1230,204,1
161762,2,1,1,34,1,0,0,0,0,-1,17661,59990,77593,89095,69149,40844,1700,8408,482,1768,1628,1571,0
25179,1,2,2,50,0,2,2,0,0,0,28858,1475,17472,16583,52282,26146,1214,2097,980,511,1082,101,1
499608,1,3,1,33,-2,-2,-2,-2,-2,-2,42526,90183,45252,54793,37219,34768,41498,59931,23728,22630,23918,15180,0
248764,1,2,1,49,0,0,0,0,0,0,179729,238741,173935,130086,113756,211146,6759,13271,12437,3682,1785,-994,0
290505,1,2,2,36,-1,-1,-1,-1,-1,-1,3123,-458,-1215,199,474,-1457,197,1997,-812,242,79,-6,1
321300,1,2,1,33,-2,-2,-2,-2,-2,-2,2803,2393,599,-590,-2,-585,5051,1548,-187,303,319,684,0
168147,2,2,1,50,1,0,0,0,0,0,37506,53272,42117,37714,42329,21165,914,1200,2083,935,192,6010,1
46535,2,2,2,29,0,0,0,0,0,0,37180,46037,60938,41473,30690,37375,2701,1684,316,692,1388,4775,0
53367,2,2,1,28,0,0,0,0,0,0,59370,65588,35249,41167,14257,10934,3492,2368,1918,2771,2927,-506,1
605585,2,2,1,26,0,0,0,0,0,0,274022,142937,197719,16000,249432,226454,4112,12151,1739,11974,10793,15645,0
377190,1,2,2,31,2,2,0,0,-1,0,86662,106855,80586,58915,158112,206585,5780,2933,914,5253,4806,19470,1
390541,1,5,1,27,-2,-2,-2,-2,-2,-2,11924,11132,15314,2191,-1243,6820,4520,4790,860,7621,1091,738,0
11514,1,2,1,53,0,0,0,2,2,2,3484,12193,21162,15437,8533,41282,5876,4690,1228,161,1808,-244,0
120668,2,2,1,34,1,0,0,0,0,0,75881,171722,68942,42634,37748,70824,2720,4593,707,6210,2478,1346,0
31743,2,1,2,24,0,0,0,0,0,0,6418,24677,55679,10236,19422,12120,3837,1848,797,2002,1528,370,0
47236,2,2,1,29,0,0,0,0,0,0,28153,38342,14728,10777,14123,17300,1637,1483,1671,5295,3858,-311,0
174771,2,2,2,44,0,0,0,0,0,-1,7411,-32,34288,19073,12076,5086,874,1765,506,70,1366,169,0
49534,1,2,1,45,-1,-1,-1,-1,0,-1,1982,221,1031,11231,474,7620,-99,927,954,-267,1597,779,1
222406,2,5,1,35,0,0,0,0,0,0,81018,122005,98077,68575,46517,99640,3524,6972,44872,1702,1061,1767,0
319274,1,2,1,38,-2,-2,-2,-2,-2,-2,1656,-294,2372,326,-76,1006,-174,789,32,6841,232,155,0
41195,2,2,2,31,-1,-1,0,0,0,0,1438,1230,297,1355,12846,12227,95,1794,314,2183,609,328,0
73729,1,2,1,42,1,2,2,2,2,0,4139,3950,10994,14708,13174,16882,-683,5498,408,563,621,211,1
153254,1,5,1,46,0,0,0,0,0,0,166455,167335,122082,65413,93642,83178,10695,10065,4427,5882,211,-624,0
53752,1,2,1,47,0,0,0,0,0,0,2083,40745,2807,7658,16112,20465,1101,1392,1468,153,3707,760,0
79077,2,2,2,34,-1,3,2,2,2,0,6531,15565,8556,365,1945,2682,1087,1148,182,118,1947,1000,1
51911,1,2,1,55,2,0,0,0,0,0,47702,50999,40013,37534,42835,67795,2737,2315,659,2157,1459,-350,0
418076,2,2,1,34,0,0,0,0,0,0,124021,272627,67967,127423,86765,88291,4375,6890,824,20375,3808,3737,0
237957,2,2,1,31,0,0,0,0,0,0,40408,56325,43700,11593,7850,10451,4734,1355,2355,4366,4602,896,0
396087,1,1,2,31,1,-2,-1,-2,-2,-2,-1444,7775,15608,2411,-2128,119,-471,299,181,-4,-2,172,0
168352,1,3,2,50,-2,0,-2,-2,-2,-2,51785,36220,2151,-965,0,2779,3037,661,-57,-241,-158,-248,0
166938,1,1,1,34,-2,-2,-2,-2,-2,-2,30644,29936,38483,498,28140,29859,489,272,1680,6615,4106,677,1
172467,2,2,2,29,-1,-1,0,0,0,0,2898,2481,2552,3782,2854,-75,1578,576,3,229,4179,-4,1
204912,1,2,1,49,1,2,2,5,-1,0,3822,1792,7463,18965,-2180,19379,-1902,108,-32,119,165,-26,1
244918,2,2,1,38,0,0,0,0,0,0,202377,262849,186829,127668,212994,183400,14132,10886,6145,821,7822,1627,0
299185,2,2,2,29,-2,-2,-2,-2,-2,-2,-505,-856,2785,1425,504,1503,1503,1942,-329,-550,1587,990,0
32905,2,2,1,44,0,2,0,0,0,0,13751,16543,42900,17762,7109,44968,732,2577,268,592,1357,2324,0
239338,2,4,2,43,-1,-1,-1,-1,0,-1,94,-2591,2224,-202,-495,2262,501,2446,2244,6598,2363,2,0
170671,2,5,1,29,-2,-2,-2,-2,-2,-2,1073,14945,2008,-279,309,-66,920,-220,139,444,-391,1594,1
49325,1,1,2,25,0,0,0,0,0,0,34625,38840,56990,30857,27035,36830,1287,3703,2572,583,1390,288,0
235280,2,2,2,28,-1,-1,-1,0,0,-1,-1431,163,918,1956,1653,1232,88,1478,334,-280,1813,-109,0
86180,2,2,2,30,0,0,0,0,0,0,11461,16217,15584,7816,11305,5763,4863,898,2099,3680,2131,204,0
25119,1,2,2,35,1,-1,2,2,-1,-2,11033,7593,-1915,-850,-455,-657,-92,98,-806,388,1086,187,1
58452,1,3,2,23,0,0,0,0,0,0,50268,63409,48864,18241,14224,45911,4658,3367,662,1585,976,62,1
30393,1,3,1,43,3,2,2,2,2,0,8041,15108,-1165,291,628,605,-745,1459,-88,-267,-9,-136,1
27621,2,1,2,24,1,2,2,2,2,0,6425,35198,16382,13219,3657,25179,1948,2095,-193,-19,1610,219,0
128886,1,1,2,25,0,2,0,0,0,0,49574,121980,69019,99627,48343,103762,4121,5740,1321,1344,1723,619,0
289181,1,1,1,30,0,-2,-2,-2,-2,-2,74314,67703,18572,-209,356,990,18067,1327,479,31317,687,157,0
22169,2,2,1,25,0,0,0,0,0,0,29620,64458,45391,12487,17289,22721,5631,1927,1082,1973,5034,170,0
216497,1,2,2,35,-1,0,0,0,0,0,286780,67733,201894,122982,184267,214633,8651,8180,11095,2551,8626,19076,0
396150,2,3,2,33,-2,-2,-2,-2,-2,-2,52984,61750,71110,35061,42550,47997,17527,21826,146415,6812,89894,4431,0
128459,2,2,2,24,0,0,0,0,0,0,53653,181864,55225,79896,92152,87806,4760,7836,3509,4918,2111,-413,0
454875,1,6,1,50,0,0,0,0,0,0,450067,440818,491623,292572,342083,431875,11519,13598,7382,10227,7445,9134,0
29843,2,3,3,50,0,-1,0,0,0,0,3820,9650,10460,3588,-159,-2079,-571,834,49,517,347,198,0
340697,2,2,2,32,0,0,0,0,0,0,166533,185892,192574,114221,101094,81468,18021,9604,10759,2410,19,11,0
343984,2,2,1,48,0,0,0,0,0,0,15727,22731,11712,9562,267746,4908,4744,13172,16398,9130,417,4250,0
192801,1,2,1,38,-1,2,2,-1,-1,-1,933,2781,674,57,-205,505,-834,2434,255,18,377,2337,1
76663,1,2,2,26,0,0,0,0,0,0,59344,49305,52350,23087,10698,50205,2315,1701,2346,258,1219,847,0
88690,2,2,1,29,2,0,0,0,0,0,40736,160142,65025,28822,49576,39190,6305,2215,1386,1942,1650,1845,1
153065,2,2,1,49,0,0,0,0,0,0,42561,130500,53183,22175,71141,73171,5884,2823,608,2525,946,729,0
119062,1,1,2,23,0,0,0,-1,0,-1,8162,10804,12887,-951,12209,8296,4622,540,18789,6088,2704,2443,0
411521,2,2,1,34,0,0,0,0,-1,-1,7413,8706,11235,20282,188328,194794,9412,16436,13814,7325,23976,19601,0
502698,2,2,1,41,0,0,0,0,0,0,200251,336557,26107,144974,215618,237471,9412,11123,20948,5018,3580,2875,0
364425,2,1,2,25,0,0,0,-1,0,0,47090,67827,45167,23741,16065,22813,5465,3094,18375,35561,981,7919,0
360697,2,2,2,43,1,-2,-2,-1,-2,-1,2047,-121,1749,-825,13821,-137,-304,1521,954,199,20904,-94,0
383332,1,1,2,34,1,0,2,-2,-1,-2,16824,658,1804,5327,1631,1901,3534,219,6373,829,53,4,1
160105,2,1,3,30,-1,-1,-1,-1,-1,-1,32,-367,-236,-552,939,2140,2262,5193,-239,5702,1593,765,0
186803,2,2,1,36,0,0,0,0,0,0,118377,237911,171135,139309,143723,142343,7949,22977,10282,4396,8659,1790,1
27877,2,1,2,22,2,0,0,0,0,0,37632,25183,44182,36328,36105,45854,2477,1526,-254,348,914,2203,1
169215,2,2,2,27,2,-2,2,-2,-2,-2,-1639,352,-1822,-594,-1848,-400,-1640,-49,-1503,-643,329,-354,1
20812,1,2,1,43,0,0,2,2,2,2,13783,61898,14528,13000,25868,31388,1585,1610,400,927,2176,158,0
88731,1,2,1,52,1,3,2,2,0,0,2129,4193,16002,11127,-1218,11559,520,10483,179,236,4561,2347,0
231254,2,2,3,46,0,0,0,0,0,0,85743,149484,178772,89877,128408,56951,11690,19164,5381,393,3943,4421,0
30985,2,3,3,43,0,0,0,0,0,0,3664,717,-573,10683,8284,3050,-97,1743,1056,307,974,485,1
344209,2,2,1,29,1,2,0,0,0,0,56085,42731,54202,40811,25574,33079,2149,45372,59840,2752,1386,125,0
50621,1,2,2,23,0,0,0,-1,0,0,67075,92726,103365,10817,2276,2209,878,-36,140,4013,3586,249,0
113919,2,2,1,48,0,0,0,0,0,0,34540,57645,37481,39040,30232,56373,1477,7214,-158,2512,813,1169,0
501219,2,2,1,37,-1,-1,0,-1,-1,-1,601,609,20009,12819,-930,10072,9247,1537,-341,625,1019,15708,0
66777,1,3,1,50,0,0,0,0,0,0,42856,129472,102090,13393,68767,38190,1857,11193,1304,6516,1044,5919,1
372514,2,1,2,31,-1,-1,-1,-1,-1,-1,-1515,2847,668,33472,16,13493,-94,18920,3980,7091,25400,37759,0
79413,2,2,2,23,0,0,0,0,0,0,73425,96224,72039,31653,28515,47001,6695,1948,2843,-139,1705,622,0
32579,2,3,3,49,0,0,2,3,2,2,9349,27440,6805,13950,2400,14528,1072,1639,166,-254,365,111,1
248936,1,2,2,50,0,0,0,0,0,0,134502,156549,160369,189970,99477,183616,9468,12349,5916,3942,668,-208,1
15557,1,2,1,58,0,0,0,2,2,0,1509,8508,17603,15694,14071,20468,2695,5722,572,2140,1123,748,0
204527,1,4,2,32,1,-1,0,0,0,0,38155,104704,64774,103998,58611,85893,5726,5888,3858,8948,2270,3098,0
199129,2,2,1,33,-1,-1,2,-1,-1,-1,1761,-250,-734,399,-1216,-1164,-770,2409,145,179,279,-63,1
57912,1,1,2,29,-1,0,0,0,-1,0,34327,38889,51531,4175,19474,14982,12477,1201,-339,23899,542,11571,0
185072,2,2,1,42,0,0,0,0,0,0,237967,177051,40677,113249,28057,21631,5153,3186,1604,3637,2181,4598,0
51887,2,3,2,48,0,0,0,0,0,0,41582,51590,38724,11194,14298,17065,1378,466,937,1213,4229,316,0
29315,1,5,2,22,-1,-2,2,0,-2,-2,12935,830,-628,-3181,-3183,-1158,145,1387,235,-756,128,-98,0
88191,2,2,3,33,0,0,0,0,0,0,58499,39222,43776,8783,10329,3274,1428,6433,1293,3438,2202,4825,0
215126,2,2,2,35,0,0,0,-1,0,0,44744,67538,16454,9908,19029,43058,8381,1492,575,5836,3586,1474,0
337968,1,3,0,32,-2,-2,-2,-2,-2,-2,1625,-210,-534,663,-6,2447,562,-781,-1160,44,172,3002,0
151315,2,2,1,37,2,0,0,0,0,0,96550,118064,88767,106753,74909,87200,36,14492,3092,1103,2282,3192,0
101084,2,1,1,32,-1,-1,-1,-1,-1,-2,1031,-705,343,2435,811,940,-121,-26,253,-301,1059,349,1
237568,2,1,2,24,-1,-1,-1,-1,-1,-1,3232,2209,567,-1807,418,59,8187,2391,284,3297,177,256,0
655605,2,1,1,30,-1,-1,-1,-1,-1,-1,2826,-2078,-724,963,1785,1183,-446,1102,640,131,1445,1689,1
165076,2,2,1,28,-1,-1,-1,0,-1,-1,338,1357,776,8237,22376,14109,77957,2051,862,856,3264,1011,0
495011,2,1,2,34,-2,-2,-2,-2,-2,-2,16575,15017,30165,53728,27905,67548,51572,25790,52070,69936,38180,4234,0
398263,2,3,1,39,2,2,0,0,0,0,2449,1590,48786,13412,3540,-1458,7065,1172,4840,572,915,364,1
252297,1,2,2,29,0,0,0,0,0,0,5033,7020,25598,4638,14620,19555,974,4664,1337,6214,67853,26371,0
225615,1,2,2,31,0,0,0,0,0,0,121148,122456,340629,164156,116571,189132,12965,8586,3498,5912,2752,3541,0
25344,2,3,2,56,0,0,0,0,0,0,31183,27171,47020,17294,10242,20937,1944,2353,357,264,407,-206,0
97290,2,3,0,54,1,3,2,0,0,0,22777,11347,18077,14222,10690,49339,29,1539,361,1627,2059,2808,0
342187,1,2,1,31,3,0,-2,-2,0,-2,13325,369,7801,1899,-139,823,36,3815,2683,417,752,1447,1
149471,1,2,1,41,0,0,0,0,0,0,71801,121003,78033,83169,57886,49938,41107,14439,4181,3474,5647,3290,0
89828,2,2,1,30,0,0,0,0,0,2,45609,81377,39655,47307,33068,49586,6989,6186,1852,2101,803,894,0
122690,2,2,2,27,0,0,0,0,0,0,113621,122957,109343,144671,97757,73937,1610,13430,8396,7529,1131,4910,0
51791,2,2,2,51,0,0,0,0,2,0,32241,65194,48907,33962,45550,54884,6537,5663,273,1985,1625,944,0
26286,1,6,2,26,0,0,0,0,0,0,33325,48504,75032,6496,18155,29438,3329,1573,1055,1656,4593,-224,0
17952,2,2,2,39,2,3,0,0,0,0,14248,16071,24783,9731,16102,20222,2020,1884,-118,4,1087,242,1
14906,2,3,2,25,2,3,2,2,0,2,2226,9153,5487,13298,11295,47066,654,1785,328,394,794,299,1
55569,2,1,1,39,2,-2,2,2,-2,-2,1104,11634,-831,513,-1297,19,8680,2885,-866,-200,6,170,1
250704,1,3,3,37,0,-1,0,0,0,0,67343,34935,27324,12059,1968,57911,6255,5558,929,9922,312,4706,0
234017,2,2,1,47,0,0,0,2,2,2,162733,331633,149355,78304,134998,206632,5503,2427,16487,8620,1660,1500,1
232193,1,3,2,28,-1,-1,-1,-1,-1,-2,-612,-1413,2078,1575,1792,125,5486,991,-572,299,0,2279,1
138847,1,2,2,23,0,0,0,0,0,0,46757,83204,72618,19115,10094,84167,554,1766,757,359,1106,5275,0
175419,2,1,2,28,0,0,0,-1,0,-2,3572,19250,3957,40191,-555,468,9459,968,767,267,571,332,0
201019,1,1,2,29,0,0,0,0,0,0,115144,112619,129308,78263,79270,84361,1488,8794,988,3845,2045,1485,0
22355,2,3,0,23,0,0,0,0,0,0,52719,47540,54039,5622,5725,16913,1969,1890,1212,166,358,274,0
24431,1,2,2,24,0,0,0,0,0,0,12365,46776,52001,16172,15428,844,1028,2833,496,865,2129,2352,1
189148,1,2,1,31,-1,-1,-1,-1,-1,-2,2495,65,-1897,1978,54,-176,1276,1201,407,729,-245,829,0
188758,1,3,1,31,0,0,-1,-2,-1,-1,18921,6414,5935,9709,-402,11938,4569,14508,332,9148,36798,369,1
247458,1,2,1,52,-2,-2,-2,-2,-2,-2,1239,-755,447,-313,-849,620,8344,1169,-84,-45,90,505,0
503886,1,0,1,35,-1,-2,-1,-1,-2,-2,1723,-796,1440,984,2919,1266,926,1528,958,727,2251,-467,0
202018,2,3,2,27,-2,-2,-2,-2,-2,-2,7990,7924,-326,-682,-1340,-625,7656,1620,-569,1251,212,333,0
90053,2,2,2,36,1,0,0,0,0,0,-2541,47044,19647,17034,490,991,2889,4211,16042,198,1679,-18,1
494874,1,1,1,32,1,-2,-2,-2,-2,-2,1100,4689,1406,-215,-1482,1425,-128,995,16,503,2318,33353,0
93325,2,2,2,31,-1,-1,-1,0,0,-1,485,1091,1260,1065,1619,-264,317,-89,647,-158,469,12645,0
185541,2,2,1,42,-2,-2,-2,-2,-2,-2,673,7574,-5,807,-557,-283,1388,1749,536,5996,1861,45,0
100836,2,1,1,58,0,0,0,0,0,0,23755,46234,43480,46386,49553,16377,1850,2592,418,935,5981,3560,0
51189,1,2,2,38,-1,-1,-1,0,-1,-1,3220,-955,-519,9528,16465,1194,1422,1374,627,3085,1677,19215,0
389360,2,1,1,33,-1,-1,-1,-1,-1,-1,1517,-1063,2887,10739,8712,11226,4274,11072,45166,7264,16776,2910,0
203743,1,2,2,31,1,-2,-2,-2,-2,-2,101,-462,1961,116,1739,1013,-747,1057,286,1283,1675,1863,0
74986,1,2,1,43,0,0,0,0,-1,-1,28218,717,7234,16203,17187,-338,261,3372,1397,-142,944,6200,0
217169,2,1,2,29,1,0,0,0,0,0,62382,93970,155801,23518,102188,39032,4832,2870,17970,396,3850,3888,0
64334,1,5,2,31,1,-2,2,0,-2,-2,1709,3459,2005,-327,1063,614,-178,1033,315,-356,320,-493,0
85679,1,3,1,43,2,0,0,0,2,0,30700,67266,34317,34015,47634,65337,699,2603,-418,1869,1985,2438,1
52763,2,3,1,34,1,-2,-2,0,-2,-1,140,-1671,2736,1464,343,30654,23,1798,987,1718,4962,345,0
180431,1,2,2,32,0,0,0,0,0,0,112553,159360,105095,149804,115676,141302,15062,14891,1783,3723,3191,986,0
158069,2,2,2,36,0,0,0,0,0,2,66517,270412,63783,119283,135445,80994,7104,2442,1008,3261,1433,5863,0
73025,1,2,2,36,1,2,3,2,2,2,90591,74100,43663,37163,29766,45051,5153,2518,355,5584,3849,249,1
145985,2,2,1,54,0,0,0,0,0,0,70047,66645,79264,59022,50274,44193,3217,7489,2910,2313,1178,2893,0
24756,2,2,2,26,-1,2,2,0,3,3,264,995,1179,1764,2186,1146,-975,280,-49,-65,320,-17,1
58215,2,2,2,24,1,2,0,0,0,0,6660,26626,24151,10852,14780,23030,728,1185,-167,303,630,-27,1
190119,1,2,2,35,0,0,2,3,-2,-2,57606,21613,44373,9706,14835,355,5755,2190,273,688,1608,3050,0
92590,1,3,1,53,-1,-1,-1,-1,-1,-1,4992,716,-289,-241,1529,1238,686,-496,2489,538,58,753,0
210404,2,4,1,24,1,-1,-2,-1,-2,-1,13980,16807,2582,19021,1012,-249,6118,1307,1120,44331,1059,1508,0
87387,1,1,1,37,-1,3,-1,-1,-1,-1,12019,11727,11212,13537,8354,856,4912,8008,542,5428,-177,6645,1
165132,2,2,1,41,1,0,0,0,0,0,53198,281002,231285,79612,184422,97427,8533,117640,2130,1129,3045,6874,0
167820,1,2,1,48,0,0,0,0,2,0,50641,156281,57255,112992,59841,98812,1120,15110,2538,4533,2146,1137,0
156750,1,5,1,31,0,0,0,0,0,0,79578,75395,73994,209788,88611,45701,10289,9851,2211,6686,1309,712,0
11174,2,2,2,25,0,0,2,2,3,2,12769,21480,16171,14796,14610,20102,1847,1815,1,-553,1904,-286,0
50742,1,2,1,50,0,0,0,0,0,0,29309,41233,51798,18453,10635,14325,636,1345,1046,25,1061,386,1
83266,2,2,1,54,0,0,0,0,0,0,12873,45967,1989,8928,-750,518,1794,1514,472,-85,1960,185,0
150401,2,2,1,27,0,0,0,0,0,0,52274,170877,48446,31672,37820,92800,8308,7714,750,1564,1679,739,0
432172,1,2,1,35,0,0,0,0,0,0,234747,100495,196212,159971,101668,160201,9489,10766,491,6673,10219,5575,1
239693,1,1,2,32,3,0,0,0,0,0,204014,144495,273015,165160,171014,200180,3660,57427,130643,-112,1681,3041,1
58175,2,3,2,46,0,0,0,0,0,0,66758,19873,39670,-249,7749,6689,410,2036,1995,130,1034,1064,0
37734,1,2,1,41,-1,2,2,0,0,0,-699,2947,445,19271,598,1752,320,1438,-32,1429,1296,217,0
497536,1,2,2,34,-2,-2,-2,0,-1,0,16869,19330,14356,20227,25264,27156,9566,1776,19902,11987,42894,12780,0
22567,2,2,2,45,1,2,2,0,0,0,570,3190,1651,8453,16339,1043,-1173,1019,-508,341,889,-187,1
78146,2,2,2,25,0,0,0,0,0,0,48844,40992,59705,42062,36951,104070,2657,5130,1336,2598,413,784,0
245283,1,1,3,27,-1,-1,-1,-1,0,-1,3827,1316,12230,2031,-462,381,-1007,950,-262,505,163,149,1
330895,1,2,1,30,0,0,0,0,0,0,39316,49701,64392,47561,46141,40266,5540,5751,535,4380,1940,434,0
229786,1,2,1,34,-2,-2,-2,-2,-2,-2,115,-551,-1753,180,-493,1808,-114,218,-599,297,205,372,0
179091,1,1,1,29,-1,-1,-1,-1,-1,-1,-19,-1319,-700,-1102,1028,5543,274,827,901,3435,5296,2356,0
87932,2,3,1,38,-2,-2,-2,-2,-2,-2,15,9876,19174,17458,2439,19917,812,4338,583,1825,689,125,0
222802,2,3,1,32,0,0,0,0,-1,0,4044,4226,20803,9068,15153,598,5014,19536,702,56,3303,19019,0
172823,2,1,1,45,0,0,0,0,0,0,200676,174981,150882,104073,151436,69416,2916,6205,3404,2278,4743,3638,1
88906,2,2,1,35,2,2,0,0,0,0,22652,108814,48833,135750,46555,42714,2975,2538,2120,2555,1915,1292,0
159432,1,2,1,36,0,0,0,0,0,0,43502,115470,78915,46580,39403,79816,3879,21656,8223,1882,1048,5228,0
310477,1,2,2,32,-1,-1,-1,-1,-1,-1,8732,-2386,358,1104,207,894,348,-348,137,-204,-169,176,1
208391,2,2,1,53,-2,-2,-2,-2,-2,-2,-708,709,-287,2417,-898,-250,644,1375,-640,1110,160,133,0
496617,1,2,1,36,0,2,-1,0,0,0,48834,17590,76152,42510,58974,59124,1797,17619,50473,93521,9167,12924,1
31498,1,3,1,42,1,3,2,0,0,3,4267,4843,5607,13984,1114,22756,-388,244,310,201,397,433,0
59338,2,2,2,24,0,0,0,0,0,0,54563,63381,65912,58577,24706,54388,5002,2366,1228,2353,993,3460,0
34473,2,3,0,45,0,0,2,0,0,0,26583,11111,11621,9230,12841,12313,73,4503,1427,5729,1827,470,0
21504,2,3,1,49,2,2,2,2,2,0,4915,19554,10610,13665,33528,57364,724,6266,555,3055,989,690,1
299706,1,6,1,44,-2,-2,-2,-2,-2,-2,77672,541,100403,12928,-268,1360,16946,760,790,246,1484,212,0
344436,2,1,1,45,-2,-2,-2,-2,-2,-2,-1696,-112,827,2313,-492,2267,-758,1281,468,224,106,2201,1
512881,1,5,1,35,2,0,2,2,0,0,5961,9973,8585,153621,47919,-728,1590,5874,-30,1488,541,5330,1
228448,2,2,2,23,-1,-1,-1,-1,-1,-1,-421,527,12466,6347,24130,13252,2241,44320,1154,5132,1640,1139,0
100355,2,3,0,50,0,0,0,0,0,0,56099,680,41978,52268,19608,20852,37051,2313,1063,2719,3385,3529,0
203254,2,1,1,33,0,0,0,0,0,0,220462,125071,89966,80879,74775,121742,5391,9140,957,1822,880,3798,1
85912,2,1,2,28,1,-2,-2,-2,-2,-2,424,-1085,34,573,88,1233,-1124,501,-878,-58,692,956,1
227394,2,3,2,44,0,0,0,0,0,0,103496,239575,129626,127940,40452,102134,4698,3968,4333,557,124,3875,0
25724,1,3,2,31,2,3,2,2,2,3,-50,8018,-1950,225,-795,375,-571,892,344,-470,-134,-275,1
462999,2,2,1,29,-2,-2,-2,-2,-2,-1,26806,16934,23540,16008,8606,24380,43695,27717,21209,8229,25661,15121,0
250203,1,3,0,35,1,0,0,0,0,0,147500,165120,162519,106679,156868,105755,10613,6908,3558,6193,2396,2377,0
21963,2,2,1,52,-1,0,2,-1,-1,-1,4029,9076,53013,20700,-917,-1837,-246,1538,-38,394,476,63,1
235460,2,2,1,30,-1,-1,-1,-2,-1,-1,-774,237,-65,2623,197,739,-529,1348,-154,862,280,970,0
290675,1,1,1,29,-1,-1,-1,-2,-1,-2,1037,807,837,1608,1518,1212,-340,1336,39,492,-44,16,0
142554,2,2,1,28,0,0,0,0,0,0,43369,186639,74707,119092,75672,86080,6193,3292,3260,1472,3095,461,0
192888,2,2,2,37,0,0,0,0,2,0,40272,138472,83165,121691,109881,97548,1970,1757,3391,2373,1345,1248,1
189249,2,2,1,35,-1,-1,2,-1,-1,-1,449,4937,-1813,4662,166,7207,420,1822,425,2765,4212,7585,1
311281,1,2,1,30,-2,-2,-2,-2,-2,-2,2944,-117,1951,-1064,-2569,-577,-399,45,-1432,-167,72,418,1
81512,2,1,2,34,0,0,0,0,0,0,1313,1446,58626,796,3774,9081,1714,988,596,346,2870,3983,0
490556,2,1,1,37,-2,-2,-2,-2,-2,-2,27799,15158,27079,18834,17336,47944,32753,24837,17343,39122,20196,20597,0
231536,1,1,2,49,0,0,0,-1,-1,-2,84458,90605,73950,2236,8918,-749,2976,972,52880,8427,1549,-69,0
102368,2,2,1,33,-1,-1,-1,0,-1,-1,482,-1181,1283,-92,-67,725,2392,983,-235,413,1905,2101,1
48891,1,1,2,23,-2,0,-2,-2,-2,-2,14574,30934,20174,-1654,-538,1660,22083,1846,351,508,-245,-117,0
127819,1,3,1,35,1,0,0,0,0,0,131098,10285,7849,11098,2351,11271,845,1547,210,273,175,-97,0
115192,1,3,1,35,0,0,0,0,0,0,42401,39784,61757,27178,29172,38130,4002,5299,1139,607,5174,1713,0
207195,2,1,1,34,-2,-1,-2,-1,-1,-1,9765,12187,433570,15394,14748,24637,16829,24724,1313,41068,11055,11502,0
16898,1,3,1,57,0,0,0,0,0,0,9743,1043,10254,14048,22098,12554,1701,2262,720,937,4035,199,0
52598,1,2,1,34,0,0,0,0,0,0,31133,60982,65068,12322,20319,43064,2201,1098,2134,2418,1412,5678,0
483971,2,1,2,39,1,3,-2,2,2,2,13078,18188,22242,20219,14287,11223,4621,1277,-45,2622,3748,113,0
291976,2,1,1,37,1,-2,-2,-2,-2,-2,46707,6190,649,666,-587,-258,607,1562,429,-500,1799,911,0
233339,1,1,1,31,-2,-2,-2,-2,-2,-1,-740,-3118,-295,-260,-1379,1036,-985,704,-408,51,-136,814,1
47534,1,2,2,30,0,0,0,0,0,-2,41800,24363,2953,4699,76,8953,1639,2134,974,175,-44,210,0
235220,1,1,1,43,-1,2,0,0,0,0,11318,19089,63222,30846,53623,35022,2958,4108,6797,3203,736,3184,0
337013,2,1,1,54,1,-1,-1,-1,-1,-1,1336,7631,3352,1858,21100,403,1081,2097,87784,311,19689,14758,0
226339,1,2,1,36,0,0,0,0,0,2,108253,112148,101652,79247,66140,148683,9722,6020,2779,7228,1897,1711,0
151714,1,2,1,28,0,0,0,0,0,0,89929,102999,53265,77094,40946,91234,3978,6029,3658,2849,486,1092,1
23028,2,3,0,42,-1,-1,2,-1,-1,-1,-332,-1666,-143,1099,679,21462,-964,490,526,227,278,228,1
234269,2,2,2,27,-1,0,-1,-1,-1,-2,169,-518,2452,771,995,902,882,2299,-346,1788,1792,534,0
85896,2,3,1,56,0,0,0,0,0,0,39130,64349,52753,42188,49855,22130,6091,51291,1118,4651,1591,3160,0
20619,1,3,2,24,0,0,0,0,0,0,42520,2034,55496,2818,13919,16657,2504,648,841,16,1175,123,0
322583,1,2,1,36,-2,-2,-2,-2,0,0,10613,11407,75710,19036,34102,38225,4405,22141,52397,23499,21743,20080,0
439590,1,2,2,34,-1,-1,-1,-1,-1,-1,15510,9381,68246,263974,374448,19154,3586,22038,104256,9614,9798,6762,1
124264,2,2,1,25,0,0,2,0,0,0,86604,128131,89105,79847,58027,73404,8880,1892,941,71,3725,4661,0
25539,1,2,2,34,2,3,2,2,4,3,1481,14043,18335,2783,1453,51883,-152,1511,-487,245,1294,123,1
21839,1,3,1,37,2,2,2,2,0,2,-1610,16219,16428,11529,12823,13670,40,2022,453,2532,9,531,1
23821,2,2,2,29,0,0,0,0,0,0,10194,14525,48778,10105,8375,17526,980,1065,699,150,1663,917,1
90627,1,4,2,33,-1,-1,-1,-1,-1,-1,-707,696,595,9469,-1035,1676,-351,729,1570,2570,1771,-233,0
185769,2,3,1,49,0,0,0,0,0,0,9067,5418,4995,5181,7715,13248,1099,5272,3213,5336,844,234,0
53812,1,2,2,25,0,0,0,0,0,0,48508,58557,66737,34206,7673,2134,2533,1002,1614,-351,1502,-436,0
21694,1,3,2,29,2,0,0,0,0,0,1545,6091,18758,8660,4520,17344,754,1195,530,358,1746,-7,0
491834,2,3,1,38,-2,0,-2,0,0,0,8625,14697,52415,19162,14530,821,1545,2582,13062,6946,3624,6293,0
29925,2,3,0,36,-1,0,-1,-1,0,0,4000,7679,272,400,7935,15925,361,1637,760,398,3764,774,0
222300,2,1,2,30,2,0,0,2,2,2,26828,86153,34093,16084,31245,33155,5487,5194,1990,1004,1793,111,1
20234,1,2,2,23,2,0,0,0,0,0,12263,346,8213,15521,10290,11357,-67,1584,179,12,330,6,1
156196,2,2,2,26,0,0,0,0,0,0,100523,166912,116946,105668,125005,340844,4821,11481,1106,1408,4265,2661,0
158414,1,1,2,44,0,0,2,0,0,0,74919,85787,38720,22469,23683,63042,5232,6994,1307,5556,861,1356,0
23306,1,2,2,33,-1,-1,2,0,0,-1,2218,-272,269,7960,104,-119,-4,4244,-30,625,433,69,1
149849,2,2,1,34,0,0,0,0,0,0,153742,177137,115243,173028,141322,111241,6717,3121,2798,3265,1408,3116,1
358625,1,3,1,57,-2,-2,-2,-2,-2,-2,13175,9955,23853,11932,12009,840,3542,2223,89355,8841,1150,75699,0
96989,2,2,1,35,1,-2,-1,0,0,0,36530,1531,55459,18496,44581,11766,727,2118,276,3475,4150,829,1
17259,1,3,0,40,1,2,2,2,3,3,806,14589,-502,-744,19099,740,-387,497,-255,674,514,5022,0
147610,1,2,1,35,1,-2,-2,-2,-1,-1,7929,1055,154,1297,-2817,754,-402,1649,952,-44,1718,2973,0
150089,2,2,2,32,0,0,0,0,0,0,151896,198159,95502,100652,146163,106062,1755,7531,906,3201,1596,2921,0
200149,2,1,1,45,-2,-2,-2,-2,-2,-2,-118,1985,20475,18164,-2373,-581,1,2051,891,40,282,170,0
127410,1,3,2,39,0,0,0,0,0,0,132340,146538,131329,78688,118748,96873,8242,2029,2875,1086,964,139,0
536451,1,2,1,53,0,0,0,0,0,0,89438,305975,173677,202093,167747,145801,5915,9166,11455,6421,12348,3549,0
104048,2,2,2,23,0,0,0,0,0,0,102374,163605,51717,65570,80200,120713,2896,1654,2286,770,1319,1021,0
130768,2,2,2,36,1,0,0,0,0,0,12627,33003,10229,21612,9255,704,3968,3310,476,35,1588,420,1
106225,2,4,1,35,-1,-1,-1,-1,-1,-1,63822,57896,63287,79917,-2,-715,817,11817,1118,2025,559,-61,0
200810,1,2,1,44,0,0,0,0,0,0,65606,102404,94327,227547,41508,31777,2680,2410,2911,3040,3259,1920,0
507703,2,1,2,40,0,0,0,0,0,0,28282,82227,44365,9750,11255,40092,2222,12379,16510,618,14012,16001,1
52209,2,2,2,35,0,0,0,0,0,0,47201,46812,47052,36267,6198,31400,4138,2206,420,1820,3058,1004,0
50793,1,3,3,48,0,0,0,0,0,0,37081,37728,20295,12300,6579,15290,1328,2118,204,-491,5004,446,0
107752,1,1,2,32,-1,-1,-1,0,0,-1,1446,-661,-907,1617,941,-1479,613,264,-910,-310,-218,243,1
149226,2,1,1,33,-1,-1,-1,0,-1,-1,25,14560,16853,5274,13721,13233,10160,16466,9997,8447,6491,887,1
403956,1,1,2,32,0,0,0,0,0,0,43504,65033,39007,34587,16687,15151,3047,438,1683,6300,3669,7993,0
187086,2,2,1,30,0,0,0,0,0,0,68310,275422,142588,166745,143036,97564,3597,5646,2580,3010,3028,-702,0
88721,2,2,2,25,1,-1,-1,-1,-1,-1,439,-1335,1823,249,-966,-121,198,969,906,-62,1674,1288,0
24345,1,3,1,38,0,0,2,0,0,0,28083,6312,11613,6969,2765,16658,-2,2935,487,67,2696,-56,1
449043,1,4,2,24,0,0,0,0,0,0,55349,50169,58521,13929,26044,1206,6837,1575,113,2355,5485,1397,0
51368,2,2,2,22,0,0,0,0,0,0,53792,60902,42716,31032,4349,14394,2435,2910,104,-28,2133,-346,0
22675,1,1,1,25,0,0,2,0,0,0,17312,88085,14796,7389,7944,13496,789,964,284,466,2539,1918,0
240930,2,3,1,32,-2,-2,-2,-2,-2,-2,-1536,-605,2825,1475,-785,1631,-129,986,-138,246,1776,261,0
230435,2,6,1,40,-2,-1,-2,-1,-1,-1,17635,14516,60291,15037,17045,1663,1131,68723,120891,19509,19636,583,0
405580,2,6,1,37,0,0,0,0,0,0,65879,163487,148176,120395,92428,56409,10933,7607,4442,2283,218,6381,0
213375,2,2,1,47,0,0,0,0,0,0,75178,72880,34004,2751,62018,15106,3863,2102,1523,802,3749,117,0
482513,1,1,2,29,0,0,0,0,0,-1,18063,15278,16397,1014,14850,45343,9001,23858,19906,10025,2002,12023,0
512115,2,1,2,29,-1,0,-1,-1,-1,-1,20337,15573,207123,9911,38272,68874,9421,16360,20153,42607,24072,5845,0
212758,2,3,1,34,1,-2,-2,-2,-2,-2,-1969,-1354,230,499,-562,29,-1551,334,304,23,1772,324,1
516812,2,2,2,31,1,0,0,0,0,0,109636,314085,102103,175704,118599,149076,7734,19871,44401,33408,8328,4463,0
246636,2,2,1,38,0,0,0,0,0,0,136255,158159,148114,111324,144928,86449,7601,6204,3675,2263,4722,2018,0
233173,2,2,1,29,-1,-1,-1,-1,-1,-1,14773,12745,4485,-3604,6713,3057,5594,17166,8410,16253,509,10082,0
50284,2,2,2,24,-1,-1,0,0,0,0,-1017,3662,3367,12719,-484,6806,656,1212,338,525,1863,246,0
524033,1,2,1,48,0,0,0,0,0,0,233379,338868,216668,283712,224824,208184,8949,8970,128668,4436,37588,2303,0
259249,2,4,1,37,-2,-2,-2,-2,-2,-2,811,1304,481,-612,-1329,1148,144,449,174,5939,498,111,0
81689,2,2,1,58,2,2,2,2,2,2,6335,21264,5784,30908,30147,50625,603,5150,1702,4177,978,1997,0
169785,1,3,0,31,-1,-1,-2,-2,-2,-2,4692,-587,-952,-598,-1848,211,-442,60,-395,379,-280,544,1
49956,1,2,2,32,1,0,0,0,0,0,38986,18208,1030,3489,10291,18008,1318,1721,1639,86,3166,288,0
159532,2,5,1,26,2,-2,-2,-2,-2,-2,82112,18182,18282,9184,92,298,1236,828,258,3428,1491,94,0
155563,2,2,2,25,2,3,2,2,2,2,2477,18231,5405,11978,48714,49898,1945,454,6200,2616,828,5213,1
212945,1,2,1,40,-1,-2,-2,-1,-2,-1,19872,13945,19875,7232,651,-1163,8030,2315,-253,1098,1122,370,0
206444,2,1,1,30,0,0,0,0,0,0,114029,227036,150175,203413,188236,156271,2982,8331,4916,2106,7937,3886,1
229197,1,1,2,28,-1,-1,2,-1,-1,-1,3187,9134,15740,588,646,412,3336,182,-16,278,69,405,0
20757,1,3,3,47,2,2,2,2,2,0,11618,18171,7826,13854,13761,34634,-421,1613,2827,1054,2653,319,1
513863,2,2,2,35,-1,-1,2,0,-1,-1,1293,2670,-1279,1323,567,-436,175,919,549,119,890,15450,1
157708,1,2,1,50,2,2,0,0,0,0,53507,136132,83822,99956,48967,34152,686,4068,4071,756,2723,2254,1
26214,1,1,1,35,1,2,2,5,3,3,-1967,-1059,-24,1507,280,2472,-1759,580,-163,76,1285,184,1
249635,1,3,2,26,-1,-1,2,-1,-1,-2,17754,1125,-1633,-1330,82,-303,-1116,752,-219,-518,277,-174,1
25234,2,2,2,36,0,0,0,0,0,0,23428,2003,17322,2694,2966,-990,1721,1024,763,304,-669,438,1
59704,2,2,2,32,-1,-1,-1,-1,-1,-1,3605,-1776,-381,8563,20069,788,486,2708,8756,286,19735,157674,0
140399,1,2,2,35,0,0,0,0,0,0,33086,17437,44958,38085,45154,42205,1460,4295,651,6830,498,2175,0
215269,2,5,1,32,0,-2,-2,-2,-2,-2,74955,15775,18966,10091,-51,-1197,4616,1273,542,-48,8,419,0
138833,1,2,2,42,-1,-1,-1,-1,-1,-1,2889,8231,3664,3075,2013,1025,19006,2132,1281,650,9865,1827,0
24497,2,2,2,28,2,0,0,0,0,0,41614,55493,60687,24546,13336,22362,2828,4878,-21,441,1261,352,0
23229,1,2,1,33,1,2,2,2,2,2,5543,10512,9630,15633,25431,56437,-112,1031,11,346,1075,889,1
409838,1,3,3,34,2,2,0,0,0,0,154930,202675,175939,155764,149576,185269,-855,11168,2477,7878,5735,932,1
86562,1,1,1,45,0,0,0,0,0,0,76043,131819,35522,71283,33347,91712,5310,1410,157,2896,1373,3769,0
234537,2,1,1,33,-2,-2,-2,-2,-2,-2,12640,6283,-390,-923,-2614,1474,-310,489,-550,2836,-130,2016,1
118956,2,1,2,22,0,0,0,0,0,0,30879,34460,29189,32629,24278,7787,4812,1918,525,6459,3649,1153,0
26565,1,1,1,50,0,0,0,2,0,0,10879,26028,11629,1219,-2344,6688,2045,2343,448,708,445,-126,0
200350,2,1,2,63,-1,-2,-2,-1,-2,-2,13335,2965,16242,240,380,-1054,-527,1356,11083,-125,120,13494,0
24155,2,2,0,44,2,0,0,2,2,2,52865,62004,36799,40006,32895,59073,3473,3254,2024,3690,4194,219,0
441239,1,5,1,36,0,0,0,0,0,0,196480,228495,134650,108034,140005,133526,8331,8945,25710,5909,4325,1109,0
235286,2,5,2,36,0,0,0,0,0,0,103871,180518,111250,78868,152852,64848,6941,3787,7739,3814,776,4038,0
348644,2,1,2,27,0,0,0,2,2,2,7966,12652,13125,18099,12476,15327,4394,22013,6809,4262,3672,6828,0
233660,2,2,1,34,0,0,0,-1,0,-1,324688,400979,416143,371507,226886,268855,12717,21862,150641,9077,28776,8816,0
155956,2,2,2,28,0,0,0,0,0,0,50766,29993,58298,380,-599,6364,-778,787,1175,280,-126,1326,0
213567,2,2,3,46,-1,-1,-1,-1,-1,-1,1476,2153,-298,-924,-1349,1093,-334,642,-519,3851,331,356,0
285496,2,1,2,35,-2,-2,-2,-2,-2,-2,1654,2350,345,-1289,-508,-37,3265,1666,447,-333,1263,-3,0
142619,1,1,2,24,0,0,0,0,0,0,39778,64812,102357,25788,15253,43890,2119,2619,1988,1089,4398,2505,0
30165,1,2,1,33,2,0,2,2,2,2,14615,50148,16697,371,58449,25833,1367,1441,658,814,1624,-891,0
170431,1,1,1,50,-1,-1,-1,-1,-1,-1,323,-569,319,1041,824,726,765,1187,467,1620,213,2711,1
475602,2,3,2,32,0,0,0,0,0,0,11693,16745,58255,33643,47537,42188,68940,3540,2350,4157,20111,42150,0
97353,1,1,2,38,-1,-2,-1,0,-1,-1,4831,6039,1369,9639,-35,10783,1587,744,42,12083,1248,8270,0
76249,1,2,2,36,-1,-1,-1,0,-1,-1,-937,11802,163,8292,8423,11872,1779,1836,2172,7884,4661,1496,0
489404,2,5,1,31,0,0,-1,-1,-1,-1,22160,10242,17640,5714,-255,1694,21884,10998,6077,9587,138,720,0
90213,1,2,2,62,0,0,0,0,0,0,1595,12356,19108,18916,13340,15859,1421,1354,16227,259,1088,15377,0
19747,1,2,1,40,1,2,2,2,2,2,-461,17443,3381,34648,31992,39244,209,700,-208,21191,641,2292,1
95379,2,1,2,23,-1,-1,-1,0,0,0,17938,4741,4032,251,53680,31200,-129,3369,3321,1778,1578,2009,0
147663,1,1,2,34,-1,-1,-1,-1,-1,-1,-1491,221,1588,1314,1568,1566,521,611,-328,281,1620,1560,0
184438,1,0,1,34,-1,-1,-1,-1,-1,-1,-630,8542,1988,197,3315,5899,8313,12362,6375,7522,79393,822,1
190825,1,1,2,23,0,0,0,0,0,0,80406,47724,51295,3895,-154,-4,3221,201,1428,339,1733,562,0
218388,2,2,2,50,1,0,2,2,-2,2,1340,5133,6174,11535,544,7669,9537,1796,-921,3794,88,78,0
25000,2,1,2,22,0,0,0,0,0,0,19058,21387,989,1951,1128,91,2589,574,583,-368,1108,245,0
85246,2,3,2,41,2,3,2,2,2,2,3524,54269,34003,40262,73891,73068,3563,1626,1415,1110,1891,1904,1
227572,2,2,1,34,-2,-2,-2,-2,-2,-2,1236,4451,455,-491,-2097,1410,14476,22378,-101,1188,2394,10568,0
92980,2,2,2,30,2,0,0,2,2,2,64860,171992,54299,105505,121472,127505,2610,5145,1948,1465,1786,1081,1
296830,2,2,1,28,-1,-1,-1,-1,-1,-1,-3003,-5555,-3057,811,-266,-863,707,7943,-635,7636,2534,1781,0
85566,2,3,2,33,0,0,0,0,0,0,44198,64123,54644,49389,24614,77605,2119,1609,1773,1555,692,-299,1
95651,2,2,1,35,1,2,-2,2,-2,-2,15597,2648,-986,-232,1074,91,-708,66,-883,-326,467,636,1
103778,2,2,2,29,-1,-1,-1,0,-1,-1,-41,2662,2231,126,1158,599,-217,325,-33,231,1604,1701,1
99123,2,0,2,33,0,0,0,0,0,0,64767,82559,43530,22335,89742,56245,6136,1033,2594,6904,4163,789,0
504041,2,2,2,29,-2,-2,-2,-2,-2,-2,31160,17201,28982,23647,38561,2124,22058,22176,34372,39553,45582,45401,0
171721,1,1,2,54,-2,-2,-2,-2,-2,-2,78,-2418,407,1723,-693,-80,-475,-344,-423,-254,-235,-195,1
228595,2,3,1,32,-1,-1,-1,-1,-2,-1,2460,-989,177,1035,1318,-310,325,981,-682,276,350,814,1
23985,1,2,1,24,2,2,2,0,0,3,22458,51,430,10658,58,1351,-1369,626,-195,-48,-312,23,1
515023,1,3,1,36,1,2,0,0,-1,-1,66870,316041,390014,49481,45381,68568,4772,24357,2016,6456,39603,66780,1
171398,2,2,1,36,0,0,0,0,0,0,71741,219626,83453,81116,81750,68795,6292,7470,1934,2282,2696,6508,0
212630,1,6,1,35,2,2,0,0,0,0,46408,59031,66692,73910,105302,76471,-346,27123,902,2463,1594,837,0
50824,2,1,2,22,0,0,0,0,0,0,54229,66584,52676,38741,43161,61510,3846,1970,5436,5136,217,1374,0
11994,2,0,2,27,3,3,2,2,2,2,283,10188,10895,19047,19356,13185,2089,3817,337,2177,458,781,1
200568,2,1,1,28,-1,0,-2,-1,0,-1,16576,2364,81879,12015,-561,-1216,1524,1268,-299,567,782,1461,0
103023,2,2,1,34,0,0,0,0,0,0,24921,19776,23614,20443,25233,12858,4138,9359,3426,4676,1373,16873,0
484612,2,2,1,42,-2,-2,0,0,0,0,3861,15937,22773,12130,12322,34280,437,6129,23639,7652,5923,5739,0
213679,2,1,1,50,0,0,0,0,0,0,161121,157590,200987,103697,98518,139834,1017,4712,2432,6913,2824,5363,0
227151,2,2,1,45,1,-1,0,0,0,0,2634,355,371,755,145,892,216,249,-684,-377,641,501,1
88180,1,0,2,33,0,0,0,0,0,0,46922,44666,61415,42893,59293,59551,7087,5337,1258,4370,5140,389,0
410186,1,2,1,41,0,0,0,0,0,0,45900,40025,85693,99247,93480,55695,748,5182,1241,1746,1014,1104,0
126807,1,1,2,35,-2,0,-2,-2,-1,-2,99126,2424,12953,-544,2373,1347,9339,4141,18672,5863,2074,-207,0
183668,1,2,1,49,1,-2,-2,0,-1,-2,343,1000,531,-343,750,1662,-645,-304,231,67,116,-168,1
52160,1,1,2,33,0,0,0,0,0,0,3085,24984,35878,5787,1004,12864,485,1872,1249,760,911,171,0
213928,1,2,2,25,-1,-1,-1,-1,-1,-1,2351,-1097,-925,-593,-307,359,-1063,1388,751,3088,328,1908,0
194150,1,5,2,25,0,0,0,0,0,0,83230,101358,103562,77652,138025,67511,6514,5283,3913,1483,73,707,0
117895,2,2,1,24,0,0,0,0,0,0,163915,199959,111039,108672,175983,81796,3467,5280,289,1147,3988,896,0
162374,2,3,1,39,-2,-2,-2,-2,-2,-2,1239,-1716,2258,2404,-1144,1867,352,1157,80890,7790,20039,2537,0
54637,1,2,2,23,0,0,0,0,0,0,47285,53523,50596,8441,-2567,21838,2770,1929,359,1879,909,-415,0
408943,2,1,2,25,0,0,0,-1,-1,0,20552,22943,10670,10270,24191,252343,3623,18757,22127,17252,6160,4560,0
179042,1,1,2,30,1,2,0,0,0,-1,6583,19039,3257,86,21768,27148,4231,1678,600,-529,7346,327,0
153663,2,2,1,50,0,0,0,2,2,0,71163,108026,73366,80451,153525,83760,1946,4991,1739,5500,391,3119,1
51641,2,2,1,48,0,0,0,0,0,0,48876,60341,59716,10887,42699,28008,6409,2003,205,8342,1141,3193,0
202005,1,2,2,33,-1,-1,-1,-1,-1,-1,13634,8007,16457,13761,16254,9300,26197,102382,18426,25890,67642,15370,0
221739,1,5,3,30,0,-1,-1,-1,0,-1,100145,11768,16528,8791,20440,3360,-12,11159,8275,5507,4942,2271,1
308738,2,2,1,51,-1,-1,-1,-1,-1,-1,1131,-1214,979,-341,-1340,11681,394,1489,4497,58,137,152183,0
198875,2,1,2,30,1,0,0,0,0,0,67983,246958,140482,61220,99522,110838,9410,4525,3686,356,5114,-459,1
82006,2,2,1,22,0,0,2,0,0,0,1706,-321,541,658,475,-379,1123,1857,379,-523,1453,122,1
510787,1,1,1,44,-2,-2,-1,-1,-1,-1,10707,16406,445950,4357,11801,18076,17532,21992,23961,38666,34007,16788,0
367816,2,1,2,31,0,0,0,0,0,0,66581,139788,187489,145564,104053,34390,10539,119085,2317,3152,5792,2529,0
32554,1,3,1,40,0,0,0,0,0,0,11792,61220,8067,803,-2732,32222,1194,2505,-79,-91,18,-129,0
152462,2,2,1,23,0,0,0,0,0,0,30679,61254,36959,33368,42914,66360,7145,2900,-101,2187,1313,1081,1
336230,2,1,2,44,0,0,0,0,0,0,145595,195505,261337,182997,263245,156618,7975,42186,154571,5235,5026,2797,0
121585,2,2,1,48,0,0,0,0,0,0,68243,161635,86543,78528,105817,105573,6546,5494,4163,1947,3251,962,1
147936,2,3,1,31,-2,-2,-2,-2,-2,-2,753,981,4370,2389,-1264,1443,674,780,667,315,44,1052,1
376968,2,3,2,29,0,0,-2,-1,-1,-1,12813,16397,13617,4500,7545,17123,12570,23074,20852,6001,4563,7595,0
80864,1,1,1,33,1,-2,-2,-2,-2,-2,384,-1183,575,1423,-1112,1266,-896,-667,45,40082,-1,2841,1
76665,2,3,0,35,0,0,0,0,0,0,51340,64254,56421,45724,25190,24992,2056,2993,1527,1801,2194,1869,0
207914,2,3,0,32,0,0,2,2,0,-2,77173,12641,52203,7634,1646,7716,4851,1866,303,2405,257,4580,0
93240,1,3,1,43,0,0,0,0,0,0,81635,77335,41654,13216,11582,233,2325,128,2887,487,3057,606,0
130872,1,1,2,25,0,0,0,0,0,0,71716,44958,43830,39402,29841,64836,5106,3003,3254,810,1789,1168,0
235218,2,2,1,37,-2,-2,-2,-2,-2,-2,2148,1540,2928,141,-2353,928,77,1731,73,590,74,244,0
203498,2,2,1,36,-1,-1,-2,-1,-1,-1,-2370,-959,1677,2302,-391,208,352,2004,-59,2999,713,1916,0
446317,1,2,1,34,0,0,0,0,0,0,162588,140568,207681,97094,139050,185695,9426,9196,5059,2675,8077,1556,0
336070,1,1,2,25,-1,-1,-1,-1,-1,-1,-524,594,1055,-758,1217,-748,2197,3437,6759,1679,1543,1423,1
324692,1,5,1,34,-2,-2,-2,-2,-2,-2,3012,6379,-113,805,-1751,-171,-1197,2550,-508,120,1211,105,0
239597,2,4,1,32,-2,-2,-2,-2,-2,-2,19505,-402,3147,1064,-103,-1113,1172,2059,-377,-230,302,277,0
88306,2,0,2,29,0,0,0,0,0,0,44035,71283,34028,57208,33549,80533,4589,2982,889,6808,1906,1784,0
16548,1,2,1,59,0,0,2,0,2,2,7618,13526,7436,7429,8085,8415,12196,3912,771,575,990,1941,0
27704,1,1,2,25,2,3,2,2,2,2,4860,10015,5751,12198,-120,2697,4111,1345,-107,-8,-167,-673,1
271722,2,1,2,31,0,-1,0,0,0,0,9435,17532,46886,12072,33042,45945,944,18782,15908,5271,2936,146737,0
278506,2,2,2,30,0,0,0,0,0,0,116274,160099,119688,78283,92909,83693,14013,4667,4280,1869,216,1085,0
104012,2,3,2,43,0,0,0,0,0,0,11361,58044,53652,20581,23088,20872,5926,2856,1254,1801,3956,5663,0
191563,2,2,2,23,0,0,0,0,0,0,62007,101021,90104,8911,62152,19039,1958,1809,3003,4633,2379,4260,0
211216,1,2,1,26,0,0,0,0,0,0,79891,113412,78744,61500,83820,104548,14508,4550,2881,3694,3007,783,0
90285,2,1,2,35,0,0,0,0,0,0,33478,44488,49575,33199,9501,10204,1798,1860,1113,942,3229,208,0
95511,2,1,2,31,-2,-2,-2,-2,-2,-2,-1180,6072,721,322,626,1631,494,1265,-95,4321,1185,2622,0
236026,2,2,1,34,0,0,0,0,0,-1,362551,279890,58923,253554,44458,21503,8252,22395,4834,6523,10889,11169,0
83425,1,2,2,25,-1,-1,-2,-2,-2,-2,2067,-2242,212,297,-2242,945,-961,534,-873,-492,275,145,1
418976,1,2,1,33,-2,-2,-2,-2,-2,-1,2269,1276,434,593,7861,-233,322,692,531,881,4092,-248,0
436349,2,2,1,40,-2,-2,-2,-2,-2,-2,3738,3024,1601,1330,-920,2707,1859,1031,11248,-466,2153,213,0
21114,2,2,1,53,2,2,0,2,2,0,10824,26428,23242,29523,44292,56825,733,1730,3649,2463,849,-136,1
27357,2,2,3,40,0,0,0,0,0,0,3745,51563,40063,5786,15297,18568,1526,1261,445,764,2358,-100,0
69523,2,2,1,41,2,0,2,2,2,2,61834,140294,42034,117438,122928,75881,1428,2383,1314,2247,805,1386,1
6994,2,2,1,46,3,2,2,2,2,2,-4955,19372,6897,10683,59385,48609,701,1271,1172,12294,11517,-251,1
298078,1,2,2,34,0,0,0,0,0,0,101360,214841,167544,211560,161455,221798,13150,17594,10214,1835,3746,173,0
402892,2,1,2,34,-2,-1,-1,-1,0,-1,5180,11747,27902,10865,20697,38199,69994,1924,4042,28068,1030,12649,0
55500,2,5,1,25,0,0,0,0,0,0,59461,59214,65335,29974,43807,17318,3210,2698,457,1259,2142,-273,0
26360,1,2,3,37,-1,2,2,0,0,0,13186,12489,8349,2902,11880,17539,8594,468,7376,429,1732,2871,0
226335,1,1,1,30,0,0,0,0,0,0,99602,99526,111872,120327,140826,175418,10123,7581,7354,6944,3376,6677,0
18814,1,3,1,24,1,2,2,2,2,2,15735,60344,41969,45743,49888,36695,2437,900,2764,270,1535,1444,0
26120,2,3,1,49,1,2,2,0,0,0,452,43,16670,20236,-174,-688,-734,581,49,-7,748,132,1
73244,2,2,2,23,0,2,2,2,2,0,8704,15785,66329,43061,38470,39800,1756,1591,941,2676,1678,279,0
94328,2,2,1,35,-1,-1,-1,-1,-1,-1,384,1580,453,13618,5862,10272,-1118,2128,484,6247,1614,573,0
391033,2,3,1,46,-1,-1,-1,-1,-1,-1,-1039,-1281,-229,1558,1328,269,-432,-444,2337,240,-62,968,1
339602,2,2,2,29,0,0,0,0,0,0,70231,125719,81020,55991,27985,8253,11541,1326,1635,1764,2178,3808,0
24092,2,1,2,23,0,0,0,0,0,0,12352,-505,1378,7336,17636,3146,955,674,15,-16,846,350,1
417193,1,1,2,29,-2,-2,-2,-2,-2,-2,49511,36194,22626,-83,24684,2084,2989,1700,132,4246,1654,-44,0
192502,2,3,1,48,-2,-2,-2,-2,-2,-2,17779,-399,1738,-1797,-1776,746,1321,1459,348,-340,-233,-39,0
468710,1,2,1,30,0,0,0,0,0,0,253814,434405,177401,166955,247917,351014,9699,13698,16064,2830,8571,-118,0
122436,1,3,2,36,0,0,0,0,0,0,103142,128668,235367,104439,139118,383520,6065,8660,11363,6636,4505,88,0
267623,2,2,1,39,0,0,0,0,0,0,182393,327437,202664,371249,316562,265227,12300,20325,6704,3709,8802,2904,0
223425,2,2,1,49,0,0,0,0,0,0,125476,224671,119924,71895,154632,179637,7998,11730,3785,6813,10084,4822,1
27883,2,1,2,22,2,0,2,2,0,0,18159,1006,-269,32,7835,339,1074,2652,-110,-293,464,-240,0
86659,2,3,1,37,0,0,0,0,2,0,44508,64784,54902,33389,47015,43611,7488,2459,236,2043,711,-168,1
262632,2,2,2,30,0,0,0,0,2,0,137208,201389,84773,105420,137026,72846,14722,7626,3241,4315,3177,-255,0
193454,2,4,2,26,0,0,2,-2,-1,-2,60086,47838,1494,-933,-128,1538,1270,1320,574,-20,256,4101,0
85269,2,3,0,37,1,2,3,0,0,0,60754,17749,58947,35895,19226,27115,-1273,1443,3327,1740,3427,3045,0
121148,1,2,1,46,-1,-1,-2,-2,-1,-2,33,-1232,808,25,-896,-384,-363,166,-286,205,-130,665,1
256355,1,1,2,23,0,0,0,0,0,0,166815,192600,168351,106011,117568,182215,7559,9559,6634,3284,7833,2753,0
208883,2,0,2,42,1,-1,-1,-1,0,-1,6866,695,1438,4434,2891,1085,1858,2533,1772,6970,44673,-193,0
253218,1,2,1,36,0,0,0,0,0,0,314142,630789,198578,265353,346239,421765,9821,11087,3193,3452,2991,3816,0
226355,2,2,2,28,0,0,0,0,0,0,88478,184151,118068,121419,211803,86451,13906,10924,4355,2447,4835,1668,0
222197,2,2,2,29,0,0,0,0,0,0,111317,167060,164890,96122,130003,110513,11762,13923,4647,4343,3751,4488,0
506649,1,2,2,34,0,0,0,0,0,2,200479,149390,126610,285725,198616,154021,8666,10407,21878,4612,8276,5333,0
28803,1,2,1,35,0,0,0,0,0,0,27367,31462,17670,14038,9168,1565,2616,2140,-24,176,1647,-114,0
73213,1,3,1,28,2,2,2,2,0,2,9037,45273,34731,10477,1000,1082,1042,1965,370,2079,1437,246,1
238648,2,1,1,33,-1,-1,-1,-1,-1,-1,-1984,-2582,-41,-1134,1719,4,7106,24395,10496,4035,78402,6761,0
237868,2,3,0,49,0,0,0,0,0,0,64578,77316,93950,47953,142767,48329,17888,4267,9040,32789,3822,20417,0
379353,1,1,1,28,-2,-1,-1,-2,-2,-1,2953,314,2572,962,-530,-450,742,2218,14557,-292,79,208,0
139979,2,2,1,51,2,0,0,0,0,0,94102,157639,47845,24630,88019,47716,1696,6428,4221,1188,1064,2374,1
226495,1,2,2,29,0,0,0,-1,-1,-1,86311,68112,71892,12859,17294,31166,4244,5247,9333,3929,20639,106,0
200822,2,3,1,40,2,-2,2,2,-1,-1,5757,-733,5874,3666,825,-567,3081,503,875,7088,118,681,1
153080,1,2,1,52,0,0,0,0,0,0,137372,131985,109171,143781,133201,90147,5368,5559,2147,9215,1322,262,0
29506,2,2,2,24,1,2,2,0,0,0,12596,24577,17851,10446,14931,20430,-384,1023,1016,-319,-121,-190,0
434986,1,1,2,33,0,0,0,0,0,0,181753,152173,192965,184405,148736,274928,69450,5490,107931,4827,4234,3873,0
274147,2,3,1,51,1,-2,-2,-2,-2,-2,1279,-2401,-292,1894,341,1487,-663,-217,-631,-399,118,2169,1
476087,1,3,0,52,-2,2,2,2,2,2,-1235,115766,26116,48596,42241,53010,3521,19010,555,6065,13349,1144,0
232079,2,2,1,50,0,0,0,0,0,0,192709,153627,152916,213854,169194,142432,10526,9881,8196,4076,30832,4568,1
88749,2,5,1,49,2,0,0,-1,-1,0,3607,6401,13137,10825,221,810,1338,1797,1194,-110,1968,273,0
53671,2,1,2,22,0,0,0,0,0,0,678,6903,2279,19329,12880,26081,706,1558,125,200,869,184,0
245318,2,1,2,30,0,0,0,0,0,0,298181,346191,199545,94444,136057,243307,5926,6712,6438,2975,6721,1637,0
74819,2,1,1,29,0,0,0,2,2,2,11399,20285,7446,31920,11343,32200,3517,2038,515,2585,2110,-197,0
431238,1,2,1,37,1,0,0,0,0,0,79708,152432,236703,50385,159119,148481,52182,12903,3204,3691,1932,2610,0
159732,1,4,2,26,2,2,0,0,0,0,55575,69224,49249,44831,2558,67864,632,2520,-1095,2002,2714,1077,1
294893,2,4,1,34,-1,-1,-1,-1,-1,-1,2322,-98,3760,1153,76,1080,1160,2047,321,9481,59746,2043,0
24469,1,2,2,25,3,3,3,2,2,2,11086,2086,-1161,16659,6216,164,1896,26,-544,89,1095,-9,1
238141,2,2,1,35,0,0,0,0,0,0,80105,199766,303965,265536,137057,17695,7091,8992,13804,2988,12366,3203,0
210631,1,1,2,46,0,0,0,0,-1,0,4433,8836,17056,10812,12225,16842,1544,839,11006,1202,3747,607,0
218450,2,1,2,25,0,0,0,0,0,0,12322,15225,6067,4336,16289,5789,13087,4157,5099,3654,8648,433,0
137488,1,2,1,57,2,3,2,2,2,2,7886,43205,21994,55790,58572,58596,1439,2967,1507,2001,1768,1266,0
318493,2,1,1,39,-2,-1,-1,-1,-1,-1,25076,11484,19325,9852,7764,-9,22523,9732,19897,892,42094,14295,0
146596,1,4,2,31,-2,-2,-2,-2,-2,-2,2605,890,2199,-1052,-1170,338,740,1158,-203,550,1159,71,0
13228,1,2,2,24,0,0,0,0,0,-2,14234,15657,5351,4945,582,3990,9643,1875,824,469,136,96,0
247915,1,2,3,33,1,-1,-1,-1,-1,-1,1122,-232,2588,-337,1134,898,-322,1711,798,-318,1297,1999,0
214835,1,1,3,29,0,0,0,0,0,0,448669,273894,211502,61518,203907,40477,24637,24709,16362,17308,1355,6026,0
407282,1,2,1,30,0,0,0,0,0,0,166557,204658,126325,203495,193765,220008,5453,10267,63369,4283,1740,2322,1
55201,2,2,3,47,0,2,0,0,0,0,2608,354,641,8562,96,2357,-755,1200,-240,83,2596,-260,0
30595,1,1,2,42,1,2,0,0,0,0,-984,1082,1887,11874,395,7,-939,1335,-7,14,343,479,1
154988,1,1,2,32,3,2,2,2,3,3,12366,-907,-1240,-50,-591,1789,-640,-434,-984,37,262,778,1
23803,2,3,0,31,2,2,2,2,2,2,15287,16307,11005,37638,1419,3017,243,1997,148,647,819,512,1
169002,2,2,2,38,0,0,0,0,0,0,97133,111459,47787,12602,10417,-1037,1979,3409,1185,1485,2189,1167,0
243387,2,1,2,23,-1,-1,-1,-1,0,-1,12820,20304,17246,9260,10826,7811,2009,1802,19980,12076,1557,1888,0
24192,1,2,1,47,0,0,0,2,2,2,94863,30797,47942,41491,36156,58351,5809,4506,1858,3359,3377,887,0
67075,2,3,1,48,1,2,2,2,2,2,27522,10116,60306,38305,17026,46282,1494,2160,2644,415,1023,-73,0
174463,1,5,1,29,-2,-2,-2,-2,-2,-2,-1214,-3080,281,-499,-2404,-1379,-1626,-151,-791,192,281,2177,0
223703,1,0,2,26,1,-2,-2,-2,-2,-2,54614,17,1680,-953,2371,2439,1167,1228,1085,145,236,1209,0
149887,1,1,1,43,0,0,0,0,0,0,93107,176458,66867,76672,114714,80999,13193,2196,1041,3143,635,7351,0
143009,2,2,1,37,1,2,0,0,0,0,54152,129198,63461,60336,92591,84166,7826,4254,1453,1081,4437,787,0
227408,1,3,0,37,0,-2,-2,-2,-2,-2,84499,36069,87972,20606,20038,824,11904,1417,737,8989,3515,13994,0
49968,2,3,3,27,0,0,0,0,0,0,24377,18931,8349,8184,10555,19605,1947,682,491,206,2846,324,1
394644,2,3,0,34,-2,-2,-2,0,-2,0,40575,16810,20465,40463,11075,35698,33030,21161,16755,2206,11642,6831,0
103869,2,2,3,47,1,-2,-2,-2,-2,-2,-970,3613,1284,52076,9352,20313,8652,1138,-836,6383,214,94920,0
20158,1,3,2,23,2,2,2,0,0,0,5840,-1246,7049,2150,451,1642,-1363,367,102,-276,1552,1751,1
23637,2,1,2,24,3,3,2,2,2,2,1348,19273,2852,16384,1933,12516,2497,1767,114,1593,1196,-201,0
497200,1,3,0,39,-2,-2,-2,-2,-2,-2,13290,18073,56620,38388,26345,28309,27531,17380,18188,603,3090,8541,0
50053,2,1,2,23,0,0,0,0,0,0,35739,49766,51532,2770,11067,12969,1029,1211,-633,348,1222,972,0
199723,1,3,1,44,-1,-1,-2,-2,-2,-2,2890,581,2670,2239,-2183,-1105,701,1199,-134,-139,1194,404,0
307051,1,1,2,27,0,0,0,-1,0,0,190546,172687,169044,88044,75567,78222,8683,103836,8952,43941,2847,4541,0
221591,2,5,1,35,-2,-2,-2,-2,-2,-2,3865,51420,2600,2935,15123,19192,31797,1215,1270,-85,19433,1979,1
343325,1,2,1,32,0,0,0,0,0,0,61418,63577,224726,174771,86237,100858,1988,9975,16183,7724,536,10199,0
17300,1,1,2,56,0,0,0,0,0,0,11939,13784,11986,7650,11053,7248,9563,2173,904,679,6522,2529,1
227590,2,1,2,36,0,0,0,0,-1,2,120695,86537,77672,52229,24547,52595,11703,18786,20839,5412,1073,43303,0
216160,2,3,1,47,1,-1,0,-2,-1,-1,23571,11450,-2032,11730,618,-1216,1208,1918,96,101,900,217,0
222444,2,2,1,38,0,2,0,0,0,0,1902,91528,63692,20764,23307,25274,1152,84243,2442,2642,1972,1721,0
21530,2,2,2,36,1,0,2,0,0,0,-4250,16810,20303,8016,16515,15355,2374,4045,497,5628,1306,5848,0
496971,2,3,1,23,0,-1,0,0,-1,-1,8131,9627,16630,7194,8745,16065,12817,3344,3420,59,166,89,0
44963,2,1,2,27,0,0,2,0,0,0,5189,4123,10468,9911,-71,11150,396,3445,1302,746,487,4817,1
231685,1,2,1,41,-1,-1,-1,-2,-2,-2,-3850,-3198,598,3223,-879,1679,-1634,-662,-1543,-419,194,-21,1
262199,1,5,1,43,0,0,0,0,0,0,98900,156416,88760,97844,219011,63695,22048,7039,11741,5691,3685,533,0
223475,2,1,3,41,0,0,0,0,0,0,11824,1885,3062,8166,14111,13554,1778,1641,758,-292,401,510,0
190973,2,1,2,24,0,0,0,0,-1,0,4564,5090,2423,1737,17988,95,1871,1443,144,5081,2136,1548,0
248458,1,2,1,29,1,2,2,2,-1,2,6253,4090,14400,13578,-53,47218,-35,891,39228,3262,395,1586,1
348252,2,1,1,44,-1,-1,-1,-1,-1,-1,7930,9026,1150,-24,564,2088,280,3470,2397,2905,1962,1768,1
223348,2,2,2,28,1,0,0,0,-1,-2,299722,68837,73581,65403,60304,78963,7621,2531,511,7735,1670,1171,0
25572,2,2,1,33,0,-2,-2,-2,-2,-2,14062,15290,9389,9133,676,2104,4780,21432,430,4934,4515,-21,0
196586,2,2,2,25,0,0,0,0,0,0,18395,108304,96271,76739,62728,2222,8033,11845,7246,2530,7857,10789,0
241689,2,2,1,34,-1,-1,-1,-1,-1,-1,12722,2047,818,-592,-167,992,3155,1069,-484,1426,1057,871,0
400595,2,2,1,34,-1,-1,-1,-1,-1,-1,-4577,-1467,13523,7604,15169,501,3337,8947,104710,6229,4828,13647,1
216462,2,2,1,27,0,0,0,0,-1,-1,11822,7880,11857,16150,15790,1217,2581,3654,857,2425,5016,16790,0
500262,2,2,1,34,0,0,0,0,0,0,191374,157304,102036,150543,218192,163358,4673,9406,11350,7072,2214,12992,0
52547,1,2,3,32,-1,0,0,0,-2,-1,1772,2904,1215,-217,753,1442,-287,-333,1082,-116,4860,-555,0
523192,1,2,1,34,0,-1,-1,-1,-1,-1,14455,2989,9987,6644,27617,11048,12149,10919,16086,101922,9812,13665,0
322781,2,2,2,28,1,0,0,0,0,0,60173,72221,70101,35307,28814,6677,1343,3781,2867,2041,2177,1015,1
298634,2,1,2,30,1,-2,-1,-1,-1,-1,1650,-269,3924,-665,12429,13738,2459,1781,33982,1604,2284,1760,0
156917,1,1,2,32,-1,-1,-1,-1,-1,-1,679,1116,2332,561,369,-644,568,779,-935,473,449,519,0
288342,1,2,0,39,-1,-1,-1,-1,-1,-1,2290,7412,72,-727,-2184,497,948,1620,238,143,-140,301,0
159146,2,1,2,27,0,0,0,0,0,0,95851,210039,71503,113781,99395,77668,6782,7110,1979,1983,1387,1479,0
34148,1,3,1,47,0,0,0,2,2,2,12633,16826,17817,226,4427,23119,2705,2539,70,606,269,-275,1
344037,1,2,2,37,0,0,0,0,0,0,273548,164126,331023,91875,243766,180218,14189,8307,11753,8928,3261,-245,0
205843,1,2,1,40,-1,-1,-1,-1,-1,-1,13568,8173,14802,8048,1391,664,39737,18078,16703,3881,2503,2765,0
157033,1,2,2,33,0,0,0,0,0,0,64335,56485,39822,88308,70773,71795,1302,3329,14,19389,1048,2030,0
151824,2,2,2,45,1,2,2,2,2,2,40723,172586,59124,62165,122203,199068,733,6101,3452,2090,2008,1333,0
127378,1,2,1,37,1,2,-2,3,0,0,58117,201112,64741,103201,51133,27418,1812,2240,12216,695,384,413,1
91930,1,3,2,32,0,0,0,0,0,0,2376,39958,21846,36371,1192,1219,1920,2367,257,3704,1766,-331,0
130548,2,2,2,36,0,0,0,0,0,0,175054,325306,194578,140876,91683,65735,10397,3518,8446,7764,4794,969,0
255135,2,4,1,32,-2,-2,-2,-1,-1,-1,2294,12009,27653,1414,457,2460,9223,2337,17639,6506,25773,3370,0
204329,1,2,1,45,2,0,0,0,0,0,51204,48960,45438,5133,27099,35010,2008,1649,268,1756,1350,7096,0
101384,2,3,1,53,1,-2,2,-2,-2,-2,1184,5454,-33,-458,-134,1488,-172,378,27,-757,734,-3,1
197202,1,2,1,26,2,2,3,2,3,0,26989,6228,10725,26290,22548,47873,1480,1736,619,5917,1073,1221,1
144837,1,1,2,23,-1,-1,2,-1,-1,-1,2240,3522,1214,-701,1305,-641,4939,3538,760,3636,4111,-147,0
180545,2,2,1,49,2,0,0,0,0,2,115572,156212,8723,65120,150191,21939,3393,1506,1292,17,37,-601,1
76415,2,2,2,33,-1,0,0,0,0,0,375,1647,2197,5878,5705,11636,566,315,3047,273,411,398,1
197117,2,1,1,28,0,0,0,0,0,0,110708,299812,335932,171022,134284,66759,111337,8927,3525,5555,10282,4403,0
397940,1,2,1,35,0,0,0,0,0,0,313405,230008,251178,171217,192465,185232,5460,24574,15832,56204,5372,6214,0
427105,2,2,1,33,1,0,0,0,0,0,151356,179362,190222,237258,265164,130669,3334,11070,10715,3651,11649,2074,1
106589,2,1,2,23,0,0,0,0,0,0,46682,179468,75203,59956,58582,67064,1174,4214,1031,406,980,4611,0
79092,2,2,2,24,0,0,0,0,0,0,15560,41268,60878,355,1072,512,4531,1864,799,24,161,10,1
408787,1,1,1,36,0,0,0,0,0,0,115029,161983,179576,175710,101747,146413,11014,9744,9981,4778,2373,2021,0
226427,1,5,1,36,0,0,0,0,0,0,402126,427674,276504,223856,271439,402016,13083,8887,9235,4271,3961,14555,0
175406,2,2,1,29,-2,-2,-2,-2,-2,-2,4000,-436,1638,23784,13886,44618,208,2237,523,5784,22287,1506,0
92332,2,1,1,31,2,0,0,0,0,0,92308,78044,57567,84393,40939,67146,-165,2566,1437,1668,1053,2591,1
369938,1,3,1,36,-2,-2,0,0,0,0,355596,241691,355740,364005,170252,449506,11204,9476,128673,4423,2006,65987,1
23698,1,1,1,33,2,3,2,2,2,-2,6945,12303,701,-1199,-253,-830,1297,660,-451,205,214,94,1
13793,2,2,2,36,2,2,2,0,0,0,7504,524,1991,15396,1230,20101,277,1549,3012,-36,902,-132,1
25905,1,1,2,24,1,2,2,2,0,0,-426,10064,5961,27648,34218,33314,559,2629,393,162,471,2217,1
26783,1,2,1,26,2,0,0,2,2,2,18078,997,-285,-628,-488,649,1418,1625,1019,120,-300,269,0
18070,2,2,1,24,0,0,0,0,0,2,15180,12727,1949,4399,1438,1293,911,2412,172,-82,374,119,1
235431,1,1,2,41,-1,-1,2,0,0,0,-524,137,2856,2554,1045,900,1002,3063,904,-12,2222,367,1
140089,2,2,2,35,1,2,0,0,0,0,50425,79077,73299,26896,42141,79393,838,1507,421,466,1409,-124,0
19957,1,2,1,26,3,2,2,2,2,2,12959,17515,18023,43883,14853,17970,2091,2167,-314,-217,959,-591,1
494684,2,2,1,34,0,0,0,-1,0,0,166961,191668,77678,104914,108068,4999,10551,7093,4733,97683,3366,2842,1
52997,2,2,3,37,0,0,0,0,2,0,40002,60975,40089,37183,14127,38795,4087,4264,-532,209,2924,1103,0
28678,2,2,2,23,0,0,0,0,0,0,55876,15999,43543,-365,43755,1939,5257,921,160,327,1852,5190,0
57442,2,2,1,45,0,0,0,0,0,0,1426,13595,24285,2249,-798,18373,1392,20360,-280,825,2799,16301,0
314280,2,2,2,31,1,-2,-1,0,0,-1,-597,-308,1473,-1100,12707,43,-879,442,397,189,2449,640,0
213334,1,4,1,33,1,-1,-1,-1,-1,-1,9988,2052,19471,-923,33737,1274,-96,107445,19366,670,47967,4991,0
74413,2,3,2,28,2,0,0,0,0,0,48293,51271,45862,32179,38515,47731,1876,2161,1807,4176,764,-97,0
498920,2,2,1,32,0,0,0,-1,0,0,6602,8858,15746,10049,4082,5260,8414,24972,7654,4679,5385,3436,0
199960,2,2,2,28,-1,-1,-1,-1,-1,-1,2574,129,1256,-91,212,1390,915,2016,635,7892,1246,8694,0
265961,2,3,1,49,0,0,0,0,0,0,69687,57619,42747,53676,82637,99123,8627,1858,11102,3041,1515,8070,0
31086,2,2,2,24,1,0,0,0,0,0,-571,1530,18855,7649,11489,13267,-285,1285,413,-187,2882,36,0
221175,2,2,1,33,1,0,0,0,0,0,34628,50854,44866,10550,4307,487,9392,1549,-324,417,1863,16732,0
340414,2,2,2,23,0,0,0,0,0,0,22745,104962,116713,35701,73141,129495,1771,8650,1717,108,2353,4276,0
17988,2,2,1,48,0,0,0,2,2,2,20612,32710,20243,12030,14888,24952,14637,5642,547,6549,1300,1238,0
47975,1,2,2,27,0,0,0,0,0,0,40158,47731,56228,8635,19930,29060,2507,1848,47,2359,3797,411,0
46137,1,2,1,42,-1,0,2,-2,0,-2,1927,-890,771,11292,-20,8304,135,1425,-246,236,217,28,1
223740,2,1,2,37,-2,0,2,-1,-2,-2,2615,-494,-100,-352,-958,-677,6441,-90,-228,-328,115,389,1
19405,2,1,2,31,-1,0,0,0,0,0,12404,52556,12237,3609,14712,42177,5327,862,4064,419,1370,1982,1
26416,2,2,2,24,1,2,2,2,0,3,11742,8668,1521,11102,4723,14721,748,655,-247,283,1625,630,1
501970,1,2,1,36,-2,-2,-2,-2,-2,-1,84370,13983,27988,56092,16187,53822,2419,24313,22171,8206,34355,11445,0
52033,1,3,1,44,1,-2,-2,-2,-2,-2,-171,6120,11386,14874,-1590,16289,-731,-244,271,823,-5,301,1
93710,1,2,3,36,-1,-1,0,0,0,0,2830,2422,819,1835,875,1163,806,1276,991,3026,4741,1760,0
171219,2,3,1,31,-1,-2,-1,-1,-1,-1,12434,-582,3529,-1148,-714,5806,10812,14318,-82,330,9082,6951,1
148125,2,1,2,32,0,0,0,0,0,0,114196,178241,94546,105015,81931,76185,6381,4200,8337,2006,3157,562,0
79079,1,3,1,56,0,0,0,0,0,0,46820,45714,42121,40747,21600,45928,5305,1786,1935,701,80,1079,0
9910,2,2,3,48,0,0,0,0,0,0,54869,19465,17701,14008,4934,20378,1206,2688,665,1790,2647,-140,0
51248,2,1,0,24,0,-2,0,-2,-2,-2,23814,14661,2314,11649,2325,2729,5579,2354,554,21544,638,81,0
158895,1,1,1,24,2,0,0,0,0,0,54322,68125,64739,32266,57520,53941,2272,2987,981,1423,1204,2106,0
22517,2,2,1,38,0,0,2,0,0,0,17337,25683,13566,6148,14598,17508,639,2392,464,5601,2604,932,0
217937,2,4,2,32,0,0,0,0,0,0,89875,98111,64656,76400,74722,69594,3838,2362,2278,410,3656,1381,0
473696,1,2,2,40,-2,-2,-2,-2,-2,-2,3023,13574,27674,13747,-891,1365,19596,20107,364,25730,6229,7451,0
166092,2,2,2,33,0,0,0,0,0,0,78376,179349,52361,105016,68638,68356,3979,3658,1260,2947,2188,2134,1
79927,1,2,1,42,0,0,0,0,0,0,64427,55494,79844,73912,36397,43465,7848,3470,2569,3007,3795,1548,0
125147,2,1,1,50,-1,0,0,-1,0,-1,52445,70580,71966,53734,42005,-1430,3352,10430,1423,5944,3928,4537,0
203757,1,2,1,53,2,0,0,0,0,0,80478,89374,95167,72722,47708,97139,-185,310,5839,680,3801,8622,0
23961,2,1,3,37,1,0,0,0,0,0,13730,1784,8502,5654,4110,16208,-238,1215,728,62,1129,373,0
147642,1,2,2,30,-1,-1,2,-1,-1,-1,-925,-234,1844,1303,1694,1135,-810,1896,-783,-273,562,149,1
14397,1,2,1,33,0,0,2,0,0,0,55661,51637,47663,34939,36110,25557,646,1356,38,1508,120,-440,0
101622,2,2,2,23,0,0,0,0,0,0,40980,73189,46776,36838,43304,34705,2309,2300,362,1119,469,1337,0
39454,1,1,2,31,0,0,0,0,0,0,11263,13028,20483,9504,30703,34019,1185,660,671,136,1396,353,1
56936,2,3,3,39,1,-2,-2,-2,-2,-2,856,844,1417,-1115,-612,837,-344,1054,-6,-170,1403,-173,0
293087,2,1,1,32,2,-2,0,0,-2,-2,59949,32937,1723,-842,-176,973,-293,1219,1144,161,-79,148,1
267562,2,5,1,44,0,0,0,0,0,0,122644,166303,110400,52374,128066,216755,4666,13474,2743,1955,4210,979,0
273937,1,1,1,29,0,-2,0,0,0,0,8082,5550,6350,12243,4140,208,3046,634,8832,513,85,260,1
19281,1,2,2,23,2,0,0,2,2,0,14856,24961,18647,16863,26676,26374,2344,2081,1597,1051,2025,-438,0
518135,1,1,2,41,-2,-2,-2,-2,-2,-2,-1165,5264,997,17425,1393,557,1903,17531,807,27547,25300,21382,1
125424,1,2,2,23,0,0,0,0,2,0,81602,127485,84020,48439,51914,67926,2136,6107,426,3864,1766,837,0
291299,2,2,1,41,0,0,0,0,0,0,145911,354283,162780,95201,104595,177932,3028,2430,10861,8584,2038,3389,0
53767,2,2,1,25,0,0,0,0,0,0,23747,56019,56005,17839,12743,17293,1244,1932,1353,1257,4763,3765,0
177716,1,2,1,45,-1,-1,0,0,-1,-1,90212,61845,56787,15068,1821,-206,455,9167,2400,2717,1504,2239,0
19672,1,2,1,23,0,0,0,2,2,2,15654,9560,8178,9488,11767,16781,2504,2499,2415,406,1215,-298,1
29076,1,2,1,48,3,-2,2,-2,3,4,23384,248,10105,182,-396,670,477,154,-490,1343,301,-86,1
184966,2,2,1,37,-2,-2,-2,-2,-2,-2,5079,262,3051,873,132,2369,1273,2538,-199,1591,1389,-554,0
290149,2,2,1,55,-2,-2,0,0,0,-2,36753,669,6310,6931,-6182,-988,1196,1200,713,656,3093,118,1
42254,2,2,2,24,1,2,2,2,0,0,12528,14494,1339,14632,422,29563,959,1542,-117,531,2076,1072,0
101496,2,2,2,46,0,0,0,0,0,0,6449,96238,77001,28866,8731,40804,2342,5637,4475,3190,1332,9907,0
343554,2,5,1,36,-2,-2,-2,-2,-2,-2,1570,-207,1064,1798,404,849,610,2305,1739,579,1217,1647,0
287525,2,3,0,44,-2,-2,-2,-2,-2,-2,2039,11897,2785,469,-1636,-57,54716,1396,340,117,-76,290,0
167109,2,2,1,50,1,2,0,2,0,0,63308,202935,54150,117811,77905,103482,10086,6229,2585,889,4376,1145,1
46545,2,1,2,25,1,0,0,0,0,0,12718,28288,14127,15597,9359,6150,45832,1435,92,8509,4857,5553,1
199673,1,1,1,32,-1,-1,-2,-1,-1,-1,14740,2228,-1919,1090,-322,-439,1333,23937,372,1017,-43,387,0
27043,1,1,2,22,-1,-1,0,0,0,0,2271,1960,16297,10390,15441,14338,713,3110,998,188,0,234,1
230301,2,2,2,28,-1,-1,-2,-1,-2,-1,-8,-1660,2380,665,80,1448,252,1243,-581,3346,4492,320,0
35847,1,1,2,26,-1,-1,0,0,-1,0,10263,542,2779,15329,13123,939,-88,560,170,152,3256,179,0
233759,2,2,1,40,-1,-1,-1,-1,-2,-1,255,-195,103,1254,-806,-1250,22,1878,-450,178,-183,483,1
235179,2,1,3,35,-1,-1,-1,-1,-1,-1,-1316,-3490,2186,931,-992,261,1166,1142,-651,5603,4133,3790,0
19273,1,3,2,23,2,3,2,0,0,3,13496,-979,-1158,-422,-911,168,37,893,-387,-380,-117,-65,1
135089,1,3,2,47,0,0,0,0,0,-1,284,22879,-1032,12007,-1426,1058,-299,650,770,546,62,159,0
483814,2,2,1,40,0,0,0,2,0,0,2500,18126,28830,12121,17524,25177,6441,1890,759,3622,1874,9413,0
204011,2,1,2,26,-1,-1,-1,-1,-1,-1,-1068,1474,9337,-953,514,-800,1321,87319,3730,419,88,329,0
54583,1,3,1,41,1,-1,2,0,0,0,146,15473,18281,5902,-1219,923,401,4836,262,436,1367,178,1
177548,1,4,2,29,0,0,0,-1,-1,-1,64426,4029,88353,9559,397,2070,12459,3564,2412,9250,3276,4833,0
147520,2,2,2,36,1,2,-1,0,0,0,5517,5227,39685,50802,36953,17493,5277,829,2605,5009,3680,1885,0
396587,1,1,1,34,0,0,0,0,0,0,488666,546602,545157,385936,389160,480165,21765,20069,18343,6280,16445,2510,0
27147,1,2,1,37,2,0,2,2,2,4,2079,9371,6522,9826,7874,17083,4298,681,1435,852,4852,604,0
29828,1,3,0,42,0,0,0,0,0,0,22368,1925,1542,5013,3711,10987,645,2129,621,-228,388,1286,0
420873,1,2,2,24,-1,-1,-1,-1,-1,-1,3023,898,1351,-2480,-322,1907,1091,2492,803,1869,1543,1348,0
144992,1,2,1,43,-1,-1,-1,-2,-2,-2,382,-188,1159,2779,1941,2602,-1099,-457,-64,194,-94,202,1
235837,1,5,1,31,-1,-2,-2,-2,-2,-2,2296,2182,1813,-763,96,418,112,452,-622,-555,361,276,0
90809,1,2,1,37,-1,-1,2,-1,-1,-1,11984,13171,27360,10569,41086,20962,2108,2102,1690,3276,1673,861,0
20099,1,2,1,41,2,3,2,2,2,2,-4483,13903,1410,5137,7242,18287,3689,1395,-582,5777,421,416,1
199756,2,2,1,62,0,0,0,0,0,0,81215,96036,121696,114351,119837,89343,5236,9465,616,2326,1429,2015,1
241160,2,2,1,41,-1,-1,-1,-1,0,-1,9464,480,18901,18363,20837,11708,4570,2762,456,7051,3276,6906,0
232140,1,2,1,42,-1,-1,-1,-1,-1,-1,765,381,553,1777,1378,1070,-299,-739,-689,647,1118,810,1
74569,2,2,2,48,1,2,2,2,2,2,-4009,23896,85657,41099,11481,52493,1515,3220,-444,1367,3238,-645,1
23595,2,2,1,38,0,0,0,0,0,0,11678,34695,16182,13997,15342,36868,1886,1405,1470,1468,3048,118,0
130495,2,5,1,36,-2,-2,-2,-2,-2,-2,259,3471,21584,14498,388,15713,3425,44872,16376,29479,1321,7380,0
93450,1,2,1,29,-1,-1,-1,-1,-1,-1,2116,-1035,-895,874,1060,1386,343,678,433,514,1834,139,1
13945,1,2,1,23,-1,0,0,2,0,0,3070,22027,1241,3200,32301,20161,1846,1146,6554,4093,1826,2063,0
21940,1,2,3,47,2,2,0,2,0,0,2468,14010,12073,6149,31415,53448,935,2081,575,1349,2842,3237,1
80380,1,1,2,43,0,2,0,0,0,-2,41239,49460,57152,8413,24239,177,465,1442,516,428,214,1522,0
287649,2,2,1,36,-2,-2,-2,-2,-2,-2,216,-934,1648,1093,-961,242,-557,-180,-379,-196,1173,765,1
201711,1,2,2,27,-1,-1,-1,-1,-1,-1,1145,602,2102,880,181,1350,199,1023,102,520,1796,-171,0
75643,1,2,2,35,-1,-1,-1,-1,-1,-1,1583,145,-898,1163,261,402,-831,-218,1135,1096,292,570,1
51516,2,1,1,59,0,0,0,0,0,0,53098,61523,64026,44759,48847,18951,6524,4426,1290,5514,2745,2103,0
60193,2,2,3,22,0,0,0,0,0,0,34813,1720,46559,8354,9552,19037,3391,2317,317,1549,4645,2556,0
51765,2,2,1,49,1,-2,2,2,-2,-2,311,8390,-269,-773,296,-1019,-1015,1028,-131,-335,-140,484,1
192484,2,1,1,47,2,0,0,0,0,0,71776,128401,96270,67706,149714,86776,4072,5555,1680,2067,1606,3887,1
400503,1,2,2,30,-2,-2,-2,-2,-2,-2,-500,-1064,849,971,-2042,2816,690,1328,102,2045,427,129,1
353479,2,1,1,26,1,-1,-1,3,-1,-1,3490,-1475,330,7047,-810,781,351,1408,1678,649,1380,668,1
209893,1,2,1,36,1,0,0,0,0,2,28757,36387,39110,30913,19743,38492,5594,2932,2336,1804,4229,2965,1
191076,1,2,1,44,1,-1,2,-2,-1,-2,459,237,102,1913,600,2872,45,-135,241,208,845,1488,1
45466,2,2,1,25,2,2,0,0,0,0,13389,43076,43478,18854,12679,63179,496,1476,-416,713,525,658,1
209742,2,3,0,40,1,0,0,0,-1,0,42489,17924,18687,18140,8128,12155,1120,6267,1918,3992,5906,171,0
202565,2,2,2,23,0,0,0,0,0,0,15617,3582,3792,12340,13867,-1110,3143,1045,955,351,1243,405,0
160940,2,1,1,49,0,0,0,0,0,0,37263,53217,39511,30389,9662,41437,171,4203,-143,2209,987,6396,0
148800,1,3,1,27,3,-2,-2,-2,-2,-2,5422,-1546,339,-861,-2225,940,-354,587,-124,-675,-186,-24,1
474185,1,0,2,28,0,0,0,0,0,-1,98977,31422,16529,4913,29522,710,12124,1875,9342,789,6272,4103,0
351469,1,1,2,36,1,-1,2,0,0,-1,-552,9667,19521,5297,6360,51703,-117,1328,1054,1052,20411,20249,1
210530,2,4,1,37,-2,-2,-2,-2,-2,-2,8063,1522,24291,2769,573,872,9814,24185,-31,4186,48838,97523,0
272058,2,2,1,37,0,0,0,0,0,0,180876,236861,87437,175246,46766,43425,4443,11073,7285,3355,2352,3716,0
136452,1,1,2,29,3,-1,2,2,-2,-2,17583,360,744,-675,914,537,924,1335,-864,-798,1945,936,1
34531,1,1,2,27,0,0,0,0,0,0,48465,4673,22032,5926,273,22382,4109,1162,-29,241,425,51,0
91005,1,2,2,30,1,-1,-2,-1,-1,0,1124,1408,439,16403,-153,349,3134,1839,49,-304,1607,-16,0
202859,2,2,2,29,0,0,0,0,0,0,29349,53256,63725,13257,19997,13564,2589,277,2639,714,-27,1135,0
87144,2,1,2,32,1,-1,-2,-2,-2,-2,1567,-764,326,1045,275,1275,1519,1160,880,2474,1724,218,1
486680,2,2,2,48,-2,-2,-2,-2,-2,-2,21144,22153,9371,-1252,-4459,2658,1342,3030,10998,170,14645,54830,0
30584,1,2,1,40,0,0,0,0,0,0,7690,18700,14974,6616,17961,21088,4685,117,1313,2548,3884,1017,0
73670,1,2,1,27,-1,-1,-1,-1,-1,-1,-291,-242,3245,2050,1403,521,324,1108,1483,3013,5009,1476,0
50844,2,3,1,49,0,0,0,2,2,0,14197,12929,6872,6131,11547,12677,1232,1831,17714,374,2939,27,1
392126,1,1,1,34,0,0,0,0,0,0,94786,132556,100300,111563,131377,88712,4129,7480,2825,6286,4259,1744,0
23084,2,2,2,25,0,0,0,0,0,0,23868,3103,11540,7980,22333,15062,2009,1895,108,12885,519,103,0
368477,2,1,1,34,0,0,0,0,0,0,167490,189223,203514,88526,112130,80408,10025,10526,6276,4907,4072,2531,0
180525,2,2,3,53,1,0,0,0,0,0,2838,11696,1137,2819,-877,1285,674,1896,400,371,1251,146,0
89372,1,2,1,40,1,-1,2,4,-1,-1,-1227,15135,827,2321,1850,1745,-265,1194,-209,9369,1671,2160,1
26716,1,2,1,24,3,3,2,2,2,3,-748,11133,17823,-1044,-710,-184,1388,647,-1384,-594,124,182,1
119299,2,3,2,35,0,-2,-2,-2,-2,-2,19170,11287,11577,7914,-977,-112,2931,510,459,128,412,188,1
240248,2,3,1,36,-1,-1,-1,-1,-1,-1,3297,-1888,-206,689,610,-205,-777,2231,-306,2521,2060,2641,0
89208,2,2,1,24,2,2,0,0,0,0,29400,48228,51985,32976,42669,60816,313,1103,269,7055,1478,388,1
233122,2,1,2,29,0,0,0,0,0,0,57479,142236,47453,58867,100966,77650,6849,3109,2677,2329,1430,-357,0
322910,1,1,1,38,0,0,2,-1,-2,-2,55027,9402,53358,9187,-1699,484,4398,1864,726,-68,204,59174,0
243543,1,2,2,26,0,0,0,0,0,0,40552,130456,79269,53282,135715,82907,5754,2190,191,1939,4660,2486,0
21473,1,1,2,29,1,-1,2,-1,0,-1,1903,-479,-1023,1226,137,284,-665,1348,-430,4190,2600,170,1
81758,2,1,2,46,-1,-1,-1,-1,-1,-1,2099,-115,189,-2264,-337,3859,746,22131,18024,1519,47029,5172,0
287139,1,2,2,27,0,0,0,0,0,-1,514496,138226,410008,115812,97360,73819,10886,4766,20649,6604,9043,715,1
52561,1,3,1,48,1,2,2,0,0,-1,67535,-1768,1208,58,-1078,605,-425,1682,1061,-629,261,200,0
89314,1,2,2,35,-1,-1,2,0,-1,-1,8386,46,-55,550,758,15476,-156,453,542,1754,3014,4368,1
21374,1,2,1,50,3,0,2,0,0,0,23353,3279,-181,13982,18432,127,847,1341,513,32,156,98,1
57743,2,1,1,22,0,0,0,0,0,0,13867,55143,63977,10358,12701,9967,1515,2179,1224,-712,2671,1307,0
523859,2,2,1,37,0,0,0,0,0,0,226635,254998,159479,191804,238342,173921,5018,7761,4955,8033,5275,3700,0
20575,2,2,1,37,0,0,0,-1,0,0,65800,105291,20552,9708,7596,17708,5612,695,1723,1854,2137,498,0
208763,1,2,1,32,0,0,0,-1,-1,0,-1619,-1672,11542,10824,21258,9052,3764,7521,196,3126,3514,6251,0
100422,1,2,3,24,-1,0,0,0,0,0,2643,3539,2546,943,20942,25673,148,651,595,2399,1243,48,0
70336,2,2,2,26,0,0,0,2,0,2,55994,28114,25831,39270,26352,31557,2672,2296,453,2212,1396,256,0
83076,1,2,2,23,0,0,0,0,0,0,29776,60613,66403,11567,14027,23864,2536,1669,416,2455,2408,198,0
29142,2,3,1,47,-1,-1,-1,-1,0,-1,2296,-2014,-378,6932,-611,-1307,-988,456,461,-26,376,184,0
499172,2,2,1,48,0,0,0,0,0,0,113244,428992,257596,348785,324811,383655,47534,15256,20877,31375,14483,151870,1
26092,1,1,1,37,0,0,0,2,2,2,16671,15425,9323,9112,-1684,15956,2262,2423,-358,241,-74,121,0
203224,1,2,2,24,-1,-1,0,-1,-1,-1,25428,23011,16298,6933,12215,16060,2081,23347,17467,15348,6915,5395,0
193895,2,2,1,40,2,0,0,0,0,0,60888,140018,138067,82146,87246,54715,555,1877,1234,1016,3140,1957,1
75805,1,3,1,33,0,0,2,2,2,2,46217,25487,37443,30043,23307,55441,6476,2969,532,548,1621,126,0
233924,1,5,1,31,0,0,0,0,0,0,43936,72185,113043,61277,48722,74466,2798,2209,1757,3170,3879,3,0
256778,1,2,1,29,1,3,2,-1,-1,-1,11933,9583,2325,-648,-587,-705,10080,1324,-82,589,4478,417,0
306540,2,2,2,32,-1,-2,-2,-2,-2,-1,972,-903,867,1406,866,1263,-402,1047,-301,898,1249,277,0
234091,1,2,2,38,1,-2,-2,-2,-2,-2,3844,755,606,568,-1809,-406,-554,497,-1290,-94,-153,-40,1
92958,2,2,1,37,0,0,0,0,0,0,76006,77236,73542,123891,55319,60014,4031,2113,2853,666,1655,7849,1
133183,2,2,3,37,0,0,0,0,2,2,95851,200058,119821,124332,52015,96506,5433,7458,1555,2857,5185,1165,0
87367,2,1,1,38,-1,-1,-1,0,0,0,2059,2207,3156,2554,11439,23437,3530,2157,1306,3787,2238,346,0
29326,2,2,1,34,2,0,2,3,0,0,3467,3460,15139,13547,27851,17132,2691,1362,394,832,175,-83,0
83982,2,2,2,37,-1,-1,-1,-1,0,-1,11813,1037,1485,-627,1471,-949,639,2269,758,521,2919,429,1
202769,2,1,1,31,0,0,0,2,0,2,71351,129655,70696,89302,108581,66632,4444,3425,10835,685,-35,2986,1
388367,2,2,1,40,0,0,0,0,0,0,94127,190232,160892,94978,145056,208115,6740,13503,2905,2791,5181,3403,1
109876,1,5,2,25,1,-2,-2,-2,-2,-2,1688,1635,1691,217,-133,843,627,1433,452,177,-28,698,0
181018,2,4,1,34,-2,-2,-2,-2,-2,-2,16544,1332,748,415,272,621,1637,2132,72,7197,229,1597,0
158705,2,2,1,46,0,0,0,0,0,0,31751,35408,49566,17409,19858,5934,1743,2194,1792,-34,3500,467,1
142521,2,2,2,22,0,0,0,0,0,0,91978,75573,61141,34288,61979,71961,8435,2986,2300,833,2294,917,0
93898,1,1,1,43,-1,-1,-1,-1,-1,-1,354,-2723,-712,712,-123,-1228,766,1133,1366,576,1931,244,1
506844,2,1,1,34,-2,-2,-1,-1,-1,-1,16216,19456,26688,319874,49352,14145,18512,22073,15774,47268,18748,16294,0
71293,2,1,1,30,0,0,0,0,0,0,69860,99633,88839,28270,34428,72323,4794,2215,957,879,1231,501,0
212249,1,1,2,33,-1,-1,-1,-1,-1,-1,824,-1544,-920,-888,-956,-120,167,2025,308,5963,176,629,0
381289,2,2,1,38,0,0,0,0,0,0,38464,64578,51294,93852,41934,68461,3273,5403,3940,7673,4225,-75,1
382422,2,1,1,49,-1,-1,-1,-1,-1,-1,10962,-864,203,9457,948,11251,92,2211,1549,852,2410,327,1
153284,2,2,2,34,2,2,-1,0,0,0,35228,54137,62332,13054,26114,31565,-19,2115,1491,2025,735,2593,1
186009,2,5,1,44,-1,-1,-1,-1,-1,-1,-1490,-865,1040,685,662,379,824,702,141,244,1464,363,0
241437,2,5,1,40,-1,-1,-2,-1,-2,-2,2348,-491,-813,1438,-621,-1765,-242,530,109,433,67,471,1
84164,1,5,1,28,0,0,0,2,0,0,78548,62729,13567,7924,26039,631,5486,5346,-324,760,2070,-184,0
53476,2,2,1,33,1,0,-2,-2,-2,-2,-356,12176,3186,140,-1802,1311,156,2053,186,-225,113,151,0
235991,2,1,1,33,1,-2,-2,-2,-2,-2,137,-1878,-923,1491,-1924,2015,-1655,400,422,454,185,1564,0
146339,1,2,1,37,0,0,0,0,0,0,74572,66240,87973,103974,50601,91778,5249,6471,2687,2759,1606,1813,0
182007,2,3,2,27,-1,-1,2,-1,0,-1,4893,12688,13300,-781,15225,13047,5259,539,442,2874,1166,598,0
228511,2,2,1,39,-2,-2,-2,-2,-2,-2,-1513,2292,2068,9576,-936,567,209,1142,226,30,1252,170,0
201156,2,2,1,51,0,0,0,-1,0,2,8565,27348,19301,45622,47828,45734,3869,4993,17063,6717,4515,4137,0
196893,1,1,2,29,0,0,0,0,0,0,57578,164868,86330,70275,185497,11345,9334,930,1060,293,151,759,0
23091,1,2,2,23,2,2,2,2,2,2,13013,29780,12094,26944,45727,55469,5061,4482,703,2339,2049,-80,1
475447,2,2,1,56,0,0,0,0,0,0,50796,99810,86295,80179,38067,6797,3138,1250,2598,2712,3539,2145,0
216766,2,6,2,39,0,0,0,0,0,0,100121,106718,132295,130808,75793,113969,21947,25637,1278,288,691,4189,0
20635,1,1,2,23,0,0,2,0,0,0,8658,12388,14496,7829,5462,13584,1407,1320,358,1067,2306,-228,0
23603,2,2,1,31,3,2,2,2,0,2,6099,11731,50258,21048,45875,51810,1892,929,114,2521,1263,2864,1
449122,1,0,1,30,-1,-1,-1,-1,-1,-1,1064,-1358,706,405,1101,-471,-1007,1639,837,-27,357,1523,1
135649,2,4,2,32,2,0,0,0,0,0,123474,81931,52356,49045,38916,36840,4446,5694,306,9709,2547,916,0
15409,1,2,1,44,0,0,0,0,0,0,66394,55905,18736,12088,12205,49170,1315,1194,328,-40,1090,74,0
226742,1,2,1,52,0,0,0,0,0,0,189406,209939,144715,113303,158093,70133,7586,6757,2427,5159,1580,1920,0
206620,2,1,1,53,1,0,0,0,0,0,107742,71395,109379,71608,63135,62344,8525,7902,1578,1563,2164,6628,0
52120,1,2,2,33,1,2,2,2,2,3,6071,-3710,1005,12939,-308,2186,-4,1141,572,392,1857,2326,0
330305,2,5,1,32,-2,-2,-2,-2,-2,-2,-210,63,340,346,-2419,-343,2583,1025,-195,-680,1242,-333,0
73364,2,1,1,27,2,0,0,0,0,0,70677,58018,73186,56561,52832,37456,1353,4869,-571,602,1485,2036,1
490997,2,2,2,28,2,2,2,0,0,0,16607,13923,21885,27809,39281,29336,3724,11926,161,9426,12001,6270,1
128150,1,5,2,24,0,0,0,0,0,0,50580,55646,40910,12262,117,236,7655,3785,401,-57,373,44,0
148766,2,2,2,26,0,0,0,0,0,0,114750,93423,47945,92586,99422,114637,9363,1020,827,2823,1199,2122,0
48813,1,1,2,34,0,0,0,0,2,-2,15333,52470,56758,31028,24203,20867,2225,2631,1164,1393,4097,48,0
188193,2,3,2,47,0,0,0,0,0,0,54402,44007,44789,37513,34233,28814,3827,4735,-80,767,3034,1224,0
87565,2,2,3,42,-1,2,2,0,0,-1,2001,7403,3959,10218,-881,20484,1670,760,42,1101,955,741,1
495728,2,2,1,43,0,0,0,0,-1,-1,51623,248252,93278,11037,81226,54075,4357,22508,118512,3567,3479,833,0
94347,1,1,1,25,-1,-1,-1,-1,-1,-1,1230,-962,139,66,308,-275,-399,453,-748,1420,-16,505,1
547751,2,2,1,40,0,0,0,0,0,0,220074,274856,434712,261632,352000,186570,8282,7041,121171,4101,8979,2835,0
211339,2,2,1,31,-2,-2,-2,-2,-2,-2,1440,373,1973,2004,-1214,919,3059,2352,349,31123,175,705,0
46918,1,2,1,48,1,-1,-1,0,0,-1,365,1040,56,11142,587,618,476,1169,952,1427,-14,-35,1
518061,2,1,2,40,0,0,0,0,0,0,222331,333595,447968,180850,259979,160533,10762,10137,10528,5095,11432,15695,0
55598,2,2,2,35,-1,-1,-1,0,0,0,5336,634,4533,12438,12227,705,1574,1448,-32,325,3178,2897,0
237499,2,5,1,44,0,0,0,-2,-2,-2,93872,23018,2580,-943,-925,-994,231,606,497,444,193,187,0
97952,2,3,0,29,-1,-1,-1,-1,-1,-2,2814,1609,-131,1610,-583,619,-951,586,258,328,365,1354,1
198336,1,3,1,44,1,-2,-2,-2,-2,-2,-419,-596,1631,-38,14,2124,-1546,-736,-1490,42,40,347,1
49911,2,1,2,27,1,-2,-2,-2,-2,-2,-268,-1366,13222,4120,-1605,357,-482,561,535,2202,975,154,1
215167,1,2,2,33,0,0,0,0,0,0,112468,120010,122360,32890,94966,41827,12384,9583,11239,5120,3802,2313,0
171666,1,2,1,42,0,0,0,0,0,0,22701,78507,47764,59628,43879,88461,4193,7112,4011,1839,8424,4434,0
238503,2,2,2,27,0,0,0,0,0,0,7319,14673,10149,19474,47083,15969,1234,600,3393,170,2871,15547,0
263938,1,1,1,37,1,2,2,2,2,2,146730,265757,72894,200095,99669,107333,5783,52841,2735,4947,4054,557,1
24574,2,3,0,47,-1,2,2,0,0,0,3026,621,-530,1744,699,1741,370,1262,614,2427,1799,3795,1
57954,2,2,2,25,0,0,0,0,0,0,47774,59573,46596,6652,23266,49991,4457,2613,1314,1315,367,1740,0
242285,2,2,1,39,0,0,0,0,0,0,78494,180471,114616,109305,114720,90303,6664,11364,1411,3234,1935,2407,0
379591,2,1,1,54,1,-1,-1,-1,-1,-1,84555,56510,274994,22518,260882,20659,14910,12230,80048,7400,75573,5168,0
81183,2,2,3,43,1,0,0,0,0,0,45864,26555,91922,62119,28841,91191,9056,2321,803,3770,5336,6662,0
197302,2,1,2,24,0,0,0,0,0,0,24637,41939,35042,24858,10402,24417,2609,2806,3604,1041,1436,2855,0
19089,2,2,1,43,0,0,0,0,0,0,7862,16777,11421,-107,14803,5853,93,5272,968,5607,849,12140,0
189836,2,2,1,54,-2,-2,-2,-2,-2,-2,699,-858,-355,-715,286,241,-443,782,-205,-362,933,1795,0
97247,2,3,1,40,0,0,0,0,0,0,46556,44429,49894,45167,43134,47528,2214,3777,2754,8557,797,-157,0
112763,2,2,2,30,1,2,0,0,0,0,64572,86046,72182,65876,129161,86340,-145,3870,1092,1365,7002,597,0
23268,2,3,3,31,0,0,0,0,0,0,46275,12117,1413,15074,16623,13066,1139,1116,3351,-233,297,347,0
386428,2,5,1,61,0,0,0,0,0,0,235680,103964,97368,38120,34125,43405,5551,9940,1384,1280,4194,-244,0
385343,2,1,1,30,-1,-1,-1,-1,-1,-1,16583,9587,10092,9959,-1334,6334,806,1252,852,3259,657,2364,0
20841,2,2,2,23,2,3,2,2,2,2,6986,20651,2563,18692,11779,23631,-519,281,-696,-369,2646,-91,1
501711,1,2,1,30,0,0,0,0,0,0,84174,131842,234044,115185,56247,101850,19204,19918,3390,29557,4586,1181,0
252255,2,3,1,34,1,-2,-2,-2,-2,-2,12891,-356,1022,80,-669,117,1282,101,486,-277,139,484,1
93044,2,2,3,42,0,0,-1,0,0,0,5068,3042,3057,630,12664,5923,1916,2083,566,2670,228,670,0
230966,2,2,2,34,0,0,0,0,0,0,84071,320693,248866,139393,222863,141993,10700,11463,7856,5477,10607,2300,0
81877,2,1,2,23,0,0,0,0,0,0,52373,41087,53174,15603,19563,7955,2456,1909,-149,1434,3268,2017,0
113387,1,2,1,48,0,0,2,-1,-1,-2,78509,65321,1617,18009,1644,1341,4124,1957,425,4578,219,1282,0
50897,2,1,2,30,0,-2,-2,-2,-2,0,32376,18621,45133,37806,1441,19106,21647,1226,257,3717,1254,2485,0
54326,2,2,2,23,0,0,0,0,0,0,11674,14280,39838,6785,15975,13268,1218,2115,159,187,2585,698,0
298241,1,1,2,24,-1,-1,-1,-1,-1,-1,880,3416,639,796,867,1020,1386,1172,969,98,1726,-185,0
155415,1,3,1,38,0,0,0,0,0,0,92814,168175,169271,114866,166687,99611,1960,12258,3809,4335,4456,780,0
249904,2,2,1,36,0,0,0,0,0,0,122550,183065,89527,136481,46549,56770,6507,14745,4320,618,524,3734,0
54592,2,2,2,25,0,0,0,0,0,0,49552,65350,50274,10916,13081,12309,2767,1573,788,-672,1061,-97,0
26858,1,6,1,44,0,0,0,0,0,-2,14255,6040,24751,14925,275,2626,1902,2002,65,-205,59,-426,1
30039,1,3,1,56,0,0,0,2,0,0,11810,17106,38953,5965,15039,14024,1906,2560,409,1017,-79,-65,0
72171,2,2,2,32,0,0,0,0,0,0,70129,152220,56524,34648,43548,34245,2665,1280,400,1058,1559,5735,0
88353,2,2,1,34,1,2,0,0,-1,0,73302,44042,52342,213,42299,41303,344,3766,1549,1860,1209,1036,1
229414,1,3,1,33,-1,-1,-1,-1,-1,-1,837,-238,-1261,560,-381,321,424,1754,234,1091,81,429,1
164669,2,3,0,36,1,-2,-2,0,0,0,34481,3464,13004,33876,19463,17309,276,2883,569,8521,1835,7349,0
25614,2,1,2,33,1,2,2,0,0,-1,10397,1858,-954,5153,4602,-446,-495,1383,426,-579,5319,282,1
80307,1,2,2,35,-1,2,2,0,0,0,54309,-2235,32667,83289,16978,20438,35,1700,1780,2635,2381,1827,0
498357,2,1,1,43,-2,-2,-2,-2,-2,-2,14393,16168,3202,568,1673,1459,9784,47362,21238,35302,5277,10066,0
141351,2,2,2,23,0,0,0,0,0,0,55489,61511,49664,19512,15787,20320,5451,2184,669,558,4595,12,0
233635,1,4,1,37,0,0,0,0,0,0,19180,61197,20578,5499,7626,6356,2287,6512,15029,13870,2766,609,0
186281,1,2,1,39,-1,-1,-1,-1,-1,-1,4369,-1178,-1614,-963,-2170,-1575,-531,1656,493,0,-87,335,0
129900,1,2,1,25,2,0,2,2,2,2,75496,81431,63134,20615,84187,47729,6789,1448,1295,4065,1842,1642,1
163255,2,2,3,30,0,0,0,0,0,0,94454,184771,95418,53784,18246,49985,3789,1622,264,686,10054,619,0
56732,1,2,2,22,0,0,0,0,0,2,60115,50544,44097,19788,7230,5855,7934,2995,541,2390,2283,-28,0
231473,2,3,1,54,-2,-2,-2,-2,-2,-2,-287,8490,718,206,-2393,989,4172,1948,-812,959,63,1062,0
14164,2,3,2,38,0,0,0,0,0,0,812,-360,-141,3315,7318,384,63,645,-16,0,1796,73,1
26470,2,1,1,44,2,2,2,2,2,2,11637,15232,15579,12073,404,12176,4016,995,387,264,440,99,1
239041,2,2,2,27,0,0,0,0,0,0,168104,390738,197989,185510,212314,57474,27223,11007,8753,26161,2709,1609,0
17817,1,2,2,33,2,3,2,2,2,0,7780,16735,13030,7777,1828,1432,1368,1524,-12,1927,78,1777,1
494975,2,2,1,55,-1,-1,-1,-1,-1,-1,1469,13758,-1777,-1447,-340,210,329,1117,-147,333,116,427,0
53868,1,2,1,38,3,0,2,2,2,0,7158,16119,13876,21065,47261,47342,5086,811,147,6051,3628,491,1
162965,1,3,1,48,-1,-1,-1,-1,-1,-1,1243,-2050,842,1146,58,1672,-239,1264,736,439,59,-479,0
16189,1,2,2,31,1,-1,2,2,0,0,3178,14626,271,7798,-143,1432,160,1709,947,2585,2152,645,1
152150,2,4,2,26,-2,-2,-2,-2,-2,-2,19550,81601,17946,9013,11006,1751,6588,24326,23746,12111,646,1734,0
233775,1,2,2,33,1,0,0,0,0,0,259119,283936,161095,214719,350740,232315,5574,8939,4650,6369,9818,987,1
14381,2,2,2,23,0,0,0,0,0,0,7470,16247,11039,11746,7489,5640,2754,2982,245,-438,1649,163,0
225484,1,6,2,35,0,0,0,0,0,0,24042,12562,12078,-1048,10684,14895,1568,1888,1713,814,6947,3895,0
257252,2,2,1,36,1,2,0,0,0,0,7679,45293,70139,45248,10288,25280,37120,2189,1489,19085,3268,4178,0
208998,1,2,1,32,-1,-1,-1,-2,-2,-1,3064,824,1480,973,290,342,44,1593,-330,-356,173,432,0
89032,2,3,1,39,0,0,0,0,0,0,53661,47008,49031,33890,14569,32711,1356,1538,3198,-121,-235,464,0
77585,1,2,1,33,-1,-1,2,0,0,0,288,7163,6017,492,-1399,27,-374,2,3351,-321,-79,1558,1
202829,1,2,1,46,-1,0,-1,-1,-1,-1,13638,12497,23902,18639,22094,7661,10038,15685,1100,3619,33690,4697,1
161605,1,2,2,31,0,0,2,0,0,0,52484,12429,44713,35404,47055,55919,1220,1819,1156,7769,4170,1191,0
19659,2,2,1,40,2,0,2,2,2,2,7170,16833,31908,26208,38289,36520,1595,4197,1492,84,376,1651,1
173021,1,1,1,50,2,2,-1,-2,-2,-2,21294,-1007,983,917,2010,1591,659,1293,-37,284,217,852,1
84126,2,2,2,26,0,0,0,0,0,0,10717,88806,63763,29497,32390,24577,2693,2361,164,2825,4322,2252,0
53140,2,1,2,23,0,0,0,0,-1,0,47201,19600,26771,11307,9828,23452,22488,3783,762,483,801,6634,0
436703,2,0,1,52,1,-2,-2,-1,0,0,64913,58711,93333,346460,73452,64249,4871,28263,1796,9599,4532,1401,0
225906,1,2,1,44,0,-1,2,-1,-1,-1,1487,-416,1145,905,1353,1893,2947,2923,-92,6736,772,330,0
99150,1,2,1,33,2,2,2,2,0,2,17273,44963,35001,42668,34687,5664,1928,1660,394,2566,132,4874,1
21863,2,2,1,30,2,0,0,2,2,0,9292,23539,48809,12445,28311,16281,1845,3485,736,2150,1020,1198,0
391601,1,2,1,38,0,0,0,0,-1,0,344442,540103,16734,199152,189238,271098,8096,8112,6044,9449,6699,2797,0
87702,1,1,1,37,2,2,0,0,0,0,54241,68839,50593,12471,31282,20699,290,2106,1087,410,804,481,1
215597,1,2,1,44,0,0,0,0,0,0,174886,116541,201654,109302,284548,75263,11223,5064,7037,21953,1570,4173,0
332651,1,2,2,47,1,0,0,2,0,0,6890,3263,15574,116851,30419,98185,16199,16721,10876,6900,22899,5833,0
378808,1,5,1,51,-2,-2,-2,-2,-2,-2,3260,996,2813,2521,239,741,170,2151,1175,20897,1281,-27,0
191011,1,2,2,27,0,0,0,0,0,0,85495,147455,65909,113544,24757,100231,4738,1156,1511,3116,3886,1098,0
165547,2,1,1,25,2,0,0,0,0,0,73300,183228,63898,80532,62066,104077,4015,8560,4988,1967,3182,2526,1
155354,1,1,2,24,-1,-1,-2,-2,-2,-2,-797,-426,1625,1278,1724,2658,595,1482,-391,131,1591,2121,1
79769,2,1,2,44,1,0,0,0,0,2,41181,65703,45487,40241,30704,29800,5744,6274,3436,6836,5501,1230,0
19139,1,2,3,47,0,-1,0,0,0,-1,2558,1814,2418,13801,2437,1868,1967,460,793,189,1816,-279,0
358769,2,2,1,25,0,0,0,0,0,0,82435,204906,58735,79751,72830,77128,1537,1835,3548,4015,1409,2014,0
94918,1,2,1,44,3,3,2,2,2,2,24255,11371,4283,43095,39395,100235,319,6384,208,2143,2559,731,1
27241,1,2,3,45,-1,-1,2,0,-1,-1,1657,12321,-292,1222,912,-941,190,805,795,868,1117,478,0
210924,2,2,1,42,0,0,0,0,0,0,90420,180748,482440,54085,25742,173334,9157,10972,7031,4540,16465,1997,0
184839,1,4,1,43,1,-1,-1,-1,-1,-1,20908,-1245,1696,11612,-1782,-662,829,2309,1035,586,1987,1973,0
27253,1,1,2,30,2,-1,2,0,0,-1,2450,-478,3017,699,-1021,907,-320,119,440,266,-54,609,1
186116,2,2,3,41,1,-1,-1,0,-1,-1,-1378,-696,-2652,-1105,-763,-1605,-164,1254,-117,3329,2912,709,0
9183,2,2,3,23,1,0,2,0,0,0,10540,6056,-766,7164,6596,997,1156,1856,535,163,4452,220,1
423209,2,2,1,40,-1,0,-1,-1,-1,-1,317131,204113,62860,289598,202003,222548,10772,18875,11944,4342,10813,12398,1
154919,1,1,2,23,0,0,0,0,-1,0,39971,84307,9783,327,9715,36972,8382,1749,684,2267,130,1557,0
13636,2,2,2,29,0,0,0,0,0,0,8149,23513,11829,15897,42708,18748,4297,1737,2531,3839,3808,29,1
95478,2,1,2,33,0,0,0,0,0,0,59658,66793,55987,19407,13346,73265,6474,1287,729,48,1511,667,0
26174,1,2,2,24,-1,-1,2,0,0,-1,8540,-1652,187,1215,1207,3169,41,-846,-333,-502,1924,-319,1
220513,1,2,1,36,2,0,2,2,-1,2,65515,66175,65906,104613,160030,40740,1764,8135,7051,3171,1085,3455,1
236292,1,2,1,37,-1,-1,-1,-1,-1,-1,1851,-2530,-1567,-3,-1133,-736,-487,2291,1057,7624,80,434,1
91039,2,3,0,47,0,0,0,0,0,0,57048,72511,69577,40702,27382,36425,2796,7420,1693,998,2311,663,0
215273,1,1,3,26,0,0,0,0,0,0,116675,201419,89196,53815,85783,62675,10808,7972,1298,5663,8032,102,0
508074,1,2,1,41,-1,-1,-1,-1,-1,-1,749,-1,12911,9232,3,-232,2993,2668,742,627,37038,1180,0
556309,2,6,1,51,0,0,0,0,0,0,130790,170150,222366,221259,139354,151771,10194,9521,13282,3233,15543,16360,0
52038,2,2,3,51,0,0,0,0,0,0,88854,5091,2244,18747,13296,767,1705,3006,-51,999,2274,183,0
433414,1,2,1,38,0,0,0,0,0,0,336192,397842,474726,186890,194391,185544,12352,8736,9623,4981,32676,1196,0
239462,1,5,2,36,0,0,0,0,0,0,69700,242054,88349,139521,137605,152709,13102,13386,4613,3020,1685,4470,0
150216,1,1,1,42,-1,-1,-1,-1,-1,-1,-1244,-1938,-2955,1952,1055,106,-474,890,1825,3513,328,2580,0
48780,2,2,1,45,0,0,0,0,0,0,10585,60589,100948,14443,19120,45390,3601,1715,3962,410,3488,1724,0
69628,2,2,3,24,0,0,0,0,0,0,81470,59674,44076,34177,3882,11910,6359,1722,-219,1954,3497,-297,0
51954,2,3,2,27,0,-2,-2,-2,-2,-2,26766,44651,714,31105,962,18689,1372,5482,1663,5845,6054,1629,0
211990,2,2,1,33,-1,-1,-1,0,-1,-1,-2590,4250,20109,-364,701,1287,7741,836,5684,5105,2100,46199,1
22334,2,2,3,46,0,0,0,0,0,0,15498,56469,20547,13430,12679,10110,1589,2606,-196,172,5055,-121,0
55386,2,2,2,35,-2,-2,-2,-2,-2,-2,24074,28239,51367,16751,641,43141,2038,2995,432,2796,1143,2438,0
117883,2,2,2,33,-2,0,-2,-1,-1,-1,14251,12998,15788,7287,1838,10341,9866,2288,12759,8535,2086,1847,0
232573,1,6,1,49,-1,-1,-2,-1,-1,-2,20,477,2502,1633,-917,2230,2416,1044,611,-32,68,515,0
185838,2,1,2,27,0,0,0,0,0,0,80452,119904,39239,126410,38780,66651,13399,3377,21152,6722,2228,2015,0
98865,2,3,3,32,-2,-1,-2,-1,-1,-1,18074,8684,28862,12698,13044,44392,1613,52163,28289,35612,47689,16309,1
216044,2,1,2,28,1,-1,-1,-1,-1,0,6065,82526,1462,116,279,3238,2684,1783,7620,79,1475,1259,0
415633,2,2,1,35,0,0,0,0,0,0,108776,314100,106226,112552,71143,129622,21323,11539,3683,3277,15466,3663,0
104782,1,4,1,37,0,-1,-1,-1,-1,-1,19847,10629,18722,-763,-6135,10326,1100,2808,-219,594,364,485,0
266013,2,3,2,35,0,0,0,0,0,0,151988,166273,140355,88290,125231,147094,9095,4482,3970,6699,-209,1618,1
22403,1,1,2,42,3,0,-1,-1,0,-2,1259,2282,3094,13134,12463,-1422,4524,1681,-289,2695,-300,855,0
322984,2,2,2,35,0,0,0,0,0,0,180829,277492,199610,215158,248417,142112,9025,8243,10561,2914,9253,5870,0
291393,1,2,1,35,-1,-1,-1,-1,-1,-1,644,-915,626,-137,241,-574,330,1391,560,540,390,156,1
25192,2,2,2,27,1,-2,2,2,2,2,-1076,5755,6422,12114,-1489,-138,7715,18145,-370,2160,124,2227,1
86399,1,2,1,34,-1,2,0,0,0,0,16480,1692,480,14178,10643,16815,-15,-50,592,6699,1651,884,0
179268,2,2,1,34,-2,-2,-2,-2,-2,-2,3561,3286,19740,10582,-1381,192,686,1493,-265,-298,-118,163,0
86588,2,2,2,25,-1,0,0,0,0,0,-851,887,43208,11058,29049,19549,4772,2123,237,2389,2722,2766,1
48622,2,2,1,24,2,0,0,0,0,0,32199,63989,54646,42869,58650,53185,1306,5559,-772,2662,1033,723,1
91695,2,2,1,54,0,0,0,0,0,0,43070,42652,81709,14786,2366,1407,6027,3822,1035,1929,1011,545,0
20641,1,2,1,43,1,3,2,-1,-2,-2,7362,6987,-401,825,-360,34,348,2205,-64,3672,185,9758,0
170898,1,2,3,32,-1,0,0,-1,0,-1,17529,8737,-325,10572,7868,16124,4757,1946,763,516,4032,-82,0
244888,2,5,1,29,-1,-2,-2,-2,-2,-2,154,-2558,1139,1090,-369,289,-973,1042,-544,178,120,263,1
264145,2,2,2,32,-2,-2,-2,-2,-1,-2,-166,-2003,-289,1582,711,1596,-257,586,376,651,1395,796,0
349712,1,1,2,34,-1,-1,-1,-1,0,-1,1659,7802,23991,12041,1781,10554,7992,1453,808,-198,2860,44450,0
476044,1,2,2,25,-1,0,-1,0,0,0,116479,3474,3196,-101,19935,10966,5547,1514,2118,11029,1072,-46,0
99402,1,1,2,32,1,0,0,0,0,0,55991,143650,50571,58772,75901,82695,1145,2856,2212,1957,5952,5239,0
232825,1,2,1,38,-1,-1,-1,-1,-1,-1,-42,-808,-658,136,-966,-873,-241,2175,815,597,-203,327,1
29306,1,3,1,39,2,3,2,2,2,2,3476,31369,9895,17351,15675,45863,5341,2246,484,596,1506,896,1
91204,1,1,1,29,-1,-1,-1,-1,-1,-1,2339,-715,2032,395,1110,386,72,645,1263,793,1021,2868,0
117902,1,6,2,56,-2,-2,-2,-2,-2,-2,2558,83,1201,1804,-1473,1972,394,584,8429,8398,30924,662,0
84815,1,2,3,28,-1,-1,0,0,0,0,74943,16587,787,71183,11210,18349,3385,2104,244,6662,1303,1659,0
208384,2,2,2,27,0,0,0,0,0,0,17909,25354,21402,14688,20549,20958,3572,3701,4159,4748,1313,11081,0
278728,2,1,1,34,1,-2,-2,-2,-2,-2,72332,75295,99400,48120,33710,52346,69955,1169,141972,5564,1369,4827,1
78969,2,3,1,36,1,2,0,0,0,0,88152,1846,44385,6537,12080,1175,154,7640,550,3630,2701,1778,0
238994,2,2,1,32,-2,-2,-2,-2,-2,-2,-1089,-497,1583,1655,-878,1199,1043,2151,-276,242,1085,16880,0
94177,2,2,2,35,0,0,0,0,0,0,8832,11042,41276,5600,7710,9343,4729,1635,4105,1649,4112,4295,0
215073,1,2,2,36,-1,-1,-1,-1,-1,-1,-395,0,322,1838,-1148,669,-1035,599,-17,497,1851,286,1
184844,1,1,1,33,1,2,2,2,2,2,52712,164544,108150,53850,142926,94414,9656,3730,673,-79,69,2860,1
247650,1,2,1,34,0,0,0,0,0,0,83645,136976,84621,74133,76098,62707,7320,6200,2837,5195,5208,2612,0
85512,1,1,2,33,2,2,0,0,0,0,62026,44502,60922,73147,44367,78631,2169,2577,-50,2648,1104,3026,1
340390,1,3,1,36,2,2,0,0,0,0,65845,146621,58622,73577,37636,70433,535,5922,2585,2088,782,1121,1
409357,1,2,2,37,0,0,0,0,0,0,110873,265172,252592,220353,282164,191150,12279,9838,9814,5003,4399,2553,0
154628,2,1,1,35,0,0,0,0,0,0,157039,157616,68403,107156,102296,84578,1824,4388,3166,5817,2818,687,0
66065,1,2,3,53,-1,-1,-1,-1,0,-1,1734,1475,1434,20,-684,-68,695,1102,893,-173,278,-148,0
85427,2,1,1,34,-2,-2,-2,0,0,0,966,16530,23388,14801,31056,46204,1968,1596,39666,40298,854,16708,0
57640,1,1,3,42,1,-1,-1,0,0,0,2126,2153,602,679,20625,1347,118,152,643,241,1463,182,1
149768,2,2,1,34,0,0,0,0,0,0,51664,124463,94580,108184,34165,69023,4110,5975,3203,3943,3852,2691,0
16013,2,2,2,22,0,0,0,0,0,0,58759,31769,10972,13075,8471,16492,3716,2448,-146,398,3979,-723,0
19572,1,3,1,29,2,0,0,2,2,0,9618,11520,4858,11770,44236,15497,1312,5521,933,9767,-14,536,1
210030,2,1,1,32,-2,-2,-2,-2,-1,-1,-125,914,1738,1117,307,846,337,107689,363,1132,16247,15801,0
91424,1,2,1,52,2,-1,2,-1,0,-2,2900,169,575,256,-420,1061,2076,-126,2,3620,-8,558,0
434012,1,1,1,31,0,0,0,0,0,0,366241,380715,215903,190730,176402,203670,6284,8835,11335,4814,3985,2740,0
81782,2,3,1,28,0,0,0,0,0,0,36973,44969,85378,42673,48255,90794,5687,5961,2072,10152,4657,277,0
88709,2,3,1,35,0,0,0,-1,-2,-2,63485,8774,27691,24936,-1477,40,10519,673,977,5022,206,13819,0
111239,2,3,1,35,0,0,0,0,0,0,90670,154689,128049,52836,105097,58810,6525,581,2042,2558,3389,1441,0
21829,1,2,2,33,0,2,2,2,2,2,5151,15884,76,16270,1042,36329,1216,2316,11017,4819,2217,2265,0
368660,1,1,2,47,-1,-1,-1,-1,-1,-1,1034,379,1263,1925,2152,2021,43,971,31,325,207,1814,0
156196,2,2,1,36,1,2,0,-1,0,0,11152,12449,10846,12533,15170,5790,909,12708,3698,322,4393,1742,0
58938,2,1,1,34,0,0,0,0,0,0,55951,47085,41378,18205,13387,11007,4842,1046,564,2080,-135,117,0
361995,2,4,1,34,0,0,0,0,0,0,81770,22720,100799,87230,42451,152861,11007,13881,9678,8113,1682,2505,0
96048,2,2,1,28,0,0,0,0,0,0,39724,96777,35943,117399,56936,52973,5321,3323,1155,131,716,-222,1
233860,2,1,1,42,-2,-2,-2,-2,-2,-2,2090,-2077,972,378,-2199,-29,-271,795,-904,1660,-96,807,1
194151,2,3,2,29,0,0,0,0,-2,-2,72474,81500,68416,63717,83314,15177,7539,1124,1296,207,211,36049,0
83317,1,2,2,23,0,0,0,0,2,2,38383,53918,43168,37476,50685,96768,7069,5332,-319,2758,4396,8854,0
227712,2,2,2,47,-1,-1,-1,-1,-1,-1,-527,-184,904,784,707,994,-576,573,264,686,1691,1078,0
56320,2,2,1,36,-1,0,0,0,0,0,16984,19755,36602,36752,22729,7830,286,1145,1038,19595,3090,5428,0
220184,1,2,2,29,0,0,0,0,0,0,109194,354062,17590,99111,130264,184937,10907,20226,11295,5459,5785,17410,0
33415,2,3,2,38,1,-1,2,0,0,0,152,8094,-1488,-107,15747,5480,-817,1287,1197,1543,832,499,1
148074,2,2,1,35,0,0,0,0,0,0,41416,55980,41689,40319,20026,25875,3119,2503,1635,499,3687,10338,0
298708,2,1,3,27,-2,-2,-2,-2,-2,-2,-1209,73,5070,2215,189,2319,1553,1729,287,2741,2299,2368,0
209951,1,3,1,38,1,2,0,0,0,0,105174,157398,69850,125726,158383,61896,3203,11227,86589,6926,4124,6015,0
321981,2,2,1,34,-2,-2,-2,-2,-2,-2,22282,8073,17784,26357,5652,1670,15534,17648,22425,9653,49649,7225,0
38628,2,2,1,37,0,0,0,0,0,0,54336,76819,48168,34066,50890,50420,7009,4735,-604,1652,3176,1414,0
179474,1,1,1,34,-1,-2,-2,-2,-2,-2,2056,-331,1310,822,-1087,253,63,966,279,637,261,2842,0
206853,2,4,1,49,-2,-2,-2,-2,-2,-2,1755,-2605,772,118,-1043,-154,1095,5696,-380,580,2119,204,0
535021,1,2,1,49,-2,-2,-2,-2,-2,-2,11517,8537,103995,1799,1803,1354,20240,2690,505,10317,122893,6257,0
289107,2,1,2,39,-1,-1,-1,-1,-1,-1,-517,4692,2474,386,16375,120,2404,2021,17060,2163,1568,4394,0
197170,2,2,1,41,-1,-1,-1,-1,-1,-1,1021,-757,153,1800,1159,1861,-290,1026,441,730,1367,2067,0
325630,1,1,2,24,-2,-2,-2,-2,-2,-2,1517,-1686,261,-1920,-140,365,2094,1160,-672,-198,-142,211,1
523704,1,1,1,31,0,0,0,0,0,0,71107,186965,353793,133176,135059,389542,9562,19719,21170,4988,3356,2196,0
49918,1,0,1,41,0,0,0,-1,-1,-1,18025,3631,9479,8684,1546,10439,5645,1441,18249,2298,1606,-10,0
207609,1,2,1,52,1,-2,2,-2,-1,-2,392,-726,557,-258,-93,1579,-1742,303,-353,565,848,90,1
13602,1,2,2,25,0,0,0,0,-1,0,5400,30912,1376,7171,15773,1216,703,633,651,271,21,243,0
50450,2,3,3,24,0,0,0,0,0,0,71044,580,51280,11206,22887,21878,116,2041,770,97,975,1703,0
18175,1,2,3,48,3,3,2,2,2,2,22501,28242,9394,11231,38576,45300,1653,1928,553,756,771,-484,1
239641,2,1,1,25,-1,-2,-2,-2,-2,-2,2017,12985,521,-1519,-443,1444,755,2043,406,1480,705,18053,0
47582,2,1,2,30,-2,-2,-2,-2,-2,-2,56931,8652,11114,10164,1584,2254,11079,2559,272,3805,1790,-110,0
48982,2,2,2,23,0,0,0,0,0,0,42041,46219,58678,30844,26290,52283,6670,1254,1879,-467,2179,105,0
198401,1,2,1,30,-2,-2,-2,-2,-2,-2,20360,-842,16410,1763,-918,-167,31,6850,508,14241,270,12047,0
24252,2,1,2,41,0,0,0,0,0,0,53139,44326,33069,5789,8009,37280,1039,967,1164,357,397,457,1
230814,2,2,2,41,-1,0,-2,-1,-1,-1,18936,9161,6167,9018,-420,-1376,1569,10648,-211,73,102,574,0
329314,2,2,1,41,0,0,0,0,0,0,138566,147495,163818,136164,170297,93337,11912,12412,11385,2285,6380,2391,1
497180,2,0,2,33,-2,-2,-2,-2,-2,-2,1299,4427,20193,-207,2444,764,21241,2154,546,2673,325,1162,0
87822,2,1,1,37,1,0,0,0,0,0,6964,19570,4524,6175,9884,8989,238,2014,2587,509,3240,4360,0
215452,1,6,1,33,-1,-1,-1,-1,0,-1,-56,606,3147,185,65254,164,1112,3070,19581,80046,72097,2471,1
26412,1,1,2,22,1,0,0,0,0,0,3525,2126,-462,7394,17361,24397,158,433,172,142,1728,-89,0
527854,2,1,1,47,-2,-2,-2,-2,-2,-2,1610,-357,761,16662,92,1177,3705,22341,866,605,40242,2043,0
247836,1,6,1,31,-1,-1,-1,-1,-1,-1,901,-117,700,1239,-516,1761,-108,1040,28,442,765,29,0
153144,1,2,2,49,2,2,0,0,0,0,146380,211139,161863,71284,176075,170398,9598,11319,2679,2735,4702,369,1
104759,2,1,1,28,0,0,0,0,0,0,74462,130404,37954,37646,37898,82303,5344,3680,2931,3015,1078,213,0
216538,1,2,3,41,-1,0,0,-1,0,-1,444836,264618,83276,120522,274673,279065,10102,12140,26760,2622,50167,-78,0
14598,2,2,2,25,0,0,0,2,0,0,1988,28175,26254,10589,23883,12779,1435,1504,1216,795,5096,5362,0
243165,1,2,1,36,0,0,0,0,0,2,248490,435868,405210,72028,194351,204227,11590,12314,6361,10259,3230,1309,1
17666,2,2,1,39,0,0,0,0,0,0,7879,17225,22699,18721,20099,19317,2406,2642,982,549,2080,15592,0
498264,2,1,1,39,-2,-2,-2,-2,-2,-2,6234,14311,5706,12381,10324,51778,487,2551,579,8413,1724,14342,0
202896,2,2,1,29,0,0,0,0,0,0,78546,108106,66427,79082,26345,78554,6030,12454,2654,6538,4440,2030,0
50478,1,2,1,38,1,2,2,0,-2,-1,5700,12614,1670,7111,5495,12365,161,908,554,439,-77,338,0
90437,2,2,2,27,0,0,0,0,0,0,26627,48477,34796,36080,26449,35018,7832,3081,3583,-380,4332,379,0
166418,1,3,1,50,0,0,0,0,0,0,15737,135099,38081,6981,188,12206,1004,3980,863,3933,2578,-65,0
101272,2,0,2,30,-1,-1,-1,-1,-1,-1,114,-1221,-21,3512,1371,-567,-521,1710,237,986,1637,165,0
28574,2,2,2,35,2,0,0,2,2,2,7353,65900,49620,36898,43242,55021,2414,2622,-218,-206,1980,-284,1
218311,2,2,1,45,0,0,0,0,0,0,37835,62428,26478,83810,85533,89265,3497,2362,2868,2093,5777,906,0
92140,2,1,2,27,-1,-1,2,-1,0,-1,322,3211,2198,7073,610,956,1621,1498,1388,5350,-247,83,0
497779,2,2,1,48,1,-1,-1,0,-1,0,12061,19649,22653,7888,1344,769,3669,2023,1037,3065,477,223,0
86312,2,2,1,34,2,3,2,2,2,2,34874,47959,42184,34476,38345,45251,3008,8069,2267,6223,1887,550,1
55059,2,2,1,33,0,0,0,-2,0,-2,13471,22689,11231,4659,-3503,9449,1622,1494,361,171,189,-345,0
27331,1,2,1,44,0,0,2,0,0,0,20672,7373,6572,9846,-1018,-228,1324,1178,-14,182,916,14,0
260234,2,2,1,45,0,0,0,0,0,0,189635,270005,141693,213478,132510,192657,8560,10710,5912,5726,5028,2675,0
170466,2,1,1,38,0,0,0,0,0,0,204775,231341,176635,96646,259652,149594,9525,11907,13744,4204,9723,1973,0
56360,2,3,0,46,0,0,0,0,0,0,58142,39984,59297,48006,29716,23981,1959,1043,387,658,1327,281,0
117995,1,1,1,27,1,-1,-2,0,-2,0,592,1742,548,919,-133,1429,-648,1301,-515,-397,1630,3295,0
226185,1,1,2,34,0,0,0,-2,0,-2,12733,57886,86408,31905,-1162,404,1295,1617,777,682,2086,3160,0
31183,1,1,2,27,1,2,2,2,2,2,635,15746,44428,45109,58287,26393,-625,1842,-37,3689,1442,1965,1
197683,2,2,1,34,-2,-2,-2,-2,-2,-2,2844,11107,485678,497921,13521,349301,31535,1415,11079,-76,20234,22095,1
42974,2,6,1,28,1,2,2,0,0,0,15341,849,-220,1077,-443,-858,365,1216,748,315,2429,5489,1
105505,1,6,1,44,0,0,0,0,0,0,35811,42409,64880,40323,19273,45771,4714,5582,1308,3369,1850,295,0
380028,2,1,2,37,0,-1,-1,-1,-1,-1,16512,21538,15942,10669,26274,32756,6829,10351,6890,40037,1119,10061,0
22384,1,3,3,46,0,0,0,0,0,0,50886,47655,13678,10920,3511,11967,1535,2825,843,235,427,-66,0
240969,2,1,2,25,-1,-1,0,0,0,0,460,1934,1810,5426,43522,22506,123,1506,3649,372,544,8964,0
209973,1,1,2,31,-2,-2,-2,-2,-2,-2,610,3421,22377,374,235,652,1210,4249,1001,3851,-18,22,0
404461,2,3,1,23,-2,-2,-2,-2,-2,-2,1330,803,1773,-1549,243,-308,1174,6764,63,-97,-92,487,1
163695,2,2,2,31,0,0,0,2,2,0,52091,64619,29979,31620,15842,10317,9664,1959,642,2111,2415,345,0
561857,1,2,1,34,0,0,0,0,0,0,20744,280119,12115,9581,6002,4586,786,149,188,654,4707,17877,0
19537,1,2,1,38,2,3,2,2,0,2,12586,14160,19703,13254,12084,19817,4317,1353,1396,2813,1115,2204,1
19830,1,2,2,28,1,3,2,2,2,0,4766,13648,1854,33743,15342,13353,777,306,90,779,2681,31,1
28037,2,3,0,43,2,2,3,2,2,2,76174,48385,37820,40144,4318,42821,1203,6752,-261,224,1106,507,0
29356,2,5,2,24,0,0,0,0,2,0,11724,61981,35207,12168,15543,11557,5130,3283,669,278,2569,-296,0
234041,1,1,2,32,-1,-1,-2,-1,-2,-2,1814,-631,492,1054,1677,410,191,950,313,-141,62,297,0
360371,1,1,1,32,-1,-1,2,-1,0,0,1405,3063,18310,11263,12566,39998,3131,2866,9224,867,1801,4413,0
527531,2,1,1,34,0,0,0,0,0,0,215641,256847,47857,73198,138195,210316,9004,9872,2906,83144,4198,2403,0
69792,1,1,2,25,0,0,0,0,0,-1,74162,96891,98233,56069,-2932,2041,173,1412,615,-97,1009,75,0
316065,1,1,2,26,0,0,0,0,2,2,73224,121890,48989,72484,70127,87877,12979,2626,4827,6144,1783,-106,1
353999,1,1,2,50,0,0,0,0,2,2,7166,17909,33709,5302,14873,12639,19060,2627,37565,789,7567,13855,1
153896,1,3,2,48,1,-2,-2,-2,-2,-2,-358,-3597,17943,19318,-1406,1217,1132,668,-821,66,243,4720,1
191273,2,2,2,49,-2,-2,-2,-2,-2,-2,-1536,-2628,1420,-831,-700,-489,-356,608,-280,31,763,154,1
132331,2,1,2,23,0,0,0,0,0,0,102589,68960,40389,45132,37460,40836,7303,5787,399,271,3009,3541,0
325768,2,1,2,28,1,0,-2,-2,0,0,27127,28532,40551,32700,38318,50115,1220,10261,468,378,2476,42165,0
514572,2,2,1,46,0,0,0,0,0,0,177683,266434,198968,281664,413205,193608,7322,8499,19820,7386,8641,4344,0
83212,2,1,2,25,0,0,0,0,2,0,15307,57632,44913,27835,62876,43342,6878,1670,321,2317,1386,7035,0
9786,1,2,2,24,0,0,2,0,0,0,16562,22530,14069,2549,12106,22334,1449,1968,504,179,1833,19,0
25184,2,1,2,25,0,0,0,2,0,0,17930,29484,49476,32794,27106,24389,5422,4105,1679,5155,4299,1078,0
302960,1,5,1,36,0,0,0,0,0,2,15897,120365,80069,153869,58130,756,11411,2093,5217,3679,267,2650,0
107107,2,0,2,33,-2,-2,-2,-2,-1,-2,2337,-2089,1320,2244,871,1807,5942,32000,21,7444,170,314,0
138562,2,3,0,42,-1,-1,0,0,0,0,423,-582,72673,5978,8083,18193,1713,1368,839,7866,4565,216,0
103174,2,2,1,41,1,-1,-1,-1,-1,-1,-1837,5208,565,-888,-1611,373,-1189,1843,505,390,2032,-396,1
184010,2,2,1,42,1,2,0,2,2,0,49585,218399,159365,85653,186779,106208,5032,4461,8745,4584,4695,1226,0
53361,2,2,1,26,1,0,2,0,0,0,65998,60538,73267,7981,19975,34557,411,1366,3071,255,1126,5328,1
88161,2,3,1,40,2,2,0,0,0,0,52979,177914,83276,83630,39278,97232,1480,2165,-191,2934,1356,1253,1
353658,2,1,1,32,-2,-2,-2,-2,-2,-2,2821,13933,97664,37211,27580,35147,851,2526,50582,887,2191,37,0
229585,2,1,2,28,0,0,0,0,0,0,38838,76595,42374,8009,10813,9306,1538,761,-133,238,-243,43,0
87766,1,3,3,42,2,2,0,0,0,0,47336,54603,39338,44635,31692,1797,299,2187,1923,1057,1433,1946,1
246036,2,1,1,28,-2,-2,-2,-2,-2,-2,-693,-1160,2046,1284,-279,1053,-262,2119,-169,-915,1237,295,0
415863,2,5,1,29,-2,-2,-2,-2,-2,-2,86,-440,2728,2853,-41,100,1483,1790,-545,77406,451,247,0
251348,2,2,1,29,-1,-1,-1,-1,-1,0,512,6826,2855,5397,-513,5342,1322,1506,1589,2531,4148,1341,0
224351,1,3,1,33,-2,-2,-2,-2,-2,-2,14512,1049,-235,-1005,-3370,800,1274,2153,-230,-376,1303,331,0
21404,1,2,1,32,2,2,2,5,0,0,9557,13734,9698,16563,16768,800,-541,1131,-324,472,-300,559,1
51537,1,1,3,46,-1,2,0,0,0,0,115,1310,13811,11714,8653,217,277,474,2104,814,3041,331,1
21709,1,3,1,58,0,0,0,2,2,2,32483,54037,49055,30683,39036,59315,7559,2482,598,2958,-9,-247,0
225062,2,2,1,38,0,0,0,0,0,0,169323,126191,138362,105186,111388,116110,10029,7760,1064,479,1814,5821,1
90104,2,2,2,31,1,-2,2,-2,-2,-2,2339,-730,-1978,492,-2004,-362,-589,-427,-897,-124,-165,227,1
350681,1,2,2,23,0,0,0,0,0,0,36700,28077,48804,32320,32496,45637,1733,4433,8855,27,3275,-172,0
33776,1,1,3,37,1,2,2,0,0,0,-451,1785,284,1065,771,1169,-1618,124,793,203,196,170,1
28654,2,3,2,30,1,3,-1,3,-1,4,-1003,-2742,-1734,169,-1370,1121,-1001,3,-956,1682,1116,138,1
400088,2,2,2,30,0,0,0,0,-1,0,10332,20800,8259,12421,22839,17347,2509,15180,1228,15829,7266,1476,0
91025,1,1,2,29,0,0,0,-1,0,0,8481,42799,2210,955,12199,13169,4032,989,906,4696,1995,431,0
51106,2,3,0,23,0,0,0,0,0,0,91896,43855,16803,956,7449,23132,516,1461,1223,496,4389,248,0
209628,2,1,1,35,2,0,0,0,0,0,236808,145126,75129,92937,143082,133304,7427,629,5083,604,3019,2213,1
92532,1,3,1,38,-2,-2,-2,-2,-2,-2,17067,6555,13619,5766,-970,1424,24519,1898,673,-85,866,153,0
29160,2,2,1,42,3,2,2,2,2,2,4698,123,608,17131,599,21048,-734,631,455,-181,6166,2543,1
208153,1,2,2,31,0,0,0,0,0,0,86237,176087,130245,85283,94341,71271,12223,1828,1407,5665,3449,5847,0
219764,2,2,2,36,0,0,0,0,0,0,34441,55957,95175,58689,31262,54942,2764,5252,4,951,2614,17463,0
370943,2,1,1,34,0,-1,0,-1,0,-1,19534,25918,492573,10948,64669,17083,12991,22583,27654,17441,7350,8298,0
48620,1,3,1,43,2,2,0,0,0,2,39442,44356,48495,45705,67943,55223,1704,2042,-446,3165,2297,375,1
28699,1,2,1,46,2,2,2,2,2,2,7912,24163,19123,37435,46216,58910,446,2010,1407,3882,1734,767,0
48981,2,2,2,24,0,0,0,2,0,0,71307,131103,88351,66700,33357,83585,3589,3814,1999,1429,1836,799,0
185872,2,2,1,41,-1,-1,-1,-1,-1,-1,919,-1482,2579,1730,7190,22974,893,1771,977,-11,731,251,0
89945,1,2,2,29,-1,0,0,0,-1,0,12163,5197,19153,8777,19084,7444,3597,4478,2759,6944,2773,6257,0
245737,1,2,1,37,1,0,0,0,0,0,204049,269391,333874,127182,154451,119851,8956,55574,1798,5507,5948,4972,0
183287,1,2,1,34,1,2,-2,-1,0,-1,1776,4433,1635,1144,-53,11507,-170,1430,701,704,1528,35884,1
22107,2,1,2,25,2,0,2,2,0,2,13107,26451,111,5077,11628,8786,2460,1940,1273,-248,778,63,1
258522,2,2,1,29,2,0,0,0,0,0,134458,255062,134233,164426,159476,90514,5785,13540,4672,7527,6319,2651,1
62712,2,3,2,48,0,0,0,0,0,0,53693,59965,74187,10113,22928,23825,5322,2350,1497,2449,4342,484,0
97709,2,1,2,23,0,0,0,0,0,0,35773,59917,52103,39300,42578,49812,6172,4740,528,2792,1592,2002,0
50096,2,1,2,25,0,0,0,0,0,0,2853,4752,6989,11989,6031,5805,2595,1208,2328,5290,2410,444,0
22992,2,3,0,33,1,0,0,0,0,0,47419,89391,1461,13435,28358,18931,1123,1385,611,2539,3109,1749,0
81176,2,1,2,38,0,0,0,0,0,0,42761,59077,65838,30247,41310,53979,3181,5903,1730,291,1354,1011,0
31481,1,3,2,22,2,2,2,2,2,0,19351,54715,41822,29844,61132,75805,1735,40,-442,80,471,24,1
76298,1,2,1,45,2,2,3,-2,0,0,326,-3036,1341,6968,-1034,30928,-895,550,565,437,63,405,1
88151,2,2,2,28,1,-2,-1,-2,-2,-2,19354,1389,246,-72,-661,999,255,1512,-514,-623,-108,-283,0
212280,2,4,1,32,1,0,0,0,0,0,36566,55350,62819,39467,49746,57341,4150,7205,1167,1466,5495,2477,0
101540,1,2,1,42,3,2,2,0,0,0,18172,22505,7710,28420,34145,80563,513,5220,4842,3258,1176,2546,1
55790,2,2,1,47,0,0,0,0,0,0,49739,53417,55573,15444,14134,13622,2368,2260,1438,186,1104,12910,0
155991,2,3,1,48,1,-2,-2,-2,3,-2,6147,42931,19254,16595,-1361,33880,54,1910,-406,1311,154,2332,0
427626,2,2,1,34,1,2,0,0,0,0,277518,117851,61692,155858,124529,91403,7211,6212,3108,6008,4313,6300,0
18680,2,2,1,31,-1,-1,-1,0,0,-1,383,-487,-809,1634,-61,-771,535,1914,942,230,165,566,0
89591,2,2,2,25,0,0,0,0,0,0,59870,140803,62484,73600,27447,37074,5561,2611,3038,1940,1549,1737,0
52237,1,2,2,34,-2,0,-2,-2,0,-2,35318,41168,55887,23653,5412,18925,22077,2435,764,108,810,14255,0
170268,2,1,1,30,-1,-1,-1,-1,-1,-1,-1563,-1681,1090,587,-802,-537,-879,320,-733,-249,-113,660,1
51147,1,2,1,23,0,0,0,0,0,0,11990,6059,694,37,7049,3451,2155,1552,970,3839,4669,5201,0
225793,1,2,2,21,0,0,-2,-2,-2,-2,12759,9419,17555,5014,-4787,14155,2983,3669,1259,-167,8831,435,0
162542,2,2,2,23,-1,-1,-1,0,0,0,814,1185,14308,8016,13240,8382,1433,632,0,-103,4414,6317,1
51930,1,1,2,31,1,2,2,0,0,0,4106,780,1073,16895,-23,24199,235,1675,139,585,1478,119,0
153341,2,2,1,33,0,0,0,0,0,0,142288,187924,94085,95716,143931,73476,2061,7003,2764,1810,4396,1515,0
91332,2,2,1,34,1,0,-1,-1,-1,0,2318,15097,9517,2880,17598,8288,2836,2129,2458,4400,1983,1056,0
238185,1,2,1,26,-1,-1,-1,-1,-1,-1,7096,154494,182945,27950,346897,168044,3992,23325,20581,4759,15065,149758,0
22821,2,2,1,26,0,0,0,0,0,0,19259,3311,1442,11705,14173,21894,973,1838,1015,102,7,-212,0
289126,2,1,1,32,1,-2,-2,-2,-2,-2,11425,6489,1595,2164,1707,278,5927,1828,2569,8090,3664,88,0
480833,1,2,1,37,0,0,-1,-1,-1,-1,3873,5618,19351,193357,185266,320451,9665,19426,15054,20955,21082,13137,0
88934,1,3,1,27,1,2,2,0,0,0,10781,1229,2243,14784,1028,489,-263,3741,887,635,2012,1763,1
69737,2,3,0,27,2,0,2,2,2,2,37602,90227,34253,43747,35164,47171,2343,1383,1129,1775,1232,727,0
50548,2,3,2,25,0,0,0,0,0,0,35897,21966,56998,13216,21055,17919,2102,1522,1574,3,2064,7,0
103502,2,1,0,38,2,2,2,0,0,0,3096,68505,83663,74484,57313,30697,113,22762,3655,2991,1911,4677,0
87801,1,2,3,42,-1,-1,-1,0,0,0,3745,2299,1472,2047,1740,980,589,488,-51,591,54,726,1
224911,1,3,1,32,1,-1,-1,-1,-1,-2,2137,-726,812,1174,-1982,359,-257,224,404,-725,2021,419,0
172607,1,2,2,25,0,0,0,0,0,0,849,19818,52018,12973,9270,13438,1279,1947,1066,238,4677,4064,0
198065,1,3,1,44,2,-1,0,0,-2,-2,3341,2083,-590,-658,-1961,-176,-67,604,119,-122,-23,-127,0
291233,1,6,1,46,2,2,0,0,0,0,35850,94934,74666,154046,64195,76900,2237,5832,4037,4263,2191,2039,0
15893,1,5,2,29,0,0,2,-1,0,0,8003,7831,20352,4088,-883,-647,2333,2151,-165,66,-349,1981,1
509155,2,1,2,34,0,0,0,0,0,0,356771,354093,175452,309822,412092,292606,22907,7168,72390,5574,2465,4774,0
344351,1,1,0,43,0,0,0,0,0,0,84904,79926,70841,144809,46002,97655,8039,2950,11010,7802,5798,17403,0
174732,1,1,2,23,1,0,-1,0,0,-1,2018,3230,-692,18048,2118,889,1227,1875,-335,736,697,841,0
28780,1,2,1,36,-1,-2,-1,2,-1,-1,16518,12910,-2619,342,-480,919,854,205,926,5238,1352,1403,0
132343,2,2,1,29,2,2,2,0,2,0,42901,115995,54833,148677,73592,107134,1253,5949,-88,1734,1996,1192,0
52492,1,6,1,34,0,0,0,-2,-2,-2,61221,40344,21403,24461,-984,2184,2847,2383,385,255,485,-361,1
277169,1,6,1,34,0,0,0,0,0,0,263516,172502,205388,217019,203219,155108,7326,11921,5259,4000,3940,1638,0
217707,2,3,0,29,0,-1,-1,-1,-1,-1,2134,11602,10782,-240,172,11380,9367,3127,7240,843,3875,254,0
146116,2,2,0,30,0,0,0,0,0,0,40049,56609,92965,93170,38843,48120,4434,3018,1732,2411,1369,1691,0
424693,2,6,1,36,1,-2,-2,-1,-2,-1,17711,18015,20441,22409,43156,23950,14760,16690,290,49665,11970,937,0
143728,1,1,2,24,2,0,0,0,0,0,64901,162879,129882,102476,141904,92113,1976,1331,3946,2660,3684,1631,0
214163,1,1,2,28,0,0,0,-2,-2,-2,455,2517,1692,-73,-1279,363,1056,1774,-604,-851,1342,-427,0
249293,1,2,3,33,-1,-1,-1,-1,-2,0,1578,-317,-51,118,-933,697,-2129,790,-926,-495,1013,747,1
406747,2,2,1,32,0,0,0,0,0,0,129012,150525,58053,175908,163083,106330,8255,11462,16823,3251,4581,2286,0
147413,2,2,1,39,2,0,0,0,0,0,81546,137761,41722,85677,145908,72558,6112,5468,3735,1881,254,1974,0
201087,2,1,2,55,1,0,0,-2,-2,-2,27575,1893,1611,-1168,-890,606,1052,1730,69,-176,1739,331,1
53326,2,2,1,38,1,0,0,0,0,0,30532,52812,52676,30841,40316,12287,29,1887,2070,428,2904,2639,1
237925,1,2,1,27,0,0,0,-1,0,-1,90353,72205,80913,5093,-1065,476,1194,4008,5546,2249,1299,422,0
53998,2,5,1,22,0,0,0,0,0,0,14213,15929,15284,17451,13946,1799,5331,1628,505,395,1264,1907,0
153034,2,2,3,35,1,0,0,0,0,-2,15723,14803,-27,8320,-60,-450,822,1535,399,-3,599,391,0
227040,1,3,1,29,-1,-1,-1,-1,-1,-1,25884,-243,-911,17111,235,-787,455,1916,212,402,58,417,0
26265,1,2,3,47,0,0,0,0,0,0,17434,18795,356,7444,1794,21112,1268,2032,398,-483,1471,73,0
17306,1,2,3,45,0,0,0,0,0,0,15192,17111,25990,10534,14865,8058,1606,1834,1031,452,1172,249,0
371254,2,3,1,53,0,0,0,0,0,0,3146,75119,13164,26613,7335,17982,3771,3682,538,6138,1026,8579,0
253466,1,2,1,49,0,0,0,0,0,0,71318,196927,103980,60592,146612,87101,15281,5940,1304,1458,1787,853,0
271308,1,2,2,33,0,0,0,0,0,0,292066,225825,188019,153653,157914,210681,5726,12115,102334,2048,5773,3320,0
251845,2,1,1,27,0,0,0,0,0,0,94911,198779,171096,131138,148833,99582,12114,7234,10675,3998,2739,-398,0
442010,2,4,1,35,-2,-2,-2,-2,-2,-1,930,-2381,4191,15255,1247,1523,51892,54397,1073,105001,35402,2489,0
25770,1,2,2,45,0,0,2,2,0,0,19732,1643,704,4701,-1322,2412,-322,1246,797,44,1590,-43,1
196464,2,2,1,35,0,0,0,0,0,0,32153,109700,120374,84609,50264,55429,4213,2162,1525,5492,3725,2200,0
80353,2,2,3,48,0,0,0,0,0,0,46666,65576,53005,13942,15860,45883,2440,2413,136,2689,5722,535,0
98803,1,3,1,42,0,2,2,2,2,2,82565,19740,18647,-209,2104,2631,548,801,153,1204,1634,4018,1
108422,2,2,2,23,0,0,0,0,0,0,60310,60053,113109,12992,15058,1892,4914,2411,1465,1042,2457,-218,0
393082,2,1,2,47,1,-2,-2,-2,-2,-2,-2206,820,387,2552,-999,899,5134,204,-843,285,255,3221,1
203818,1,2,1,45,1,-1,-1,-1,-1,-1,1382,4830,16208,9996,20707,17169,-234,1697,2636,451,19054,6869,1
50946,2,2,2,26,0,0,0,0,0,0,33577,61699,54451,30772,409,16436,4009,4302,774,1154,1243,764,0
498350,1,5,1,49,0,0,0,0,0,-1,5546,15085,29368,23105,42937,25543,19230,6001,17845,4623,5719,11523,0
101327,2,1,2,24,0,0,0,0,0,0,25420,37065,25512,3699,4035,7102,5759,1728,1372,-34,2117,-436,0
50131,1,1,1,36,-2,-2,-2,-2,-2,-2,4106,15665,18726,7181,11177,11681,1787,1819,19062,8044,6864,13750,0
101047,2,1,2,33,0,0,0,0,0,0,16515,22990,64846,24320,30293,32053,6506,5045,579,1551,950,204,0
226279,2,5,2,33,-2,-2,-2,-2,-2,-2,10920,18167,6581,34642,-443,19925,2855,2028,178,6474,406,257,0
15861,2,2,2,29,0,0,0,-1,-2,-1,7548,1148,69,4608,-821,1280,2670,2444,1173,230,1508,1150,0
501729,1,2,1,31,0,0,0,0,0,0,50633,29046,92223,43237,18636,10856,5350,2409,12355,29468,1296,14941,0
225557,2,6,1,52,-2,-2,-2,-1,-1,-1,41383,71642,89502,272254,43038,3022,10172,5591,15471,4025,43075,11028,0
103532,2,1,2,33,0,0,0,0,0,0,85414,46223,44248,36063,9062,34087,3506,1407,3432,4782,5045,14748,0
90687,1,2,2,45,1,2,2,3,3,0,38,-522,-81,709,1347,2750,-181,2081,874,652,2598,2917,1
22903,1,2,3,41,1,3,2,2,2,2,3895,9891,1498,16320,7528,12551,969,676,-749,320,2122,211,1
201317,1,1,2,31,-1,0,0,0,0,0,177536,238666,58016,105194,100897,75029,9038,94853,6127,2235,8122,1073,0
211944,1,2,1,50,-1,-1,-1,-1,-1,-1,9895,5576,8686,-105,-866,13754,7626,1155,22206,14979,1718,655,1
19747,2,1,1,24,2,3,2,2,2,2,6723,12874,4925,31305,5007,9021,2589,1889,41,1007,2115,2438,0
249067,1,2,1,37,0,0,0,0,0,0,158999,154488,179707,220059,271554,190454,4529,11751,11574,3921,5598,3135,0
272794,2,3,2,32,-1,-1,-1,-1,-1,-1,1562,-726,9957,-791,1180,1623,1264,501,767,313,1445,110,1
12930,2,2,1,25,0,0,0,0,0,0,15022,18425,19330,4839,16215,3250,1857,2191,274,3818,1070,8986,0
88882,1,1,3,37,0,0,0,0,0,0,46891,42054,41897,50885,76068,38474,2345,2799,1947,134,5229,1076,1
34625,1,3,1,33,2,3,2,3,-1,-1,1242,1220,-1149,20,557,327,-1083,517,-828,1031,614,1338,1
213869,1,1,1,29,-1,-1,-2,-1,-1,-1,15196,6192,-4,-305,-1439,-78,1597,1859,180,186,229,133,0
151583,2,1,1,68,1,2,0,0,0,0,61880,166334,82030,64007,77486,35689,591,790,1122,2073,512,3378,0
250392,2,2,1,38,0,0,0,0,0,0,96165,176481,178244,155475,110500,98866,8917,13660,4954,2407,4445,3435,0
281956,2,1,2,31,-1,-1,-1,-1,-1,-1,8851,1110,312,-1113,1819,725,2909,1559,1024,8436,5869,3131,0
173680,1,2,1,50,0,0,0,0,0,0,1436,15820,25307,8833,7333,799,3551,1115,1601,-82,1417,461,0
213725,2,2,1,43,2,0,0,0,0,0,97473,177820,97073,152886,115927,137641,8756,12462,244,2092,5970,3502,0
218857,2,2,1,39,0,0,0,0,2,2,176479,174589,80889,37593,75299,79251,4206,1378,2425,6917,1993,62355,0
199923,2,2,2,25,2,-2,2,-2,-2,-2,84864,697,-1040,1113,-1712,-1214,-558,521,62,-77,-153,145,1
25983,2,2,2,26,-1,-1,2,-2,-2,-1,2632,4332,-1295,-759,-1755,-389,-905,-166,-227,-346,-279,329,1
29993,2,2,3,33,-1,0,0,0,0,0,18346,20564,18767,13320,793,1685,1553,586,1203,35,1804,-117,0
500901,1,1,2,33,-2,-1,-2,-2,-1,-2,1227,-568,2882,-298,240,112,1169,7900,799,1484,2117,1190,0
122797,1,1,1,35,-2,-2,-2,-2,-2,-2,25247,19189,52490,-117,271,1151,4733,470,1126,-10,1422,621,1
196407,1,2,2,24,-1,-1,-1,-1,-1,-1,15426,-604,-343,26,523,-470,7518,971,1352,2668,643,7341,1
51168,2,2,1,27,1,2,0,0,0,0,-957,464,20609,7404,30271,14256,269,1804,703,674,889,400,0
213023,2,3,1,30,-2,-2,-2,-2,-2,-2,2289,-89,-786,-948,-1440,67,-116,1558,357,283,62,290,1
20251,1,2,2,23,1,2,0,0,0,0,11109,-796,6466,12333,4211,16970,-968,368,-157,481,732,-74,1
54849,2,4,1,39,0,0,0,0,0,0,30643,8137,24346,16200,13926,40688,1997,1869,1796,1976,1758,759,0
90969,1,2,1,45,-1,-1,-1,-1,-1,-1,-1067,-1779,147,1549,-726,-343,-756,-214,77,619,2473,564,1
96310,2,2,1,34,0,0,0,0,0,0,68205,89024,49152,144514,28354,68095,1225,2556,3692,3246,1169,1999,1
468501,2,3,1,45,-2,-2,0,-2,0,0,14462,16265,13065,7980,2130,33359,4323,2013,376,17930,4053,13933,0
65255,1,3,2,32,2,3,3,2,3,2,54744,7032,51625,41291,389,87876,273,919,439,146,941,101,1
29156,1,1,2,29,2,3,2,2,2,2,10566,11708,10016,-1098,-1237,6413,426,1760,-73,-658,2070,-153,1
409464,2,3,1,39,0,0,0,0,0,0,76902,191221,90011,92613,151714,81149,12125,5423,4353,2789,2664,596,0
246755,1,1,1,33,-1,-1,-1,-1,-1,-1,71037,8911,75823,16217,30245,261231,11415,21333,3138,705,64811,92878,1
219145,2,2,3,41,0,0,0,0,0,0,124496,183945,148870,115138,134751,11797,12261,1976,1429,6641,3004,-338,0
84850,2,1,2,23,0,0,0,0,0,0,45536,48201,43318,19284,39904,37183,1410,2228,839,-198,5656,781,0
398569,1,1,1,45,0,0,0,0,0,0,115649,109590,80960,108049,44254,85283,2144,6001,3791,7422,3874,-126,0
160394,1,2,1,46,0,0,0,0,0,0,142803,148469,92064,95735,123264,108498,7944,12613,2094,5897,5104,3423,0
203021,1,0,1,44,0,0,0,0,0,0,7789,6311,12280,8776,24191,11429,1592,5258,974,9548,12140,3771,0
278536,2,2,1,44,1,-2,-2,-2,-2,-2,-4667,1229,14115,12243,-217,13802,5650,1307,25087,11369,14365,1058,1
259289,1,1,2,33,0,0,0,0,0,0,257727,162625,191325,107854,139858,188492,12164,6037,99634,5769,2095,1201,0
53648,1,2,2,47,0,0,0,0,0,0,6187,44278,48113,366,16556,39114,2452,3104,818,294,2201,-188,1
98223,2,2,1,28,0,0,0,0,0,0,73323,20006,70757,84924,32656,72840,7129,924,2513,9448,5290,1662,0
164514,1,3,2,33,0,0,0,0,0,0,76147,150857,85432,112895,159561,332085,47424,2093,5026,7948,6237,990,0
238343,2,2,1,48,0,0,0,0,0,0,103831,212173,106636,81771,87839,79240,12840,3755,5403,2625,4297,4211,0
226133,1,1,1,36,1,-2,-1,-2,-1,-1,11852,17101,112145,14323,38564,57825,75320,25421,27580,43712,1440,11012,0
98890,2,2,1,42,-2,-2,-2,-2,-2,-2,4393,156,-889,241,1006,1570,55016,799,-688,33721,38,-35,0
55597,1,6,2,22,0,0,0,0,0,0,55084,1274,21898,305,-427,1674,1049,1473,495,37,1653,-172,0
234225,2,4,2,31,-1,-1,-2,-1,-1,-1,27554,1702,8459,3055,-840,-405,5343,2050,657,665,58,129,0
55937,1,1,2,28,-2,-2,0,-2,-2,-2,40168,18048,14643,9871,1440,875,2115,4999,482,573,1863,272,0
92169,2,2,1,35,2,0,0,0,0,0,35956,57723,48502,38909,45449,36641,5873,2846,1643,151,3224,3,0
17799,2,2,1,37,1,2,2,0,2,0,6351,28127,9408,12260,13515,21708,-476,5269,-771,2292,1165,320,0
219398,2,2,1,37,0,0,0,0,0,0,32116,98186,103021,78019,57927,101916,5751,5902,3714,2071,5298,1285,0
484403,2,3,1,44,-2,-2,-2,-2,-2,-2,60180,16538,23208,17066,9202,1018,10061,11013,11730,3381,-29,-143,1
486336,1,5,1,49,0,0,0,0,0,0,102265,303287,216768,247207,175476,122628,9514,9409,998,528,68833,2903,0
193046,1,3,1,37,-1,-1,0,0,0,-1,3590,147,10010,5199,6898,1918,1483,1860,1042,11612,103,375,0
83406,2,3,0,22,0,0,2,2,2,2,74432,58640,63558,37276,29951,56516,4041,2924,567,2119,1325,1205,0
79250,1,2,1,33,1,0,0,0,0,0,10932,14806,12043,42778,27365,32313,2180,2495,690,2266,344,906,1
357660,2,1,2,33,-1,-1,-1,-1,-1,-1,518,3197,870,10543,12143,10110,10514,873,2495,9136,3457,1855,0
244231,2,2,2,29,1,0,0,0,0,0,59364,65576,88832,35525,28728,42574,103122,1667,4701,1485,4042,4724,0
96173,1,2,2,27,2,-2,2,2,-2,-2,7622,4289,-352,119,591,1749,-286,451,-1596,-680,612,813,1
152385,2,1,2,28,1,0,0,0,0,0,58123,109542,72539,134049,42921,29806,4236,11101,257,4553,3357,3858,0
263072,1,4,1,43,-2,-2,-2,-2,-2,-2,2882,1226,-666,-451,-2201,62,1933,1018,-533,-769,-262,151,0
28690,1,3,1,46,1,3,2,2,3,0,6722,12175,-35,11444,14359,15074,-486,1214,45,2868,3454,131,1
154880,1,2,2,25,0,0,0,0,0,0,78676,58483,39332,29593,63462,102735,6485,2448,913,8940,3674,3,0
157067,1,2,1,38,-1,-1,2,-1,-1,-1,2200,8923,529,280,-76,28,2903,1827,187,2555,-130,2263,0
26790,1,2,1,44,2,3,2,0,3,3,16991,20000,-410,13385,411,1161,847,251,1066,-130,329,-114,1
378832,2,2,2,27,0,0,0,0,0,0,70188,76997,76548,83216,51736,44519,12419,2618,15497,5617,1607,404,0
30940,1,3,2,38,2,-1,2,0,4,-2,20836,310,363,-492,-1013,-2198,-165,1857,-870,505,-125,-334,1
55598,1,3,1,34,-1,-1,-1,-1,-1,0,2043,510,-1059,13960,-1855,-114,477,1016,993,182,1587,385,1
92198,2,1,2,32,-2,-2,-2,-2,-2,-2,12809,56860,42808,33586,28688,62279,1764,5367,314,5098,1594,49,0
13373,1,2,1,46,-1,-1,-1,-1,-1,-1,2543,17407,-38,5619,1579,2981,8773,1635,479,2407,305,173,0
148424,2,3,1,46,0,0,0,0,0,0,39548,59225,40038,18999,65567,39360,5698,5972,2941,2870,1466,-42,0
410407,1,5,2,27,0,0,-2,0,-2,-2,56543,12621,83398,8903,89726,17637,-563,1374,575,5892,1535,7332,0
461515,2,2,2,37,0,0,0,0,0,2,170064,183478,178344,128805,202994,189068,9705,11501,2082,4122,3952,1587,0
236776,2,2,1,38,1,0,0,0,0,0,75894,95168,86234,15650,64066,12951,1391,1717,2410,2256,2326,2510,0
198365,2,2,1,39,0,0,0,0,0,0,248319,179387,221969,158389,132850,160698,11070,1920,5285,5193,5473,3780,1
76208,2,2,2,24,0,0,0,0,0,0,3884,59545,40613,15882,13676,38515,1428,2027,494,2095,4388,1659,0
127970,2,2,1,24,0,0,0,0,0,0,35931,43731,51838,40194,28382,46936,2696,1435,1127,954,3255,1583,0
49260,2,2,2,28,1,-2,0,-2,-1,-2,383,-263,252,7535,-2104,-246,1317,684,-615,-121,-54,384,1
53477,2,3,2,34,0,0,0,0,0,0,12393,35429,-104,14198,1482,1756,667,510,-272,-335,-46,146,1
366232,2,2,2,48,0,0,0,0,0,0,110724,161454,64810,140833,40248,53406,6222,5541,1059,2732,10071,87,1
96121,2,2,1,60,0,0,0,0,0,0,26129,72311,52130,22119,11484,49935,1725,2082,1519,382,1058,1099,0
150517,1,2,2,35,2,2,0,0,0,0,75078,182440,64236,79561,61832,51423,3608,2533,1172,1309,-22,965,1
147460,1,2,1,33,0,0,0,0,0,0,32281,23279,23497,11206,16426,648,3869,1687,2564,223,2470,310,0
358765,1,3,1,27,-1,-1,-1,-1,-1,-1,1534,1015,-1855,741,-1239,-162,197,689,834,726,251,241,0
160941,2,1,2,29,1,0,0,0,0,0,224250,173976,117764,124192,173631,72365,6404,8413,5078,2770,4164,5814,1
149935,1,5,1,27,0,0,0,0,0,0,68310,111116,87979,92811,128752,59531,6070,4249,1945,5135,3488,1013,0
86394,2,1,2,27,-2,-2,-2,-2,-1,-1,11316,12203,17612,11512,1789,968,1613,6218,493,7412,4327,614,0
210313,2,6,1,52,-2,-2,-2,-2,-2,-2,788,-1770,3405,-144,-2554,1124,-1179,562,294,-242,254,617,0
23189,2,2,2,23,2,0,0,0,0,0,5929,43214,44178,36812,18927,44089,1289,1658,152,330,484,394,1
330660,2,2,1,45,-1,-1,-2,-2,-2,-2,1578,-1745,-178,1613,-746,1453,-909,653,-326,635,-25,100,1
83425,1,2,1,36,-2,-2,-2,-2,-2,-2,-1591,-1172,2002,1439,-1480,2281,319,760,-94,-126,-130,833,0
167373,2,2,2,30,0,0,0,0,0,0,168006,175191,65136,74129,107754,57577,2415,10401,1806,5134,1869,1210,0
15449,1,1,1,26,-1,-1,2,0,-1,-1,1665,6564,11760,12628,14415,5797,1238,1716,285,791,410,-67,0
147442,2,0,2,50,0,0,0,0,0,0,21912,43339,63479,53452,64339,49050,5669,6496,3152,2711,1077,-278,0
137581,1,3,1,34,2,0,2,2,2,3,84370,11137,24957,159,-721,1234,1366,1613,1447,-6,-96,-379,1
54507,2,1,1,29,0,0,0,0,0,2,59064,42973,29443,5776,20087,11355,5611,2131,302,898,1146,795,1
53653,1,1,2,24,-2,0,-2,-2,-2,-2,47025,50845,1549,-835,-542,1941,3712,1121,9,-359,155,-323,0
495301,2,1,1,45,-2,-2,-2,-2,-1,-2,25239,11440,20420,2178,961,1572,2152,21054,6239,6000,40562,3738,0
183346,2,2,1,49,1,-1,-2,-2,-1,-2,-1327,1205,-790,1172,-1318,637,-397,994,-246,596,1771,-22,1
488383,1,1,1,33,-2,-2,-2,-2,-2,-1,16424,15308,19515,10121,18521,1198,26995,27776,17575,3491,7998,19327,0
314409,2,2,1,36,-2,-2,-2,-2,-2,-2,652,-1447,247,-169,-1114,166,-361,1321,-18,-576,1394,-117,0
85480,2,1,2,24,0,0,0,0,0,0,39334,42553,33779,10074,5940,15996,3841,18,767,666,565,483,1
51437,1,2,2,22,0,0,0,-2,-2,-2,59320,49892,47219,2546,-1563,908,6821,2842,249,-213,87,-103,0
210303,1,2,2,51,0,0,0,0,0,0,84128,131948,96846,73216,182465,85409,2628,11297,8714,5842,3826,977,0
273913,2,2,2,23,-1,-1,-1,-1,0,0,10446,12251,18045,3379,16312,3543,2014,12097,1710,3887,1434,1807,0
358018,1,1,2,27,-1,-1,-1,-1,-1,-1,3195,2289,988,255,2219,-193,-408,1798,265,4253,-203,819,0
149361,1,2,2,29,2,2,2,2,2,2,58997,40963,60719,9480,-71,36309,561,1275,757,-44,914,1760,0
144158,1,1,1,36,0,0,0,0,0,0,45416,65293,57631,75059,27201,105878,6325,2756,1534,568,820,2208,0
127159,2,2,1,57,0,0,0,0,0,0,179460,178351,126983,205992,127966,63012,1816,10465,3470,9359,1211,3548,1
355975,1,1,1,37,1,2,0,-1,-1,-1,56514,71977,48413,23524,26287,49890,13354,21750,4662,5056,3359,1134,0
154553,1,1,2,41,-2,-2,-2,-2,-2,-2,2486,-1248,268,1047,-2405,-484,352,1695,227,936,-234,1645,0
21210,1,3,1,48,2,2,2,2,2,2,51676,86994,48867,60141,83679,87835,1169,4636,2460,1535,935,3686,1
209943,2,2,2,26,1,-2,-2,-2,-2,-2,12275,77,-139,1271,1066,2031,1734,29,-1001,805,1584,-232,1
202921,2,3,1,56,0,-2,-2,-2,-2,-2,9256,6174,12577,-865,-1300,245,2093,1470,613,-620,863,6085,0
84235,2,3,0,44,1,2,2,0,0,0,-734,1190,12792,374,4,220,165,16114,797,1682,1031,1730,1
139258,1,2,1,47,-1,-1,-1,-1,-1,-1,-735,-520,1866,788,1426,1420,1375,670,272,2294,1864,302,0
90881,1,1,1,36,-1,-1,0,-1,-1,-1,18507,445,4625,-1491,-780,68,64,3271,983,862,2,12526,0
364172,2,2,2,33,-1,-1,-1,-1,-1,-1,17270,1870,14531,1868,37777,7796,1295,21624,877,2880,12537,18506,0
24887,2,4,2,34,-1,-1,-1,-1,0,0,15605,12868,13905,11653,410,18025,748,2959,1131,2228,3662,2991,0
34163,1,1,2,22,2,-1,2,-2,0,3,13916,-193,-971,5295,-2382,-981,134,191,-673,-669,94,314,1
215986,2,4,1,24,0,0,0,0,0,0,145810,69023,86648,175055,72325,40333,7145,6402,4635,6687,1653,786,0
373153,1,2,3,41,0,0,0,0,-1,0,13440,10873,8540,10629,15164,13963,8085,25530,960,51583,12522,-81,0
26749,2,2,2,44,2,3,2,2,0,3,9247,34827,20967,8048,201,47510,-9,1917,-137,1000,1113,215,1
152285,2,5,1,51,0,0,0,0,0,0,71062,102699,90359,25610,54252,77872,965,2843,837,352,2221,639,0
219134,2,1,2,23,-1,-1,0,0,-1,-1,6782,354,328,19916,17615,-761,1211,153,1717,98,2015,1742,0
30965,2,1,2,30,2,2,2,0,0,2,4551,21902,9173,10331,16530,1400,818,184,739,2634,72,1695,1
217479,1,2,1,32,0,0,0,2,2,2,5247,16058,34594,30387,38081,45936,10101,2418,-497,7932,1560,-561,1
96090,1,3,2,38,-1,-1,-1,-1,-1,-1,1959,46,-625,-20,-1346,86,-1069,687,-413,-189,1864,-142,0
246453,2,1,2,26,0,0,0,0,0,0,75173,256358,91739,299111,74842,87996,41411,110857,21758,6750,3637,2397,0
179326,2,1,2,25,1,0,0,0,0,0,159034,276037,113422,121800,130574,192386,10226,6711,2146,3814,1951,2683,0
421334,1,1,2,34,0,0,0,0,0,0,234047,296258,180359,245468,324282,204903,5133,12066,23503,6095,8204,4394,0
193536,1,1,2,27,1,2,-2,-2,-2,-2,52029,61046,3722,1048,581,2731,4145,1779,697,1137,2033,2551,0
152476,1,2,1,24,0,0,2,2,0,0,64196,91542,43431,47456,24024,75317,2487,3780,1361,1434,3319,1171,1
274153,2,1,2,40,-2,-2,-2,-1,-2,-2,20183,1524,2399,-910,-525,863,4561,705,968,-152,1628,1067,0
188882,1,2,1,46,1,-1,-2,0,0,-1,63589,67321,87063,355675,47165,49085,3648,7561,5395,3579,4787,9273,1
219579,1,1,2,39,0,0,0,-1,0,-2,82458,10764,21182,27317,29676,15931,8285,3785,11879,534,1344,69840,0
140716,2,2,2,24,0,0,0,0,0,0,92163,138679,34969,66947,22991,69914,3123,1194,4317,2412,2203,824,0
427859,2,2,1,31,0,0,0,0,0,0,207271,294581,142804,205059,156147,86876,7410,9895,11460,5179,43581,2927,0
134356,1,2,1,42,2,2,0,0,0,0,189765,166658,70345,95567,131819,138125,8956,3243,8512,2149,783,6555,1
205566,2,5,1,42,-2,-2,-2,-2,-2,-2,3528,2903,1586,102,-1579,-919,976,654,-161,-696,1904,1434,0
215575,2,3,1,31,-2,-2,-2,-2,-2,-2,7862,105,-1111,-2088,-2899,795,551,126,-652,-599,-117,338,1
384153,1,2,1,42,1,-2,-2,-2,-2,-2,795,-253,1202,2693,132,1790,283,1358,482,1378,924,5870,0
234646,2,3,2,33,-2,-2,-2,-2,-2,-2,3093,1087,2249,120,-1224,934,8,1743,-203,-186,-125,229,0
249704,2,2,1,43,-1,-1,-1,-1,-1,-1,-1616,-2494,661,1718,-370,-500,-227,504,613,5234,1489,2619,1
33070,2,3,3,27,0,0,0,0,0,0,11508,1815,21009,2025,8718,13252,1138,1773,31,61,2366,261,0
22626,2,3,1,35,0,0,2,2,2,2,10740,25326,25886,13994,11647,14773,5019,2548,1630,583,1576,191,0
253405,2,2,1,32,0,0,0,0,0,0,56070,128770,57457,74205,69010,66586,4204,5885,813,42,2914,1581,0
25030,2,2,1,41,2,0,-2,-2,-2,-2,4864,15999,1282,9509,-1213,-40,758,1466,276,133,10,432,1
144443,2,3,2,34,-2,0,-2,0,0,-2,-314,1159,1477,-478,-1098,-91,1684,1577,532,-380,92,-418,1
91595,1,3,1,26,0,0,0,0,0,0,57859,64863,45507,114905,84275,75127,5143,1014,3586,6083,401,500,0
246457,2,1,2,23,0,0,0,0,0,0,157568,179733,79844,102116,137666,69877,4404,3418,3740,3125,2363,4365,0
25378,2,2,1,45,0,0,0,2,2,0,17174,67248,33135,10044,9888,18753,933,1052,1548,2887,4274,2384,0
200920,1,2,2,24,0,0,0,0,0,0,5428,31712,46224,118043,44481,7177,2096,3077,18069,6388,2901,891,0
356121,1,2,1,31,0,2,0,0,0,0,2725,1247,1494,11020,-640,492,-377,1214,1314,530,1582,382,0
89350,2,2,2,23,0,0,0,-1,-1,-1,42254,38458,60175,11243,33396,47017,5014,5757,2017,6506,3769,490,0
18994,1,2,1,38,1,3,2,2,2,2,11142,7662,7880,11603,-1080,26647,110,517,98,-27,1322,-259,1
161020,2,2,2,29,0,0,0,0,0,0,14175,8478,15222,6212,2121,19374,463,2411,1369,5109,2107,11722,0
97348,2,2,3,35,0,0,0,0,0,0,42413,54634,65822,37145,23606,51361,5937,2955,3226,3260,2461,1338,0
82333,1,2,1,31,0,0,0,0,0,0,49654,52114,55868,46089,12931,20473,5509,2557,900,7390,5150,10306,0
84466,2,1,2,29,-2,-2,-2,-2,-1,-1,2527,13923,21863,28922,19323,22904,2518,22768,41488,39029,9081,13112,0
32939,2,1,1,25,0,0,0,2,2,0,14296,14475,20623,37851,15603,17820,2535,1580,394,1363,5003,5483,0
52521,1,2,1,60,1,2,2,0,3,0,9315,55519,7067,15669,-266,776,28,1981,124,459,1428,2033,0
24565,2,1,2,29,0,2,0,0,0,0,5617,-546,57068,624,-347,19969,506,874,-1063,-108,1031,5,1
89339,2,3,0,47,3,2,0,0,0,0,29251,23512,13014,32720,15796,17859,-194,4726,771,2792,3698,3199,0
167872,2,2,2,31,0,0,0,0,0,0,96474,52437,74494,43847,64996,94392,2923,4340,1253,2894,1279,3272,0
124508,1,2,1,38,1,2,2,2,2,2,61132,165013,70451,66235,72305,93549,-239,5224,405,4023,2775,341,1
26049,1,2,1,31,3,2,2,2,2,2,6036,6102,4472,7093,11634,11175,1337,1188,1,3755,1480,865,1
380967,1,2,1,39,-2,-2,-2,-2,-2,-2,84938,70092,95450,-452,-2857,-546,839,1650,1116,2154,1575,434,0
217929,2,2,1,30,-1,-1,-1,-1,-1,-1,536,-1241,620,3390,1514,-984,-420,1808,-2,618,124,337,0
252157,2,2,2,32,0,0,0,0,0,0,148252,204584,66644,117765,163740,142256,10259,13477,7175,5014,2466,1364,0
103276,1,1,2,24,0,0,0,0,0,0,32487,39102,34681,7907,40026,14012,2454,1679,246,1570,777,1784,1
166712,2,2,1,36,0,0,0,0,0,0,59073,116277,75588,163667,167705,92877,2489,7473,4434,2327,2342,1418,0
87594,2,1,1,58,0,0,2,2,2,2,62229,158833,65328,69155,35456,53691,1787,1927,685,9230,5633,4095,1
140884,2,1,1,29,0,0,0,0,0,0,59255,117212,71559,95337,63987,71329,9149,9670,4973,2853,5100,1595,0
233541,2,5,1,31,-1,-1,-1,-1,-1,-1,22626,917,9649,4381,277,-939,11323,2519,658,5217,7685,518,0
89798,2,3,3,45,-1,-1,-1,0,0,0,-383,8008,15764,5525,9611,29815,1451,20272,2863,30864,2326,6662,0
394325,1,2,1,36,0,0,0,-1,0,-1,387506,296974,260237,274057,231058,142174,23468,16191,122592,13700,7633,14317,0
31909,2,1,2,43,2,-2,2,-2,0,0,6856,3738,698,3931,-1281,1084,-44,-154,-281,170,957,405,1
53828,1,2,1,29,1,0,-2,-1,-2,0,880,13989,17198,12822,-430,771,3579,2088,1240,6426,1289,243,0
191236,1,2,1,26,0,0,0,0,0,0,136720,176895,169040,105020,123836,113475,6088,10111,7791,10209,9959,3427,0
319996,2,3,1,38,1,2,-2,2,-2,0,7515,10162,15866,7087,-1318,41922,-1151,1756,239,6423,220,479,1
64842,2,2,1,39,1,2,0,0,0,0,65109,45422,64447,30030,43175,47591,1334,2302,3403,2137,1480,920,0
211636,1,6,1,48,-1,-2,-2,-2,-2,-2,-1098,256,10777,2356,-1211,1271,-1157,-100,-748,4070,72,-1,1
27524,2,1,1,39,0,0,0,0,0,0,14445,15989,11786,2940,105,3944,1457,2814,634,11549,1071,36,1
208214,2,2,1,48,0,0,0,0,0,0,48022,120203,84886,57010,66561,73351,1708,5092,3623,1757,1716,3535,0
56440,2,2,2,39,0,0,0,0,0,0,27221,63748,71671,8265,5355,4069,2331,1235,1755,-412,2835,334,0
46180,2,2,2,23,0,0,0,2,0,0,16383,28653,17612,10005,14610,11195,5141,2881,-625,316,1671,-210,0
394745,1,2,1,30,0,0,0,0,0,-1,250042,258611,67261,138159,41253,108987,31302,26254,83152,6965,4003,63288,1
99752,2,2,2,24,-1,-1,-2,0,0,0,-366,497,1527,-308,-1015,1108,1577,1208,183,4,-144,-324,0
95343,2,1,2,33,1,2,2,0,2,0,34706,79934,67262,81065,37972,54377,756,1678,2144,4137,10327,781,1
253361,1,5,1,25,1,-2,2,-2,-2,-2,8676,7660,588,-7,-584,-26,1001,-325,139,-344,123,1100,0
68780,1,5,1,28,-1,0,0,0,-1,0,24412,1019,554,-135,2750,929,-40,524,7362,-141,1735,-275,0
234296,1,2,1,38,2,2,0,0,0,0,5655,14599,15481,172820,78759,73043,1082,2369,702,6713,257,4822,1
78468,2,2,1,32,-1,-1,-1,-1,-1,0,971,-284,6592,7943,3235,10321,506,2319,1061,836,1427,884,0
503974,1,1,2,29,-2,-2,-2,-2,-2,-2,5727,18434,22730,1211,718,42288,4101,16214,755,4442,-5,9740,0
254043,2,1,1,33,0,0,0,0,0,0,256486,204524,238779,144403,40368,81752,9710,18692,18715,2035,10633,528,1
37420,1,2,2,27,0,0,0,0,0,0,27822,47345,43138,28123,32783,53336,1656,2602,39,4033,589,-78,1
210091,2,2,1,31,1,-2,-2,-2,-2,-2,2812,678,3597,360,-2345,-2183,432,924,174,-569,193,445,0
82702,1,1,1,49,-1,2,2,0,0,0,-2231,6676,17074,18583,11236,28614,187,1087,3438,621,3094,7047,0
50454,1,1,2,24,0,0,0,0,0,0,13270,22192,15780,6941,-776,13976,1211,910,1464,-111,494,-74,0
282924,1,1,2,24,0,0,0,0,0,0,132714,115572,60308,78488,97307,69482,2449,2279,1576,1255,930,4657,0
163441,1,5,1,43,0,0,0,0,0,0,39894,145076,43937,52737,70164,76604,1894,5222,2969,1576,4493,3573,0
432002,2,1,1,59,0,0,0,0,0,0,232536,537821,498105,471181,248701,497828,9319,5950,6151,6192,3438,2192,0
16949,1,1,1,55,2,3,2,0,0,0,31843,7047,15835,7766,15050,18486,1088,92,210,-273,690,419,1
50496,1,3,2,46,1,-1,2,-1,-1,0,-2350,-916,1898,1150,1310,2942,-961,-1300,-313,144,-209,-44,1
40812,2,2,2,23,0,0,0,0,0,0,71109,109266,76790,74673,27422,57031,2923,2118,1143,78,5140,-506,0
131052,1,2,2,28,0,0,0,0,0,0,89644,22692,16176,-149,27861,12874,9152,15715,6562,17589,4719,4283,0
111069,2,2,2,59,0,0,0,0,0,0,62239,147569,77047,59608,90908,77086,2370,77123,7315,1282,1262,-785,0
351758,1,1,1,25,-1,-1,-1,-1,-1,-1,20,389,1235,1204,-1222,1549,-91,35449,852,8565,154,434,0
216138,2,3,0,42,-1,-2,2,5,-1,-1,3145,5705,2303,1457,-1504,530,571,-321,373,189,1083,530,0
442306,1,2,1,39,0,0,0,0,0,0,200203,348650,347601,236358,197372,152498,8211,20966,8175,4717,11662,5017,1
21119,2,2,2,25,0,0,0,0,0,0,13542,13867,42191,8419,10533,13935,2704,1226,318,2134,1015,257,0
76570,1,2,2,24,1,-2,-2,-2,0,-2,1626,-1192,2049,-261,-1467,1025,-972,-294,329,366,189,286,1
246287,2,2,2,29,0,-1,-1,0,0,0,20514,19184,20914,-545,45155,17237,26456,3811,34805,2007,2625,16569,1
21147,1,0,2,42,0,0,2,2,2,2,14197,23384,12462,7541,3218,24017,2870,728,506,855,2067,-546,0
99718,2,1,1,28,-1,-1,-1,0,0,-2,2534,607,1343,1150,-1103,412,-738,389,484,1493,1065,6952,1
257753,2,1,1,35,0,0,0,0,0,0,89438,109431,93972,59055,43325,56106,6382,43580,13717,6963,4475,541,0
207803,2,1,1,25,1,2,2,2,2,2,56691,69729,54037,67327,28900,41498,1139,1107,2694,1362,1404,552,0
314736,1,3,1,40,-1,-1,-1,-1,-1,-1,1286,-3090,-970,1784,-442,-318,-378,-53,419,-84,17,696,1
81846,2,3,1,27,2,2,2,2,-1,2,9088,15621,8210,-1283,419,10718,7436,1411,201,973,919,17,0
56071,2,1,1,24,0,-1,0,0,0,0,17006,20740,25143,7340,12826,18460,4386,1836,2814,15112,3382,1568,0
309931,1,1,1,37,-2,-2,-2,-2,-2,-2,-1498,-1447,-205,-564,-2353,1474,424,-445,-730,-256,-198,924,1
131994,2,6,2,28,0,2,2,2,0,2,42187,107702,73283,88303,50243,106705,1520,4412,606,754,-127,282,0
495797,2,4,1,38,-1,-1,-1,-1,-1,-1,19173,8100,15469,17510,-1923,-1897,9555,22851,-179,911,72,11912,0
161994,2,2,1,26,0,0,0,0,0,0,128783,152665,71063,41558,72660,43664,5593,12259,2861,5811,2719,2201,0
52406,1,2,1,37,1,-2,-2,-2,-2,-2,12118,16203,11976,-2117,-1531,-186,-90,1693,-374,1515,-154,176,1
361431,2,2,2,32,0,0,0,0,0,-1,85228,147509,140884,78900,159259,47467,12709,20731,10894,7395,4495,5412,0
272660,2,2,2,63,0,0,2,0,-1,-2,22960,42229,2600,375,1086,1713,1300,1326,423,6202,1314,72073,0
222449,1,1,2,29,-2,-2,-2,-2,-2,-2,586,63286,1357,1116,107,1995,-115,389,-76,911,51706,900,0
109741,1,3,2,46,0,2,0,0,0,0,43234,58051,82847,45574,46643,32632,4153,1847,1350,1514,1560,3826,1
22489,1,3,1,30,0,2,2,2,2,2,16822,24299,33634,8656,43510,15980,3088,2884,447,2013,3297,900,1
16613,1,2,1,56,1,3,2,2,3,2,13199,17932,6494,15069,8227,44217,1258,455,-11,-78,4608,-462,0
315079,1,3,0,43,0,0,0,0,0,0,8907,3011,6875,2612,13094,12275,13358,1646,6338,3762,3900,7945,0
145740,2,1,2,31,0,0,0,0,0,0,161249,146153,123728,154616,148389,60558,10327,10418,9242,7601,3657,1871,0
333480,2,2,2,23,0,0,0,0,0,0,37716,82233,61785,36962,11079,-107,6561,907,2981,-300,421,285,0
12186,2,3,2,33,0,0,0,-2,0,-1,2723,3181,1611,78,21176,1374,2806,311,-1,1303,426,29,0
503224,1,3,2,42,0,0,0,0,0,0,252589,310271,352628,106000,135342,217016,12284,15754,6294,6664,3637,3540,0
104718,2,3,0,46,1,-1,-1,0,0,-1,3350,-1136,1211,1728,1910,811,-94,354,213,1841,1940,3050,0
275939,2,2,1,32,0,0,0,0,0,0,257889,191330,218351,213103,163489,173004,9285,10618,11871,3793,6432,1784,1
93871,1,5,1,56,2,0,0,0,0,0,115859,186695,92418,78487,147145,98953,5402,2199,3531,3032,1005,2074,1
160343,1,2,1,51,-1,-1,-1,-1,-1,-1,-732,12789,5754,5054,1401,-762,6408,24897,1216,22099,34509,5422,1
241686,1,1,3,51,-1,0,0,0,0,0,20483,1808,1071,1031,386,138,602,959,-9,-599,3,-215,1
28281,1,2,1,42,-1,-1,-1,0,0,0,-789,-734,10939,28,1515,-1925,-649,2883,194,505,1752,535,1
163126,2,1,2,42,0,0,0,0,0,0,44037,87646,229280,130729,96195,141652,7539,23787,414,2068,5466,3437,0
204341,2,1,2,31,-2,-2,-2,-2,-2,-2,8471,-1738,695,2185,-442,748,512,16882,19039,4387,7538,12199,0
233228,2,3,1,35,0,0,0,0,0,0,15653,20028,18969,27997,19004,33345,4641,17350,3053,2326,2924,7023,0
200183,2,2,1,41,2,-2,-2,-2,-2,-2,1719,2473,2158,-32,-46,-832,-705,213,172,-336,1331,107,1
233230,2,2,2,34,0,-2,-2,-2,-2,-2,9268,12234,16521,8163,-660,1247,2090,2395,-274,-423,124,66,0
284168,2,1,1,49,-1,-1,-1,-1,-1,-1,-1982,-1003,725,12437,1699,-85,694,2487,72449,2830,186,3960,0
49281,2,1,2,30,2,0,2,2,-1,0,4883,34503,542,-1892,227,-143,4506,1030,244,-542,1437,855,1
147845,1,3,0,38,-1,-1,-1,-1,-1,-1,2050,-1964,3172,-301,647,-293,-234,1967,1269,747,1661,2944,0
47623,1,2,1,48,0,0,0,0,0,0,39299,60250,60762,40965,64003,58353,2687,1671,1375,2770,1296,704,0
426344,1,2,1,36,0,0,0,0,0,0,182220,188185,245084,163131,155075,89900,6632,291,117894,5520,9435,3868,0
248216,1,2,2,35,0,0,0,0,0,0,161962,163622,52515,150302,104201,96574,10120,15704,3089,5219,5312,5272,0
54405,1,2,2,23,0,0,0,0,0,0,12908,22975,7340,10730,25119,34369,2172,4148,3825,5467,5456,37,0
397359,2,2,1,30,0,0,0,0,0,0,74336,125304,64780,133775,108469,85144,11066,5372,10378,3758,2642,127,0
86300,2,2,2,40,0,0,0,0,0,0,37813,128786,85750,80571,88417,29586,4396,1504,4098,1628,4013,810,0
13829,1,2,1,35,2,0,2,2,2,2,14556,11365,15358,16339,201,-424,2374,1501,277,-321,37,-355,0
81708,2,3,1,49,0,0,0,0,0,0,47579,50078,61122,44797,43207,43973,3244,3266,1250,1319,1548,-479,0
260411,1,2,0,43,0,0,0,0,0,0,120524,139858,68990,162564,82638,175060,9136,11998,3798,2704,5309,3276,0
91860,1,4,2,29,0,0,0,-2,-2,-2,72777,16349,11935,-276,-806,224,5450,2724,796,1936,186,992,0
78276,2,2,1,32,0,0,0,0,0,0,50851,52765,33366,27066,46469,52919,5097,1235,1146,2610,988,1336,1
74462,2,1,1,44,0,0,0,0,0,0,40807,41338,1022,-101,5481,3775,1335,2533,1192,-83,1320,-61,0
170694,2,1,1,34,0,0,0,0,0,0,115268,187431,79436,105619,167026,146907,4548,11883,3404,5207,5403,818,1
199647,1,6,1,56,1,2,2,0,3,0,14772,20689,7861,15037,22115,48486,-1317,2841,1161,2686,291,-562,0
428270,2,2,1,35,0,0,0,0,0,0,165519,332963,257020,226615,190185,448506,10477,7925,95779,1735,3575,4259,0
200045,1,1,1,27,1,0,0,0,0,0,60182,75022,83396,65087,24354,79403,3991,5539,978,5879,1444,1025,0
310891,1,2,2,42,-1,-1,-1,0,-1,-1,372,-889,534,35,-591,845,-194,-275,612,-118,-304,703,1
100248,2,2,2,23,0,0,0,0,0,0,35981,69217,56445,16069,34435,34968,5491,1477,445,1934,1010,1062,0
258127,1,1,2,31,-1,-1,-1,-1,-1,-1,583,-575,-1350,2172,1481,2689,-1008,966,24,384,245,1447,0
248701,2,5,1,30,-2,-2,-2,-2,-2,-2,11976,10939,1281,-767,-110,-367,1556,2074,-368,-804,193,-292,0
250994,2,1,1,28,1,-1,-1,-1,-1,-2,3820,682,-330,1028,92,-1183,-410,1720,-73,256,45,546,1
118325,2,2,2,25,0,0,0,0,0,0,9173,10420,49642,19474,14280,2631,1458,8805,321,-170,1893,594,1
231681,1,1,2,26,0,0,-2,0,-2,-2,74756,64418,34225,26407,21360,-513,495,1748,812,7308,-259,1728,0
154680,2,2,0,23,0,0,0,0,0,0,63290,69639,72722,38695,32741,92920,5805,2056,1169,2163,1055,2201,0
214741,2,3,1,33,2,2,-1,-1,-1,0,64846,64726,78207,106734,62418,8886,4,11594,7980,6956,3254,1830,1
304127,2,2,2,24,-2,-2,-2,-2,-2,-2,-1741,6424,957,915,42,1270,10,437,-118,4986,2050,1774,1
254322,1,2,1,33,-2,-2,-2,-2,-2,-2,980,469,-868,-977,-699,1969,652,759,-609,-592,183,142,1
435370,1,1,2,33,-2,-2,-2,-2,-2,-2,3502,4941,2439,150,-565,1397,4725,1795,-237,718,510,1764,0
181112,1,4,1,30,-2,-2,-2,-2,-2,-2,2655,-2903,1053,668,-2381,-776,3931,1078,-1426,-16,-227,169,1
25474,2,2,2,27,2,0,2,2,2,2,7588,59614,43153,39442,41937,16417,2717,4480,1248,2415,674,287,1
92352,2,2,1,39,2,2,2,0,2,0,22082,68482,59020,15483,33772,30148,2427,1412,658,2207,1046,1744,1
99831,2,2,1,28,2,-2,-1,-2,-2,-1,-701,-318,226,1790,246,12128,-256,880,-163,3251,1447,1980,1
493519,2,2,1,53,-2,-2,-2,-2,-2,-1,13546,10592,17249,10449,19100,20054,64616,24169,8230,42503,52985,16214,0
288859,1,5,2,22,0,0,0,0,0,-2,75728,15178,15684,10468,-3487,-1591,25,1315,-431,-32,-3,-376,0
327193,1,2,1,31,0,0,0,0,0,0,69510,63699,115577,127838,96231,104931,5524,8060,8074,5206,8443,1655,0
16137,2,2,1,30,0,0,0,0,0,2,16957,30413,24808,55693,50053,40216,3073,6931,6700,2195,2735,56,0
12396,1,2,2,49,2,0,0,0,2,2,24210,4450,45313,20555,13846,-340,2517,-17,933,291,64,-219,1
135708,2,2,1,35,-2,0,-2,-1,0,-2,20551,18359,16973,762,11178,17466,4705,1316,13571,14932,1983,28045,0
47181,1,1,1,23,0,0,0,2,0,2,50781,47503,53255,25467,-8475,-706,2850,2927,148,29,2212,-244,0
172537,2,2,2,22,1,-1,-1,-1,-2,-2,-2219,-93,71,294,-1184,981,-1028,312,-898,-404,344,17,0
135331,1,2,1,34,-2,2,2,0,-2,0,62375,4982,14942,18354,5399,39046,1742,2151,1781,3064,4425,8649,0
32827,1,5,1,33,0,0,0,0,0,0,53666,39496,52444,9380,1720,3084,2663,2079,711,-687,-147,20,0
151793,2,3,1,35,0,0,0,2,2,2,72800,161678,54446,80295,75527,77831,5287,2926,1871,2502,1737,669,0
32477,1,2,2,44,0,0,2,-2,-2,-2,10958,-1479,-1001,-2201,221,1800,1280,424,-846,-770,-99,-343,0
153777,1,2,2,34,1,-1,-1,-1,-1,-2,-270,11217,-165,6298,4701,6931,366,1515,338,8967,5243,380,0
226280,1,5,1,31,0,0,0,0,0,0,70852,167114,116928,100484,117999,86435,3614,2556,3599,116,4714,770,0
211317,2,3,1,51,-1,-1,-1,-1,-1,-1,940,606,731,284,1878,357,1449,1093,110,4932,2280,36094,0
234593,1,2,2,46,1,2,0,0,0,0,16009,41987,58183,4705,42512,69233,2745,5239,1623,2373,1322,4447,0
491308,2,2,1,44,-2,-2,-2,-2,-2,-2,1312,7771,2275,834,897,1515,8831,27175,391,4214,92453,105033,0
22675,2,1,2,27,2,2,2,0,-2,-2,-220,-347,1904,96,-420,846,467,906,-814,-400,199,241,1
137975,2,1,1,29,0,0,0,0,0,0,111621,70184,74125,41491,93012,50494,3825,2099,1324,2059,3555,77,0
19807,1,2,2,24,0,0,0,0,0,0,11564,24500,23005,10010,18110,15340,2280,1636,-136,-139,3272,-66,0
190389,1,2,2,29,0,0,0,0,0,0,10097,21340,23018,8195,-160,943,4897,1817,857,6263,3369,2164,0
169266,2,5,1,31,0,0,0,0,0,0,145415,183319,234358,96353,116760,112288,7455,4848,7397,4603,3726,1801,0
127806,2,2,1,62,0,0,0,0,0,0,64716,50762,51866,29411,63950,41387,6178,4640,2010,-85,6697,172,0
158790,2,1,1,24,1,0,2,-2,-2,-2,4430,11683,1434,-618,75,1951,2822,957,54,233,867,167,0
89214,2,2,2,29,0,0,0,0,0,0,46668,50492,48866,23480,35743,63785,3246,4417,310,2969,439,-49,1
120986,2,2,1,38,1,2,2,3,0,0,1811,11295,71090,14309,43482,50045,473,2445,1290,8896,1697,1928,0
140859,1,2,1,42,0,0,0,0,0,0,152028,73973,80830,69187,105271,107046,11126,5858,1194,3893,4487,1276,0
183196,2,2,1,33,0,0,0,0,0,0,174780,281613,190698,96572,146955,131978,14165,3170,2500,1992,4863,608,0
416381,1,2,0,44,-1,-1,0,-1,0,-1,248216,144446,84035,89685,87172,2126,6502,84999,9677,462,17814,14084,1
84865,2,1,1,50,0,0,-2,-2,-2,-2,13311,6671,2227,-698,-603,1263,1943,1018,-387,-60,262,932,1
96732,2,2,1,28,1,2,0,0,0,0,46078,59479,43943,31318,42281,72400,-550,2642,1574,3445,4226,621,0
183119,1,2,2,43,1,-1,-2,-2,-2,-2,1365,-679,2157,151,-792,-58,-291,930,490,-157,303,321,0
116874,2,3,0,37,-2,-2,-2,-2,-2,-2,62371,61807,80832,20356,21223,2555,3274,5059,1287,910,5419,4829,0
51887,2,2,1,57,0,0,0,0,0,0,18872,23845,24334,11806,7270,9467,2452,759,739,106,2686,6275,0
152975,2,2,1,40,0,0,0,0,0,0,46724,56118,55316,7555,36040,27087,6825,1625,4473,1873,832,358,0
207005,1,4,1,33,-2,-2,-2,-2,-2,-2,4056,46,1436,-476,-308,1501,1420,1630,-975,-443,153,-151,0
12366,1,0,1,50,0,0,0,2,2,2,7349,16808,16102,12371,28416,11418,15310,6129,7019,9149,4721,1539,0
428690,1,2,1,51,0,0,0,0,0,0,155783,235335,206588,224836,135259,192913,7560,12603,2411,3723,6593,8392,0
101295,1,1,1,47,0,0,0,0,0,0,35391,32734,39384,31074,41183,14041,1926,1377,7102,6839,2094,3808,0
408767,2,1,2,24,-1,0,-1,0,-1,-1,73537,15268,7360,8954,5786,10009,4428,1445,20175,4861,2707,5719,0
398616,1,2,2,29,1,-1,-1,-1,-1,-1,-1919,6485,2458,1143,12657,11701,-210,1780,11319,514,2069,1435,0
96940,2,2,1,36,0,0,0,2,2,2,34799,76047,54996,23048,46443,40786,6540,3695,2034,1500,1518,1215,1
27380,1,3,0,52,2,3,2,0,2,3,8386,2224,5592,13529,14639,52422,369,1770,498,71,2649,152,0
231267,2,2,1,40,0,0,-1,-1,-1,-1,16851,9031,20267,9844,21930,21218,7885,20523,22746,22046,4393,1659,0
160964,2,3,2,28,-1,-1,2,0,0,0,-96,-475,-1305,15031,-492,-557,-180,-146,1,750,17,231,1
42846,1,2,2,46,0,0,0,0,0,2,43021,11127,22311,7154,-1594,16994,2364,1641,932,502,963,-3,0
501762,1,1,1,31,0,0,0,-1,-1,-2,21225,17795,98077,12043,34886,40538,15445,639,1414,6331,16138,73589,0
86319,2,1,2,27,-1,-1,-1,-1,-1,-1,-408,1067,1601,-924,1098,1500,-190,2025,2173,2340,2675,294,0
52007,2,2,3,46,2,0,0,0,0,0,69891,33013,33340,31276,3366,21392,1227,3003,3173,571,5928,-413,0
86794,1,3,0,47,0,0,0,0,0,-2,58144,50649,75779,1683,1505,3663,3468,415,1032,1320,-70,-99,0
144227,1,3,1,45,2,0,0,2,0,2,43237,107044,61199,32739,63423,98812,6311,2975,1497,2215,1549,1211,1
302282,2,3,1,46,-2,-2,-2,-2,-2,-2,-2331,-2328,863,742,-811,2171,62,-339,-1285,-175,1916,52,0
100908,2,2,2,22,0,0,0,0,0,0,34819,54600,46918,9441,28918,15033,4953,1569,1102,2208,539,339,0
17168,1,2,2,21,0,0,2,0,0,0,15497,12180,19732,7408,10800,721,1593,1067,611,776,30,612,1
252060,1,3,1,30,1,-1,-2,-2,-2,-2,-61,-456,-526,1295,-965,1278,-1367,-214,-1241,-368,56,158,1
236591,2,3,2,30,2,0,0,0,0,0,54893,154854,156538,116024,158701,89544,948,9680,4372,1504,1552,2100,1
194807,2,2,2,36,-2,-2,-2,-2,-2,-1,1050,67,2741,763,1235,878,75703,2826,776,22322,34112,1387,0
26650,1,2,2,35,1,-1,-1,2,0,2,3098,677,289,-808,1010,1641,-689,623,-143,-43,290,-186,1
23815,2,3,2,24,0,0,0,0,0,0,19686,27320,19847,11007,9765,9064,1853,1949,1786,1195,1225,-17,0
31780,1,6,1,36,0,0,0,2,2,2,12493,14313,15343,11045,9364,16727,4541,2586,-240,1741,-19,10,1
228658,2,1,1,31,0,0,0,0,0,0,234386,276944,82156,202640,58056,99264,63111,11493,997,4599,1937,-207,0
18308,1,2,1,31,3,3,3,3,4,-2,3970,2585,17564,-583,-1436,907,202,-54,-820,494,-173,-143,1
88062,2,3,2,45,0,0,0,0,0,-2,3690,507,-145,7351,-1632,-1696,678,1014,659,-156,249,-204,0
213347,1,2,1,52,2,2,0,2,0,0,255847,220421,157803,98154,129254,70827,1378,17424,-12,3097,7415,1653,1
263070,2,1,1,29,0,0,0,0,0,0,207406,351381,111721,284150,165397,76171,7730,852,11197,4193,6065,8011,1
197907,2,2,2,24,0,0,0,0,0,0,9320,13870,12880,15817,8191,8153,3023,2019,-721,-731,87,-322,0
78797,1,2,3,48,-1,-2,0,-1,-1,-1,1377,10655,-1801,4591,-1675,17506,28,5446,514,354,4663,667,0
45059,1,2,1,30,0,0,0,0,0,-2,108133,120601,2622,5458,-2285,-473,1524,1586,177,580,-140,-239,0
284352,2,2,1,46,0,0,0,0,0,0,65603,233618,108283,143164,14405,98426,9239,10208,10603,6532,10051,14607,0
261508,1,4,2,27,-2,-2,-2,-2,-2,-2,74320,15372,100302,16093,25469,89173,17367,20775,20920,11813,19922,413,0
236353,1,4,1,35,0,0,0,0,0,0,12343,14282,1281,10436,7,-707,2944,4213,210,171,387,215,0
207323,2,2,2,31,0,0,0,-1,-1,-1,85125,87686,14678,10100,1365,14091,101628,1268,22378,4579,1031,1263,0
298614,2,1,2,41,-2,-2,-2,-2,-2,-2,7455,8377,3742,1268,-972,85,1382,28464,-101,3755,117,27726,0
406668,1,2,1,32,0,0,0,0,0,0,97227,9439,9566,390523,111506,4535,11039,19927,21902,7359,38461,347,1
311749,2,6,1,36,-2,-2,-2,-2,-2,-2,11342,9612,16447,7365,29055,411,-1317,17946,1239,2958,749,1724,1
14339,1,2,1,30,2,2,2,2,0,3,-2367,14636,14829,11498,11987,14268,933,1545,-130,1479,180,146,1
412381,2,2,2,32,-2,-2,-2,-2,-2,-2,1417,-990,-892,420,-1505,485,10,554,-249,-423,-101,34596,1
243532,1,1,1,31,-1,-1,0,0,-1,-1,317650,130092,223044,144420,434876,453466,11875,22002,149282,30168,19744,176516,0
26418,2,3,3,43,0,0,0,0,0,0,47556,15704,12272,48834,15084,21152,955,2547,167,483,1081,810,0
94081,1,2,1,36,1,2,-2,-2,-1,-1,14028,10723,9268,-431,-1136,-318,-236,1717,971,-120,1773,1233,1
229373,2,2,2,30,1,-2,3,-2,-2,-2,-431,-2439,295,-337,-845,1233,-1123,-196,-1112,-662,303,678,1
21458,2,2,1,41,0,3,0,0,0,0,872,17344,17471,625,8344,6154,-301,945,1417,321,1132,554,1
89999,2,2,2,25,-1,0,0,0,0,0,1625,2489,2600,2137,1442,1105,649,-41,-406,-200,1940,-412,0
215374,2,3,1,36,1,2,2,0,-1,0,9397,10046,12355,6571,37691,32317,613,3246,277,9001,1591,5446,0
312333,2,1,1,31,0,0,0,0,0,0,191399,203976,49113,87458,122741,83111,7021,12987,13968,5033,1875,3086,0
101891,1,1,2,24,0,0,0,0,0,0,56633,56043,64026,28384,40409,46732,6328,731,677,1720,2564,1047,0
241934,2,3,0,39,0,0,0,0,0,0,68392,44441,94340,44521,45461,39482,1097,2549,1316,5406,4275,2657,0
20142,1,2,2,33,3,3,2,2,2,3,4127,14192,9512,17766,-266,783,185,523,562,259,374,153,1
51180,1,2,2,26,1,2,2,-1,0,3,-1240,-767,-1388,709,-1308,15865,-1093,452,-109,620,186,15,1
28224,2,3,2,23,0,0,0,0,0,0,19686,28425,19338,12532,15123,17227,2358,1244,38,-273,1529,139,0
463344,2,1,2,27,0,0,0,0,0,0,24368,145693,21824,18401,22610,49881,5504,15826,13943,5748,1278,5373,0
89777,2,2,2,25,0,0,0,2,2,2,36515,21008,12226,36873,21644,17621,2291,1182,3956,4584,4377,-599,0
250509,1,2,1,44,0,0,0,0,0,0,60281,147619,162216,115648,92576,81601,8713,9514,902,1081,5108,1517,0
185215,1,2,1,32,0,0,0,0,0,0,29311,7713,95785,8758,9839,19504,4473,1447,786,16471,2219,15816,0
15162,2,3,3,64,2,0,0,0,0,0,9340,17675,18181,11355,12572,10258,1106,1595,1511,3252,93,-45,1
194297,1,1,2,29,-1,-1,-1,-1,-1,-1,-1262,333,-1267,1172,-313,-193,-243,393,-436,-44,140,687,1
340201,2,4,1,43,-1,-1,-1,-1,-1,-1,16415,11440,21480,9284,-701,-359,11218,10045,98858,6687,299,13341,0
189412,2,2,2,33,2,0,0,0,0,0,93544,39917,39710,20844,33186,31715,1227,2212,1834,425,1536,3629,1
234034,1,1,1,32,-2,-2,-2,-2,-2,-2,10250,13226,23643,7030,-1507,965,5379,2109,221,63567,-121,406,0
61231,2,3,3,37,0,0,0,0,0,0,46153,55257,55516,10667,7671,9944,700,1548,519,2640,981,-262,0
122071,1,2,1,36,0,0,0,0,0,0,60493,124362,62169,73522,63240,69017,1832,40810,2827,3648,5662,3316,0
97221,2,2,2,23,-1,-1,-1,-1,-1,-1,1247,-1552,1981,-1040,-615,6326,4030,1337,-95,296,1460,129,0
391064,1,1,2,25,-1,-1,-1,0,0,-1,1300,10571,24928,14942,15443,55449,4669,1988,18643,4648,1374,12362,0
90811,2,1,1,46,2,2,2,0,0,0,5264,16555,20825,16002,19933,47435,-14,1935,527,1620,592,2410,1
490473,2,2,1,34,-2,-2,-2,-2,-2,-2,68426,84480,83966,58920,30904,459377,26767,25901,25071,38920,22065,45800,0
51625,2,2,1,28,1,2,-1,0,0,0,21679,-650,1467,14243,5,7030,511,1424,2034,1184,784,1144,1
181538,1,1,2,46,1,-2,2,0,-2,-2,-574,10546,2594,171,1307,631,2596,1624,581,290,1224,1982,1
238099,2,2,3,40,0,0,0,0,0,0,158814,158309,215180,99079,158349,170449,3550,14146,7862,153,7528,4081,0
216864,1,1,2,41,-1,0,0,0,0,-1,75057,4433,58725,15545,31455,-526,490,2536,3457,10,384,1288,1
216899,2,1,2,30,-2,-2,-2,-2,-2,-2,17352,10719,519,-140,-345,378,699,36564,176,421,1463,33588,0
86628,1,2,1,31,0,0,0,0,2,0,48797,71240,44283,37917,54960,101024,8111,2407,2326,2948,1303,1791,0
107493,1,1,3,48,-1,-1,-1,-1,-1,-1,2722,1659,1484,2150,572,-115,681,1424,1051,274,7269,44,0
258044,1,2,1,37,-1,-1,-1,-1,0,-1,-728,-687,-459,17012,-186,3989,-914,759,961,970,4538,164,0
71240,2,3,0,43,0,0,0,2,0,0,79958,85382,44215,5954,7378,22436,3511,1887,581,7133,5178,4749,0
238136,1,2,2,36,-2,-2,-2,-2,-2,-2,13554,114,1553,1422,-402,945,1646,1541,19,-371,766,78,0
243676,1,5,1,51,0,0,0,0,0,0,133748,147343,170885,99546,104792,111147,40017,9805,7595,2696,-77,717,0
357481,2,1,2,34,0,0,0,0,0,0,69045,296474,274704,36812,42981,18900,12229,1746,970,2689,372,2722,0
299504,2,3,1,35,-1,-1,0,-1,0,-1,8725,9743,14497,325072,226839,126606,6073,21357,6575,6562,33407,6759,1
208919,1,1,1,50,-1,-1,-1,-2,-1,-1,2474,9529,217,14347,27,471,45,1632,846,8520,618,3211,1
94134,2,3,1,38,-2,-2,-2,-2,-2,-2,3383,5795,15885,-1857,-907,-877,2150,332,521,1624,-136,952,1
79855,2,2,3,45,2,2,2,2,2,0,8341,25667,6070,11076,16634,13695,405,4396,592,732,1920,2591,0
230400,2,2,1,43,-1,-1,-1,-1,-1,-1,771,-2596,-141,2156,128,-1003,-191,942,-742,-230,845,384,0
52242,1,2,2,24,0,0,0,0,0,0,46840,2951,1869,1930,18274,2147,4641,1457,305,94,1159,2004,0
192192,2,4,2,27,0,0,0,0,0,0,67480,73721,72658,118510,60971,83787,5597,2544,2214,826,1775,722,0
154119,1,2,1,55,0,0,0,0,0,0,82519,58154,60186,30353,38647,92878,2516,5190,813,6020,1522,1132,0
236087,2,2,1,24,-1,-1,-1,-1,-1,-1,-736,1005,1954,1886,923,-427,485,1884,518,-283,-55,813,1
21012,2,3,3,51,0,0,0,0,0,0,51789,54626,25116,7814,10701,20158,3734,6113,346,2015,1475,-400,0
89077,2,2,2,34,1,-2,-2,-2,-2,-2,725,-271,1728,29400,6364,40666,1009,2302,-703,-152,1378,1075,0
514925,1,1,1,29,-2,-2,-2,-1,-2,-1,1957,-798,20902,12906,48498,40991,38288,22886,18387,57146,19583,16309,0
216347,1,2,1,30,1,-1,-1,-1,-1,-1,8338,14528,24290,10740,18916,19185,15074,28043,15559,17980,100047,17499,0
184805,1,2,1,29,0,0,0,-1,0,0,274095,304835,353778,4138,254386,15141,11942,9938,23517,10533,6101,11174,0
201678,1,2,3,43,1,0,0,0,0,0,12594,5562,76292,43015,41192,57781,1448,19363,382,7033,1439,7702,0
89335,2,2,1,25,0,0,0,0,0,0,54270,72921,44104,25998,41141,41785,8257,6188,220,2486,1386,240,0
256223,2,3,1,53,-2,-2,-2,-2,-2,-2,4828,6199,19326,333,-1181,414,788,3624,-12,2869,-174,454,0
302065,2,2,1,34,-1,-1,-1,-1,-1,-1,-3191,-1222,-910,2189,-1787,671,-698,1341,-891,257,138,1436,0
214539,2,1,1,38,1,-1,-2,-2,-2,-1,45409,43254,71554,1667,596,396,81436,1660,1784,111158,243,25267,0
81985,1,2,1,59,2,3,2,2,2,2,47284,43765,54880,50041,67100,48866,742,2198,337,591,485,2510,1
204718,2,3,2,28,0,0,0,2,2,2,12534,16958,9016,39614,29052,19589,6665,5965,-133,3676,1833,7376,0
97903,2,3,0,31,3,-1,2,-1,-1,0,3739,-759,1262,-1326,1133,985,-321,871,59,-45,2459,520,1
238468,2,2,2,32,0,0,0,0,0,0,147908,422111,237662,86698,112165,143497,7296,12008,5138,6416,11295,1125,0
162474,2,2,1,45,1,-2,-2,-2,-2,-2,2860,14128,131,-1000,-1250,808,-1014,-264,-824,-148,-47,-528,1
227411,2,3,1,48,0,0,0,0,0,-1,30095,35177,28269,11811,-978,1730,2483,869,1182,12,746,215,0
209287,2,3,1,50,-1,-1,-1,-1,-1,-1,55,-1023,2120,1506,1632,-303,-739,1171,-779,-236,1490,131,0
505415,2,2,2,34,-2,-2,-2,-2,-2,-2,8767,15875,88882,34263,3379,2686,1081,24789,40132,41830,40985,68360,0
213737,2,1,3,31,0,0,0,0,0,0,69481,91895,66380,12564,28097,12187,6303,5377,1011,25,5044,261,0
242337,2,5,1,34,0,0,0,0,0,0,84635,139098,110862,117032,79158,56269,3290,3052,817,1665,1622,1919,0
193399,2,2,1,48,-1,2,2,0,0,0,5161,5157,12748,11822,29830,30333,149,3307,2481,5635,834,2227,1
28994,1,1,1,51,0,0,0,2,0,-2,14621,14963,10533,-914,-158,12557,1682,760,764,651,-139,222,1
24084,1,1,1,43,0,0,0,0,0,0,19241,18954,-784,15249,11374,1888,909,1239,425,385,1300,-131,0
88251,2,2,2,27,2,2,0,0,0,0,62246,166074,77093,28679,46585,88220,1070,5779,3271,3349,1243,7271,1
28018,2,2,1,25,2,3,2,2,2,2,17732,51777,49863,15225,7608,8656,5780,768,-247,435,1561,-152,1
245640,1,0,1,34,-2,-2,-2,-2,-2,-1,1573,1333,26552,20594,20753,1703,4408,6709,1021,7774,1561,6988,0
357100,1,2,2,35,2,0,2,3,2,0,66649,33574,77345,27581,95451,105920,3952,1818,1023,1719,1530,1048,1
498308,2,1,1,35,0,0,2,-1,0,0,4223,11837,13101,134184,14621,8459,8431,19914,9302,4928,8180,6681,0
157257,2,2,2,34,-1,-1,-1,-1,0,-1,861,1997,1094,174,292,-660,10,1546,1739,237,4211,-528,0
91607,2,2,1,49,0,0,0,2,0,0,58025,74120,45867,21101,55157,52855,8670,1412,2507,2016,2496,356,0
512425,2,2,1,32,0,0,0,0,0,0,26998,107178,93877,255976,14428,191248,9104,9823,6522,45065,1088,12295,0
84545,1,2,2,33,-1,-2,-2,-2,-2,-1,-628,-1202,134,402,-1231,545,-854,-226,-735,-366,-31,260,1
244987,1,5,1,55,-2,-2,-2,-2,-2,-2,-516,-982,-620,-1049,-1259,486,1196,146,-732,189,84,216,1
128681,1,2,1,41,2,0,0,0,0,0,33114,121371,57966,65602,109700,101128,2255,2943,3691,2786,1378,1952,0
245560,2,3,2,37,-2,-2,-2,-2,-2,-2,2637,1704,1420,-1974,252,2018,663,363,-422,3457,147,16,0
57083,2,3,1,28,1,0,2,2,-2,-2,7686,-686,549,-701,329,1610,2225,71,-484,-687,-149,-554,1
158886,2,2,2,61,0,0,2,0,0,0,5779,43863,79341,25464,90017,51084,3899,3932,-32,3226,518,672,1
154439,2,2,1,39,1,-1,-1,0,-1,-1,-1157,279,2301,12667,10240,803,143,1413,364,3227,-166,1875,0
141885,2,2,2,24,1,2,2,0,0,0,46702,241688,49346,74772,59217,68980,1073,1995,2026,2969,1103,5765,0
17430,1,2,2,29,1,0,2,0,0,0,2686,1614,14685,-581,-843,1736,-523,661,440,145,182,-256,0
224508,2,1,1,29,-1,0,0,0,0,0,317,185917,16611,-2482,50550,16204,23780,3421,18547,800,2532,16738,1
231303,1,6,1,34,-2,-2,-2,-2,-2,-2,1023,-2684,1711,1577,-328,-319,-757,1651,68,-63,3745,2722,0
76857,2,2,2,26,0,0,0,0,0,0,30497,48840,39499,51155,52558,59248,1979,1876,1188,5842,2323,2997,0
21738,1,2,2,34,2,3,2,2,2,0,30184,-1015,-1306,2248,481,17729,388,1236,-426,17,1392,1389,0
89934,1,1,2,26,-1,-1,-1,-1,-1,-1,1318,9955,-1167,-161,643,13286,245,459,-221,313,1054,-202,0
19482,1,4,2,25,-1,0,2,0,0,0,12763,944,2183,10298,917,11313,-407,1485,133,-375,1113,873,1
203788,2,1,2,29,-1,-1,-1,-1,-1,-1,-150,-455,-1120,-206,3059,-123,1423,2010,-113,2851,816,540,0
94518,2,2,3,37,-1,-1,-1,-1,-1,-1,-786,471,-599,2148,1440,943,-483,262,-216,1847,1099,1658,1
175971,2,1,2,27,0,0,0,0,0,0,45478,61204,46117,43277,41041,42604,6922,6214,2263,1139,2416,4354,0
169612,1,2,1,38,0,0,0,0,0,2,102922,152295,58856,96475,129382,66674,13132,7096,3445,1322,5644,-218,0
97754,1,0,2,30,-1,-1,-1,-1,-1,-1,727,-1589,1835,14755,2558,16971,5232,3758,799,8806,4793,1460,0
84219,2,1,3,31,-1,-1,-1,-1,-1,-1,-1073,8757,18096,7485,16249,6673,2618,4760,605,12557,1273,1324,0
255071,2,6,1,40,0,0,0,0,-1,-1,153008,70695,102016,121247,16469,117777,4387,12423,11136,21013,841,289,0
161190,1,1,2,33,0,0,0,-2,-2,-2,13849,5107,83557,5511,-2093,1629,1627,17721,692,186,-9,-344,0
137446,1,1,1,38,2,0,0,2,0,0,71888,105603,56558,67305,84073,94455,1451,2797,-375,3271,2346,5219,1
347695,1,2,2,44,-2,-2,-2,-2,-2,-2,-67,-2713,1260,-2507,-2613,-640,662,2500,-159,-392,-333,368,0
153814,2,1,2,27,0,0,0,0,0,0,30271,52987,44014,17314,37011,51751,1893,776,3974,4963,332,5693,0
85621,2,2,1,25,0,0,2,2,2,-2,64642,16098,-371,479,300,2783,3455,862,102,264,-5,-81,0
287696,1,5,1,36,1,-1,-1,-1,-1,0,99158,17322,18368,222935,10306,152353,6513,2575,110048,539,108783,2437,1
50831,1,1,2,25,0,0,0,0,0,0,39810,41344,45472,1483,18889,17850,2956,1420,7158,422,880,1893,0
135786,1,2,2,48,-1,-1,-1,-1,-1,-1,700,-266,1976,3143,2095,745,-867,1398,-630,122,1934,739,1
264629,2,2,2,30,0,-2,-1,0,-2,-1,14716,2596,-391,-1197,-1245,-812,529,1465,896,-113,1872,-226,0
106070,2,3,0,35,0,0,0,0,0,0,3427,-2144,2116,8254,-793,13919,1078,1421,-1,32178,1468,256,0
50889,2,1,2,33,-2,-2,-2,-2,0,-1,-519,8589,2990,487,11883,752,1339,1378,117427,2124,-21,25835,1
558444,2,2,1,38,1,-1,0,0,0,0,72344,273423,84087,246479,48651,301314,33819,20944,22945,7471,12037,11178,1
212550,2,5,1,46,-1,-1,-1,-1,-1,-2,998,-341,-1099,1114,-2736,-988,-372,1607,401,-101,-43,158,0
494102,1,1,1,32,0,0,0,0,0,0,18838,21960,27872,19111,25780,1854,6216,1336,1660,7561,889,10068,0
375060,1,0,2,33,-2,-2,-2,-2,-2,-2,365,10872,2527,964,1777,418,1154,2740,848,4749,181,-239,0
152673,1,2,1,23,0,0,0,0,0,0,82994,66061,123508,62750,43076,95917,7642,2238,2802,3873,1747,920,0
72537,2,2,2,29,1,0,0,0,0,0,39602,66999,88079,62600,47381,35287,4385,1935,82,3170,1276,1659,1
219157,2,3,1,47,1,-1,-1,-2,-1,-1,-163,662,2720,1439,-1484,564,-838,254,-14,456,5187,688,0
224102,2,2,3,26,0,0,0,0,0,0,147703,139507,97753,75843,94346,64771,2426,1854,3734,5214,-3,3593,0
50713,2,3,0,47,2,0,2,0,2,-1,14256,12677,15199,14166,15467,19872,7599,1080,2482,7245,1966,292,0
21722,1,2,2,39,1,0,3,2,2,2,8153,12986,7679,-862,-6533,13901,2779,5529,1071,468,222,-631,1
20227,2,2,1,53,0,0,0,0,0,0,52335,63312,43885,16525,15080,24587,2160,1902,467,565,1945,-459,0
95714,1,3,1,69,-1,-1,-1,-1,0,0,7043,2559,10637,14644,9349,3595,-145,2639,511,2132,2932,8837,1
90829,2,2,2,24,2,0,0,2,2,0,43158,54556,36987,25771,33965,46579,1799,2513,677,936,2485,854,0
127174,1,2,1,37,1,2,3,0,0,0,55891,53684,56764,107537,48431,76314,-649,8823,474,942,1757,2225,1
54106,1,2,2,32,0,0,0,2,2,-2,42078,53928,50825,17712,18317,48,2999,4433,473,1055,314,-77,0
180894,2,3,0,43,-1,-1,-1,-1,-1,-1,2447,1112,-1064,-564,904,-353,623,2599,3281,443,597,17,0
143680,1,3,1,26,1,2,-1,0,0,0,14297,13976,74939,13596,20988,13954,3460,901,6685,2979,1168,2448,0
51382,2,2,3,46,0,0,0,0,0,0,43903,47985,45855,16280,14231,25739,4295,3119,-378,614,2404,-220,0
27456,1,2,1,43,0,0,2,0,0,0,21123,14006,7195,11534,-593,5263,1665,1097,881,473,72,332,0
268140,1,5,1,57,0,0,0,0,0,0,92631,174426,187777,113748,136323,71760,6762,6254,9853,4496,1198,2917,0
177741,2,2,2,25,0,0,0,0,0,0,74996,210366,57946,100291,80855,80036,12864,4930,3680,957,2320,913,0
222976,2,1,1,47,0,0,0,0,0,0,41299,97484,20020,27127,10547,15358,3054,1583,792,777,1322,277,0
19067,1,2,1,52,0,0,0,2,-1,0,18426,11836,13415,29381,11957,16761,12561,3035,6815,1990,2971,479,0
79785,2,3,0,36,1,2,2,2,0,0,55957,63413,79030,38920,42416,45997,1091,1734,2055,1592,4166,8998,0
509053,1,2,1,39,0,0,0,0,0,0,55395,511406,104452,28190,55613,27841,7245,48715,3122,10441,1739,1751,0
48129,2,3,3,31,0,0,0,0,0,0,30935,37934,27091,28628,37977,25457,824,1885,-235,274,3952,-100,0
477662,2,2,1,35,-2,-2,-2,-2,-2,-2,12825,18430,18918,33305,-1053,35169,1303,25523,6018,44558,35102,2610,0
238295,2,2,1,50,0,0,0,0,0,0,108024,208254,100799,94917,121759,88541,7042,9314,7253,5546,3118,4964,0
17814,2,2,3,50,3,2,0,0,0,0,4991,16018,7995,6472,5790,12546,224,1734,2377,420,1130,593,1
188016,1,1,2,36,0,0,2,0,2,0,32968,58921,49085,9684,44088,1041,1876,4723,345,551,4123,2170,1
137371,1,2,1,25,2,0,0,0,0,0,49367,3817,30380,21053,13572,21120,1890,2248,285,6965,1567,11,1
56731,2,3,3,53,0,0,0,0,0,0,57453,71394,71904,20817,21864,8934,7238,1000,447,108,3099,-145,0
198877,1,2,2,49,1,-2,-2,-2,-2,-2,-148,426,1663,1289,-2038,524,448,706,-1139,521,165,381,1
223509,2,1,1,34,-1,2,-1,-1,-1,-1,-8,-1237,-285,11458,-777,-363,971,1864,6008,3513,103,4608,0
29032,2,2,2,42,2,2,2,6,4,4,133,9412,-668,4049,-199,1728,-1435,-1309,-454,294,-19,1827,1
219967,2,2,1,31,-1,-1,-1,-1,-1,-1,6428,-518,2358,12113,613,-548,3362,2179,8495,4927,1117,3052,0
152036,2,4,2,32,0,0,0,0,0,0,26706,36404,56484,18379,29672,58353,2810,1998,243,70,1412,2997,0
506306,2,1,2,27,-2,-2,-2,-2,0,-1,15722,859,14884,20379,6609,648,3865,9926,12908,5516,3564,13872,0
199197,2,1,1,40,0,0,0,0,0,0,79338,170984,82078,56623,268864,77799,5450,4904,9672,2589,308,127,1
286667,2,1,1,43,1,-2,-2,-2,-2,-2,46418,40393,86727,1657,36216,51595,-704,2158,2785,4528,1275,2418,0
94134,2,2,2,25,1,0,0,0,-1,-1,-2859,-38,1332,-213,1722,18988,1557,1571,-36,5719,4125,-129,0
471281,2,2,1,32,1,-2,-2,-2,-2,-2,70310,51120,91378,488295,148724,371538,16142,26182,24811,5052,45794,32476,0
180344,2,2,1,23,0,0,0,0,0,0,126530,222035,63668,112679,107965,117003,8209,2641,4332,2867,1699,2556,0
336046,2,2,1,54,-1,2,-1,-2,-2,-2,-920,-1496,1611,1058,192,1564,1021,-341,-710,-18,-42,1708,1
27557,2,2,3,44,1,-2,-2,0,0,0,8266,-702,1245,6327,1504,419,86,1532,-211,7853,3442,17691,0
49066,2,1,2,26,-1,0,0,0,0,0,72828,442,2058,1286,2962,2020,949,1089,594,1608,156,145,0
203902,2,1,1,28,0,0,0,0,0,0,72144,119215,64302,103956,83921,77395,5208,6668,1788,7414,4016,1079,0
156415,2,3,1,32,-1,-1,-1,0,0,0,1489,958,1789,13831,12170,9093,-413,1446,683,295,999,7018,1
49051,1,2,2,24,0,0,0,0,0,0,18241,2408,186,5492,3109,13597,-604,1324,-651,381,583,-99,0
525090,1,1,1,34,0,-2,-2,2,2,2,3826,1708,11703,10067,42535,24352,477,21801,-156,235,489,222,1
13468,2,1,2,21,0,0,0,0,0,0,20697,16338,7562,2663,11715,11583,1529,1513,46,282,2152,603,0
340034,1,1,1,32,0,0,0,-1,0,0,57600,58344,80317,182,27076,10055,4093,17179,1231,6453,3754,335,0
55776,1,2,1,32,1,-2,-2,-2,-2,-2,1752,288,3005,764,-1257,131,-240,1394,143,381,1712,511,0
252120,2,3,1,33,-1,-2,-2,-1,-1,-2,3090,111,1032,1238,-660,1123,1133,1430,80,486,179,479,0
241360,2,2,1,35,0,0,0,0,0,0,104753,378134,190024,118176,136133,142285,11158,9400,5382,5174,3050,2460,1
209937,1,2,1,38,-1,-1,0,-1,-1,0,22350,13333,311333,297558,11492,150902,10473,24449,23310,10136,8163,13658,0
129868,1,2,1,33,0,0,0,0,0,0,11371,13590,22298,13550,38303,19230,2269,20719,2227,6186,1895,5296,0
178463,1,3,1,53,-1,-2,-2,-1,-1,-1,-409,3881,2609,3028,-103,18611,-1451,884,85126,7076,1396,1423,0
226399,1,1,2,53,0,0,0,0,0,0,30842,12794,54818,8792,11060,18977,3859,871,18529,7476,4366,1424,0
97211,2,2,2,23,0,0,0,0,0,0,51833,64879,36938,12702,9939,17663,8049,526,7065,2420,2283,1117,0
25493,2,3,3,38,0,0,0,0,0,0,20093,13423,5852,8241,546,-495,727,2179,2849,-99,20,-390,0
224222,2,5,1,41,-2,-2,-2,-2,-2,-2,73983,9704,17906,-40,-1757,-451,400,2931,-384,1185,44,-90,0
25431,1,1,1,33,3,2,2,2,2,3,3803,10404,15481,28158,1396,18823,401,2781,768,213,2242,780,1
543467,2,1,1,35,0,0,0,0,0,0,402118,174548,415779,366062,405240,274390,9981,9606,12050,11130,1812,5513,0
269196,1,2,1,28,1,2,0,0,0,0,76226,226898,132078,92068,138642,241514,1846,12465,6141,11287,5344,484,0
26700,2,2,3,42,0,0,0,0,0,-2,9416,15586,8798,14459,-1609,-876,555,1523,475,3861,131,-265,0
216755,2,2,2,34,0,0,0,0,0,0,176535,234271,192670,124240,158991,167124,11339,8801,116165,1905,3899,2559,0
479347,1,1,2,31,-1,-1,0,-1,-1,-1,17202,7854,12043,8391,15422,289,7409,7758,5893,22149,2320,372,0
198186,1,1,1,41,1,3,2,2,0,0,9910,10008,13903,24057,10945,38869,3701,1335,786,-137,257,3638,0
234927,1,4,1,34,-1,-1,-1,-1,-1,-1,390,-953,3019,-674,313,-932,259,1835,67,479,377,304,1
211117,1,2,1,48,1,0,0,0,0,0,4956,129872,46309,9142,12026,13538,68989,1564,3464,6631,5130,693,0
180900,1,3,1,47,0,0,0,0,0,0,61221,66415,97674,65762,106194,82978,2744,2022,1053,2611,3423,4344,0
207194,1,1,1,34,-1,-1,-1,-1,-1,-1,1619,17462,10364,-516,2580,1240,354,419,1581,3219,1285,4997,1
133724,2,2,2,27,-1,-1,-1,-1,-1,-1,-1470,-292,1198,627,-304,356,-691,864,-463,41,362,-193,0
20527,1,5,2,45,2,2,2,2,0,0,6259,18059,20203,14311,15644,14077,815,1115,323,143,1623,491,1
55474,2,1,2,22,0,0,0,0,0,0,51782,56848,46696,11790,7246,16591,5928,2472,371,374,1868,410,0
190003,2,2,2,29,0,0,0,0,0,0,118812,130432,81235,116974,-654,54804,3987,5630,4556,5559,302,190,1
74288,2,2,1,41,1,0,2,2,0,0,10529,15806,17001,8368,6800,28578,931,970,876,1002,868,-66,0
102079,2,1,2,24,0,0,0,0,-1,0,97229,67291,53930,19075,21063,961,3291,819,3094,446,384,-145,0
94800,1,0,2,32,1,0,0,-1,0,0,67961,55140,72369,60360,30639,59259,2405,40522,21439,8424,970,604,0
212757,2,1,1,26,-2,-2,-2,-2,-1,0,13764,11802,26034,12634,42790,50402,4283,17204,9747,44728,872,7848,0
391619,2,1,1,47,0,0,0,0,0,0,166095,93519,85226,66580,112169,93668,4235,9456,5254,27961,3214,4937,0
43250,2,1,2,31,0,0,0,0,0,0,12558,1523,2240,5649,8358,9750,1294,1606,938,644,1314,-175,0
26479,1,2,1,47,0,0,0,0,0,0,36565,35113,41887,16844,4935,4189,53,1576,3132,551,1297,13948,1
378889,2,1,2,24,0,0,-2,-2,-2,-2,7705,12972,305,9796,-1659,-767,2508,2446,538,1240,1042,808,0
45626,2,2,2,23,0,0,0,0,0,0,17903,25326,5720,-4256,20432,9426,5979,3183,216,35815,5007,958,0
129885,2,2,2,26,0,0,0,0,0,0,31637,141556,55926,54925,36116,75600,6569,979,3535,1101,2407,1311,0
19023,1,3,1,25,2,0,2,2,2,0,14522,22276,17623,12825,21500,21229,1400,5219,2751,390,1357,75,1
201973,1,2,3,35,0,0,0,0,0,0,110437,85446,112219,7727,16815,17694,3795,3966,12191,1233,6093,7244,0
294883,2,2,3,31,-1,-1,-1,-1,-1,-1,13075,11919,13988,951,9443,1564,3183,10631,70466,44932,4145,12412,0
217850,2,2,2,22,0,0,0,0,0,0,43036,24779,13206,26362,9099,48010,6091,1253,902,830,2798,2170,0
74105,2,2,2,54,-2,0,-2,-2,-2,-2,51006,40844,52259,22993,19520,1562,2918,2386,281,-187,1660,11433,0
144177,1,5,1,35,-1,-1,-1,-1,-1,-1,2727,23,-306,1563,1081,-550,2048,2011,1117,-69,212,2430,0
499592,2,2,1,28,0,0,0,0,0,0,312038,136009,172057,181065,133840,104485,9606,8665,4425,8369,4140,743,0
55273,2,2,1,35,0,0,0,0,0,0,572,4399,212,14665,3751,9442,-105,1316,876,6021,3501,2746,0
21971,1,2,1,38,2,2,3,2,2,2,-1000,17846,14830,17499,47731,60477,2078,449,1,759,1104,1717,1
203441,1,1,2,27,0,3,2,2,2,2,10936,19002,31792,29198,44509,50362,2041,2324,1717,2121,1082,17,0
230025,1,0,1,25,-1,-1,-1,-1,-1,-1,3516,-685,21023,441,2233,1029,5602,88141,5446,94984,87931,1440,0
12483,1,2,1,36,0,0,2,0,0,2,36885,16165,13557,7506,-24,11342,5258,2176,980,810,-130,-6,0
30217,1,2,2,23,0,0,0,0,0,0,19370,17034,5208,8467,14964,11948,1487,732,3252,629,963,372,0
545906,1,3,1,44,0,0,0,0,0,0,73013,51203,48048,43817,34677,54961,3352,43707,4799,6415,641,3179,0
50922,1,2,1,60,0,0,0,0,0,0,53335,52736,57203,21613,9962,973,7728,5656,612,-53,943,-188,0
46939,1,0,2,25,0,0,0,0,0,0,21940,11276,25653,13056,29722,1081,1760,24055,1109,639,2084,8291,0
170549,1,2,2,22,0,0,0,0,0,-1,82845,33465,67519,38797,20161,94008,3387,2806,8575,9040,1969,7342,0
221822,1,0,1,33,0,-1,-1,-1,0,0,8264,21154,23314,6593,32797,31125,1287,6473,1768,19992,1167,962,0
21689,1,2,2,26,0,0,0,0,0,0,12229,69547,55601,8055,12833,54668,1088,2682,1329,213,1612,-97,0
121106,1,2,1,44,0,0,0,0,0,0,81569,93657,104457,114670,117559,103148,11881,1552,3841,907,2621,4846,0
17346,2,2,2,51,0,0,2,0,0,2,3691,2185,20344,11805,10309,11515,2063,966,-84,267,-216,320,0
243815,2,2,1,52,-2,-2,-2,-2,-2,-2,6647,12990,22229,11296,-637,2461,4268,17151,-193,4150,1554,598,0
490784,1,0,1,36,0,0,-1,-1,-1,-1,76367,63455,98686,209933,350908,56410,10442,24658,24662,9107,77887,1587,0
64407,1,1,2,22,0,0,0,0,0,0,41915,36702,45690,8698,1692,44145,2154,4087,648,262,1242,377,0
195885,2,2,2,33,-2,-2,-2,-1,0,-2,19411,16027,13078,41623,19500,60661,52089,20122,15941,7662,1301,9355,0
157023,1,2,1,30,-2,-2,-2,-2,-2,-2,3668,8440,20451,23020,18308,2234,5365,2139,620,820,106231,38453,0
484856,2,5,1,25,-2,-2,-2,-2,-2,-2,6817,2285,2205,306,-1725,1006,3013,980,7,5615,457,2735,0
24351,2,2,1,41,0,0,0,0,0,0,15708,1928,14113,-2576,17670,2092,1969,579,131,1647,1803,4832,1
246771,2,2,1,34,0,0,0,0,0,0,104634,184998,133073,75467,90303,109855,6564,12118,1294,1580,999,2845,1
28988,1,2,2,43,0,0,0,2,2,0,13814,32433,14038,9767,18104,9998,4763,4465,1351,-287,1119,-587,0
21372,1,2,1,38,1,0,2,2,2,2,32611,39508,10514,17232,20690,62786,1189,359,3011,8356,804,1116,0
234964,1,5,1,47,0,0,0,0,0,0,128978,168126,236815,121143,154288,27991,10341,9061,978,9715,4563,1411,0
145218,2,3,1,62,0,0,0,-1,-2,-2,25546,17593,894,-479,130,-498,2846,175,715,-479,-302,-71,0
305502,2,3,1,32,-1,-1,-1,-1,-1,-1,207,-302,1946,697,915,-576,537,1048,263,63,-88,247,1
147666,2,2,2,40,0,0,0,0,0,0,109848,174640,111244,113624,132922,160177,933,6988,1840,1904,1835,1234,0
74593,2,2,2,25,-1,2,-1,0,0,0,-1927,4886,-460,1413,964,1876,-701,741,7,984,1671,525,1
155939,1,3,0,44,3,2,2,2,2,3,4267,8587,15999,6274,-2650,-11,707,922,249,-497,2304,83,1
378851,1,2,1,51,-2,-2,-2,-2,-2,-2,7458,-1730,-1475,207,-1646,-1116,166,931,-504,1568,-192,258,0
256710,1,0,1,34,-1,-1,-1,-1,-1,-1,-662,418,-667,791,2511,63,583,1662,803,246,778,510,0
172282,1,3,1,36,2,0,0,0,0,0,48943,190079,72265,93793,85790,103543,2984,7924,4024,837,1110,1763,0
17937,2,2,2,28,2,2,2,2,0,0,11079,21875,876,-494,2742,18445,876,1237,-574,202,1189,-171,1
240737,2,1,2,31,0,0,0,0,0,0,78944,105806,73146,4050,46892,58803,6878,1421,4070,380,195,3138,0
129862,2,1,2,24,3,2,2,2,-1,-1,14946,11370,92,-834,1410,1365,-880,2402,327,178,1156,-214,1
75661,2,3,0,29,-1,2,2,0,0,0,2421,-1929,703,1587,617,740,-82,1093,1494,469,1893,2925,1
184678,2,2,2,23,0,0,0,0,0,0,68656,14420,16239,37191,14463,43104,1549,21598,9341,2493,6429,11772,0
91221,1,2,1,32,1,-2,2,-2,-2,0,-1250,5948,2102,1309,-346,1987,522,3752,251,472,1713,2277,0
156987,2,2,2,28,0,0,0,0,0,0,56474,202570,90248,67206,90794,93939,1973,2287,2856,2194,1014,2012,0
86294,2,2,1,43,2,0,0,0,0,0,143766,180083,38377,89544,121048,61933,1163,2324,2657,3047,2274,2323,1
421685,1,4,1,32,-2,-2,-2,-2,-2,-2,2295,-625,1474,970,-1367,1668,-79,1515,192,83,844,314,0
99821,2,2,2,28,0,0,0,0,0,0,31330,153098,76471,69660,60196,64156,1396,4423,4770,5928,2803,6324,0
20371,1,2,3,45,0,0,0,2,0,0,36165,17409,43222,11365,7643,13042,2404,2543,-675,5388,2293,79,1
321582,2,2,1,52,0,0,0,0,0,0,361348,272684,381833,120402,148511,156129,10534,21522,4600,16614,8362,28903,0
253302,1,2,1,57,2,0,0,0,0,2,73999,210238,171529,181393,122866,185811,-514,12663,3315,5027,2013,3225,1
266105,2,3,1,37,0,0,0,0,0,0,203517,379823,349476,182395,371898,133529,7873,16154,19570,4276,42869,4466,1
175681,1,5,1,33,-1,-1,-1,-1,-1,-1,16217,12688,9721,-127,667,5285,945,2403,482,10174,5008,1611,0
218556,2,4,1,32,-1,-1,-1,-2,-1,-1,3124,489,2214,529,667,-775,2734,1575,-453,786,61,407,0
193304,1,1,2,28,-1,-1,-1,-1,-2,-1,2145,177,301,2440,457,-395,215,1594,-69,187,505,-145,1
23353,1,1,1,44,-2,-2,-2,-2,-2,-2,6339,7912,16364,1742,-1461,-973,2847,15702,160,2660,-50,278,1
231990,2,2,2,27,-1,-1,-1,-1,-1,-1,9102,-878,11401,32650,27528,55186,11624,76362,18361,7530,7876,28712,0
197340,2,3,0,40,-1,-1,-1,-1,-1,-1,965,-1144,371,-599,-1396,-643,636,1665,580,824,101,363,0
194613,1,5,1,33,1,2,0,0,0,0,78955,90955,348733,84763,47197,76784,46317,1794,1084,440,564,1947,0
478697,1,1,2,28,-1,-2,-2,-2,-2,-2,3544,-1748,-870,699,784,39,304,483,-222,678,159,13942,0
111138,2,2,2,24,0,0,0,0,0,0,84896,111832,89396,72989,111188,78143,6528,5004,4565,1490,1639,1760,0
227053,2,2,2,29,0,0,0,0,0,0,185754,123151,48993,104123,61259,37197,10479,19774,3835,781,3152,14082,0
11214,1,3,1,45,3,3,2,2,2,2,3801,19904,20740,7722,21643,35490,-57,1773,260,5,1493,-388,1
104124,2,3,0,35,1,0,0,2,0,0,59474,99327,80118,69623,53346,98297,5316,3124,2410,1128,2522,1610,0
88164,1,2,2,31,1,3,2,0,2,0,-442,37900,14932,45214,45617,52858,758,1007,-567,1194,2095,7323,1
22387,2,3,1,43,0,0,0,0,0,0,23798,21362,17354,11704,3434,6450,6438,1758,915,4067,2428,264,0
100567,2,4,2,26,0,0,0,0,0,0,69801,70494,69585,39517,109749,78760,4176,5436,2867,5996,5287,6299,0
195783,1,2,3,35,-1,-1,-1,-1,-1,-1,11265,7660,12033,8088,6236,2709,6204,2496,15319,6967,22674,2030,1
39025,1,2,3,40,-1,-1,2,-1,-1,-1,1715,245,-1703,1413,-437,556,-1366,-566,-489,-526,2245,738,1
25363,2,1,2,30,0,0,0,2,0,-2,107913,18947,53463,9834,-604,-1526,143,258,375,580,-74,500,0
179952,1,2,3,44,1,0,0,0,0,0,95100,86286,101829,132169,63102,287576,7911,9363,6536,7126,65806,6281,0
181042,2,1,2,26,1,0,0,0,0,0,132869,194164,77382,77213,132072,94292,4265,12708,4656,1007,1702,6633,0
82633,1,3,1,35,-1,2,2,2,2,2,1823,9467,2590,35805,-846,-187,7876,163,1337,1746,-216,419,1
47996,1,2,2,25,0,0,0,-1,0,0,18344,22258,16842,6723,14157,8128,1440,2265,892,427,4746,-59,0
536899,2,1,1,35,0,0,0,0,0,0,171982,403802,83511,334650,337096,161373,7824,12265,23323,2748,21339,6368,1
82202,2,1,2,23,-1,-1,0,0,0,0,252,26113,50683,797,9124,5068,1116,625,2382,2344,905,2599,0
246205,1,3,1,36,0,0,0,0,0,-2,28673,37388,31274,8189,5627,847,4160,3517,1579,610,1054,34,0
25269,1,6,1,36,0,0,0,0,0,-2,28870,10824,11528,3288,-1203,1165,5110,2239,729,410,-163,-8,0
19452,2,2,2,47,0,0,2,2,2,2,11667,23156,34398,13406,9149,15885,1619,1773,267,4941,1854,-83,0
410554,1,2,1,33,2,2,2,0,-1,0,39664,30214,75004,63644,75085,51102,649,2400,2820,1894,1639,1883,0
211224,1,3,3,44,2,2,2,3,-1,3,41368,113371,67151,92766,79050,92954,1865,849,545,2703,3811,2367,0
92703,2,2,3,37,0,0,0,0,0,0,82384,54704,42126,38372,12001,38947,5085,2865,1052,7453,980,-66,0
98108,2,1,1,27,-1,-1,-1,-1,-1,-1,1277,925,435,-329,194,-697,1201,899,-413,-35,1756,328,0
132811,2,1,2,41,-1,-1,-1,0,-1,-1,3487,2954,1735,-633,502,518,1874,3,672,2058,922,218,0
53218,2,2,2,46,0,0,0,0,0,0,3679,3240,1386,4174,4620,18348,787,3061,1613,295,720,281,0
189179,1,1,1,34,0,0,0,0,0,0,129641,266070,118377,122980,122245,83727,3689,7562,11048,515,623,2590,0
235380,1,2,2,36,0,0,0,0,0,0,45484,131076,92518,148703,279378,181455,5915,13806,3665,2022,2611,1398,1
274489,2,2,1,34,1,-2,-2,-2,-2,-2,1698,-2310,2036,836,-1102,662,-868,488,1052,958,479,532,1
115256,2,2,1,32,-1,-1,-1,-1,0,-1,1284,3327,2607,-939,1200,1069,133,1530,453,1781,997,1867,1
179682,2,2,2,33,0,0,0,-2,-2,-2,56822,34557,38178,1028,341,-114,1383,2343,2498,138,2082,-46,0
27864,1,1,2,24,-1,-1,2,-1,-2,-2,2226,1956,8121,447,-147,-483,868,1201,-570,-109,93,430,1
53301,2,2,2,39,3,2,2,2,-1,-2,6796,39479,15270,703,1148,-575,8445,-555,-468,-26,-115,449,1
23449,1,2,1,37,2,3,2,2,2,0,6972,4185,5896,-1578,12249,13504,995,14508,372,2506,1663,7711,1
54373,2,3,0,47,0,0,0,0,0,0,89908,42750,43097,35049,40482,88411,5194,5323,1357,382,1465,4360,0
139123,2,1,1,25,0,0,0,0,0,0,99526,113564,79449,98192,42513,56733,6003,2263,735,711,1210,-112,0
108228,2,2,2,31,0,0,0,0,0,0,71577,66698,75692,44218,17633,-387,3820,4758,740,1935,1883,202,0
107468,2,4,2,27,1,-1,-1,-1,-1,-1,-387,-694,7169,-1527,-1657,-335,-820,1218,593,1680,1349,1477,0
206080,2,3,2,37,0,0,0,0,-1,-1,55028,7104,256856,2230,50187,78299,4718,4769,10168,6056,69895,1766,0
112378,2,1,2,29,1,-2,-2,-2,-2,-1,-670,-1428,1881,1559,1343,1619,227,1715,-78,3085,761,2478,0
92508,1,2,2,33,-1,-1,-1,-1,-1,-1,823,-1088,2676,20632,893,11773,478,1607,-113,5306,4984,520,0
514421,2,1,1,31,0,0,0,0,0,0,458271,343813,427581,276028,234606,185941,13298,19755,23653,27409,27850,4684,0
438902,2,1,2,28,0,0,0,0,0,0,160468,262000,94550,37637,52176,80007,2399,21544,3398,4580,4110,2640,0
519854,2,1,2,35,0,0,0,0,0,0,355360,478146,269651,320312,373234,201089,12961,7553,20181,13440,5305,8107,0
518832,1,1,2,29,1,-1,2,-1,-1,-1,298777,16217,84083,217751,50698,463950,9419,1268,10223,9008,22516,1652,0
228923,2,0,2,28,-2,-2,-2,-2,-2,-2,4080,1849,3408,1363,3360,2481,6015,2335,26468,410,2395,-310,0
137221,1,1,2,23,2,0,0,0,0,0,49616,64598,57295,27918,38772,54778,3057,1496,1359,2402,1252,210,0
150722,1,2,1,36,0,0,0,0,0,0,107190,83705,48287,78192,20075,66051,2323,1430,10777,1611,4521,2821,0
17261,1,2,1,42,2,0,2,2,2,0,11026,16736,13944,9574,7142,17954,671,916,872,427,1570,-129,0
196016,1,2,3,41,0,-1,0,0,2,-2,662,3023,1644,90,801,1335,1573,764,-28,-94,2527,507,0
234406,1,1,2,34,-1,-1,-1,0,-1,0,9627,4053,8984,8945,1819,19746,75922,946,1330,5934,1256,22119,0
28352,1,1,2,39,3,3,3,2,2,2,9324,22437,6702,1743,35641,17816,1293,945,-944,-633,1271,397,1
209196,1,1,2,43,1,-1,-1,-1,-1,-1,10256,8497,-1048,-198,13,40248,4970,1511,10011,4885,2304,1476,0
24361,2,0,2,23,0,0,0,0,0,0,7046,18691,22934,30526,29340,11361,5336,1355,4683,1694,4509,2569,0
150477,2,2,3,46,0,0,0,0,0,0,72093,156540,76090,128151,90733,50457,1820,2976,3368,1369,927,56,0
185636,1,1,1,40,-1,-1,-1,0,0,-1,1640,-1063,849,-244,911,84,1258,4594,3786,-150,2087,192,0
57697,1,2,2,30,-1,-1,2,-1,0,0,3941,3681,-335,7960,-555,-135,-256,982,99,921,-121,-334,0
51124,2,2,2,23,0,0,0,0,0,0,17934,65467,39246,13434,9646,52679,2096,1878,409,205,4079,1300,0
32257,1,3,3,44,0,0,0,0,0,0,13292,9195,17327,7928,9955,13514,1514,6266,8137,-154,10317,6677,0
32341,2,2,2,29,2,3,0,0,0,0,33677,43626,59508,38212,56467,59894,2188,1284,-448,2447,567,787,1
80343,1,2,1,49,1,2,0,0,0,0,3743,-2033,58150,31259,11012,11989,-40,1613,1260,5860,1777,2819,1
88249,2,1,2,25,-1,-1,0,0,0,0,982,-1381,-642,19650,1099,-2019,236,24,-413,1205,931,974,1
170432,1,1,2,40,-1,-1,-1,-1,0,0,6250,7783,13340,6221,19485,10217,3351,23603,18593,7940,4513,10452,0
478551,1,6,1,33,0,0,0,0,0,0,139858,200974,234700,131793,170291,196941,12585,12289,126742,3102,2326,918,0
45436,1,2,3,48,-1,0,0,0,0,0,20273,1669,807,-1439,11616,-851,-477,2171,139,-318,308,294,0
248579,2,1,1,34,0,0,0,0,0,0,223190,437762,175263,183252,292131,220899,7841,24205,22710,3602,5540,2614,1
80294,1,3,1,39,3,2,3,2,2,2,8258,17578,3852,32342,46623,51651,-514,1237,835,2963,1100,239,1
481306,1,1,2,32,-1,-1,-1,-1,-1,-1,891,-110,1062,-266,408,156,1210,3446,293,25,-13,199,1
177658,2,2,1,38,1,-1,-1,-1,-1,-1,15410,12254,2936,19,1358,333,4635,1589,2295,508,1094,152,0
211927,2,3,1,47,-2,-2,-2,-2,-2,-2,3840,92,2344,1122,-540,1339,380,1861,-117,-171,945,571,1
357244,1,2,1,35,1,-1,2,-1,-2,-1,69421,67495,75886,1601,951,1005,5614,6216,-444,5447,69,2574,0
69320,1,2,1,35,2,0,0,0,0,0,54822,47677,37265,26953,44265,35040,2525,975,2116,304,1887,212,1
73705,1,2,1,45,0,0,0,0,0,0,39675,46562,39253,45710,25289,48996,8948,6564,3700,2792,1141,-687,1
484247,2,2,1,36,0,0,0,0,0,0,30668,58000,44454,36215,24472,39245,5493,2681,1288,4776,1824,15358,0
106515,2,1,2,27,-1,-1,-1,-1,-1,-1,1764,375,805,-557,2252,-1294,3584,21425,8790,1320,3149,2250,0
165417,2,2,1,34,-2,-2,-2,-2,-2,-2,2695,814,554,-1086,-551,2181,-298,232,-186,-625,2147,31,0
179457,1,1,2,25,0,-1,-1,-1,-1,-1,2082,73662,-485,6852,567,2666,4688,3119,112454,766,19,11193,0
350178,1,2,1,34,0,0,0,0,0,0,130441,136142,136500,160082,362456,64768,7708,10044,4166,3910,1294,22,0
259081,2,5,2,33,-2,-2,-2,-2,-2,-2,13582,7675,-340,-165,6944,888,3838,977,104834,-74,355,163,0
195613,2,1,2,26,0,0,0,0,2,0,163339,183227,96628,94885,37983,83154,11048,1829,1202,686,4625,5870,0
16105,1,2,3,56,-1,0,0,0,0,0,21128,1466,1472,12459,-716,-197,-447,635,132,-236,265,3,0
90934,1,2,1,52,2,2,0,0,0,0,52550,63832,58780,34558,36478,47677,2243,1303,379,435,1280,-67,0
95540,2,3,1,50,0,0,0,0,0,0,54084,18179,52283,169,521,16441,4963,1320,1278,261,-191,-310,1
198428,2,3,1,35,-1,-1,-1,-1,-1,-1,1184,-1901,-2698,305,-438,-1255,-553,998,-281,530,902,414,1
172549,2,1,1,27,0,0,2,2,2,2,68707,55664,43013,39533,44332,76136,6255,5172,1777,3639,1645,2722,0
148525,2,2,1,31,1,2,-1,0,0,0,47330,121946,88741,47366,12010,46067,1041,2255,2408,8362,1526,1472,0
392731,2,1,2,39,1,3,2,0,2,0,14292,48571,74343,10571,8258,41263,457,575,2397,3718,2066,515,0
86417,2,5,2,33,-1,-1,-1,-1,-1,-1,1638,533,-311,792,169,-288,835,1541,3,248,1696,1179,0
210422,2,1,2,34,2,2,0,0,0,0,84236,126681,43851,124679,43296,91772,2542,1701,2859,3271,4676,729,0
48441,1,2,1,44,0,0,0,0,0,0,54278,51222,45413,3599,30285,51368,3519,3536,3917,2705,1379,1547,1
176970,1,2,2,40,-1,-1,-1,-1,-1,-1,12301,-222,10267,11353,-994,9208,5485,15964,2080,17546,31494,8681,0
282254,2,3,1,36,-1,-1,-1,0,-1,-1,54123,135392,477145,143397,16605,20785,6447,10167,11915,7446,88749,208,1
21605,1,2,1,33,-1,-1,-1,-1,-1,-1,-129,-1816,7859,1020,2209,3736,835,7746,308,719,155,12457,0
51941,1,2,1,55,0,0,0,2,0,2,21480,20009,39458,16614,856,801,2455,1524,288,1509,194,-584,0
151888,2,1,1,34,-1,-1,-1,-1,0,0,-284,13150,25724,8467,13308,57348,-112,5272,3244,834,1072,1457,1
227108,1,2,2,27,-1,-1,-1,-1,-1,-1,3106,-1702,-2547,1596,815,569,50,1158,-135,12,1957,237,1
98445,1,1,2,24,0,0,0,0,0,0,36305,75190,59204,30666,71046,66540,6198,4747,2658,2196,99,2312,0
46577,1,2,1,42,0,0,0,0,0,0,60215,26369,18424,2299,19026,1811,5154,856,1194,618,821,-35,0
137316,1,3,2,39,-1,-1,-1,-1,-1,-1,4175,1881,190,1439,2030,326,-507,894,515,-127,-240,-340,1
116476,2,2,2,30,0,0,0,0,0,0,63723,48060,81584,74524,35908,26836,2266,1926,463,59,1689,2871,0
46233,1,2,1,26,-2,-2,-2,-2,-2,-2,50675,13513,990,-2385,-1457,353,3599,1710,259,-155,1078,-162,1
168371,1,3,1,57,1,-2,-2,-2,-2,-2,2365,-1290,349,738,-1163,-220,-194,1087,-5,427,87,79,0
222938,2,1,2,27,0,0,0,0,0,0,178692,119160,186992,215488,123446,107362,123644,72893,114975,2012,2379,4952,0
330730,2,2,2,31,0,0,0,0,0,2,174007,182012,151566,89895,160509,173535,9483,8036,5281,6907,11079,5294,0
248530,2,2,1,35,0,0,0,0,0,0,73900,107523,107361,55731,99900,111772,12019,1949,2488,4416,3896,3285,0
242701,2,4,1,41,-1,-1,-1,-1,-1,-1,600,-166,1803,2545,69,875,783,1814,266,991,4339,1837,0
143779,1,0,1,34,1,-2,-2,-2,-2,-2,6478,-261,2167,157,1183,639,22610,2776,585,-34,8,-407,0
215561,2,2,2,28,0,0,0,0,0,0,86342,98453,72903,142992,42398,88284,11694,11121,3372,5525,4857,1988,0
156604,1,3,1,35,-1,-1,-1,-1,-1,-1,3643,2303,2053,-1776,1624,895,385,560,204,381,263,204,1
168594,1,2,1,23,0,0,0,0,0,0,32158,167136,55816,22947,78543,98778,5778,3907,2345,832,1290,2372,0
54124,1,2,3,37,0,0,0,0,0,0,51414,63656,46182,23802,26175,50858,5628,8508,502,2434,1133,846,0
52741,2,2,3,31,0,0,0,0,0,0,37135,50591,45132,28769,26999,1422,2799,2859,-188,656,2784,334,0
223038,2,2,2,44,0,0,0,0,0,0,51731,58833,62810,29739,16177,24316,7630,1951,2670,-86,3365,11421,0
220767,1,2,1,44,0,0,0,0,0,0,126398,155503,134355,102729,126278,87584,2279,12369,1503,10343,1826,108,0
254049,2,3,1,40,-1,-1,-1,-1,-2,-1,2864,-21,-821,1072,-428,-769,-260,2364,783,-255,1109,451,1
25861,1,2,1,54,0,0,0,2,2,0,23383,28581,18835,4691,18558,25948,3330,2262,608,3219,326,-321,0
501583,1,1,2,32,0,0,0,0,0,0,406145,127934,18357,18220,17188,71614,58950,18752,20069,11124,18657,9243,1
85075,1,3,1,34,3,2,0,0,0,0,47668,36210,60394,27898,51046,40626,1540,1009,36,-164,591,1668,0
238618,1,5,1,34,0,0,0,0,0,0,81266,131325,156126,84953,22531,73278,11634,1661,3442,-220,2555,6510,0
435185,1,3,1,51,0,0,0,0,0,0,180752,262053,178401,182436,172475,207696,11326,8834,10091,4845,8385,3030,0
238519,1,2,1,34,0,0,0,0,0,2,151666,159806,179581,106578,115130,166518,7938,94039,397,5456,2796,3852,0
24740,1,2,2,29,0,0,2,2,2,2,3407,13763,14606,6370,12069,21564,2826,3328,804,2191,1641,-187,1
21887,2,2,2,39,2,0,0,2,0,0,2276,16170,5862,11009,16321,55536,3005,570,752,2959,1850,697,1
235726,1,5,1,43,-1,-1,-1,-1,-2,-2,11325,7789,10304,13586,-1106,-1442,2368,767,1970,3791,-84,547,1
198639,2,1,2,33,-1,-1,2,-1,-1,0,889,12266,11620,12740,34383,52702,3131,5798,14542,14240,8257,-173,0
203925,2,3,1,39,2,0,2,2,0,0,185094,87384,58849,80808,152694,89894,6934,10169,1870,2360,521,7559,1
73707,2,2,2,31,1,-2,-2,-2,-2,0,8680,11181,757,-965,-1153,13716,1406,174,-453,98,-118,445,0
235281,2,2,2,23,0,0,0,0,0,0,86848,169451,89135,83123,46042,86180,2647,1668,510,494,1184,4608,0
353898,1,1,2,23,-1,-1,-1,0,0,-1,-1379,26,10813,11003,12068,1137,438,1156,275,2904,3849,4186,0
131439,1,5,1,50,0,0,0,0,0,0,156428,124506,82270,105881,100503,70565,2038,4809,692,2874,1293,1252,0
289892,2,2,1,33,0,0,0,0,0,0,294820,469159,214050,176252,152618,200177,12201,13767,5930,3136,2072,702,0
51750,1,1,2,45,0,0,0,0,0,0,43873,106530,53020,16085,28232,52925,6305,5227,1317,616,1110,727,0
405259,2,1,1,38,0,0,0,0,0,0,126148,408159,75581,161203,167636,111780,51091,51687,7867,6626,4274,2858,0
100880,1,3,1,52,0,0,0,0,2,0,59601,56339,78070,34540,70257,98969,6690,3964,1322,6429,1228,5890,0
257144,2,2,1,35,0,0,0,0,0,0,192770,349278,83675,94073,111395,59285,10312,9547,20544,3343,4791,2854,0
24026,2,2,2,40,2,2,2,2,2,2,4178,19049,4859,43555,16474,52435,-607,752,588,683,758,42,1
105644,1,5,2,31,0,0,0,0,0,0,41384,120030,114037,63862,72786,66882,4479,2865,2585,3767,467,2235,0
76146,1,1,2,30,-1,-1,-1,-1,-1,-1,191,-1043,769,1652,1163,-1167,1997,1167,1492,21268,121,368,1
357489,1,3,1,41,-1,-1,-1,-1,-1,-1,4099,-1047,-1288,552,-287,7569,-226,1368,117479,2604,1465,502,1
190921,1,2,1,39,1,-2,-2,-2,-2,-2,5468,14031,1360,18349,-810,345,-256,3721,718,346,1231,5678,0
275569,1,1,1,60,0,0,0,0,0,0,67063,59379,46571,17710,40457,51356,45238,7318,6208,2910,1893,-329,0
496479,1,2,2,29,0,0,-1,0,0,-1,489937,23204,460561,36972,51368,54900,20580,42099,16031,40683,13565,27095,0
231592,1,3,1,55,-1,-1,-2,-2,-2,-2,1967,-768,256,1153,2315,1854,2541,1798,-293,-1,1643,1362,0
303009,2,1,2,26,0,0,0,0,0,0,267211,226775,72697,46260,317632,132679,9699,17178,3296,6725,16990,4550,0
119744,1,2,2,31,1,-1,2,3,-1,-1,-100,767,1525,1862,-96,1723,-838,1207,-736,-469,338,-44,1
307942,1,5,1,52,-2,-2,-2,-2,-2,-2,-711,-1515,628,-874,-1354,1155,-241,315,-886,144,-59,84,0
77369,1,4,2,41,0,0,0,-2,-1,-2,3609,1842,2262,-424,1440,1727,5273,1791,1114,-97,1821,-114,0
233238,2,1,1,31,-1,-1,-1,-1,-1,-1,76119,22563,77905,15933,9176,1128,2447,74198,101565,737,-14,12519,0
50490,2,2,2,24,-1,-1,-1,0,-1,0,2622,3398,330,2113,921,19027,-210,723,1540,582,1347,1815,1
57918,2,4,1,26,0,0,0,0,0,0,45866,15640,33384,10334,13714,9735,2710,2409,-35,4757,1810,-162,0
52660,2,2,2,24,0,0,0,2,0,0,20291,28488,38352,13155,21476,14571,6158,5350,557,308,6295,4505,0
279588,1,2,3,37,0,0,0,0,0,0,93900,208277,176542,120690,159736,190006,15108,15312,7187,3255,5038,3472,0
235696,2,2,1,32,1,-2,-2,-2,-2,-2,1098,-5636,591,-1205,-2186,-787,-959,535,-1159,90,64,117,1
87996,1,1,1,31,-1,-1,-1,-1,0,-1,-2185,-3548,-711,35042,20191,-59,1318,-663,637,2311,1371,2564,1
415096,2,2,1,42,0,0,0,0,0,0,38177,69553,56017,55264,38888,44432,6649,2912,3059,3741,3784,3487,0
377751,2,1,1,31,0,0,0,-2,-2,-2,58143,7652,-5,280,-1629,1787,6706,1160,450,-799,-314,-68,0
240097,2,2,1,34,-2,-2,-2,-2,-2,-2,47884,1140,-1407,-194,-1650,156,3582,2166,-136,-475,7,166,1
164278,1,2,1,34,0,0,0,0,0,0,82475,202633,102321,72274,71037,50517,7066,5938,1409,1900,1006,1108,0
48876,1,1,2,45,-1,-1,-1,0,0,-1,600,-505,3052,945,2113,1524,529,568,1338,3223,250,844,1
258397,1,2,3,44,0,0,0,0,0,0,18960,12236,12234,10271,2640,8084,3618,2847,4530,6124,1633,306,0
247261,2,5,1,60,0,0,0,-1,-1,0,19856,21758,79546,8158,2654,-1072,11574,1569,1145,502,2046,191,0
293817,1,2,2,35,-2,-2,-2,-2,-2,-2,5870,-1228,-740,-1424,-1501,623,-1084,1539,-420,-411,-46,361,0
156409,2,2,2,34,0,0,0,0,0,0,56350,86497,53779,134611,52320,79174,1144,4712,8538,6310,3552,2941,0
82613,2,2,3,28,0,0,0,0,0,0,33091,45303,48986,8641,21093,18612,2498,1736,925,912,4683,1608,0
131878,1,5,1,26,-2,0,0,0,-2,-2,93366,18613,16426,3384,-2458,-1039,2028,2171,987,692,41,96,0
135307,2,3,1,31,-2,-2,-2,-2,-2,-2,1788,-2127,-572,-364,792,1627,-311,-529,-206,405,-228,574,1
211658,1,2,1,34,-1,-1,-1,0,-1,0,16212,138878,13216,32335,6874,-266,224,4280,1874,860,839,763,1
180556,2,1,2,32,-1,-1,-1,-1,-1,-1,1440,-322,-749,536,51,-549,3513,2669,304,2141,1130,310,0
88394,2,2,2,32,0,0,0,0,0,0,18396,22850,16458,16866,13936,16051,845,2266,1101,1822,1550,1658,0
24197,1,1,2,25,1,0,2,2,2,2,-2382,15296,17015,10912,19739,18159,2316,114,-115,1687,1250,5076,0
244305,1,2,3,49,-1,-1,-1,-1,0,-1,3202,833,178,6982,-1992,1854,54,2076,1435,129,52,271,1
182994,2,3,1,44,-1,-1,-1,-1,-1,-1,433,6468,1204,8169,16761,13581,1247,2031,1266,6478,1725,2978,0
500009,1,2,1,33,0,0,0,0,-2,-2,47231,48519,41405,35088,5885,2848,2357,2258,509,2480,966,309,0
20778,1,2,1,48,0,0,2,0,2,0,6508,11003,12236,8636,17370,10021,966,1888,-122,2949,3856,154,1
20657,1,3,1,43,0,0,0,2,2,0,9309,37969,20202,4586,-2413,12367,1878,2542,440,737,39,-140,1
509276,2,2,1,41,1,-1,-1,-1,-1,-1,67166,223383,68620,31189,98432,24453,28019,39073,90675,54361,79330,3454,0
135180,2,2,2,28,1,0,-1,-1,0,-1,57479,58866,66875,-286,419,1491,2811,3087,227,3294,8,645,0
86377,1,2,2,28,0,0,0,0,0,0,17811,46767,88617,28162,30425,52306,1451,878,2815,2552,1217,2063,0
249476,2,2,1,31,0,0,0,0,0,0,324303,191917,335135,170202,11699,156097,24192,12886,21600,6517,5279,610,0
151942,2,2,1,35,0,0,0,0,0,0,16046,65487,39208,7493,43963,22484,2906,855,864,6475,1165,4961,0
84929,2,2,1,48,0,0,0,0,0,0,65721,53874,81335,37407,51695,71201,6841,7161,1371,1614,1803,2216,0
90174,1,3,1,54,-1,-1,-1,-1,-1,-1,1411,-1311,-969,373,-732,419,-666,1223,161,94,1506,300,0
238978,1,4,2,41,-1,-1,-1,-1,-1,-1,-1098,-992,-188,2586,587,977,-1298,1716,1491,3165,651,1930,0
84257,2,1,3,33,1,2,0,2,2,2,48615,123004,70932,91641,46423,38543,43763,6358,4327,4796,1534,4266,0
189559,2,5,1,32,-2,-1,-2,-2,-2,-2,625,-232,2353,2275,123,901,-283,186,594,172,217,-82,0
242296,2,2,1,64,0,0,0,0,0,0,37242,174841,65443,62851,93658,43644,3589,11064,1802,6985,3625,2962,0
393566,2,2,2,42,-1,-1,-1,-1,-1,-1,11121,6901,14601,19931,1687,1418,10078,4768,27451,22362,10385,10046,0
14828,2,2,3,47,0,0,0,0,0,0,31508,14919,23881,8680,16492,16572,1557,2209,1473,2038,2148,230,0
91864,2,3,2,54,-1,-1,2,-1,-1,-2,1805,358,-1611,-55,241,1326,-362,612,-542,-416,1995,-156,1
228452,2,2,3,32,-1,-1,-1,-1,-1,-1,-930,-866,964,399,-238,705,356,80623,-52,6251,1677,7996,1
77505,2,3,2,25,0,0,0,0,0,2,85986,217177,55538,69042,70204,73366,10095,6269,4731,1563,1614,1823,0
93075,2,2,2,44,-1,-1,-1,-1,-1,-1,816,-1455,-638,-1241,2325,-310,2245,2547,-101,2179,1573,-157,0
90085,2,2,1,32,1,-1,-1,-1,-1,0,7414,3616,12648,15348,10732,13226,2521,2778,7705,5836,9132,6273,0
235312,1,1,1,25,-2,-2,-2,-2,-2,-2,-1239,-462,1767,275,1331,2101,-516,-420,-1476,-461,182,-19,1
75639,1,2,1,28,-2,-2,-2,-2,-2,-2,18173,1786,1570,128,-2088,1351,4724,1913,235,4487,1522,7001,0
13818,2,3,3,48,0,0,0,0,0,0,23163,25365,21476,14095,15561,16582,1603,3967,2581,623,3198,2368,0
224225,1,1,2,28,-1,-1,-2,-2,-2,-2,-737,-810,816,517,758,1657,909,345,-528,-193,-79,82,1
51720,2,3,0,37,1,3,2,2,2,0,20755,28010,10704,29022,85961,59850,-298,3081,1832,2142,1255,2267,0
201645,1,1,1,50,-2,-2,-2,-1,-2,-2,381,14077,3670,215,-309,1572,680,1117,1215,34549,141,135,0
52534,2,1,2,23,0,-1,-1,-1,-1,-1,234,5289,3538,13800,1828,1835,907,46906,1010,4931,1016,1402,0
84638,2,3,1,29,2,2,-2,-2,-2,0,11165,13413,63995,26226,48108,45450,1847,4191,819,1311,829,808,1
24347,2,3,2,33,0,0,0,0,0,0,3904,2548,13487,14507,1425,1036,3454,1290,-339,-614,212,-376,0
52717,2,2,1,46,2,0,0,0,0,0,30517,57197,40955,49707,32493,43714,1398,2182,856,2932,2086,1482,0
232492,2,1,2,30,-2,-2,-2,-2,-2,-2,-20,-1559,-382,1520,-369,-71,-1602,915,212,104,48,1980,0
225587,2,2,2,23,0,0,2,2,2,0,25103,61777,39286,9406,67527,80196,3490,1938,904,3273,1375,543,0
131254,2,2,2,23,0,0,0,0,0,0,119832,76163,66258,66163,73964,16071,3315,1341,1806,6099,1462,2007,0
19191,1,1,2,35,1,2,2,0,-2,3,7577,16879,9616,50,97,1655,609,45,394,15,115,200,0
250750,2,3,1,53,-2,-2,-2,-2,-2,-2,5047,1264,3308,1139,-19,245,2341,1073,41435,-100,-113,19892,0
188605,1,5,1,30,-1,0,0,-1,-1,-1,16919,5096,7512,14477,-1250,-187,4933,1235,518,703,134,1353,1
219129,2,1,1,31,0,0,0,0,0,0,182541,153787,315160,161187,166843,150750,33023,9856,5803,4180,3206,1470,0
187031,2,2,2,36,1,2,2,2,2,2,26729,20403,9639,9657,39336,42504,2760,2260,1088,2431,2852,575,0
52912,2,1,1,38,1,2,0,0,0,0,36856,58085,45482,37295,11646,38260,2838,3824,2582,1998,838,1254,1
233929,1,2,1,48,0,-1,-1,-1,-1,-1,7105,54689,72066,11212,-144,-226,8897,6442,547,5698,526,7160,0
199831,1,0,2,24,0,0,0,0,0,0,117356,94448,59996,87470,120815,205037,7283,754,629,4270,3518,2920,0
527117,1,2,1,36,0,0,0,0,0,0,507773,336508,501600,471157,448879,289933,16491,23531,20256,3842,6213,9806,0
176199,1,1,1,32,0,0,0,0,0,0,277402,384638,68204,32146,41155,88766,47451,13099,9786,2178,2410,5797,0
53004,1,1,2,23,0,0,0,0,0,0,18608,23703,45665,293,597,25135,1672,140,1103,8345,1607,1521,0
283706,1,5,1,38,1,2,0,0,0,0,176665,142716,155870,171505,80332,67248,-461,13202,2200,1034,3345,981,0
178745,1,1,2,34,-1,-1,-1,0,0,0,3676,800,2259,133,898,-316,571,824,633,1619,201,1903,0
87722,1,1,1,32,-1,-2,-1,-2,-2,-1,2460,-2052,1759,327,1096,-904,-444,3694,152,7125,58880,1081,1
184060,2,3,1,51,0,0,0,0,0,0,50596,107822,78498,27912,32982,53631,3789,3034,2353,7536,1029,649,0
73206,1,2,1,42,2,2,2,2,2,2,70877,51600,66625,30832,41968,53041,2007,2627,1123,1201,2,1021,1
23136,1,3,1,35,0,0,2,2,2,2,32303,39185,46697,33054,13139,39809,10770,5439,2172,2071,5798,3176,0
28887,1,2,2,33,1,2,2,2,0,0,14458,1209,-129,1477,796,26075,-769,1831,217,218,2263,93,0
48274,1,4,2,22,0,0,0,0,0,0,15617,2362,2368,9951,13320,15659,1522,1505,568,-193,1564,-123,0
143439,2,1,1,24,0,0,0,0,0,0,34200,119925,86596,75193,47923,41312,1315,4337,760,-159,3160,260,0
219982,1,2,2,44,0,0,0,0,0,0,68605,93835,156493,100098,48445,11218,2330,5038,752,392,1348,-460,0
56124,2,2,1,27,2,2,0,0,0,0,74909,52405,73565,38115,42501,33654,1374,2183,3028,3177,970,1873,1
191801,1,2,2,27,-1,-1,-1,-1,-1,-2,1109,-368,-256,-136,231,-356,-612,1077,439,5076,1125,6445,1
310637,2,3,0,49,-2,-2,-2,-2,-2,-2,-387,-2825,-872,81,-2966,-971,1022,143,-1400,-229,-222,678,0
26272,2,1,2,31,0,0,0,0,0,0,38070,28741,44312,10500,21058,15946,3033,1691,1012,826,1524,2062,0
106847,2,3,0,33,-1,-1,-1,-1,-1,-2,4561,-392,679,247,-594,223,1101,387,-251,57195,152,45,0
225049,1,5,1,23,2,2,0,0,0,0,122751,137716,82102,55074,123849,39759,1190,1964,3248,636,1632,3299,1
95213,2,1,2,34,-1,-1,-1,0,-1,0,62627,-159,9165,6825,17415,15333,12124,5027,1395,4224,1147,1164,0
180242,1,4,1,40,0,0,0,0,0,0,40945,43348,53412,29990,96914,35135,7858,6176,79,2126,3747,2159,0
248252,2,1,2,31,0,0,0,0,0,0,147451,191431,145096,100347,83486,241694,6027,7543,10298,6843,9944,4790,0
33330,2,2,1,52,0,0,0,0,0,0,32653,43023,53260,8572,15577,15112,2006,2361,487,337,1383,524,1
22506,1,2,1,41,3,2,2,2,2,2,-674,14417,66239,51256,3270,94596,19,1315,-401,478,422,852,1
291062,1,3,1,36,-2,-2,-2,-2,-2,-2,-905,817,-43,-1216,-2456,1575,-57,944,-548,-700,151,300,0
228867,1,1,2,29,0,0,0,0,0,0,61201,67614,45509,50999,56704,70422,1604,4905,1789,1976,3410,486,0
408554,1,1,2,32,0,0,0,0,-1,0,83404,103636,88199,271439,43415,38302,49553,5093,18013,3085,2922,1171,0
250722,2,2,0,43,-2,-2,-2,-2,-2,-2,5537,15247,-1459,-1040,-2152,-269,1212,93,-923,-880,-338,315,0
98041,2,2,2,30,0,0,0,0,0,0,74541,100902,53989,41787,54367,24971,4625,1893,2853,3911,2165,3748,0
209721,1,2,1,40,2,-1,-2,-2,-2,-2,10280,4318,1583,-1852,2340,1641,28099,2218,-389,1805,106,1165,0
126316,2,2,1,28,0,0,0,0,0,0,125752,97962,56639,117071,40809,53439,6696,13396,3679,163,2902,532,0
57257,1,3,3,52,1,-1,-1,0,0,0,-798,-434,1946,1370,-781,9567,1034,1522,5185,306,1694,497,0
197585,2,2,2,26,0,0,0,0,0,0,127323,201955,107269,129681,166314,60412,12472,9976,4536,3933,4708,3247,0
163826,2,2,1,34,0,0,0,0,0,0,78209,72933,81033,32699,48288,65503,4222,2424,1302,3497,64,3132,0
174558,2,2,1,28,-1,-1,-1,-1,-1,-1,1646,11099,1844,10838,1045,1529,812,2717,-332,1023,935,15153,0
61419,1,4,2,51,-2,-2,-2,-2,-2,-2,592,79576,1766,538,-227,1160,679,1338,896,237,-198,72,0
391585,2,1,1,39,-1,-1,-1,-1,-1,-1,344,-2583,1923,4412,555,1416,1051,6024,1465,2083,4364,96006,0
387194,2,1,2,27,0,0,0,-1,0,0,69384,81468,90213,65200,28998,37225,833,4614,11465,4209,1438,8033,0
383966,1,2,1,40,0,0,0,0,0,0,102164,149592,156117,41274,47447,502504,15867,20673,21163,5550,2916,6317,0
763846,2,4,1,27,1,0,0,0,0,0,229382,245498,176630,314825,339563,210804,6583,10162,11620,4224,4102,3285,0
137899,2,1,1,26,0,0,0,0,0,0,20125,56436,51975,9213,34404,19180,6107,3746,1288,38164,1444,2334,0
97349,2,2,2,34,0,0,0,0,0,0,20248,72267,62639,45972,16759,32375,6098,4711,15504,46604,2522,5701,0
196073,2,3,0,51,-1,-1,-1,-2,-2,-1,380,-1985,994,54,-225,1096,-561,589,-572,-326,2263,2535,0
75430,2,2,2,26,-2,0,-2,-2,0,-2,835,17519,18299,10063,12537,11703,1893,2498,692,10005,10310,1452,0
148340,1,1,2,39,-1,-1,-1,-1,-1,-1,1437,856,-368,-573,1069,301,226,21439,1016,941,973,2597,0
111636,1,3,0,28,-1,-1,-1,-1,-1,-1,1439,-1853,657,1432,1460,1283,-508,1533,428,-1,374,648,0
24758,1,3,3,46,2,2,2,2,2,2,5647,19911,13123,17986,23563,15366,569,1738,323,260,1424,149,1
223081,2,2,1,38,2,2,3,2,0,0,51188,73356,55412,133122,81735,45184,-14,10044,4378,2001,1314,1509,1
498228,1,3,3,42,-1,-1,0,0,0,0,13451,171262,224486,255516,139653,289876,6312,9670,15992,16424,8872,15447,0
167694,1,1,2,40,-1,-1,-1,-1,-2,-2,3074,-975,435,577,474,1158,568,3858,131,112,1639,348,0
45510,1,3,1,46,1,2,2,0,0,0,-1614,-1167,2512,11391,21503,37931,-1018,1857,909,1424,2461,768,1
305411,1,1,2,33,0,0,0,0,0,0,163955,254520,86991,190602,123751,152707,7544,8302,6082,5083,2999,3520,0
115500,2,2,1,29,-1,2,0,0,0,0,22679,35480,30034,19747,27165,41083,3376,1530,2804,1368,1079,3965,0
138991,2,2,1,38,2,0,0,0,0,0,80975,48025,79212,71165,65945,28725,1484,1490,1087,1964,1241,9052,1
77279,2,3,3,51,2,2,0,0,0,0,34034,40010,14736,35456,21421,-1204,467,1345,707,-65,2019,266,1
83021,2,2,2,44,-1,0,0,0,0,0,1460,2695,18399,601,17585,708,1682,1720,2164,1429,1945,-271,0
220906,1,3,2,58,-1,-1,-2,-2,-2,-2,1819,-474,973,-43,-143,767,61,-133,852,244,367,757,1
491595,1,1,2,34,1,0,0,2,0,2,4834,16613,9922,131414,296315,379331,8464,21027,10694,8069,5111,11283,0
228601,2,1,2,30,0,0,0,0,0,0,121986,147758,135424,134020,89484,79966,13051,8600,4716,7943,3153,1345,0
132971,2,2,1,44,0,0,0,0,0,0,138443,188057,112727,79520,96993,67496,6312,25230,1559,4437,195,-353,0
537590,2,1,2,46,0,0,0,0,0,0,245724,484351,441569,473673,283707,350342,13619,12081,17683,2215,2096,5612,0
205425,1,1,2,26,1,-2,-2,-2,-2,-1,49288,-223,1585,-470,33,267,866,1349,2302,664,-73,41745,0
75319,2,2,1,29,-1,-1,2,0,0,0,212,17955,1416,-1909,53510,32536,252,4355,269,2881,1788,1493,0
28985,1,2,1,45,3,2,2,2,0,0,14938,7127,-1949,10430,2866,1053,-1115,1455,236,274,-212,142,1
237263,2,5,1,33,0,-2,0,2,-2,-2,3284,2918,3278,8805,598,-693,1387,2040,396,4347,372,1298,0
220171,1,1,1,36,-2,-2,-2,-2,-2,-2,-2030,31,2103,478,-692,1673,-173,2029,961,-73,1564,1951,0
86846,2,3,1,67,0,0,0,2,0,2,54620,51323,38371,33906,19855,40949,4953,5313,-261,8910,3238,1340,0
422202,2,3,1,57,0,0,0,0,0,0,207075,376739,484209,274407,301988,433558,6276,19080,97832,2282,10607,2105,0
73528,2,2,1,46,0,0,0,0,0,0,121035,112546,11825,131177,99293,23711,6931,16487,1744,581,92163,10347,0
125948,2,2,1,24,2,0,0,0,0,0,110476,189916,83223,62173,56281,75521,1196,6650,2888,4502,874,1071,1
123800,1,2,1,30,0,0,2,2,2,2,11293,56820,37901,15503,55068,58230,6122,5135,2173,3871,4277,715,0
271844,2,2,2,34,0,0,0,0,0,0,175148,167457,137383,124393,160606,166119,8423,10312,7199,1946,5721,4083,0
48589,2,2,2,32,-2,-2,-2,-2,-2,-2,-249,4799,12668,8771,-1776,-168,1569,945,134,4303,21397,454,1
79924,2,2,3,28,0,0,0,0,0,0,36199,23252,48758,9139,10053,-1026,1019,2117,28,518,19,359,1
17636,2,1,2,29,1,3,2,3,-2,2,11838,14872,8432,-686,-1437,52569,1091,698,1292,-2229,1860,-422,0
237633,2,4,2,27,-2,-2,-2,-1,-2,-2,13339,10385,26563,13541,47404,1424,16849,26264,22886,35270,48332,14686,0
218375,1,2,2,46,-1,-1,-1,-1,-1,-1,1431,-1460,-738,1494,-1356,440,-4,1162,78,-366,526,760,0
208510,1,2,1,40,2,0,0,0,0,0,49603,170607,117925,101354,90771,83491,1551,1634,3094,2939,4044,1506,1
220455,1,2,1,29,1,2,2,3,3,-2,15032,4674,116,1468,-861,1450,-137,-190,-76,1365,33,307,0
88366,1,2,2,42,-1,-1,2,-1,-1,-1,-1287,390,557,1612,664,1782,-22,2402,-494,54,1466,378,1
58412,2,3,1,26,1,0,0,0,0,-2,10753,3008,36762,6149,6307,-189,585,1572,126,-197,315,-439,0
88513,2,3,0,30,2,2,2,2,2,2,31981,72739,57015,37007,41969,44348,3526,3038,-569,970,1567,1778,0
187970,1,3,1,28,-2,-2,-2,-2,-2,-2,-810,-976,3506,1110,-423,2249,819,4018,487,5592,1441,304,1
57596,2,1,2,33,0,0,0,0,-1,0,11904,79647,47821,10958,2955,12025,1366,342,11,168,7264,590,0
150887,1,0,2,29,-1,-1,-1,0,0,0,47026,4931,19344,-1011,54964,9104,10214,9853,1553,5844,1999,2396,0
97696,2,2,1,29,1,-2,0,-2,-2,-2,32134,-1724,-276,12663,-2103,-1651,-109,1669,977,186,-176,165,1
409821,1,1,2,28,0,0,0,0,0,0,16657,27737,431921,420834,49445,54023,20640,27465,4533,5721,3756,23079,0
237520,2,3,1,53,-1,-2,-2,-2,-2,-2,2912,96,1490,46,1246,1584,-706,-147,-113,99,-316,291,1
249242,1,2,2,34,0,0,0,0,0,2,216781,388970,149343,192864,189388,187826,6977,11872,6431,3084,4650,2857,1
267850,2,1,2,23,-1,-1,-1,-1,-1,-1,2376,3135,1087,947,3011,1931,28,1208,-1004,-220,1547,36,1
294578,2,2,2,31,-2,-2,-2,-2,-2,-2,7335,5235,703,1770,-257,1101,2635,1978,648,4537,1573,1693,0
222010,1,2,1,35,-1,-1,-1,-1,-1,-1,-1273,2218,1576,1864,1165,965,-1015,-59,92,-502,1945,331,1
127755,2,2,2,25,-1,-1,-2,-1,-2,-2,738,109,1641,-297,1560,1118,-118,1578,-643,20,2055,97,1
49884,1,2,2,55,0,0,0,0,0,0,38857,109394,43030,64170,5940,20068,2578,1265,291,527,1677,2821,0
366092,2,2,1,36,-2,-2,-2,-2,-2,-2,11204,9104,2601,15,-1535,1839,23552,14827,698,5490,17444,9541,0
22456,2,1,2,35,-1,2,2,0,2,0,5381,1383,15184,12554,21404,1100,6851,235,-129,1020,3247,262,1
230437,2,2,2,36,0,0,0,0,0,0,4349,12476,66541,9897,10093,35933,683,18310,1291,3404,1212,634,0
190404,1,2,1,43,-1,-1,-1,-1,-1,-1,-1062,469,2074,18579,-155,379,21,779,459,446,928,2865,0
196710,1,2,1,39,2,0,0,0,0,0,121670,153982,126019,202389,105258,153924,2545,7579,125987,7278,9531,5310,1
183583,1,2,1,56,0,0,0,0,0,0,25334,22564,18844,17339,20518,16661,4772,2013,23687,39504,8261,7606,0
135019,2,2,2,34,0,0,0,0,0,0,84307,117009,67068,81085,50758,90561,6833,1776,1961,2299,4423,972,0
27594,1,2,2,61,0,0,0,0,0,0,16635,9776,4227,5378,5792,3892,271,2017,-172,30,4574,265,0
283443,2,2,1,41,-2,-2,-2,-2,-2,-2,62238,-189,-395,-94,-1544,-1864,136,1208,679,132,344,663,0
51072,1,3,1,44,2,0,0,0,0,0,35460,46449,47643,18481,33106,61431,2076,2966,1535,1966,2425,-49,1
85701,1,2,2,32,2,0,0,0,0,0,20285,104760,51086,25893,66983,77322,1914,1294,661,1545,5207,2045,0
24851,2,2,2,29,2,2,2,0,0,0,729,668,843,826,-726,344,-324,-558,-189,-367,827,512,1
227215,2,1,2,23,-1,2,-1,-1,0,0,14259,18443,-600,16532,9443,10144,1654,1974,21579,2923,1275,449,0
150935,2,6,2,23,0,0,0,0,0,0,44023,132802,41866,6977,56011,38019,1930,1666,841,3262,1581,828,0
193083,1,1,1,33,2,2,2,2,2,2,14171,18163,61401,24666,34899,84074,5023,5136,2842,2299,890,3548,0
502003,1,2,1,44,-1,-1,-1,-1,-1,-1,19221,10465,6910,20597,20565,13175,22579,19839,2631,8610,9287,4111,0
24895,1,3,3,34,-1,2,2,-1,-1,0,3710,-1499,408,1151,466,1291,-991,982,1236,64,854,2665,1
378801,2,5,2,46,0,0,0,0,0,0,136559,168277,129033,95480,103038,123028,10780,7994,4279,36,2878,437,0
512853,1,6,1,28,-2,0,-2,-1,-1,-1,11382,12681,24911,18845,9213,14522,8879,19562,13523,5058,302,18063,0
71947,2,2,2,36,0,0,0,0,0,0,12063,18680,23048,14461,18259,61838,2188,3513,477,1632,3799,4328,0
383172,2,1,2,33,-2,-2,-2,-2,-2,-2,9466,471,844,2519,493,14515,43236,29522,811,3329,3504,94271,0
165158,2,1,1,43,-1,-1,-1,-1,-1,-1,16460,15815,14918,15311,12857,45324,15247,95024,7226,5364,84718,13821,0
251835,1,2,1,33,0,0,0,0,0,0,77656,152372,160621,84862,118062,117570,9199,7190,5173,3933,3790,1229,0
80151,2,2,1,23,0,0,0,0,0,0,65290,136110,89635,61837,15694,22153,2886,7675,1861,630,1790,1005,0
30602,2,2,1,42,-1,0,0,2,0,0,13923,20378,8169,2612,16204,24927,1691,2859,629,2191,1160,362,0
160064,1,0,2,33,-2,-2,-2,-2,-2,-2,7423,193,3505,489,2677,1431,2775,2739,959,77691,1038,-568,0
142667,1,1,0,41,-1,2,0,0,0,0,59362,5662,44809,29574,112610,91511,6672,7162,2599,6897,3271,4918,1
25599,1,2,1,38,2,2,2,2,2,3,4406,14773,8234,3605,1147,1319,-259,-453,-617,421,291,1100,1
85578,2,3,2,32,0,0,0,0,-1,0,55153,13753,854,8238,14907,14256,1696,1649,836,6372,4246,-11,0
90748,2,1,1,33,-1,0,2,0,-1,0,1876,2075,17361,16577,22617,25301,2853,1713,735,1942,1496,1322,0
70135,1,2,2,55,0,0,0,0,0,0,66160,108317,86172,39571,81917,72354,8046,5438,384,2114,1810,1394,0
87073,1,2,2,29,-1,-1,0,-1,-1,-1,17847,7718,15060,15340,14906,7662,1174,125826,6172,7271,1576,16153,0
48749,1,2,2,24,0,0,0,0,0,0,12219,60791,43710,28403,35917,28035,2394,5840,239,187,2416,215,0
157129,1,2,0,47,-1,-1,-1,-1,-1,-1,3207,438,657,2205,-489,1886,-805,-114,348,732,1951,109,0
27121,2,3,3,38,3,-1,0,0,0,0,4406,1439,584,-119,-1229,440,-747,841,-1148,-594,-28,56,1
23511,2,2,2,24,3,3,2,2,2,2,8463,53933,12463,16971,23670,23698,1141,2698,-236,727,1440,194,1
84326,2,2,2,33,0,0,0,0,0,0,35657,28106,45984,4470,22446,6735,1985,2654,8717,242,1558,7213,0
181322,2,2,2,26,1,-2,-2,-2,-2,-2,7847,14120,979,-313,369,323,392,349,258,-31,1450,543,0
232532,2,2,2,35,-1,-2,-2,-1,-1,-1,-78,948,489,-5,204,292,1419,2082,7789,530,84853,8917,0
54899,2,1,2,26,0,0,0,0,0,0,36317,36738,38805,13046,-402,484,488,1507,433,715,645,4519,0
168577,1,1,2,29,1,2,2,0,0,0,9271,7719,83637,35313,30971,43607,3037,776,2009,817,1387,383,1
32458,2,1,2,28,3,2,2,2,2,3,10769,11090,-967,12771,9427,318,-644,163,-133,-94,1362,8,1
146275,1,2,1,33,2,2,0,0,0,0,207624,114962,61040,94700,140650,88502,3715,88412,938,4627,2466,2944,1
91932,1,2,1,32,-1,-1,2,-1,-1,-2,5602,3749,1193,-401,-1044,166,2002,4004,-156,544,1745,-49,0
68556,1,2,2,29,0,0,0,0,0,0,26585,40974,24622,32713,9446,42860,2610,7736,1052,1660,1287,662,0
55724,1,2,1,48,0,-1,-1,0,0,-1,1962,1330,21461,4857,6381,920,896,1978,372,315,989,214,0
30105,1,2,1,46,2,2,0,0,0,0,15954,2504,23316,13929,2698,690,-526,761,-63,300,-372,-43,1
340175,1,1,1,34,-2,-2,-2,-2,-2,-2,6905,12986,21480,47052,146,35930,21092,28472,26849,818,35090,945,0
149959,2,2,2,33,1,0,0,0,0,0,128687,274383,120819,72934,104014,58722,7081,10382,2319,3742,1805,1731,0
154956,2,2,2,31,0,0,0,0,0,0,90144,161639,53829,23553,53324,93063,5936,5396,5224,5705,3458,1027,0
88513,2,1,2,45,-1,-1,-1,-1,-1,-1,-1712,-1619,780,-154,1189,-754,417,1976,3101,1312,989,454,0
12094,1,2,2,38,3,3,2,2,2,2,8663,17618,6521,18040,53967,91114,402,1088,870,74,1774,123,1
24603,1,3,1,37,-1,-1,-1,-1,-1,-1,8853,124,-1964,6943,-1023,7348,-10,1919,1267,374,3965,329,0
97700,2,2,2,25,3,0,0,0,0,2,53207,92887,77723,87786,72257,44670,2563,1167,329,2094,608,1428,0
128464,2,1,2,23,0,0,0,0,0,0,35496,38418,44450,30724,75144,46041,420,50,3361,1032,4038,709,0
302826,1,1,1,35,1,-1,-1,-1,-1,0,14692,-1437,-2162,1430,-352,1787,-996,106,386,331,865,187,1
102444,1,6,1,41,0,0,2,-1,-2,-2,21217,8979,906,-654,-313,599,3148,1678,-401,-3,75,85,0
25837,2,2,1,58,1,3,2,2,2,2,5015,12433,10296,15432,10319,15444,1592,-314,1258,2842,1762,943,1
46239,1,1,2,25,0,0,0,0,0,0,41375,52420,52804,3871,32936,38680,1521,2835,875,585,90,127,1
373357,1,5,1,29,-2,-2,-1,-2,-2,-2,54039,63142,93234,8985,7544,1272,5415,4142,558,5967,21309,1528,0
205141,2,2,2,29,1,-1,-1,-1,-1,0,-1667,-513,691,13088,331,8602,-393,2360,1273,9497,9855,570,0
124856,1,1,2,27,2,2,2,2,0,0,47462,52777,13659,18861,41790,56595,9953,2477,41,179,1523,1386,0
351692,2,3,3,48,0,0,0,0,0,0,76999,58846,72926,30824,54007,17081,1998,4197,1430,2202,5518,4888,0
499926,2,2,2,37,0,0,0,0,0,-1,361617,440956,96703,427855,56922,64351,8567,16995,19780,41239,36110,9120,0
99154,1,3,1,60,0,0,0,0,0,0,47651,55955,57364,40803,11857,61430,1538,3197,714,632,1704,2603,1
255126,2,4,2,34,1,0,0,0,0,0,76982,117913,104066,123802,135398,90406,5072,12045,4695,1817,706,674,0
351087,2,2,1,34,1,-1,-1,0,0,-1,-177,405,797,10541,9518,9349,31,2817,1528,1039,3326,206,0
102604,2,2,1,45,0,0,2,2,0,2,13109,64632,8738,12863,38356,47763,6535,2286,286,2185,1679,65,0
268467,1,2,1,34,0,0,0,0,0,0,145284,185451,172542,117239,144220,203356,9796,15348,5119,3547,3372,631,0
142145,1,2,2,26,0,0,0,0,0,0,44515,58560,26696,11038,36544,100957,2346,1066,2054,294,1791,-185,0
161342,2,1,2,24,0,0,0,0,0,0,46866,45938,43314,33797,31536,14822,117,1248,2285,294,2444,415,0
79549,2,2,3,41,0,0,0,0,0,0,12659,56916,50384,7580,7208,20093,5034,1857,1620,165,2172,-1,1
59220,1,2,2,37,1,0,0,0,0,0,4871,318,48749,11732,13146,16941,794,676,721,622,3640,501,0
158346,2,1,2,40,1,-2,2,-2,-2,-2,753,6935,-906,-393,-619,-454,-656,-1125,-299,-3,337,586,1
226276,1,4,1,44,-1,-2,-2,-2,-2,-2,1242,-700,3726,979,-1894,128,687,385,-1078,-289,105,891,0
69489,1,3,1,44,0,0,2,2,0,0,348,285184,24025,89509,9010,15246,7367,22110,6975,6667,5078,5617,0
508615,1,2,1,51,-1,-1,-2,-2,-1,-1,4801,-920,8883,2067,-1641,2618,-139,3507,69391,87579,485,729,0
335335,1,3,1,57,0,0,0,0,0,0,219218,258618,216523,135869,316165,199579,11210,16076,24758,3381,66,2865,1
87392,2,3,2,26,2,0,0,2,2,0,76504,72429,27665,42687,49180,46174,2126,5592,70,3714,1632,921,1
30436,1,1,1,51,0,0,0,0,0,0,13775,17304,4395,-3628,1651,-351,4537,1627,587,2163,879,-435,1
12554,1,3,0,38,1,2,2,2,0,3,11810,12858,13971,5522,401,34,1051,432,942,689,2956,2929,0
78057,2,2,2,23,0,0,0,0,0,0,36029,60789,94891,73069,43436,56928,1312,1995,275,5020,1345,2252,1
97295,2,2,3,46,0,0,0,0,0,0,52373,51115,27992,12128,26528,9119,2114,9593,1513,1557,5179,1668,0
220957,2,1,1,27,1,-2,-2,-1,-1,-1,58822,315,17586,12360,17037,49114,-562,17953,113332,7318,21251,10627,0
69777,2,2,1,24,2,0,0,0,0,0,46030,70861,42313,39261,20848,51703,1473,2740,191,974,1413,743,0
299837,2,2,1,35,1,2,-1,-1,0,0,57452,51359,84169,-281,658,-1056,550,8390,5891,175,450,2399,1
277285,2,1,1,33,0,0,0,-1,0,-1,1705,13772,12135,15204,16154,11358,6551,18930,568,6227,3446,-104,0
89859,2,2,2,28,0,0,0,0,0,0,36922,66687,35752,44982,50135,37131,2405,1739,2400,3257,5432,3627,0
205017,1,2,1,40,1,-2,-2,-2,-2,-2,-244,426,413,-985,-1599,-446,-863,882,468,-40,-80,913,1
528522,2,2,1,32,0,0,0,-1,-1,-1,18878,15807,66041,120874,94458,6155,5355,7324,1338,8960,9903,3521,0
81393,2,5,1,27,-2,-2,-2,-2,-2,-2,3890,11553,24404,-295,-602,-727,1935,1499,76,-147,299,496,0
248693,2,4,1,50,-2,-2,-2,-2,-2,-2,19491,926,940,-205,-1682,1565,16956,825,-354,196,-71,-204,0
86926,2,2,2,24,0,0,0,0,0,0,45958,49807,52762,25006,10780,22085,1548,1223,-432,-187,1076,3759,0
29615,2,2,2,39,3,2,2,2,2,2,3096,160,-504,21007,634,18964,-394,530,-232,82,1638,327,1
157420,2,2,3,35,0,0,0,0,0,0,66718,90289,100061,143557,79214,85787,9629,10966,4894,6535,2506,2026,0
223093,1,5,1,34,0,0,0,0,0,0,115938,146409,152928,92084,118547,81351,6973,6101,1064,1310,731,2291,0
378840,2,1,1,39,-2,-2,-2,-2,-2,-2,16917,17204,2630,-164,-1861,1498,1448,1843,-697,5347,166,578,0
12867,2,2,2,25,0,0,2,2,2,0,8058,15396,8298,7878,12812,9992,1849,3311,2342,800,6708,-344,0
26779,1,2,2,33,1,2,2,2,2,2,1846,4331,-874,20100,7206,16115,-205,1046,-60,-364,3836,317,0
234512,2,1,2,27,-1,-1,-1,-1,-1,-1,-684,-2024,984,928,1759,-707,465,1308,-318,5407,1577,1940,1
20512,2,1,1,33,0,0,0,0,0,0,14194,30767,11802,5314,35278,9931,3214,1198,2786,407,641,-261,1
392071,1,0,1,27,3,0,2,2,2,2,128470,116389,48647,128906,100670,212495,6269,6105,7287,5512,1508,6005,0
300163,2,2,1,33,-1,-2,-2,-1,0,0,7134,11791,18083,14137,17261,20291,424,1452,15297,3637,1257,2892,0
226719,1,1,1,36,0,0,0,0,0,0,49705,79193,81290,22898,59635,47686,9070,6245,4127,4878,726,1857,0
253471,1,2,1,33,0,0,0,0,0,0,257173,334751,251827,113097,123076,107433,7860,9598,5641,4868,13241,3298,1
24898,1,2,3,46,0,0,0,0,0,0,10007,8544,12745,7512,8736,16934,4680,1044,449,514,1950,501,0
20240,2,1,1,38,0,0,0,0,0,0,62625,48267,78962,6966,1611,14580,412,1178,9175,1251,282,1009,1
495547,2,5,1,34,-2,-2,-2,-2,-2,-2,15733,17899,5611,581,4868,10664,5168,2575,65,6656,18345,-178,0
438263,2,6,1,35,-2,-2,-2,-2,-2,-2,13859,-655,2750,1878,-928,802,3579,1142,28334,343,130,600,0
176684,2,2,2,23,-2,-2,-2,-2,-2,0,2969,-1014,14807,4104,-1055,-256,-439,1141,1486,16,1267,224,0
18471,1,2,2,23,1,0,0,0,0,0,10169,7575,17805,10798,-1859,19048,462,1082,5791,3150,2275,178,1
422198,2,1,1,37,0,0,0,0,0,0,360037,463791,98936,374385,382905,313077,22870,20266,126339,9171,30424,66148,1
168486,2,1,2,23,-1,-1,-1,-1,-1,-1,-1273,11699,14625,12122,21225,5999,1215,63552,583,8322,4138,2173,0
410452,1,1,1,30,1,-1,-2,-2,0,-1,-662,2718,966,16897,-263,565,-349,584,6,619,20608,619,1
25846,2,3,2,43,0,0,0,2,0,2,7039,15560,13925,10973,13025,10948,4110,5029,1183,-122,1162,222,1
398503,2,1,1,32,-1,-2,-1,-1,-1,-1,10323,12204,78170,270556,40051,359248,70445,19027,121543,38123,39157,137092,1
129015,2,2,2,22,0,0,0,0,0,0,69609,103984,43044,98034,42340,14501,2580,6427,427,2120,4631,1746,0
31316,2,2,2,22,0,0,0,0,0,0,5137,16931,14504,7491,9008,13787,597,2807,1006,255,1837,-264,0
253186,2,4,1,30,1,-2,-2,-1,-2,-1,2318,1158,1385,2140,-76,-343,607,2718,942,7143,2559,362,0
172873,2,2,1,48,0,0,0,2,2,0,10229,20438,7330,16825,15058,15395,5003,4743,4387,7597,5385,5474,0
52434,1,2,1,50,-1,2,2,0,0,0,10184,-526,-1531,14265,6465,8212,110,657,-47,477,2128,645,1
52190,2,2,2,47,0,0,0,0,0,0,26670,18419,4002,12333,2129,7711,2177,1714,-313,5960,3180,117,0
51238,2,2,1,30,0,0,0,0,0,0,-580,10794,19514,2440,23893,17315,820,875,1155,1549,3396,810,0
208165,2,2,2,33,0,0,0,0,0,0,69652,151374,185262,95700,145128,185784,2274,87252,2656,4023,2359,3036,0
239938,2,2,1,33,0,0,0,0,0,0,174750,209296,209953,176306,184590,206077,9022,12286,6003,3415,5303,174,1
243611,2,2,2,25,0,0,0,0,0,0,193678,182338,162858,164668,227136,114687,11558,10995,66607,1916,7447,4177,0
287775,2,6,1,47,-2,-2,-2,-2,-2,-2,3671,-551,2960,1203,-1126,1580,78782,2015,146,-90,27,852,0
118646,1,2,1,32,-1,-1,-1,-1,-1,-2,1722,263,3373,554,1406,742,2009,965,1013,35,305,283,0
235227,2,2,1,61,0,0,0,0,0,0,146158,236776,102349,73911,77058,57562,3620,11323,10909,1123,2978,982,0
100223,1,6,1,49,1,0,0,0,0,0,48291,46157,38121,19252,21971,53933,12853,6856,4863,4812,619,2234,0
99155,1,2,3,39,-1,-1,-1,-1,-1,-1,-1009,-1375,787,1676,-832,-377,-1000,251,344,432,2182,638,1
529339,2,2,1,41,0,-1,-1,-1,-1,-1,71588,236749,85678,241651,338837,364805,9208,60065,119651,5781,18284,25457,0
55783,1,1,2,28,-1,-1,-1,0,0,-1,9243,1099,2097,12179,25713,40106,3898,5950,3704,5421,1725,2202,1
91383,2,3,0,43,0,0,0,0,0,0,37736,51266,97550,121062,88202,87561,4068,5693,2099,5378,5105,9122,0
279348,1,1,1,33,0,0,0,0,0,0,309737,203778,211652,158517,169278,198815,16088,12085,3824,1340,3409,3151,0
503551,2,3,1,34,-1,0,2,0,0,-1,60892,71958,64416,177356,47611,42660,16308,23646,123899,4397,42292,1904,0
51447,2,2,1,24,0,0,0,0,0,0,59540,1899,7594,9042,11247,12824,900,1323,189,6366,1250,-9,0
224279,2,2,1,34,0,0,0,0,0,0,5886,22046,42122,34752,15335,18623,1795,2173,1844,5150,6751,13604,0
46412,1,2,1,31,2,-1,-2,-2,-2,-2,1244,-200,-509,399,-1129,-653,76,1928,11,-133,-240,167,1
328358,2,3,1,49,0,0,0,0,0,-1,72964,348451,86695,89167,165773,82907,17186,9636,129762,6910,52765,5999,0
23373,2,5,1,45,0,0,2,-1,-1,-1,13494,2102,10276,11943,1131,9513,4982,5447,737,1732,71123,190,0
263506,1,1,2,28,0,0,0,0,0,0,144152,140084,59604,72188,94664,130411,5600,3140,4918,1369,725,301,0
195940,2,3,1,30,0,0,0,0,0,0,265231,223220,155092,136852,157461,213380,30255,10297,4006,5684,8607,5931,0
275291,2,1,2,29,-1,-1,-2,-2,-2,-2,968,-1950,-405,1177,-810,1480,10,469,-634,-143,-114,698,1
277052,1,1,1,36,-1,-1,-2,-1,-2,-1,2897,-1394,2138,8970,143,958,2125,2757,766,2839,23165,3392,0
226838,1,2,1,38,-1,-1,-2,-2,-2,-2,-1191,-582,-2133,846,-1695,-818,-758,1346,-444,-362,-51,-36,0
19433,2,2,2,29,2,2,2,3,0,3,-483,17953,1554,1948,1281,3725,-573,815,-534,-258,1839,293,1
188106,2,2,1,45,0,0,0,0,0,0,283627,117748,93103,92411,97642,51859,11616,13326,2093,2854,-68,7142,1
19713,2,2,2,24,0,0,2,0,0,0,20083,15149,1005,425,-1040,-189,730,1639,45,-324,577,-302,1
29612,2,2,1,50,0,0,0,0,0,0,11525,21410,21117,14415,11086,33889,647,2776,1020,423,1627,388,0
228221,2,2,3,25,-2,-2,-2,-2,-2,-2,-153,1301,2206,-257,-485,35,299,673,755,31996,2194,732,0
214579,2,2,2,36,2,0,2,0,-1,-1,4705,10736,57892,30135,12827,20108,1523,705,1729,117,1074,2165,0
23608,1,2,1,25,0,0,0,0,0,0,3779,3825,2490,1199,2582,2452,1522,404,-271,-299,815,4,0
63544,2,2,2,23,0,0,0,0,0,0,38820,52336,45915,19203,41326,11607,5883,6044,848,1932,4271,2222,0
513271,2,0,1,40,0,0,0,0,0,0,119393,91481,13277,19266,380635,29523,7610,24328,14608,8830,4410,2423,0
51807,2,2,1,55,0,0,0,0,0,0,49479,73026,38747,13602,10213,14664,5679,1613,1592,398,3748,170,0
155456,2,1,2,32,0,0,0,0,0,0,97944,107046,92152,83889,71412,70344,5852,1756,886,3348,4007,-73,0
11661,1,2,3,41,3,-1,2,0,0,0,-508,17542,17796,20537,2343,23371,486,1424,710,303,2723,397,0
77168,1,1,2,24,-1,-1,-1,-1,-1,-1,3241,-1157,-98,218,360,-386,457,1498,-577,226,1277,2430,0
22562,1,2,3,40,0,0,0,0,0,0,11812,-406,1791,4514,5723,12590,2473,2548,317,1154,8929,653,0
86943,2,2,2,30,1,0,0,0,0,0,16419,45045,35026,25228,25608,15805,494,1875,672,814,444,6040,0
138351,1,2,1,55,0,0,0,2,2,2,11470,20688,8873,41327,104343,58737,4613,1501,2633,4016,618,250,0
327850,1,1,2,33,-1,-1,-1,-1,0,0,11238,10490,19998,13299,183,-581,399,1717,920,285,3854,28160,0
48937,2,2,1,27,0,0,0,0,0,0,21780,57263,30441,13424,11827,2595,4190,1376,483,820,3199,3144,0
223429,2,2,1,31,0,0,0,0,0,0,129961,325611,97212,340488,168300,364754,4709,28763,23933,6963,3005,1873,0
229162,2,5,1,26,-2,-2,-2,-2,-2,-2,15725,812,135,-663,-1135,-797,4446,1854,232,14,92,192,1
364080,2,2,2,34,0,0,0,0,0,0,207613,146845,159955,106089,199053,156936,3365,8815,11141,2776,69112,14597,0
67856,1,3,0,36,3,2,2,2,2,2,65796,44365,49992,64188,31113,53934,-271,2291,788,659,1801,618,1
153259,1,5,1,35,0,0,0,0,0,0,147454,199112,158709,79198,89146,79217,5680,12663,3890,2712,381,1227,0
87616,2,2,2,38,-1,-1,-1,0,0,0,3296,11085,19737,-2069,10100,18889,9789,3253,4147,6815,4531,16906,0
160120,1,2,1,64,2,0,0,0,0,2,81435,127890,120265,117846,110840,72698,932,1640,3139,5687,116,962,1
75340,1,2,1,53,1,3,-2,3,0,2,6416,13931,-945,9636,16490,4393,-931,537,-359,1469,1238,220,1
275589,1,4,2,31,-1,-1,-1,-1,-1,0,1817,-1984,954,12756,-47,-724,1909,1786,2776,845,3760,885,0
84193,2,2,2,47,3,2,2,3,0,4,8503,1667,-589,697,1050,1376,-445,108,-773,200,2203,154,1
18453,2,2,1,29,2,0,0,0,0,0,15817,23956,35642,22394,33782,14249,501,2048,1331,639,1190,285,1
489056,1,2,1,64,1,2,2,2,-2,2,40946,40642,19864,12606,21639,17942,200,1944,-15,6604,2184,1948,1
353306,1,1,2,29,1,2,-1,-1,0,0,76966,17041,20932,19573,40202,22317,455,24511,23780,708,13421,16840,0
148932,2,2,1,25,-2,-2,-2,-2,-2,-2,-675,-1441,1643,1094,157,588,-1033,850,-942,351,-132,289,0
315806,1,2,1,56,0,0,0,0,0,0,164229,58766,86694,149059,16177,92761,8299,4241,3229,8549,360,4705,0
58652,2,2,2,38,1,2,3,3,2,2,3353,13163,7559,14929,70043,49806,13,5183,974,447,1110,2057,0
76220,2,1,2,26,-1,0,-1,-1,-1,0,16038,11584,3948,7680,11725,7126,5679,2553,93255,5033,99,16163,0
172243,2,4,1,30,-1,-1,-1,-1,-2,-1,-2003,-1533,3296,1956,1550,1557,-50,1369,768,521,1879,1994,1
416993,2,1,2,25,0,0,0,0,-2,-2,21485,1126,-671,-742,7157,-816,1688,513,2105,-620,956,-133,1
112389,1,0,1,49,0,0,0,0,0,0,38500,173681,92061,41921,50268,11362,2202,14444,1325,14054,825,669,0
51652,1,2,2,23,0,0,2,0,0,0,44396,36256,47329,3622,-1441,2813,2605,5334,1456,-458,2423,131,0
55518,2,2,1,55,-2,-2,-1,-1,-1,-1,1504,873,1251,5239,7613,6968,1326,9048,-353,5882,119,385,0
234955,2,1,3,43,0,0,0,0,0,0,125623,297364,189510,145665,122373,89890,2760,12847,4720,2978,1716,4368,0
201471,2,2,1,36,-1,-1,-1,-1,-1,-1,1600,-522,-392,8918,153,41211,436,857,4053,1610,5,2832,0
483510,1,1,2,23,0,0,0,-2,-2,-2,28638,3132,22030,42035,11601,34316,19482,26550,1056,5094,344,8900,0
53738,2,2,1,64,0,0,0,0,0,0,43106,56884,22110,45256,49399,8316,2005,3929,682,192,2354,-180,0
49908,2,2,1,36,0,0,0,0,0,0,991,20431,23415,6202,11362,14429,43,731,1151,541,2652,955,1
30440,1,3,1,46,0,0,0,0,0,0,11483,16230,15241,8924,4991,6708,9416,1895,1772,44,-246,333,0
493304,2,2,2,32,0,2,0,0,-1,-1,14037,10864,7987,8328,8338,11406,8742,19027,13551,20596,12447,1312,0
125778,1,1,1,49,0,0,0,0,0,0,109964,131338,158297,95583,91705,75805,2879,4630,8455,760,97,2260,1
178531,2,3,1,36,-2,-2,-2,-2,-2,-2,4162,-1132,756,578,-1306,627,85,1383,-583,-560,790,153,0
109006,2,2,1,42,-2,-2,-2,-2,-2,-2,327,-2156,918,2477,863,2700,-1161,718,-145,484,829,207,0
16935,2,2,1,46,0,0,0,0,0,0,9308,15076,12922,3991,14117,16353,625,2334,0,386,1579,48,0
260103,2,2,1,30,0,0,0,0,0,0,211187,262795,134252,213068,301472,212057,11572,11155,9300,837,5975,4581,0
137358,1,4,1,30,2,0,0,2,0,2,87976,144759,78845,104766,60886,57928,414,6176,1898,9223,2286,402,0
55205,1,3,1,45,1,2,2,2,2,0,4521,20632,1364,28705,39907,47886,474,4814,770,1180,544,136,0
88028,2,1,2,27,1,0,0,0,0,0,55974,75363,78451,82055,71114,84542,1720,1757,1969,10413,3114,1701,0
370304,2,0,2,29,-1,-1,-1,-1,-1,-1,-388,-1431,1347,-305,3313,346,917,2489,1822,15,5555,1846,0
539121,1,0,1,35,0,0,0,-1,0,0,492134,419752,516002,290424,495896,436866,9470,23851,28010,22998,34886,14872,0
349335,2,5,1,59,-2,-2,-2,-2,-2,-2,-1372,5437,13333,12368,26772,31537,1547,1263,94,5600,1185,195,1
352358,2,1,2,35,0,0,0,0,0,0,37909,80476,82491,11640,12803,79673,5105,2019,893,3277,1335,1394,0
199641,2,2,1,32,-1,0,0,-2,-2,-2,59975,72244,18708,7196,3005,20759,23652,2515,69,1353,341,1090,0
432393,2,2,1,22,-1,-1,-1,-1,-1,-1,1706,2175,1951,1522,2435,1400,4126,786,-406,-56,1627,2058,0
218951,2,2,1,35,0,0,0,0,0,0,124147,97341,76815,107331,42284,57807,4167,6441,1431,6879,3377,253,0
53850,2,2,1,28,-1,-1,-1,-1,-2,-1,-765,2059,1343,1663,-155,1612,-95,926,168,284,246,-7,0
25744,1,2,3,50,0,0,0,0,0,0,22016,23271,7423,968,11415,15967,2952,4872,3208,487,2896,106,0
511912,1,2,1,49,1,2,0,0,0,0,93490,107301,299481,257480,42624,224282,5216,10209,9472,5160,26882,6425,1
347065,2,3,2,26,1,-2,-2,-2,-2,-2,62329,4890,1272,940,-273,146,-166,1545,89,1085,153,163,0
31361,1,2,2,23,2,0,2,2,2,2,30971,56651,34808,14855,20360,1744,5598,838,-61,1305,1458,2254,1
205602,2,1,2,32,0,0,0,0,0,0,64046,78481,22715,10732,36092,20539,661,1071,9258,2324,3315,755,0
324762,2,2,1,35,1,2,0,0,0,0,4026,14253,19133,6562,40168,11084,132,1827,795,9094,1049,129,1
57851,2,1,2,24,0,0,0,0,0,0,-469,495,2208,15894,13876,23248,462,2351,-343,2229,2019,402,0
18964,1,2,2,41,0,3,2,2,2,2,8780,14054,8451,10658,14072,7845,2492,2102,5762,1935,3210,220,1
9580,1,2,1,41,0,0,0,0,0,0,18035,18439,45462,15316,11156,36073,1945,1381,287,591,1582,-64,1
447912,2,4,1,31,0,0,0,0,0,0,193490,196770,482508,203921,159506,425361,8628,8456,84091,5371,2958,4542,0
220066,1,2,2,42,-1,-1,-1,-1,-1,-1,17800,4688,14033,1530,11875,228,8899,1921,14614,831,8175,15127,1
25841,1,2,2,46,2,2,2,2,2,2,-1514,7702,16521,3962,13599,13632,819,1221,176,340,2237,289,1
306322,1,2,1,44,-1,-1,2,-1,-1,-1,12224,369,-319,3019,1302,1723,4153,531,-114,753,342,160,1
187102,1,1,1,45,1,2,2,0,2,-1,16584,996,43615,36057,30873,44844,595,15147,822,1006,4831,1370,1
21368,2,2,1,55,0,0,0,0,0,0,18393,24394,18349,10868,19475,54690,640,3859,626,1953,1693,122,1
157005,2,2,2,33,0,0,0,0,0,0,151855,205448,85761,117491,93929,74270,11315,4230,8050,8097,2954,17525,0
36879,2,1,1,37,0,0,0,0,2,2,12801,17624,6869,18009,28711,10056,934,1579,-1,815,1368,413,0
83474,1,2,2,28,0,0,0,0,0,0,48188,67884,43362,55112,48666,42766,1828,2427,974,2590,1155,330,0
243479,2,4,2,22,0,0,0,0,0,0,87741,48553,115414,76065,37433,91285,5056,4326,4071,2349,1316,2207,0
62327,2,2,1,25,0,0,0,0,0,0,52101,69416,21169,17270,16960,20659,1471,2510,2185,1180,1324,-197,0
91005,1,2,2,31,0,0,0,0,0,2,37748,40665,45858,53247,37665,34700,5271,6736,1298,379,5302,2012,0
228239,2,1,1,37,-1,-1,-1,-1,-1,-1,901,1182,-1227,-798,641,245,1196,7901,581,7167,1537,2172,0
26088,1,2,1,34,1,0,2,2,-1,0,28570,13397,6770,12446,1122,1327,5735,1738,496,928,15,604,0
85242,1,1,3,31,1,0,2,2,2,0,-26,14114,11116,9290,28177,50228,591,1474,10254,2619,885,165,0
178954,1,1,2,27,0,0,0,0,0,0,178014,198058,199936,104325,139483,176699,10328,6182,3791,8506,1816,899,0
479559,1,2,1,30,0,0,0,0,0,0,21155,18580,23288,7077,11685,11197,12762,25985,17315,12735,1029,6263,0
97504,2,3,1,36,2,2,2,2,0,0,13111,804,589,16890,42,796,-946,-67,195,274,164,275,1
363153,1,1,2,24,0,0,-2,-2,-1,-2,13582,12476,13520,14917,-673,736,38816,23100,1598,1394,20174,358,0
294812,2,2,1,30,0,0,0,0,0,0,148169,200827,82261,137923,147796,85801,9944,40718,4521,3375,890,4463,0
232231,1,2,2,34,1,-2,-2,-2,-2,-2,1872,285,1246,788,-1845,456,2374,484,-1003,-20,-407,456,1
176597,2,1,2,24,0,0,0,0,0,0,122501,192848,162189,99517,100797,77149,8346,4112,1949,4877,3027,1534,0
213027,2,2,1,36,1,-1,-1,-1,-2,-1,-1625,-1023,-715,393,151,-755,-851,1242,-731,-198,1902,408,1
50555,1,4,2,22,0,0,0,0,3,0,27784,28718,46935,17709,20258,8830,5011,2624,-225,281,6544,33,0
28878,2,2,2,24,0,0,0,0,0,0,12869,24996,27105,14223,15688,12047,1652,1261,584,-302,1617,-375,0
46110,1,2,1,51,2,0,2,2,2,0,12013,12559,8570,13404,9013,7932,1803,3487,-190,721,-136,26,1
13398,2,1,2,24,0,0,0,0,0,0,4672,10958,18977,6811,2859,15464,1676,1835,1112,65,164,104,0
79667,2,2,1,27,0,0,0,0,0,0,137700,157979,98919,128536,126465,25377,5150,9630,3747,3506,1181,2164,0
73172,1,1,2,31,-1,2,2,0,-1,0,43811,6454,455,10040,30890,1832,-806,-540,2101,562,902,-35,1
176737,1,1,1,33,2,2,-1,-1,-1,0,11708,1053,1530,1140,2960,460,-266,3037,919,1063,502,2518,1
239023,1,1,1,38,0,0,0,0,0,0,156065,97454,131581,108477,291374,106632,9256,8588,10801,5753,2965,11424,0
56580,2,2,1,43,0,0,0,0,0,0,26937,32042,19393,7983,21726,9109,5707,6722,2359,2230,4518,289,0
129312,1,1,2,30,0,0,-2,-2,-2,-2,17201,1319,2538,-698,201,1355,3582,2093,472,200,516,-270,1
159822,1,2,2,49,0,0,0,0,0,0,8915,73785,14251,15529,18577,13371,117,1284,-12,2495,3934,9559,0
213077,2,5,1,24,0,0,0,0,0,0,67878,119180,115336,117757,144524,108601,11850,9195,615,4497,4843,-53,0
24865,2,3,3,38,0,0,0,0,0,0,29605,31152,14080,2356,5019,11674,1265,2462,934,-222,1192,-174,0
242275,1,2,1,34,-1,-1,-2,-1,-2,-2,-1574,687,-952,2057,-379,758,-571,607,-551,-265,-207,771,1
147893,1,1,2,27,-1,-1,-1,-1,-1,-1,-1755,-1874,-1859,1221,365,1529,-566,279,-134,80,436,95,1
51964,2,2,1,56,0,0,0,0,0,0,32127,58080,74183,24634,23248,46517,2891,5571,328,2496,4912,970,0
157132,1,1,2,30,1,-2,-2,-2,-2,-2,427,-910,9,-836,445,468,-359,766,-1009,-22,82,1819,1
30382,2,2,3,47,0,0,0,0,0,0,12643,28967,14829,43067,13711,14750,7342,3066,-3,586,1380,-159,0
212323,2,2,1,34,0,0,0,0,-1,0,60511,98354,81863,40471,97242,79854,5913,20659,1278,5530,44068,6920,1
118779,2,2,1,37,-1,-1,2,-1,-1,-1,536,13702,-560,918,251,-123,125,399,-529,555,1315,1487,1
