LIMIT_BAL,SEX,EDUCATION,MARRIAGE,AGE,PAY_0,PAY_2,PAY_3,PAY_4,PAY_5,PAY_6,BILL_AMT1,BILL_AMT2,BILL_AMT3,BILL_AMT4,BILL_AMT5,BILL_AMT6,PAY_AMT1,PAY_AMT2,PAY_AMT3,PAY_AMT4,PAY_AMT5,PAY_AMT6,default.payment.next.month
190000,2,2,2,34,-1,0,2,2,0,1,117707,126972,117778,125820,114449,127829,117707,31385,2629,9655,10559,6420,0
100000,2,2,1,42,0,0,-1,0,0,0,17500,18709,20316,21623,19657,19967,3260,5269,20316,2849,4524,5723,1
50000,1,1,2,45,1,1,0,0,-1,-2,0,0,0,0,0,0,0,0,932,1406,160,0,0
150000,1,1,2,28,2,0,0,0,1,0,0,0,0,0,0,79879,0,1822,1924,559,0,9246,0
70000,1,1,2,32,-1,-1,0,-1,-2,-1,20980,21814,21761,22252,0,21762,20980,21814,3376,22252,0,21762,0
100000,1,1,1,26,3,2,-1,0,1,2,0,0,0,0,0,0,0,0,2912,220,0,0,1
110000,1,2,2,39,3,0,-1,0,0,-1,43175,46416,40885,40743,42783,39902,3555,2414,40885,8604,6626,39902,1
370000,2,2,2,54,-1,0,0,0,0,0,-695,135260,138366,150482,141112,134774,2234,19169,27574,22472,9085,8267,0
260000,2,2,2,21,1,0,2,0,2,2,0,0,178510,156375,156866,134681,0,1056,3276,45450,5888,15839,0
50000,2,1,1,51,-1,-1,-1,1,0,0,6737,5958,5974,5246,5145,5888,6737,5958,5974,453,1539,381,0
220000,2,3,1,36,-1,0,0,0,0,0,37917,37583,37778,33015,33755,33015,37917,3466,6930,7073,4994,6581,0
130000,2,2,2,28,0,0,0,0,2,2,100075,106182,107160,94799,90940,87683,4173,15056,8075,8061,0,6594,1
100000,1,2,2,55,1,1,-2,0,1,2,98344,96770,0,101087,95256,89020,8374,0,0,12321,10389,0,1
60000,2,2,1,41,0,1,0,0,-2,-2,19017,16916,17744,17924,0,0,1265,1063,2614,2267,0,0,0
50000,1,3,2,25,-1,0,1,0,-2,-2,33846,31121,29839,31488,22,243,33846,4139,919,4177,0,0,1
100000,1,3,1,45,0,0,2,-2,0,0,0,0,0,87,50933,48602,1689,723,0,0,7540,11644,0
130000,2,2,2,36,2,2,0,2,2,1,0,0,0,0,0,0,0,0,1826,0,0,0,0
500000,2,3,1,36,2,-1,-1,-1,-1,1,357519,329129,321129,276212,289488,301815,0,329129,321129,276212,289488,5545,0
130000,2,3,1,32,1,0,0,-1,2,2,134067,125544,118568,126830,113706,112802,0,4085,9846,126830,1612,12942,0
70000,1,1,1,28,-1,0,1,1,-1,-1,21184,20969,20599,21014,20500,21187,21184,2234,0,2326,20500,21187,1
110000,1,2,2,21,1,1,-1,0,-1,-2,18196,19541,17792,19580,18264,0,1387,0,17792,1570,18264,0,0
370000,2,2,2,28,-1,-1,0,0,0,0,154990,145503,137250,145222,143594,144237,154990,145503,21669,15230,43077,12615,0
80000,2,1,2,21,1,0,-1,-2,-1,2,47812,44521,40450,25,36883,40033,0,1864,40450,0,36883,0,0
90000,2,1,2,27,-1,0,1,1,0,1,53144,51832,49383,52040,46750,43758,53144,13600,1502,3652,2972,0,0
150000,1,3,2,21,2,1,0,0,-2,-1,0,0,0,86613,50,84834,0,0,1547,17506,0,84834,0
10000,2,2,1,45,0,0,0,0,-1,2,6046,6028,6618,6126,6500,6018,1771,649,353,981,6500,214,1
100000,2,2,1,34,0,-2,0,0,0,1,24384,0,19603,17921,18534,18873,790,0,5001,4287,3855,566,0
300000,2,3,2,55,-2,2,-1,1,0,0,0,137789,142747,160142,151844,158798,0,3640,142747,17922,40561,18640,0
120000,2,1,2,21,1,0,0,0,0,-1,46024,44824,44851,45566,50233,45625,3708,10466,7852,11005,7710,45625,1
90000,2,3,1,37,2,2,2,0,1,0,72203,79883,81043,71385,74021,64443,6901,8333,5965,2572,7335,10308,0
200000,2,2,2,39,-2,0,1,1,0,1,0,54325,48830,54064,52255,52948,0,8127,1384,4189,10046,0,1
50000,1,1,2,28,0,2,-1,-1,0,2,26798,27918,28366,26865,28434,27191,5300,1095,28366,26865,8034,2130,1
110000,1,2,1,29,0,0,3,2,0,2,0,0,0,0,0,60226,1593,1712,0,0,649,2187,1
500000,2,1,2,21,-1,1,1,1,1,0,242427,228871,227119,222681,213570,219998,242427,26594,7168,0,4030,28306,0
140000,1,2,2,38,0,0,0,-2,-2,-1,0,0,66241,0,0,54297,436,1992,11568,0,0,54297,0
70000,2,2,2,45,2,2,0,1,-1,0,56390,56110,50985,49630,46990,47279,0,2655,11028,5189,46990,5885,1
180000,2,1,1,21,1,0,2,1,0,-1,144459,133168,143570,135963,128571,128388,15197,5290,6346,3526,7203,128388,0
20000,1,3,2,44,-2,-2,-1,0,0,-1,0,0,5897,6653,5823,5935,0,0,5897,1893,403,5935,0
100000,1,2,2,21,-2,-1,-1,-1,0,0,0,34353,36183,34474,37041,36785,0,34353,36183,34474,6459,3313,0
120000,2,2,2,36,-2,-1,0,-2,-2,0,0,74612,79286,246,0,58680,0,74612,18251,0,0,12916,0
150000,1,3,2,46,-1,-1,0,0,2,0,0,95949,96973,96246,99330,89019,2371,95949,15443,7134,0,9775,0
150000,2,2,1,36,0,0,0,0,0,0,0,79156,90576,86327,88542,93965,1992,19931,21926,19958,23116,25420,0
80000,1,1,2,31,-1,-2,-2,-2,-2,0,19872,23,0,196,0,13693,19872,0,0,0,0,2521,0
150000,1,2,2,30,0,-1,0,0,2,0,68218,71296,70278,75532,72737,68988,14334,71296,3413,9568,1975,6536,0
50000,2,1,2,39,1,0,-1,0,1,0,42867,41705,37053,33715,31113,32511,3808,5190,37053,7347,3279,8609,0
80000,2,1,2,29,-2,-2,0,0,0,0,0,125,27345,30760,28005,28790,0,0,7868,1899,1131,6251,0
30000,2,1,1,35,-2,-1,-1,-2,1,0,0,5438,5512,0,5530,5002,0,5438,5512,0,73,989,0
30000,1,1,1,51,-2,0,-1,-1,-1,2,0,14985,16149,16779,15454,15235,0,3585,16149,16779,15454,0,0
180000,1,2,2,43,1,0,-2,-2,-2,-2,34501,31348,0,0,168,0,0,7082,0,0,0,0,0
70000,2,2,2,40,-1,1,1,-1,0,-1,12519,13306,14158,14798,13403,12776,12519,540,1230,14798,2397,12776,0
140000,2,3,2,43,1,2,0,0,-1,-2,56007,55537,56804,52260,50672,66,0,1337,5888,10797,50672,0,0
130000,2,2,1,27,-1,0,-1,0,-1,0,63850,64468,61356,62119,58630,62509,63850,10562,61356,17212,58630,2199,0
190000,1,2,1,38,-2,0,0,-2,0,0,0,63571,59245,0,48466,42671,0,9361,5242,0,3324,1450,0
80000,1,3,1,29,0,0,0,0,0,0,-2631,-2620,-2473,-2625,-2313,20763,1663,121,1457,1422,493,3824,0
160000,2,2,2,35,1,0,0,-1,-1,-1,27651,29226,27318,28791,30084,27031,1504,5226,5155,28791,30084,27031,0
280000,2,3,1,40,0,0,0,0,0,0,71157,74279,80920,85534,89999,95629,3582,8691,16552,6798,5686,7515,0
50000,2,1,2,34,2,-1,0,0,4,-2,26635,25009,23428,25076,24956,0,1468,25009,1318,3521,2744,0,1
390000,2,2,2,44,0,1,1,0,0,0,165974,153703,153037,140011,123766,131823,5176,0,0,33195,36335,9231,0
140000,2,2,1,37,1,1,1,1,2,2,87365,93140,99596,97757,84906,73642,8689,9334,0,8134,0,3763,0
160000,1,1,1,36,0,0,0,0,1,-1,95604,84202,90121,88590,79570,70709,10535,6443,6618,6336,6550,70709,0
90000,2,1,2,43,0,1,0,0,0,0,67358,65836,61185,53174,56386,62678,3259,2343,7682,13744,11060,4156,0
70000,2,2,1,21,0,-1,1,1,0,1,20409,18860,20950,20494,20453,19361,4442,18860,474,0,4332,0,0
210000,1,2,2,33,0,0,1,0,1,1,142062,157625,150356,137071,122534,116687,37649,22733,9849,34833,0,12120,0
50000,2,2,2,33,0,0,0,0,2,2,36481,33616,32629,31718,30233,28421,8284,4658,2528,1716,0,0,0
150000,1,2,2,42,2,-1,0,1,-2,1,76739,82391,77149,72109,0,64278,9126,82391,14295,6457,0,6741,0
100000,1,2,1,34,-1,2,1,0,-1,-1,79065,85408,84956,80557,74685,73178,79065,5778,8742,3041,74685,73178,1
230000,1,1,1,47,2,1,0,0,0,0,51047,47226,49507,53996,61626,65311,3711,1994,8431,15598,13420,7600,0
170000,2,1,2,21,0,0,0,-1,0,1,84929,89961,95072,91915,84944,90911,15810,18045,23187,91915,4509,9895,1
130000,2,2,1,31,-2,-1,-1,-1,0,0,0,35311,36082,38409,40516,38185,0,35311,36082,38409,4850,9610,0
90000,1,2,2,47,0,0,0,0,0,-1,16017,18056,18995,18853,20486,18855,3998,618,3431,2079,2734,18855,0
110000,2,2,2,33,1,0,0,0,-1,0,55267,49154,52904,49805,47993,42243,0,7841,10412,14621,47993,11287,0
20000,1,2,2,29,-2,1,1,2,1,0,0,10581,11140,11171,11357,11006,0,1256,1159,0,458,545,1
240000,2,2,2,21,-1,0,1,0,2,0,0,0,0,0,0,0,1145,1003,0,222,0,876,0
200000,1,2,1,21,0,-1,1,0,-1,2,119039,103655,104217,94224,96893,99865,21911,103655,2374,14324,96893,3100,0
200000,1,1,1,42,-2,0,1,1,0,0,0,90467,94356,86097,87956,80015,0,14759,1697,8743,19230,4773,0
20000,2,1,2,31,2,1,0,2,1,-1,10609,9759,10533,10314,11042,11065,106,0,2507,810,118,11065,1
280000,1,2,1,29,-1,-2,-2,0,0,1,-961,0,0,131350,134323,115662,572,0,0,28868,6265,8043,0
100000,1,1,1,34,0,-1,-2,0,0,0,84887,74095,2,68350,64769,60707,11428,74095,0,7878,14904,13414,0
160000,1,3,1,21,-1,0,0,0,-1,0,80584,76831,70705,72070,67675,67381,80584,16909,20859,15738,67675,12493,0
10000,1,3,2,21,0,0,0,1,1,0,2866,2987,2717,2582,2216,2361,352,313,146,247,0,314,0
80000,2,2,1,21,0,0,-1,-1,-1,-1,32044,29759,30544,27733,27970,25542,6350,5729,30544,27733,27970,25542,0
30000,1,2,1,21,-2,0,-2,-2,-1,-1,0,5885,0,0,6392,7059,0,477,0,0,6392,7059,0
50000,2,2,2,34,-1,-1,0,1,0,0,23259,23216,21956,20452,20089,17715,23259,23216,817,0,5384,3475,0
210000,2,1,1,51,0,0,0,0,0,0,0,0,0,0,0,35859,1924,1797,375,681,211,4074,0
30000,2,2,1,52,0,0,1,0,0,1,20720,22728,21463,20279,18196,19136,4625,2093,2107,2998,3287,0,0
70000,2,1,1,25,0,0,0,0,1,1,16205,18373,19775,19581,18075,17507,3270,1685,4259,602,608,364,0
150000,2,1,1,40,-1,1,2,0,1,1,134870,139225,148737,141469,147270,132027,134870,9967,0,27202,17536,3138,0
140000,1,3,2,38,-1,0,-1,-1,0,0,0,0,0,61259,70087,72447,1994,775,1164,61259,8542,2227,0
30000,1,1,2,50,0,0,0,0,0,1,19448,16970,17591,15232,13186,12355,1813,764,872,2854,2256,0,0
170000,2,1,1,36,2,2,0,0,1,0,138261,129385,138364,142027,127756,128939,7765,2239,21918,30212,0,20707,0
220000,1,1,1,52,0,0,0,0,0,0,133476,142039,133975,118340,119410,103944,25305,8273,37076,17324,35056,22553,0
100000,1,1,1,38,0,2,3,2,2,0,79228,72839,71454,62143,64663,62091,8971,5440,0,822,0,6673,1
60000,1,2,1,28,0,1,0,2,0,0,33448,33983,33070,34659,34779,35123,8582,0,4709,2386,5953,8384,0
150000,2,2,2,35,0,0,0,0,0,-1,0,0,0,0,0,0,1957,232,1575,1032,1023,2635,0
230000,1,2,2,32,0,0,0,0,0,0,0,0,34630,37479,38036,35858,508,900,5964,7826,3947,8248,0
120000,2,2,2,36,-1,0,0,-2,-2,1,0,0,38909,0,0,42778,2190,1960,3587,0,0,3875,1
190000,1,1,1,43,0,0,2,2,-2,2,141258,155860,169838,150656,0,143841,17848,20485,9430,14918,0,14282,0
50000,2,2,1,33,3,2,0,-1,0,-2,0,0,0,0,35209,0,0,0,1917,769,7248,0,1
160000,1,2,1,30,-1,-2,2,1,-1,0,92143,0,91904,102930,107721,92673,92143,0,4735,3825,107721,11199,0
120000,1,1,2,31,1,0,1,0,0,0,46850,44254,48239,43156,39023,39016,1289,9012,1022,1363,11155,8913,0
130000,2,2,2,49,0,0,0,0,0,1,52044,50887,53550,47032,47039,45126,7058,10864,4171,3346,3081,4282,0
110000,1,1,2,41,2,0,0,0,2,-2,81431,76409,76375,69168,73284,149,0,22102,7941,8255,0,0,0
170000,2,2,1,37,2,-1,-1,-2,0,-1,0,0,129064,0,120246,117816,0,1365,129064,0,17727,117816,0
190000,2,2,1,37,0,0,-1,-1,0,0,0,36851,32123,35243,32467,36503,640,3880,32123,35243,6872,8857,0
170000,1,3,2,39,-2,-2,0,0,-2,0,278,0,114272,112032,0,128725,0,0,18653,25730,0,21152,0
20000,2,1,2,35,1,-1,0,0,0,1,11435,11194,11412,10357,10909,11218,802,11194,3240,713,848,321,0
200000,2,2,2,53,0,-1,-1,-1,-1,0,30828,28074,27083,24575,27221,25678,5547,28074,27083,24575,27221,2183,0
100000,2,2,2,36,1,1,1,0,-1,-1,0,0,0,62140,55190,51216,0,0,0,5312,55190,51216,0
90000,1,1,1,21,0,0,-1,0,0,0,20006,21194,21816,21401,19356,20300,3672,4536,21816,3973,4841,2055,0
130000,1,2,2,21,1,0,0,0,-1,-1,47969,40966,41541,40155,37975,36849,0,11914,7199,7865,37975,36849,0
100000,1,1,2,34,-1,0,0,2,2,0,0,47416,45303,51404,46835,46722,622,14217,2779,5686,0,7349,1
50000,1,1,2,25,1,0,0,0,0,0,14581,13567,12663,13956,14062,13210,0,2052,2658,3176,569,2069,0
180000,1,2,1,22,-2,-2,2,-2,1,0,0,0,103302,0,90209,88816,0,0,0,0,9602,17150,1
330000,2,3,2,27,1,-1,-2,0,0,0,143515,129001,0,139145,131757,122262,9739,129001,0,16224,19324,7554,0
220000,1,3,2,28,-2,1,0,0,0,0,0,161651,137249,132856,118092,129829,0,14918,32040,18176,24935,29380,0
230000,2,2,1,21,0,-1,-1,-1,4,-1,0,0,0,-2189,-2312,-2254,1521,1613,1436,1985,0,1044,1
100000,2,3,2,41,-2,-1,-2,-1,-1,2,0,66660,0,62877,65651,62017,0,66660,0,62877,65651,0,1
110000,1,1,2,22,1,0,1,0,-1,0,61308,55657,54816,49811,44190,44900,1795,13904,2666,13131,44190,8078,0
200000,2,3,1,24,1,1,0,0,0,0,99750,99125,97764,95397,107803,94729,6804,10301,28090,19587,13004,4739,0
90000,2,1,1,41,1,0,0,0,2,3,48497,52455,50509,52639,49783,54561,1421,5104,5045,3087,3789,5233,1
160000,2,3,1,42,1,0,1,0,-1,2,0,0,0,0,0,105508,0,1911,0,1091,2713,6059,0
160000,1,2,2,25,0,0,0,0,0,0,82403,85971,89129,97114,107791,119761,16856,17588,13134,26763,31950,19880,0
220000,2,3,2,40,-2,2,-1,-1,-1,-1,0,186347,183727,160252,171253,184027,0,9622,183727,160252,171253,184027,1
90000,1,1,2,26,-1,0,0,1,0,0,35705,38058,40630,37290,37749,38442,35705,3380,2050,0,6173,8857,0
90000,1,1,2,43,-1,-1,0,1,1,0,29071,32456,27449,30183,29561,29385,29071,32456,948,3104,1540,5985,0
100000,1,2,1,33,0,-1,-1,0,0,1,29050,31292,30172,26716,29904,31939,1474,31292,30172,7289,1335,3773,0
50000,1,2,1,44,1,2,2,-1,-2,2,22313,23955,25742,24766,53,27749,0,0,336,24766,0,2846,1
50000,2,1,2,48,1,1,0,-2,-2,-2,0,0,30083,186,0,0,0,0,5760,0,0,0,0
90000,2,1,1,29,0,0,-1,-1,0,0,21335,24521,22586,21405,21811,20241,3503,963,22586,21405,5115,5823,0
150000,1,2,2,50,2,-1,-1,-1,0,0,97203,93314,91830,97002,102299,101573,972,93314,91830,97002,11825,11925,1
190000,2,4,2,32,1,1,-1,0,-2,1,95014,86387,85719,85368,0,82970,9922,3503,85719,10731,0,0,0
150000,2,1,1,30,2,2,1,1,2,0,0,114980,116935,109837,120553,113776,0,5008,7328,2089,13438,15359,0
90000,2,1,2,36,-1,-2,-2,-1,0,0,29196,0,0,24859,22612,23974,29196,0,0,24859,3899,5555,0
200000,2,2,1,48,0,2,2,0,-2,0,97623,98455,99082,98367,0,95037,10993,4957,0,2957,0,8928,0
140000,2,1,2,32,0,0,-1,-1,0,0,58960,63901,63364,70902,70563,63007,8313,13743,63364,70902,13213,15460,0
60000,1,1,2,46,-2,-2,-2,0,0,0,0,0,271,35694,32879,35778,0,0,0,10648,2037,5931,0
80000,1,2,2,44,2,1,1,1,1,3,39907,39553,44079,43981,39354,40243,0,1244,0,3193,0,690,1
150000,1,2,2,28,0,-1,-1,0,3,-1,61437,62985,62295,62776,54512,52549,3242,62985,62295,14365,6203,52549,1
200000,2,2,2,34,1,0,1,0,-1,-2,34299,31658,31070,32514,31811,0,0,6132,476,975,31811,0,0
200000,1,2,2,21,0,0,1,2,-1,0,96588,102114,110051,111236,110554,111663,7303,6096,0,5225,110554,25672,0
200000,1,1,1,22,-2,-2,1,1,0,0,0,0,90584,89154,93906,86440,0,0,0,5334,18306,17866,0
20000,1,3,2,22,-1,-1,-2,2,0,0,14885,14620,0,13253,11787,11125,14885,14620,0,1350,3111,1628,1
100000,1,2,1,33,-1,0,1,1,0,-1,47316,44896,39747,38515,35304,33369,47316,6672,881,1255,8879,33369,0
210000,1,3,2,35,0,1,1,-1,0,1,45396,42289,43769,41789,46255,45367,5045,4349,2698,41789,6821,0,0
150000,1,2,2,35,0,-1,0,0,3,2,65911,65772,58082,64505,71414,76987,16400,65772,6246,15200,0,7815,1
500000,1,2,1,30,1,0,-1,0,0,0,154183,146102,136184,142441,155507,165382,10087,41131,136184,25674,7380,38899,0
200000,2,3,2,25,2,-1,-1,-2,-1,0,210000,210000,210000,0,210000,210000,0,210000,210000,0,210000,12234,1
150000,2,2,1,37,1,0,0,0,0,2,54795,59835,55009,61039,59229,58900,0,15428,13737,14084,5940,3120,0
10000,1,2,1,33,-1,-1,0,0,0,-1,0,0,0,3829,3606,3574,1046,2282,1732,946,494,3574,0
130000,2,1,1,23,0,0,0,0,-1,-2,100591,92079,93597,102641,91249,97,29051,14526,3683,12584,91249,0,0
500000,2,3,1,35,0,-1,0,0,0,0,209595,202674,209793,202466,185137,171966,6676,202674,20537,20271,19264,26640,0
100000,2,2,2,21,0,2,2,0,2,-1,41439,36706,41369,36818,36472,35610,5776,3752,2885,2320,3303,35610,0
100000,2,3,2,43,0,-1,2,0,0,0,61688,65101,60073,68828,68379,67989,3906,65101,0,13743,16837,15443,0
80000,2,2,1,47,1,2,0,0,1,0,58661,51773,49195,45439,43120,44832,5586,4840,9576,6583,719,1978,1
80000,1,2,1,30,1,-1,0,0,-1,-1,54463,49247,46301,43003,44310,40488,1709,49247,1484,5496,44310,40488,0
150000,2,2,1,51,0,1,2,-2,0,0,54095,57161,61478,0,50568,51993,11486,1391,6655,0,5195,6287,0
210000,2,2,1,32,-2,0,2,1,0,0,0,107571,117499,126326,115905,113758,0,5745,7877,12518,17643,10005,1
100000,1,3,2,23,0,0,-2,-1,-2,-1,79278,78519,0,67931,0,62097,15509,12832,0,67931,0,62097,0
100000,2,2,2,21,0,-1,-1,0,0,0,0,0,0,21057,19075,19085,1202,167,410,6122,4311,2674,0
140000,1,3,2,45,0,0,0,-1,2,-1,111136,116343,105421,89442,89226,94122,24358,28133,3417,89442,8225,94122,0
300000,1,1,1,59,0,1,1,1,0,-1,136932,135543,129262,125184,118928,120325,18265,12183,0,10655,16340,120325,0
170000,2,2,2,25,0,0,0,0,-1,-1,20208,20171,18681,20826,21149,22087,2155,3215,4529,2019,21149,22087,0
500000,1,1,1,44,1,0,2,1,-2,-2,340095,360409,321339,318134,0,0,9131,103597,11837,18538,0,0,0
130000,2,2,2,48,0,2,-1,0,-1,0,-702,-737,-692,59806,66745,63086,1101,0,1506,15742,66745,17036,0
200000,2,2,1,33,0,0,1,1,1,0,-2301,-2003,-1157,-1081,108932,108627,594,1392,0,0,9735,14962,0
90000,2,3,2,36,0,-2,-1,1,0,0,45986,0,48542,53126,48588,52758,8481,0,48542,4475,3524,9021,0
80000,1,2,1,39,-1,0,0,-2,0,2,32731,31685,30753,0,31533,33822,32731,8080,2082,0,5909,0,0
110000,2,2,1,23,1,1,0,0,-1,-1,50883,59551,55781,59911,63226,65752,3127,6759,5069,13734,63226,65752,0
100000,2,1,2,32,-1,-1,-1,-1,-1,-2,0,0,0,23476,21690,0,593,1665,100,23476,21690,0,0
40000,2,2,1,46,0,1,2,-1,-2,0,33501,35475,33898,33989,0,35439,4984,0,2099,33989,0,3448,0
50000,2,2,2,21,1,1,1,0,0,0,10568,11956,10897,12059,13407,12611,1059,0,927,1044,2092,697,0
80000,1,1,2,36,-1,0,0,-1,-1,-1,0,0,0,0,41257,39521,373,92,542,1709,41257,39521,0
120000,1,1,2,25,0,0,-1,1,1,-2,-4947,31697,32504,30993,28795,0,1804,2220,32504,2180,2153,0,0
350000,2,2,1,21,2,2,2,2,-1,-2,169587,159150,156429,157457,174767,0,2263,9221,18346,17164,174767,0,1
200000,1,2,1,35,0,1,1,0,1,1,0,0,0,0,0,0,723,0,0,1668,0,0,0
330000,2,2,1,34,1,0,0,0,-2,0,164648,177985,152890,139102,0,120421,5974,23139,33896,21335,0,31673,0
80000,1,2,1,28,0,0,1,1,1,1,43634,38637,37205,33574,33486,34582,4538,8230,1016,1982,2712,736,0
130000,1,2,2,34,0,0,0,1,0,0,76577,82873,71724,77936,79048,90781,7401,2566,19622,5310,21691,26728,0
130000,2,3,1,36,2,0,-1,-2,-2,-2,109767,111306,116230,0,0,0,0,30472,116230,0,0,0,0
80000,1,1,1,21,0,2,2,1,2,0,40024,37851,39909,36069,37972,39878,5592,0,760,841,4268,6656,0
170000,2,1,2,40,0,-1,0,0,1,1,99997,91651,85739,84489,86449,79356,18609,91651,4822,13343,7855,9288,0
130000,2,1,2,35,-1,0,3,3,1,-1,63407,73530,68769,62892,61042,63398,63407,2400,0,1817,2037,63398,0
120000,2,2,1,39,2,0,-1,-1,-1,0,107313,106615,116999,103051,94063,91265,0,22698,116999,103051,94063,11386,0
10000,2,4,1,38,0,0,0,-1,0,0,3753,3952,3479,3509,3211,3009,1105,691,814,3509,956,357,0
260000,1,2,1,34,-1,-1,-1,0,1,-1,55798,53299,52738,55701,51207,51109,55798,53299,52738,12403,2072,51109,0
50000,2,2,1,46,0,-1,-2,1,0,2,20730,20711,0,21256,21628,23936,1532,20711,0,236,1534,2026,0
110000,1,1,2,29,2,-1,-1,-1,-2,-2,40344,37805,37680,41169,181,0,4289,37805,37680,41169,0,0,1
200000,2,3,2,21,0,-1,0,-2,0,0,118454,110566,103901,0,98280,88656,23150,110566,16060,0,28565,14312,0
130000,1,1,1,25,0,1,1,1,0,2,0,0,0,0,84788,74070,1639,0,0,0,20382,7939,0
80000,2,1,2,38,0,0,0,0,1,1,40820,36907,36053,33187,34538,37472,10153,7408,9017,5592,712,0,0
50000,2,2,3,44,2,2,-2,-2,0,0,0,0,0,249,0,0,0,0,0,0,1455,1327,0
180000,2,3,2,26,3,2,1,0,0,0,149740,144994,142478,146515,147427,157118,2531,4065,7605,30715,30224,45464,1
210000,2,2,1,46,-1,0,1,1,2,1,131559,132650,135624,132411,148251,163325,131559,19025,5042,2036,10376,9449,0
100000,2,3,1,42,3,2,1,1,0,0,87373,83633,82199,73499,76329,83784,9037,7646,2668,5354,2585,14586,1
200000,2,2,2,37,-1,-2,-2,-1,0,2,120144,0,0,119862,111840,96546,120144,0,0,119862,16668,11464,0
100000,1,1,1,39,-1,0,0,0,0,2,0,0,0,0,0,38221,2769,1738,1686,1576,472,2456,0
110000,2,3,2,33,1,-2,-2,-2,-2,-1,31598,0,0,0,0,28693,0,0,0,0,0,28693,0
100000,2,1,2,36,-1,-1,-1,1,1,0,38075,34801,33042,33241,31809,28250,38075,34801,33042,0,1678,3828,0
50000,2,1,1,43,-2,-2,1,0,1,2,0,0,42762,39423,43805,41431,0,0,0,6087,4704,1915,1
10000,1,1,2,45,1,2,2,-1,0,0,7955,7824,8110,7284,8144,7403,643,757,379,7284,2232,501,1
290000,1,2,2,47,0,0,0,0,0,-1,33126,33133,32126,33680,35024,36108,3228,8513,7686,5542,6667,36108,0
120000,1,2,1,33,2,2,1,0,0,-1,0,0,0,0,0,77311,0,0,0,551,915,77311,0
150000,2,1,2,33,2,2,1,0,0,0,70226,73124,74942,80546,76936,67024,3123,2476,2925,12455,12910,6812,1
150000,1,2,1,32,-1,0,0,0,2,0,114557,121940,128682,115703,119382,120395,114557,22319,35670,17361,3761,35989,0
200000,1,2,1,38,0,1,0,-2,0,-2,118491,116657,126087,0,123386,0,17285,3565,11185,0,3957,0,0
260000,1,3,1,36,-2,-1,0,2,0,-1,0,171917,155676,165704,169000,146747,0,171917,41787,17724,45583,146747,0
50000,2,3,1,36,-1,-2,2,2,1,0,48680,0,42069,46721,41293,39102,48680,0,2806,0,3691,5613,0
300000,2,1,2,28,2,-1,-1,2,0,0,207636,186452,189840,194980,198250,190085,0,186452,189840,5904,6581,50390,0
220000,1,4,2,46,-1,0,0,0,-2,0,132542,123284,113492,115037,0,136854,132542,30979,13352,30568,0,5710,0
180000,2,1,2,33,0,-1,-2,-1,-1,-1,52181,53042,0,55157,53256,56302,14313,53042,0,55157,53256,56302,0
200000,1,1,1,26,-1,1,1,1,0,0,107526,118006,125319,117500,112886,100023,107526,10548,3683,11853,14401,23424,0
100000,1,3,1,38,3,1,1,2,-2,-2,37532,41674,44401,47246,0,0,1465,1095,1572,2654,0,0,0
50000,2,1,1,52,0,0,0,2,0,1,23318,25234,23821,20952,21053,19365,2550,7519,2881,1569,5415,1988,0
90000,1,1,1,26,2,1,0,0,1,-1,42048,38285,33382,29948,33352,30572,3493,1811,8389,3161,473,30572,0
120000,2,2,2,38,1,0,0,1,0,0,24170,25457,26086,28455,31006,34273,1471,4429,1668,1270,8834,1770,0
110000,2,2,2,35,0,0,-1,2,2,0,115500,115500,108729,103596,88496,76338,14900,19354,108729,9368,0,21581,0
90000,2,2,1,48,0,0,0,0,-2,0,43285,49384,48290,50741,0,49071,5297,2614,5879,14399,0,12561,0
150000,2,3,1,47,2,2,0,-1,-1,0,121980,135303,132029,122957,135680,143428,10594,0,31715,122957,135680,21821,0
180000,2,2,2,39,0,0,0,1,-1,0,0,0,0,0,0,0,1875,1650,1133,0,883,354,0
110000,1,1,2,36,-1,0,-1,-1,-1,0,64701,65866,69731,64388,60239,61916,64701,7562,69731,64388,60239,5778,0
50000,2,1,1,31,0,0,-2,-2,-1,1,0,0,0,0,6429,6194,700,8,0,0,6429,457,0
50000,1,2,1,39,1,1,1,0,0,0,24057,20693,20464,20239,20920,23910,463,1387,976,2374,1327,4473,0
90000,1,1,2,47,2,2,2,1,0,-1,48546,50655,44740,38486,43043,42198,2872,5043,2034,0,12179,42198,1
100000,2,3,1,37,3,-1,-1,0,0,-1,78702,79417,78368,71608,74073,76060,2182,79417,78368,6501,12616,76060,1
150000,2,2,1,39,1,-1,-2,1,0,-1,22809,24421,0,28283,29672,30580,1649,24421,0,2735,4922,30580,1
50000,2,3,1,41,0,0,0,-1,1,1,26253,26000,27412,23536,25806,24642,2608,2659,7145,23536,535,2635,0
100000,2,1,1,32,2,-1,-1,-1,-1,-2,58806,57597,62222,58338,62446,0,3220,57597,62222,58338,62446,0,1
80000,2,2,1,44,0,0,-2,-1,-2,-1,21734,19039,0,17231,0,13102,5343,1876,0,17231,0,13102,0
180000,2,2,2,44,-1,0,1,0,1,1,161145,137560,128856,123901,110221,125136,161145,32338,12340,31334,0,10852,0
220000,1,1,2,31,4,3,3,2,0,0,155662,140711,148382,166459,147761,134988,12452,15936,9924,15960,43452,9343,1
120000,1,2,2,41,0,1,1,0,-1,-1,27868,30668,28395,29118,31731,34625,6557,0,1818,8085,31731,34625,0
150000,2,3,1,49,0,2,2,2,1,0,68164,67985,67889,70591,76561,70121,14468,7412,0,0,7006,18348,1
120000,2,1,2,49,1,0,0,2,1,0,0,0,108250,118745,109301,107667,0,87,29248,12226,9359,3861,0
300000,2,1,1,44,0,1,2,1,2,0,283676,295205,277570,262800,227427,219030,39327,0,0,17172,21687,17452,0
190000,2,1,1,33,-1,0,-1,-1,0,0,77074,71015,67368,75065,77120,70566,77074,12465,67368,75065,10467,13555,0
100000,1,1,2,41,3,-1,0,1,-2,-1,70767,65117,59759,63303,0,63678,5402,65117,17666,6262,0,63678,1
140000,1,2,1,37,0,2,0,-1,-1,-2,0,0,65011,63787,58335,69,1577,0,17678,63787,58335,0,0
160000,2,3,1,41,0,0,1,0,0,0,0,19918,22558,23909,20713,19198,69,843,1328,5958,5062,4751,0
100000,1,1,1,21,2,-1,0,0,0,0,85272,78080,84707,79486,71414,68766,3882,78080,20739,22102,2513,6142,1
90000,1,1,1,46,1,0,1,0,0,0,-2226,-2289,-2446,-2715,-2755,-2709,0,439,0,839,356,1503,0
80000,2,1,2,40,0,2,2,2,2,2,33428,37204,38600,41034,40476,42622,1697,2272,979,2148,0,0,1
210000,1,2,1,40,0,1,1,0,0,0,66890,64656,62726,64847,64827,72273,11061,6085,0,4231,18734,6949,0
90000,1,2,2,38,-1,1,2,0,-1,0,67751,64088,63072,64924,56904,51833,67751,5768,671,11951,56904,1849,1
200000,2,2,1,32,-2,-1,-1,0,-1,0,0,0,92346,85024,95814,94363,0,2323,92346,18165,95814,26186,0
120000,2,1,1,28,0,2,0,0,0,0,69928,73525,70206,79366,81563,87622,14693,5565,12163,21300,23288,24114,1
270000,2,1,1,30,-1,-1,-1,0,1,-1,65019,67730,73072,74019,74223,70200,65019,67730,73072,15784,5746,70200,0
80000,1,3,1,32,-2,-1,-2,-1,1,1,155,29144,87,34509,38857,37082,0,29144,0,34509,2860,3152,0
220000,2,2,1,26,-1,0,0,-2,-2,-1,62328,70507,74124,0,0,93818,62328,12867,15198,0,0,93818,0
190000,2,1,1,21,-1,-1,-1,1,1,0,85685,83441,96465,105714,98110,99700,85685,83441,96465,9618,8942,18927,1
270000,1,1,1,30,-1,-1,0,0,-1,-1,96592,93091,101918,92699,86346,82449,96592,93091,10787,14466,86346,82449,0
100000,2,3,2,23,-2,-1,-2,-1,0,1,30,39155,0,44551,47790,45396,0,39155,0,44551,3863,3619,0
270000,1,2,1,42,3,2,1,0,0,0,165202,155783,151024,156148,167373,168269,6163,13912,0,27763,8007,26075,1
110000,2,1,1,35,1,0,1,1,-1,0,-2186,-2279,0,0,0,28330,0,59,0,0,1743,2190,0
200000,1,1,1,45,0,-1,0,0,-1,0,116852,135127,148110,129893,139947,122074,8420,135127,10231,8809,139947,21316,0
310000,1,3,2,21,-1,0,-1,0,2,2,136868,148175,151304,132437,144331,161185,136868,36883,151304,8982,8290,0,1
190000,2,1,2,21,-1,0,0,0,1,0,27167,25890,29261,29432,27967,30368,27167,2823,1488,5613,965,5092,1
200000,2,1,2,40,0,1,-2,3,-1,0,0,0,0,0,108857,114647,180,0,0,0,108857,32278,0
90000,2,3,3,51,1,0,1,-1,0,2,51630,48039,45636,49383,44947,41557,0,3139,3574,49383,6340,0,0
150000,2,2,2,30,-1,0,0,0,0,-1,0,0,28641,26351,25723,24589,1355,1509,6658,3343,6652,24589,0
50000,2,2,1,39,2,-2,-2,1,0,0,22375,55,0,27524,25931,26855,1349,0,0,1124,3275,6024,0
150000,2,1,1,29,-1,0,0,-1,-1,-1,0,80636,87558,84626,81478,84429,1001,3483,21730,84626,81478,84429,0
50000,2,2,1,44,-1,0,0,0,-1,0,40455,36603,41229,39449,37474,39859,40455,4341,10870,7175,37474,3965,0
30000,2,2,1,34,-2,0,0,0,2,2,0,13286,13922,12648,12873,15003,0,3108,1309,1897,0,430,0
100000,2,1,1,21,0,0,0,-1,-1,0,44375,48383,50446,47450,48431,50159,6877,5627,12410,47450,48431,4529,0
170000,2,1,2,49,1,0,-2,-1,-1,0,55863,49321,6,53168,48343,54901,1899,10842,0,53168,48343,12533,0
120000,2,3,2,30,1,1,0,0,0,-2,-1114,-1070,27224,28878,31686,0,0,0,1906,905,4539,0,1
80000,1,4,2,35,-1,-2,-1,-1,-1,-2,10577,0,11216,10593,9714,0,10577,0,11216,10593,9714,0,0
140000,1,2,2,32,2,-1,0,0,0,0,76501,68982,66287,61509,58447,66953,6728,68982,14271,10469,3737,4888,0
100000,2,2,2,37,-1,-1,-1,1,1,0,29861,29107,29992,29992,33830,36416,29861,29107,29992,1919,0,1751,0
20000,2,3,2,49,0,5,4,0,-2,-1,14603,13812,14982,14128,0,13921,1876,1427,1068,3216,0,13921,1
260000,2,1,3,21,-1,-2,2,2,0,1,0,0,164225,148482,132992,134188,2720,0,16704,13021,12333,15732,0
230000,1,2,1,24,2,2,0,1,1,0,0,0,0,0,188195,181498,0,0,272,0,15868,16408,1
260000,2,2,2,25,0,0,0,0,0,1,0,73806,72153,68224,72229,67754,1395,3447,7738,7353,15363,0,0
90000,1,3,2,21,0,0,0,1,2,0,38881,35503,37656,39438,36856,36474,1680,8070,11201,2403,3216,7148,0
120000,1,1,2,21,0,0,2,0,-1,-1,48657,49634,48751,49015,52054,52025,7735,12282,0,2829,52054,52025,1
80000,2,2,1,36,0,0,0,0,0,0,26285,24842,22453,22580,23446,26458,3768,1795,6391,4448,1540,1163,0
200000,2,1,2,44,-1,0,0,0,0,0,30271,33348,34593,35378,32358,31226,30271,2011,2749,10593,8807,6869,0
180000,1,2,3,45,-1,1,1,1,1,0,76815,80912,83066,80234,77403,77304,76815,5919,5338,0,3342,20565,0
190000,2,1,2,38,-1,-1,0,-2,-2,-1,108134,104679,95195,0,0,90723,108134,104679,5781,0,0,90723,0
350000,1,2,2,37,3,0,0,1,0,-2,281542,278088,263065,240224,216694,0,17799,76671,8310,10420,24264,0,1
200000,2,2,1,34,3,3,3,3,2,0,210000,202956,190724,175252,156233,163230,22690,2656,14203,1872,5354,19969,1
80000,1,2,2,49,0,2,1,-2,0,0,48342,54896,50541,0,50029,46805,10177,6048,0,0,14517,3075,0
180000,2,2,2,41,0,-2,0,-1,1,0,61687,0,54785,61090,64594,57908,15397,0,9288,61090,2764,13884,0
230000,2,2,2,36,1,0,-2,-2,0,0,68527,60890,0,0,61155,63048,1136,12419,0,0,12825,17567,0
100000,2,1,2,42,1,1,1,1,0,1,-2995,-2905,-3173,-2788,-2528,40102,0,0,0,0,988,1012,0
200000,2,2,2,40,0,0,0,-1,0,-2,115401,104325,96913,95678,89403,0,20260,9504,17643,95678,19083,0,0
50000,2,2,1,26,-2,-1,-2,-1,0,-2,160,22680,0,22838,24308,67,0,22680,0,22838,4573,0,0
10000,1,1,1,41,0,0,-1,1,1,1,0,0,1845,1869,1978,1785,1995,821,1845,190,0,74,0
50000,1,2,2,39,-1,0,1,0,1,1,0,0,0,0,0,0,2569,560,0,836,0,0,0
230000,2,2,2,32,0,0,0,0,1,-1,113761,113001,116402,125694,115462,124000,10438,32947,22152,37118,0,124000,0
10000,2,1,2,46,1,1,1,0,0,0,-1600,-1617,-1836,5870,5299,5494,0,0,0,1069,1049,1338,1
180000,2,2,2,45,-2,-1,-1,1,2,0,109,72891,64531,65904,66800,73255,0,72891,64531,5581,6458,21664,0
50000,2,1,1,48,0,0,-2,-1,-1,-1,28264,29300,127,24653,22246,22334,4347,891,0,24653,22246,22334,0
240000,1,1,2,39,-2,-2,-2,2,0,0,0,0,242,221480,189928,177856,0,0,0,0,8607,42216,1
80000,1,2,2,40,0,-1,-2,0,0,-1,14051,15750,0,15296,16376,15836,1590,15750,0,1264,4050,15836,0
100000,2,2,2,32,-2,-1,1,1,2,0,0,0,0,54875,52638,52737,0,194,0,0,1172,7497,0
150000,2,1,1,30,0,0,0,-2,1,0,116112,105330,92428,0,96040,90248,16100,15282,13160,0,9352,11528,0
120000,1,3,2,29,0,0,0,-2,-1,0,74272,64932,63536,0,61742,54317,21091,4623,4817,0,61742,13704,0
260000,2,2,2,29,-1,0,2,2,1,2,120882,120359,105436,91460,87657,88712,120882,20434,1517,6551,3950,7633,1
90000,1,2,1,30,-2,-2,-1,-2,0,0,21,0,33765,0,30969,32274,0,0,33765,0,2669,5178,1
220000,1,3,2,30,0,0,1,0,2,2,173481,161177,153413,137636,130129,135747,45035,28054,12757,16723,8573,0,0
180000,2,2,1,26,0,4,3,0,-1,-1,126212,134441,138876,135951,141527,134323,33944,15496,15656,16257,141527,134323,1
110000,2,2,1,34,-1,0,0,0,-1,1,22039,19802,18544,19821,17295,16444,22039,4872,4072,3158,17295,0,0
60000,2,3,2,60,0,0,-1,0,0,0,22852,23092,24154,23470,24541,21057,4077,5409,24154,4666,3129,3458,0
90000,1,1,1,34,1,0,-1,2,-1,0,73874,65119,67201,62983,57979,55583,0,9015,67201,0,57979,9198,0
80000,2,1,2,40,0,0,0,-2,0,-2,11358,11817,11843,0,12576,0,755,2583,362,0,2574,0,0
210000,1,2,1,34,0,-1,-2,-2,-1,-1,99449,105541,265,0,89811,90720,24458,105541,0,0,89811,90720,0
130000,2,1,2,43,4,2,-1,0,0,0,0,0,38476,41562,47779,48358,0,0,38476,10968,5580,3520,1
210000,2,2,2,41,-2,-2,-2,-2,-2,-1,0,0,0,0,0,0,0,0,0,0,0,1205,0
100000,2,2,2,34,-1,0,-1,0,-1,0,15721,15421,15825,13789,13831,15678,15721,668,15825,798,13831,3516,0
100000,2,1,1,32,-1,0,0,0,-1,0,19187,18802,19802,18258,16450,15655,19187,3285,2277,5142,16450,820,0
80000,2,2,2,28,2,2,0,0,1,2,-4440,-4009,0,57091,54888,49847,0,0,591,9039,4782,829,0
190000,1,2,1,32,1,0,0,1,0,0,146042,137618,123246,134999,130823,116777,10790,21466,21836,2226,22958,21846,0
80000,2,2,1,41,0,0,2,1,0,0,44235,46939,48635,43011,44082,38537,11461,9767,0,3089,7537,1468,0
110000,1,2,2,46,2,-2,-2,-2,-2,-2,115500,0,0,0,36,197,8155,0,0,0,0,0,0
70000,1,2,1,21,0,0,-1,0,2,0,32112,30836,33807,30391,33098,28687,5569,3808,33807,4109,2717,2389,0
50000,1,1,1,24,0,0,0,-1,1,3,0,0,0,0,25243,26475,1364,1774,779,1313,2157,661,1
500000,1,3,1,32,-2,-1,0,-1,-1,1,186,364142,340588,327169,288676,275204,0,364142,17934,327169,288676,21431,0
50000,2,2,2,21,2,-1,-1,-2,-2,-1,0,0,0,0,0,36197,0,2398,1631,0,0,36197,0
70000,1,1,2,36,0,0,-2,-1,-2,1,19264,18355,0,20202,0,19128,4596,1480,0,20202,0,588,0
100000,1,2,1,25,2,2,-2,-2,0,1,105000,93053,0,0,77397,76403,7814,1403,0,0,18897,5930,1
500000,1,2,2,32,-1,-2,-1,0,0,0,274579,0,267342,252183,247204,227379,274579,0,267342,41997,17210,21010,0
180000,2,2,1,21,1,0,0,1,1,1,0,0,0,0,82834,80098,0,1741,1826,0,7472,2901,0
120000,2,2,1,49,0,1,0,-1,-2,-2,35863,35165,38672,39770,0,0,4188,0,11467,39770,0,0,0
200000,2,2,2,24,0,0,2,2,0,2,119405,130125,114072,102603,110550,101652,21272,31300,6516,9682,16575,6735,0
260000,2,3,2,31,0,0,0,0,-1,0,49110,42225,45964,50154,50468,44350,5461,5207,1556,13894,50468,5837,0
270000,2,1,1,25,-1,0,-1,-1,0,0,104787,116096,117252,111577,100171,102454,104787,5924,117252,111577,3811,24332,0
50000,2,2,1,45,2,1,2,0,-1,-1,27221,26991,28547,27447,30114,33241,2809,1473,1517,7882,30114,33241,1
160000,1,3,2,35,-1,-1,0,0,0,0,0,0,0,0,0,60246,1782,1751,238,428,378,15722,0
90000,1,2,2,42,-2,-2,-1,0,-1,0,0,0,0,0,17329,19176,0,0,588,786,17329,5506,0
90000,2,3,1,52,0,0,0,-1,0,0,17565,19599,22187,20182,19122,17136,1864,1063,4364,20182,4707,2600,0
200000,1,2,2,33,0,-1,0,-1,-1,-2,-3567,-3244,-2901,-2790,49498,92,1834,2333,755,2271,49498,0,0
250000,2,3,1,30,0,2,0,0,0,1,183411,197676,227773,221446,243426,239124,45125,17569,60004,33296,15257,7160,0
30000,2,1,2,26,-1,0,0,-1,-1,-1,17682,19036,18895,17472,15736,14861,17682,3143,3370,17472,15736,14861,0
150000,2,2,1,34,-1,-1,-1,-1,0,0,39676,38244,40310,42640,44647,42542,39676,38244,40310,42640,6874,3448,0
280000,1,2,2,29,-1,0,-1,0,-1,-1,-4617,-4032,-4529,-4133,-3769,39549,1150,1055,1782,1858,855,39549,0
130000,1,3,2,45,0,0,0,-2,-2,1,58863,65697,64761,0,262,61016,9858,16474,11014,0,0,0,0
200000,1,2,2,50,1,-2,-1,0,-1,-1,63139,0,76313,72207,79932,80125,2958,0,76313,10119,79932,80125,0
230000,1,3,2,32,-1,-1,0,1,1,1,64263,56649,55744,52099,50046,48083,64263,56649,12653,3140,1217,0,0
130000,2,3,1,31,-1,-1,0,2,-2,0,55847,49023,45280,42551,286,49217,55847,49023,7423,0,0,6776,0
140000,2,4,2,33,0,0,-1,-1,0,0,49384,48997,49670,45426,45275,46972,10827,12540,49670,45426,11560,12170,1
200000,1,3,2,22,-1,-2,0,-1,0,0,0,0,0,0,0,0,864,0,1763,1324,9,1338,0
10000,2,1,1,44,0,6,6,0,1,0,8761,8964,8251,7667,6799,6775,2476,0,0,1209,435,1962,1
100000,2,2,2,51,-1,0,-1,0,0,0,37446,37535,36189,35518,32134,32979,37446,4339,36189,8702,7862,8788,0
100000,2,2,1,29,0,0,2,0,1,1,37557,37830,36091,40186,43076,45659,1977,8328,0,5684,4678,5328,1
350000,2,1,1,31,2,-1,0,1,0,0,201896,231082,213774,209968,200390,191058,0,231082,57130,23725,51439,9575,0
20000,2,2,1,31,2,-1,0,0,1,0,17419,17865,16154,15778,16849,15575,1544,17865,4464,4308,197,3770,0
380000,2,3,2,47,0,0,-1,0,-2,0,217644,195056,196794,209476,122,226070,52486,13087,196794,53926,0,33289,0
50000,1,1,1,39,2,2,3,-2,-2,0,28024,27656,27171,0,0,26061,0,1134,2577,0,0,1997,1
60000,2,1,1,34,0,0,-1,-2,-1,0,34638,32719,29682,257,34269,32177,10211,8525,29682,0,34269,7644,0
150000,2,1,2,23,0,0,-2,-1,0,0,71432,74962,25,81882,90939,86729,2424,18437,0,81882,6248,7028,0
50000,2,1,2,28,-1,0,-1,1,1,1,16042,14387,15258,15759,14916,14985,16042,2185,15258,1774,0,0,0
230000,2,3,2,34,0,1,0,0,0,0,77055,73690,70711,75836,81291,86231,14778,0,19315,18158,14061,21351,0
100000,2,2,2,41,0,-1,0,0,1,0,43373,39684,36524,36346,35477,34548,6131,39684,3137,7049,2835,7140,0
120000,2,1,1,30,0,1,0,-2,1,0,17558,18316,17564,0,17837,18033,4562,1419,1230,0,1436,2943,0
100000,1,2,1,31,0,0,0,1,1,1,18843,19453,19357,21871,19560,21694,2715,3390,1314,2368,238,1164,0
100000,2,2,1,50,-2,-1,0,0,1,0,101,51493,46973,48427,41766,37523,0,51493,3524,2308,2341,4517,1
80000,2,3,1,31,0,-1,-2,-2,-2,-1,16234,15032,0,0,224,16170,1411,15032,0,0,0,16170,0
60000,2,2,2,42,-1,1,0,-2,-2,0,22864,22231,20739,206,154,21388,22864,2300,6214,0,0,4335,0
360000,2,2,1,36,-2,-1,1,0,-1,0,0,0,0,0,209777,200290,0,2810,0,519,209777,50172,0
80000,1,2,2,29,-2,-2,1,0,0,0,0,265,27979,30185,28403,30725,0,0,2471,5631,2943,9153,0
100000,2,2,1,27,-2,-1,0,-1,0,-1,0,-609,-666,-627,-562,-608,0,1415,1602,529,1136,1500,0
100000,2,2,2,35,0,2,2,-1,-1,-1,35964,36773,40952,43617,41155,36186,8352,0,4208,43617,41155,36186,0
100000,1,2,1,42,0,0,1,0,-1,0,96767,93914,91124,79101,71972,76263,19420,24801,1310,8548,71972,19397,0
290000,2,2,2,29,-2,1,0,0,0,-1,0,68695,67554,70426,74050,79729,0,1907,19551,14722,6722,79729,0
50000,1,1,3,49,-1,0,0,0,1,1,0,23720,24534,25406,26398,25931,2418,5783,3485,876,0,860,1
20000,2,3,1,40,0,0,0,-1,1,0,10165,10526,12045,11410,10233,8898,1530,456,3491,11410,355,1748,1
50000,2,1,2,36,-1,0,-1,-1,0,0,16751,14685,13057,11515,10502,10979,16751,1273,13057,11515,354,394,0
10000,1,1,1,41,0,0,-1,0,0,0,0,0,0,0,0,1645,1107,1452,1607,409,1163,168,0
210000,2,3,1,42,0,4,3,3,0,0,85312,87676,96246,105921,91704,85716,19109,1267,10691,10932,18408,20994,1
140000,1,3,2,33,1,0,0,2,0,0,57403,62561,66592,63707,68710,65607,4537,12197,13721,5083,4670,7110,0
160000,2,1,2,35,-1,0,0,0,1,1,66789,63211,66613,65753,68418,65455,66789,12100,4413,16307,6310,3770,0
130000,1,2,1,35,2,-1,1,1,0,2,0,0,0,51239,54826,59999,0,2460,0,1101,3869,1674,1
120000,2,1,1,31,2,2,0,-1,0,0,46586,47103,42223,43602,47915,54630,1760,1756,6482,43602,8332,13854,0
270000,1,2,2,46,-2,-2,-1,0,-1,-2,0,0,70177,72945,70231,0,0,0,70177,6809,70231,0,0
310000,2,1,2,25,2,0,0,0,-1,-1,152751,145025,157505,166213,153816,134678,0,35627,32610,43602,153816,134678,0
70000,1,3,1,25,0,0,2,2,-1,-1,34143,32763,36120,35109,37540,33280,8889,8773,2692,2530,37540,33280,1
100000,2,2,2,43,1,1,2,-2,0,2,62266,63198,72850,0,68668,67212,6272,2366,0,0,3901,3672,0
50000,1,2,2,44,-1,0,0,1,1,-2,8914,8483,8357,9382,9382,0,8914,1502,1176,0,0,0,1
200000,2,1,2,43,0,0,-1,-1,0,-1,0,0,0,0,0,0,1787,297,2616,1761,892,2737,0
200000,1,1,2,28,1,0,1,1,0,-2,51860,51079,48617,53208,56393,0,2930,2261,4390,2659,15154,0,0
500000,1,1,2,36,0,0,0,0,0,0,0,0,194666,188289,195310,170468,343,704,42061,48170,15805,10339,0
50000,2,2,2,40,-2,-1,1,2,3,3,0,46391,41902,38271,33663,34355,0,46391,2267,599,0,0,1
110000,2,2,1,46,0,1,1,-1,-1,2,60835,57539,55343,53410,46608,46514,13220,1800,0,53410,46608,541,1
70000,2,2,2,54,0,-1,0,0,2,1,63292,59359,60663,56100,51912,52706,8226,59359,5512,2500,5284,3035,1
220000,2,3,1,41,0,-1,0,2,-2,-1,107784,110899,99317,95228,0,99161,15324,110899,21076,0,0,99161,1
10000,2,2,2,46,2,-1,8,1,0,1,0,0,0,0,5519,5765,0,1360,0,0,498,0,1
30000,1,2,1,46,-1,1,2,2,0,0,14937,13810,12301,12827,13924,14710,14937,1153,1317,1161,928,707,0
100000,1,1,2,46,0,0,0,0,0,0,27877,26455,24886,22662,24640,24419,4963,7266,4792,1869,3722,5469,0
300000,2,1,2,44,1,0,0,0,0,-1,41309,36554,33025,35934,35109,39167,4474,8807,2452,9195,1080,39167,0
60000,2,1,1,36,-1,-1,-1,-2,-1,-1,0,0,0,101,-2354,-2316,1272,1314,496,0,951,1678,0
10000,1,1,2,41,1,2,-1,-2,-2,-2,5828,6420,6632,273,225,0,0,214,6632,0,0,0,1
110000,2,3,2,48,1,1,1,0,-2,1,0,0,0,30201,0,27039,0,0,0,5334,0,320,0
220000,1,1,2,38,0,0,0,0,-1,-1,111146,101466,103306,110315,95447,91308,32325,3586,4689,28895,95447,91308,0
110000,2,2,2,37,1,-1,-1,-2,2,0,71688,63912,63623,0,70086,66437,0,63912,63623,0,0,9535,0
30000,2,2,2,36,-1,0,0,1,-1,0,0,0,0,0,7001,7054,1345,840,1152,0,7001,1046,0
200000,2,1,1,32,-1,0,1,-2,-2,-2,73603,71403,77357,0,78,0,73603,18492,2222,0,0,0,0
130000,1,1,1,51,3,4,-1,1,2,0,85842,78180,71637,76420,76133,83444,0,1834,71637,6362,8394,8955,1
150000,1,3,1,36,0,-1,0,0,0,0,27311,28943,28421,29232,27807,30564,6623,28943,4208,4013,7072,6360,0
290000,2,2,1,21,0,0,1,0,1,1,71434,70129,70833,61648,67448,67792,9980,18051,2394,9614,988,1047,0
210000,2,1,2,38,-1,1,2,0,0,0,0,0,0,110378,109829,109328,1302,0,0,15583,13448,12422,0
140000,1,2,1,32,0,0,-1,-2,0,1,0,0,0,271,29298,31223,61,1276,2685,0,1110,458,0
180000,1,2,1,45,-1,0,1,0,-2,-2,0,58863,55517,61138,0,0,784,15002,721,17968,0,0,0
100000,2,2,2,27,-1,-1,-1,-1,0,0,-4602,-4451,-4060,-4619,39353,40726,800,1616,2361,253,5221,2364,0
160000,1,3,1,48,0,1,1,1,0,0,0,0,0,0,0,20251,1207,0,0,0,616,5039,0
170000,2,2,1,39,1,0,-2,0,1,1,56155,60654,0,67895,74426,62926,5482,5160,0,3885,0,4413,1
180000,2,4,1,36,0,-1,0,0,-2,0,29005,27322,26561,30538,0,30513,7315,27322,4279,7336,0,5989,0
90000,2,2,1,26,0,-1,0,0,0,-1,17764,16486,17409,19518,17852,16186,3145,16486,4288,2185,2902,16186,0
130000,2,2,1,37,0,0,0,0,-1,-2,45475,48019,54715,59396,64435,0,1995,13078,7580,2233,64435,0,1
30000,2,2,2,35,-1,0,2,0,2,-2,14870,16248,16661,18559,17664,0,14870,1147,0,3061,0,0,0
230000,1,3,2,48,0,1,1,-1,2,2,148965,168288,169121,151956,141104,149625,32583,0,18324,151956,4209,4119,0
20000,2,1,1,47,1,0,0,0,0,0,13034,14428,13878,12653,12764,13781,0,1393,4031,3144,1647,3689,0
60000,1,2,2,39,0,-1,0,-1,1,1,26298,27884,27657,24784,24413,23008,6283,27884,7398,24784,2168,0,0
270000,1,2,2,33,3,4,0,0,-2,0,224157,227265,239233,224972,0,203418,0,10729,30441,67075,0,57567,1
140000,2,4,1,57,2,1,0,1,0,0,0,0,0,0,83719,74003,0,0,1879,0,16628,14257,1
130000,2,3,1,21,0,0,-1,0,-2,2,85096,78461,72998,76541,0,87665,17892,16476,72998,6983,0,0,1
50000,2,2,1,33,0,2,1,-2,-2,1,32595,33598,29943,70,0,28135,4618,1512,0,0,0,0,0
50000,2,1,1,34,0,0,0,2,1,1,21677,23707,25231,22230,23715,21823,5748,4287,2350,0,1815,690,0
100000,2,1,2,43,0,0,0,-1,0,0,-5,-5,-4,-5,-4,-4,787,1613,408,2174,682,1848,0
470000,2,3,2,44,-1,-1,2,-1,-2,0,-19,-17,-17,-19,0,-18,1034,1109,0,358,0,204,0
180000,1,2,2,28,-1,2,0,2,1,0,76151,82733,79002,78228,81865,81579,76151,1799,4085,0,8696,2826,0
140000,1,2,1,55,1,0,0,-1,-1,0,0,0,0,82279,74362,76815,0,1580,1475,82279,74362,16764,0
50000,2,1,2,54,1,0,0,-1,-1,0,10736,9203,9518,10336,9981,11121,335,2759,1735,10336,9981,3312,1
250000,2,3,1,21,0,0,-1,0,-1,0,97084,99275,102759,103599,103367,96340,22707,13989,102759,26170,103367,27424,0
300000,2,1,2,41,-1,-1,0,-1,0,-1,164020,160798,159033,155566,173672,155850,164020,160798,16751,155566,42141,155850,0
190000,2,2,2,21,0,-1,0,2,2,2,65668,57273,58763,60060,66026,71756,11900,57273,6607,0,0,0,1
70000,1,1,1,52,1,0,-1,0,0,2,0,0,38312,41588,42979,43023,0,526,38312,11781,1842,4977,0
50000,2,1,2,37,-2,2,0,0,0,1,0,0,0,24324,21735,23858,0,0,612,1524,4182,477,0
130000,1,2,1,40,4,0,0,0,-1,0,87950,85316,77664,76992,86295,81546,9878,4762,7706,7224,86295,22254,1
50000,1,1,1,21,0,0,0,-1,-2,0,0,0,0,17226,0,18014,831,755,621,17226,0,2648,0
120000,1,2,2,36,-1,-1,0,0,0,0,34183,33279,29645,29650,27304,25268,34183,33279,6244,3106,4604,3149,0
40000,2,2,1,33,-2,-1,-1,0,0,0,0,9753,10030,9053,9159,9818,0,9753,10030,739,2003,1605,0
100000,1,3,1,38,0,0,1,0,0,1,0,0,0,0,12768,13658,1319,1145,0,1475,3106,0,1
110000,2,2,2,39,1,-1,1,0,0,2,60808,60803,58506,63855,68999,66914,2828,60803,0,7695,5865,1318,0
130000,1,3,2,56,-2,-2,-2,-2,-1,0,0,0,0,58,66156,60739,0,0,0,0,66156,15806,0
100000,1,3,2,34,0,0,0,2,-2,-2,62740,65433,64233,67662,46,0,13573,18703,11705,838,0,0,0
10000,2,2,2,25,-1,0,2,2,0,0,6443,5607,5306,5729,5088,4947,6443,1429,145,349,803,365,1
20000,2,2,2,38,1,0,0,0,-1,0,11411,12616,11298,11575,12398,12839,261,1353,2128,2487,12398,700,0
110000,2,2,1,28,-1,0,-1,-2,-2,1,16927,19303,17530,0,0,19765,16927,3693,17530,0,0,1699,0
170000,1,2,2,33,-2,-1,1,0,0,0,0,40352,37703,41877,45260,40733,0,40352,982,10173,8635,1867,0
200000,2,3,1,30,2,1,0,1,1,-1,0,0,119679,113201,115539,112421,0,0,28753,11265,6970,112421,1
210000,2,2,2,23,0,0,0,-1,0,0,0,0,0,0,0,76239,1224,1228,1317,2834,414,2980,0
70000,2,1,2,21,0,0,0,0,-1,0,0,0,5622,6205,5845,6468,125,841,814,674,5845,1817,0
30000,1,2,2,49,1,0,-2,0,0,0,26037,27480,0,22785,19747,20483,2637,2672,0,6600,1638,4419,0
240000,2,1,2,38,1,2,1,1,0,0,125392,118654,136727,146576,152564,158087,5963,7318,11517,1649,16654,5281,1
80000,2,2,1,35,0,-1,-1,-1,-1,0,0,0,0,0,14590,15085,1144,2264,1621,2930,14590,1102,0
90000,2,2,2,21,0,0,0,0,-1,0,53595,49092,49536,47077,45281,40579,6984,13588,12622,5038,45281,4156,0
30000,2,1,1,30,2,2,1,1,0,0,0,0,17735,16440,15728,16337,0,0,746,0,1728,2436,0
100000,1,2,2,49,-2,0,0,0,0,-1,80,0,0,29031,29100,26060,0,1683,123,6993,1450,26060,0
270000,2,2,2,38,1,0,2,-1,-1,0,171287,161268,145527,153567,153172,168287,5933,28634,0,153567,153172,36526,0
120000,1,2,2,37,-1,-1,-1,0,-2,0,24495,22265,20164,17397,0,15453,24495,22265,20164,3662,0,4278,0
90000,1,1,1,44,2,0,0,2,1,0,67469,62063,66838,67358,71263,72595,2384,2124,10850,4504,3994,3000,1
500000,2,1,2,36,0,0,1,2,0,1,364787,363426,342348,386488,379136,414316,108153,47248,7955,0,70172,19548,1
100000,1,1,2,36,0,1,1,-2,-2,1,17965,18540,18741,0,0,14999,3044,1818,887,0,0,1385,0
100000,1,1,1,55,0,1,1,-1,0,0,29675,31627,33368,32568,34474,35102,5404,0,2074,32568,2881,5449,0
230000,1,2,1,45,-1,-2,-2,0,0,1,0,0,170,114939,132585,117418,1957,0,0,19627,19874,8916,0
200000,1,4,1,22,0,1,0,1,0,0,126174,117036,113560,118878,128898,125764,35877,7016,3839,13556,23762,13112,0
190000,2,3,1,31,2,0,-1,0,1,-2,119082,136018,129235,141324,139876,0,6824,8632,129235,39897,2342,0,0
50000,1,2,2,26,0,1,1,0,0,-1,0,0,0,0,0,0,1768,0,0,1361,1942,149,0
50000,2,1,2,49,0,1,-2,1,2,-1,0,0,0,0,0,23980,47,0,0,0,0,23980,0
130000,2,2,2,48,1,0,-1,-1,0,0,86613,86988,93461,88063,77371,74542,6882,18581,93461,88063,18850,10744,0
70000,2,2,2,21,-1,-1,0,-1,-2,-1,17658,17993,15659,14062,0,15121,17658,17993,3146,14062,0,15121,0
90000,2,2,1,39,0,-1,0,1,1,1,18740,20193,20361,22206,23591,25544,2395,20193,4622,0,640,2548,1
140000,2,1,2,44,2,2,1,1,0,0,0,0,0,50270,52476,55799,0,0,0,2901,15729,10925,0
330000,1,1,1,38,-1,-2,1,1,1,2,0,285,0,155947,165201,164555,1437,0,0,15908,13436,0,0
100000,2,2,2,49,2,1,1,0,0,0,0,0,54133,52690,56510,56560,0,0,0,8004,5627,8478,0
280000,1,2,1,46,-1,0,2,1,1,-1,211013,197483,210507,215198,195774,189057,211013,53917,7386,9960,21267,189057,1
120000,2,1,1,25,1,0,-2,0,0,2,107929,99462,86,87400,93504,86476,0,16551,0,8597,4401,3817,0
100000,2,1,1,53,2,-2,-1,0,0,1,0,0,0,0,0,50492,0,0,2898,1570,1805,648,0
100000,1,1,2,29,0,0,2,-1,-1,-1,41417,41944,40985,45170,43220,47326,12281,11003,2218,45170,43220,47326,0
240000,1,2,2,25,0,-1,1,0,0,0,46642,52709,45752,43673,41833,36784,13023,52709,4934,2038,8141,2128,0
80000,2,2,1,39,0,1,-2,-1,2,-1,59052,57001,222,52534,50082,48453,7237,2786,0,52534,515,48453,0
390000,2,2,2,22,1,0,2,2,0,0,232321,235781,219042,255257,278191,267449,17545,10715,9972,0,40749,50263,0
130000,2,2,1,42,0,0,-2,0,0,0,33236,31785,0,28398,29721,30953,7614,6766,0,2316,1953,8788,0
100000,1,2,2,29,-1,2,1,-1,-1,1,42862,38948,36010,36511,42048,46075,42862,0,0,36511,42048,0,0
80000,1,2,1,21,0,0,2,2,-1,0,43886,42579,43001,39885,44686,47026,2441,9428,3072,3618,44686,11877,0
90000,1,2,1,30,0,-2,-1,0,0,0,12567,0,14094,13662,13773,13057,401,0,14094,1988,3993,2813,0
190000,2,3,1,43,0,0,0,0,1,0,0,58567,54077,57715,53632,55292,248,7356,14500,10793,0,7714,0
120000,1,1,2,50,-2,1,-1,0,-1,0,0,26771,24685,25250,23184,23944,0,0,24685,2881,23184,6175,0
100000,1,1,2,46,0,0,-2,-2,-1,-1,59379,57934,130,0,50929,51344,12706,7548,0,0,50929,51344,0
120000,1,3,1,27,-2,-1,-1,-1,-1,-1,99,38747,37874,33178,32848,28114,0,38747,37874,33178,32848,28114,0
80000,2,1,1,34,-2,0,0,0,-1,-1,14,16214,15001,13855,13186,12350,0,782,4188,1335,13186,12350,0
100000,1,3,1,48,0,-2,-2,-1,0,0,27327,5,0,25551,22333,19164,7686,0,0,25551,1310,1861,0
190000,1,2,2,38,-1,2,0,3,3,2,138734,139837,148350,139778,123821,112841,138734,15524,8193,12424,11327,1969,0
130000,1,4,1,23,0,1,-1,0,0,0,67673,69804,66181,73350,77874,73491,4764,1258,66181,3278,3106,17655,0
90000,1,2,2,39,1,2,0,0,0,0,-757,-772,-711,-796,-783,49673,0,0,305,1,106,8803,0
150000,1,2,1,40,0,0,0,0,0,0,17623,17222,18062,16801,16208,17479,2769,4089,4228,3057,4558,972,0
50000,2,1,2,31,3,0,0,1,0,0,34963,35310,36855,36865,33049,31359,0,2824,10962,1452,5017,9400,0
230000,1,1,2,34,1,-2,-2,0,1,0,122049,0,5,107398,114398,111374,14472,0,0,15441,1192,16489,0
90000,2,3,2,35,0,1,0,0,0,-1,41661,43434,39996,43173,44844,42316,3880,946,4518,6434,2229,42316,0
200000,2,2,1,47,0,0,0,0,0,2,131105,134911,125288,125120,123692,115484,10324,27644,10778,13414,22990,6413,0
260000,2,1,2,26,-1,0,0,1,1,0,177716,162461,166898,164913,171127,162498,177716,47394,35611,11583,9232,33838,0
140000,2,3,2,39,-2,-2,-2,0,-1,-1,215,0,0,64415,64377,63850,0,0,0,15107,64377,63850,1
300000,1,2,2,38,-1,-1,1,0,0,1,95621,91378,95572,109039,95471,85702,95621,91378,6432,32686,9072,0,0
150000,1,1,2,21,0,-1,-2,-1,-1,0,54093,55935,27,63200,58248,63943,16207,55935,0,63200,58248,16877,0
170000,2,2,2,53,0,0,0,0,0,2,110768,106317,119561,123352,119469,120180,17266,25303,15387,4490,26035,13138,0
160000,2,1,2,32,-2,-2,-2,-2,0,1,256,3,0,101,21552,22700,0,0,0,0,6448,0,0
150000,2,1,2,51,0,0,-1,-2,-2,-2,-969,-1070,-1053,208,0,0,1451,1201,751,0,0,0,1
200000,2,1,2,36,0,0,-1,0,0,-1,47873,47228,49771,55002,55918,53827,6496,2706,49771,14022,6319,53827,0
20000,2,2,2,21,-1,2,1,1,0,3,0,6886,7012,7500,7396,7491,581,0,436,123,1902,577,1
160000,2,2,2,21,3,2,0,0,-1,-1,116519,120400,110551,111729,115034,114472,3652,5536,18928,26791,115034,114472,0
90000,2,2,1,33,-1,-1,-1,0,0,-1,26813,25450,24992,25157,25196,27559,26813,25450,24992,6135,3742,27559,0
300000,2,1,1,21,-1,-1,-2,0,-1,0,168084,168626,53,160767,156269,167051,168084,168626,0,14445,156269,14573,0
130000,2,2,2,24,0,0,-2,-2,-1,2,96818,98309,0,0,83685,75570,28308,9188,0,0,83685,0,0
100000,2,3,1,35,0,2,2,1,1,0,84294,81691,93393,88395,86491,81229,8127,2502,0,4245,0,7149,1
50000,2,2,2,33,-1,-2,-1,0,1,0,24040,0,26070,26480,25178,25399,24040,0,26070,2572,0,4919,0
150000,2,2,2,38,2,0,0,0,-1,2,65238,73937,80380,82351,76244,75939,3758,15778,5745,22888,76244,6078,0
110000,2,1,2,42,-1,0,3,2,3,2,87038,78018,78827,75187,75384,68400,87038,4730,4760,6675,2383,0,0
180000,2,2,2,40,0,-1,0,0,1,0,0,0,23697,25790,28544,28306,1377,952,4801,1387,3300,2771,0
100000,2,3,2,34,-1,1,-1,-1,0,0,36307,31467,31756,33838,35379,31524,36307,3501,31756,33838,9023,5120,0
240000,2,2,2,40,-1,-1,0,-1,-1,0,30692,31526,32693,30860,32734,28688,30692,31526,9776,30860,32734,3175,0
120000,2,1,1,45,-2,0,0,-2,-2,0,0,41083,42343,296,64,36361,0,6548,3844,0,0,4849,0
90000,1,2,2,46,0,1,0,1,2,0,0,68197,61455,67142,61988,59138,1712,0,4053,7470,4781,2713,0
50000,1,1,2,37,0,0,2,1,0,0,37428,38314,33880,35950,36075,36092,5622,4019,3148,3849,10452,1482,0
50000,2,4,2,37,0,0,0,-1,1,1,17063,15944,15132,14553,12645,12182,4995,2558,829,14553,563,0,0
20000,2,2,2,45,0,1,0,0,1,0,6736,7179,6584,5864,5372,5289,763,255,681,323,439,600,0
90000,1,1,1,54,-1,1,0,0,0,0,50447,45555,45824,43951,37876,41870,50447,2077,12652,4207,10757,2410,0
190000,2,1,2,43,1,1,-1,-1,-1,0,0,0,0,0,0,48156,0,0,2667,2887,2026,11824,1
100000,2,3,1,51,1,-1,0,0,-1,0,38252,38556,33863,30273,26455,24743,3533,38556,5408,2397,26455,1223,0
220000,2,1,1,40,1,1,1,0,0,0,39033,41797,37315,39533,41988,38666,1693,0,0,10907,10241,8183,0
100000,2,3,1,47,-2,-2,1,1,0,0,0,0,19208,19231,19629,19070,0,0,352,418,5878,5658,1
120000,2,2,2,42,0,0,1,-1,1,0,57964,55850,57293,57840,62862,57170,11839,3224,0,57840,5840,14616,0
220000,2,1,2,21,0,0,-1,-1,0,0,89926,92210,96129,103917,103275,110032,13088,7327,96129,103917,11788,24507,0
100000,1,1,2,41,0,1,0,0,0,0,36764,34576,33609,34266,37720,34761,10931,2719,9921,5251,5190,5336,0
10000,1,2,2,42,2,0,1,-1,2,-2,5968,5761,6456,6192,6859,0,600,1454,532,6192,185,0,0
100000,1,1,1,38,0,0,-1,-1,-1,0,-220,-224,-250,-237,-231,31079,1751,1045,2059,2124,1434,7659,0
80000,2,2,1,37,-1,0,0,0,0,0,20370,22224,24063,22642,21816,25101,20370,826,992,5353,3520,6877,0
50000,1,1,2,42,0,0,0,0,-1,-2,0,0,0,0,6102,0,515,340,299,1818,6102,0,0
90000,1,4,1,47,-1,-1,0,-1,-1,-2,36373,36041,33929,37352,40889,0,36373,36041,3398,37352,40889,0,0
100000,2,3,2,35,0,-1,0,-1,-1,-1,0,0,0,0,0,37707,1519,682,1131,656,1980,37707,0
130000,2,2,1,31,2,1,2,2,2,2,0,0,0,0,0,57203,0,0,0,0,0,0,0
220000,2,2,2,33,1,2,2,0,1,1,190230,196411,209130,204022,196708,180145,0,0,8107,6653,23015,7787,0
30000,1,1,1,35,-1,-2,-1,0,-1,1,7172,260,7616,7331,6675,7048,7172,0,7616,1163,6675,316,0
50000,1,1,1,35,0,0,0,0,0,0,30102,30345,26201,30055,28656,25038,1718,4057,1800,1254,2123,3027,0
150000,1,3,1,30,1,-1,0,-1,-2,0,65592,69026,76490,81545,0,80378,0,69026,8153,81545,0,10202,0
80000,2,2,2,37,4,0,0,0,0,0,30793,28175,32050,33987,36467,35054,0,8312,3352,4737,7666,8118,0
130000,2,3,1,28,1,0,0,0,0,0,59928,57883,65978,70237,68123,64493,0,13122,13660,3346,17937,7274,1
100000,2,2,1,49,2,0,0,1,1,2,42758,44227,43364,45908,41532,41304,3630,10034,4285,0,2150,1199,0
200000,2,2,2,33,1,1,0,0,0,1,170904,154617,132570,140821,124341,119984,0,11089,10003,18751,34761,3050,1
100000,2,2,1,47,0,0,0,0,0,-1,20546,22742,22214,22588,22558,25365,2015,2837,4886,6370,2852,25365,0
260000,1,1,1,35,-1,2,2,0,2,-1,206848,222713,232218,209019,180058,189098,206848,14421,8620,9748,11450,189098,1
300000,1,1,1,44,0,0,1,1,2,2,110479,107830,117311,114786,113057,115422,9004,24001,8342,3665,5348,7057,0
150000,2,3,2,38,0,0,0,0,-2,0,102476,98026,90598,91773,0,89717,26111,4912,9316,21507,0,12982,0
80000,2,1,2,39,0,2,1,-1,0,0,50880,53488,45233,49810,49989,44996,9870,5700,2091,49810,13161,10434,0
70000,1,2,1,48,-1,-1,1,-2,-2,1,44444,39291,35069,0,0,30945,44444,39291,3807,0,0,2607,0
50000,2,2,2,29,-1,1,0,0,0,1,35024,32208,32449,32733,30344,28336,35024,0,1793,3057,2445,1074,0
80000,2,3,1,29,0,-2,-2,-1,-1,0,77282,0,0,75110,68265,61304,8132,0,0,75110,68265,3680,0
380000,2,1,2,40,-1,0,0,-1,-1,-1,170036,167634,167423,173307,155123,146370,170036,11152,25612,173307,155123,146370,0
100000,1,2,1,32,0,1,1,0,0,0,34406,35633,39578,39756,44182,45441,9289,0,991,8871,4691,9244,0
270000,2,2,1,28,0,-1,-1,-2,1,-1,-2625,-2578,-2526,0,-2646,42356,43,1310,385,0,0,42356,0
120000,1,2,1,21,-2,-2,-1,-1,0,0,0,0,20126,18326,16946,16388,0,0,20126,18326,1109,2878,0
80000,2,3,2,21,-2,-1,-1,-1,0,0,0,8850,9555,10835,9661,10348,0,8850,9555,10835,1673,1524,0
210000,1,2,2,50,1,1,0,-2,0,0,58882,57389,65203,241,59428,60392,6406,4560,19064,0,15047,2453,0
100000,1,2,1,38,0,0,0,1,0,1,48445,48647,43946,45145,42657,40315,1638,11817,1787,0,5351,0,0
320000,2,1,1,27,0,0,2,1,0,1,146459,152201,165448,152967,162056,173968,37369,34572,15917,0,9096,11995,0
260000,1,2,2,43,1,4,3,4,-1,0,110488,102837,102830,112933,114014,114874,7785,5333,7790,11887,114014,19037,0
50000,2,1,1,43,-2,-2,-1,-2,0,0,0,0,10207,0,9523,8303,0,0,10207,0,1492,1997,0
30000,2,2,2,36,3,-2,0,0,1,1,16009,143,15244,14221,15621,14482,485,0,2386,1114,573,0,1
110000,2,2,2,37,0,0,0,0,0,0,31443,31946,32630,35068,38047,36075,4886,9470,8118,6311,2373,8978,0
130000,2,1,1,47,0,2,1,1,2,2,93188,79123,68873,69536,64542,55485,13995,3446,7025,6042,0,6195,1
210000,1,1,1,21,1,1,-2,-1,0,-1,96468,98537,0,95900,95470,98476,1453,9608,0,95900,16373,98476,0
90000,1,1,1,38,1,0,0,-2,0,-2,53588,51424,52405,0,44521,0,4462,6466,8162,0,11770,0,0
500000,2,3,1,31,0,-2,1,1,0,-2,263190,286,291285,288321,248666,0,13928,0,11194,13481,62896,0,0
180000,2,3,3,30,-2,-2,-1,-1,-1,1,0,0,0,0,0,0,0,0,1159,2471,1248,0,0
150000,2,1,2,37,1,-1,-1,-1,-1,2,0,0,0,0,52120,55814,0,1793,1511,2410,52120,3642,0
160000,2,3,1,30,-1,0,0,1,-1,0,103492,109560,108008,106041,105268,99962,103492,31775,20098,7177,105268,9731,0
140000,2,2,1,37,0,0,0,0,0,0,0,0,0,50735,53294,48178,1228,296,225,5003,6240,12968,0
160000,2,3,1,26,2,2,1,0,0,0,65079,72072,74092,77737,67683,59803,0,2931,6093,22322,13739,7825,0
500000,1,2,2,25,0,-2,-2,2,0,2,368883,0,47,357258,366704,358857,30839,0,0,0,89809,38453,1
100000,2,3,2,62,0,1,0,0,0,0,64940,73290,64944,61207,56761,54220,8096,1600,14939,7127,5953,10474,0
210000,2,2,1,46,0,0,0,2,2,-1,107518,111034,111175,117718,109784,101647,8540,32034,5742,1189,8043,101647,1
290000,2,1,1,53,0,0,-1,0,0,0,132566,123651,133227,124410,113595,121219,8668,26600,133227,18415,25100,22715,0
60000,1,2,2,31,0,-1,0,-1,-1,0,26037,25551,22961,23762,23456,22029,4328,25551,1170,23762,23456,5628,0
50000,1,2,2,44,0,0,1,-1,3,3,37328,34051,32816,31837,27632,30405,2754,2254,808,31837,0,3244,1
200000,2,1,2,21,-2,-2,-2,-1,-1,0,0,0,0,0,0,0,0,0,0,2908,553,1918,1
80000,1,1,1,39,0,0,1,-1,0,-1,27917,26553,27272,23241,22271,19342,4582,5005,2536,23241,1070,19342,0
170000,1,2,1,38,0,0,0,0,0,0,39931,45998,42399,47916,47432,49234,10531,9927,10796,6437,2504,7008,0
120000,2,2,2,39,2,0,0,2,1,1,122763,119619,105462,96088,84421,81237,6584,27801,18201,8315,6705,6418,0
30000,1,2,1,43,-1,0,-1,0,0,0,-3171,-3409,-3280,-3502,12696,13005,2213,1339,1191,1830,2407,832,0
20000,2,1,2,21,0,0,0,2,2,1,0,0,0,0,9769,9664,1752,1206,428,0,126,407,0
80000,1,2,2,37,1,1,0,1,-1,2,0,0,55989,58425,52925,45525,0,0,11230,2880,52925,1085,1
120000,1,2,1,28,0,1,0,0,0,0,56883,49072,44991,45098,41185,47846,5973,0,6539,9000,8146,10087,0
100000,2,1,1,38,-2,0,-1,-1,0,-1,0,20161,20111,18761,19654,20084,0,4213,20111,18761,3121,20084,0
120000,2,4,1,37,1,2,-1,0,-1,0,53618,59224,62715,68339,65370,59364,969,1376,62715,19399,65370,11542,1
160000,2,1,1,40,-1,0,0,-1,-1,-1,132847,142360,130154,123219,109873,108411,132847,15405,22794,123219,109873,108411,0
190000,2,1,1,43,1,0,-2,0,-2,1,69182,62385,0,55974,0,55203,6710,12445,0,7458,0,0,0
100000,2,2,2,42,0,0,0,-2,-2,-2,74964,76784,85280,0,0,224,15827,13680,4704,0,0,0,0
160000,1,1,1,35,1,0,2,2,2,1,0,58906,55682,59302,51335,53973,0,6208,781,2944,0,1788,0
150000,2,1,1,45,-1,0,1,0,1,0,23851,23738,21841,23124,26681,28106,23851,5166,1817,5829,2114,8354,0
120000,1,4,2,21,2,2,-1,-1,-1,0,61305,69225,69391,77042,72879,65598,1944,7171,69391,77042,72879,7038,0
170000,2,4,2,21,2,0,1,1,0,0,114829,122375,123819,108468,98184,93604,8512,18730,1809,7526,26114,19305,1
50000,2,3,2,61,0,0,-1,-2,-2,0,35832,32830,31107,0,0,25732,4631,4106,31107,0,0,5887,0
140000,1,2,2,46,-1,0,0,1,0,0,39725,35758,35105,37602,39504,39937,39725,3199,1636,2378,7019,2517,0
50000,1,1,1,30,-1,0,0,-1,-1,0,-1287,-1251,-1324,-1208,-1114,-1078,2981,1265,1178,810,893,1430,0
210000,2,1,1,33,2,-1,0,0,-1,0,0,0,122406,114180,115799,122934,0,1390,29488,9257,115799,7150,0
100000,2,1,2,35,1,0,0,2,2,0,0,0,0,0,0,55604,0,1705,584,0,0,7435,1
300000,1,3,1,40,1,0,0,5,4,-1,91438,88364,96818,99529,106087,111081,9514,11950,16595,1270,5300,111081,0
100000,1,1,1,28,1,-2,-2,-1,-1,-2,24896,0,0,28387,28234,105,1980,0,0,28387,28234,0,0
300000,2,2,1,35,0,0,2,1,1,-1,184362,175204,149470,161524,174533,177748,47701,35645,15920,0,6198,177748,0
250000,1,2,1,35,0,0,-1,2,2,2,102127,97223,101167,111109,99832,98149,8682,24116,101167,3997,0,11511,0
30000,2,2,1,32,0,-1,-1,2,0,-1,12164,13488,13830,13391,13065,14729,1407,13488,13830,376,1504,14729,0
80000,1,2,1,39,-2,-1,0,0,1,0,160,43802,43196,43857,42334,44646,0,43802,7962,6236,0,9772,0
80000,1,2,2,37,0,-1,-2,-1,1,1,48036,43184,208,35700,37817,33773,11404,43184,0,35700,2943,1776,0
100000,2,1,1,33,0,-1,2,0,1,2,49519,51188,46892,40386,36900,35092,2468,51188,4959,3848,2405,2864,0
130000,2,3,1,28,-2,-1,0,0,0,0,0,50091,51284,48871,53640,58457,0,50091,10678,1917,7060,15341,0
240000,1,1,1,28,2,2,2,2,0,0,231041,217270,199027,182156,171253,171499,20221,0,23455,6679,19934,14946,1
130000,1,2,1,31,0,1,0,0,-1,-1,83826,86389,83596,78038,73214,64526,24523,2536,4658,12199,73214,64526,0
80000,2,3,2,36,1,1,0,0,2,0,56200,55117,52210,50783,44324,41165,0,1335,14901,11941,4611,7186,0
130000,1,2,1,41,-1,2,1,2,-2,-1,69404,71171,80720,75935,0,61443,69404,6142,1215,0,0,61443,1
90000,2,2,1,38,-2,0,-1,0,0,0,0,34643,36320,34714,30372,32907,0,5578,36320,1261,8599,1551,0
130000,2,2,2,27,0,0,0,0,0,0,66962,64575,72040,71027,78100,74190,6768,7175,2579,16198,3828,9768,0
260000,2,2,2,26,2,2,-2,-2,-1,-1,273000,273000,0,0,238549,235436,6685,26577,0,0,238549,235436,1
150000,1,2,1,43,-2,-1,0,0,0,0,0,91597,93931,88059,84801,82340,0,91597,14093,12364,16908,5853,0
190000,1,2,2,38,0,-2,-1,0,1,1,0,0,0,0,0,0,959,0,1541,455,0,0,1
120000,1,2,1,28,1,0,0,-1,1,0,0,0,0,0,0,0,0,1463,1729,1758,0,391,1
90000,2,1,2,33,0,0,0,0,-1,-1,31502,33259,31781,33825,32850,30268,6709,4483,2889,8242,32850,30268,0
250000,2,1,1,23,0,-1,0,0,0,0,0,0,0,89647,96272,91625,582,1092,102,23333,7146,27168,0
100000,2,2,2,41,-1,1,-1,0,2,1,68640,66920,69671,68143,72826,64858,68640,5312,69671,9881,0,2847,1
150000,2,3,2,36,-2,-2,0,1,1,-1,50,247,0,0,28488,27883,0,0,1223,0,2228,27883,0
80000,2,1,2,26,0,0,0,0,0,1,15012,14279,14093,13727,15210,13404,1681,3027,939,1560,2229,405,0
90000,1,2,1,21,3,2,2,0,0,0,0,-2942,-2906,-3097,-3303,-3320,0,0,0,1313,1607,227,1
50000,2,1,2,34,2,0,0,0,-1,0,30698,31557,34910,30614,29409,32234,3172,6890,9960,2430,29409,8084,0
130000,2,1,1,39,0,0,-2,-2,-2,7,103851,88462,61,0,0,84266,30306,14682,0,0,0,6868,0
260000,2,2,2,38,1,0,0,0,0,0,146008,137026,145531,136383,143272,153263,0,14037,8978,40485,10337,44025,0
160000,2,3,2,30,0,-1,-1,-2,0,0,0,0,0,0,29788,34044,1388,1949,2962,0,3060,3111,0
150000,2,3,2,49,0,0,0,1,1,0,0,46200,41607,42140,39821,40451,466,9544,7995,0,769,10480,0
150000,1,2,2,38,-1,1,0,-1,1,-2,0,0,0,0,0,0,1897,0,1073,631,0,0,0
190000,2,2,2,35,0,-1,-2,-1,-1,0,37863,35001,0,29211,30305,31140,10045,35001,0,29211,30305,6766,0
210000,1,3,1,21,4,4,-1,0,-1,0,112671,123849,125105,128061,127550,116500,0,6896,125105,7337,127550,7019,0
100000,1,3,1,28,0,-2,-2,-1,0,0,0,0,0,0,47519,50728,709,0,0,697,4622,10829,0
140000,1,1,1,32,0,0,-1,-2,0,0,30639,28117,29625,0,33857,34788,8437,1421,29625,0,9692,5848,0
100000,2,2,2,46,1,0,0,-1,-1,2,40371,42013,39353,38779,39162,44244,2058,11701,4168,38779,39162,686,0
190000,2,4,2,54,0,-2,-2,-1,0,3,99111,0,86,101833,110820,108493,22919,0,0,101833,9222,2933,0
190000,2,2,1,24,0,0,0,1,2,-1,173416,171664,164612,165037,151858,153177,10489,41445,14987,8029,10998,153177,1
120000,2,1,2,39,2,-2,-1,-1,-2,-2,0,0,91798,85379,0,0,0,0,91798,85379,0,0,1
300000,1,3,1,39,0,0,0,-2,-1,-1,0,0,0,126,0,0,146,32,936,0,1540,2544,0
160000,1,2,2,26,0,0,-1,0,0,0,22894,22599,21572,21641,20844,20794,2546,2388,21572,2643,2797,5046,0
50000,2,1,2,37,1,0,0,0,0,0,13977,13012,13553,13475,13410,13726,0,3641,1332,3728,1242,785,0
150000,2,1,1,48,0,0,1,0,0,0,25374,22503,21471,20335,17619,17834,6905,5887,1286,1829,1676,5059,0
370000,2,1,2,28,1,-1,-2,-1,-1,0,0,0,0,0,233619,203001,0,2993,0,809,233619,15812,0
100000,1,2,1,25,-1,2,2,1,1,-2,69834,76328,79989,87439,90446,0,69834,5443,0,10062,0,0,0
250000,2,2,1,51,0,-1,1,-1,-1,0,78960,72751,74439,64681,58338,52491,14134,72751,4157,64681,58338,5463,0
70000,1,1,2,47,-1,0,2,0,0,-1,0,0,0,0,0,0,1598,83,0,210,541,1379,0
200000,2,2,2,25,3,4,-1,0,0,1,85808,87415,81996,79612,77527,70293,6531,1652,81996,7177,20378,5391,0
100000,2,2,2,34,0,0,0,-2,0,1,28133,28353,28874,0,25945,24760,3945,4309,6563,0,3709,670,0
140000,1,2,2,38,0,-2,-2,0,-1,-1,-3766,268,0,32112,29571,30794,131,0,0,1084,29571,30794,0
200000,1,1,2,37,4,3,3,2,2,0,0,0,0,0,0,108253,0,0,0,0,0,27401,0
300000,1,2,1,28,2,0,-1,-1,0,0,132445,133524,120166,112511,122045,110681,6648,17436,120166,112511,4463,15876,0
50000,1,3,2,38,-2,-1,-1,-2,-2,0,0,21961,19905,0,0,20964,0,21961,19905,0,0,1302,0
500000,2,2,1,45,0,2,-2,-2,-2,0,303962,277921,0,0,135,246191,46198,18403,0,0,0,30004,1
180000,2,1,2,21,-2,0,-2,-1,-1,0,0,43369,72,45401,43866,46907,0,2322,0,45401,43866,8877,0
90000,1,2,1,37,0,4,4,4,3,2,0,81515,75599,69998,72354,72171,1028,4053,2621,6362,6783,6785,0
100000,1,2,1,23,0,0,2,0,0,0,54428,52111,51144,53543,46545,48508,11316,3336,2187,11715,6803,13557,0
20000,1,2,1,21,-2,2,0,2,1,0,30,13137,12081,10906,10290,11522,0,1098,1110,700,232,2664,0
210000,1,1,2,34,-1,3,2,2,1,0,156145,143672,151503,164099,167740,166187,156145,15624,0,16403,13890,43099,1
200000,1,1,2,33,2,1,0,0,0,-1,84064,92088,86206,80611,89177,79901,1496,2858,13323,7391,12514,79901,1
90000,2,1,1,21,0,1,0,-1,0,0,32483,32975,32083,35127,34287,39529,5524,1891,6754,35127,9301,1782,0
70000,1,1,2,25,0,1,0,0,0,1,17424,16364,14712,13883,13883,13119,2025,1212,1136,3392,3591,755,1
60000,2,2,2,33,2,1,0,0,2,-1,0,0,0,26897,25991,24868,0,0,301,3511,2543,24868,1
160000,2,2,2,31,0,0,3,2,-2,-2,98780,95733,100038,108332,0,0,13696,27432,7775,0,0,0,0
250000,1,3,2,40,0,0,-1,0,0,1,81439,75413,75496,77030,68943,70280,13567,7652,75496,20240,3092,0,0
200000,1,2,2,41,1,1,1,0,0,0,96267,107345,105385,96500,102393,113327,0,1263,10140,26570,23266,33112,0
100000,1,3,2,35,0,1,0,1,1,0,24580,22541,21561,22532,19321,18465,1534,1299,4966,2494,0,2658,0
80000,2,1,1,24,1,2,2,1,1,0,55058,56861,50872,47861,47293,50483,4596,0,1650,689,5447,3501,1
50000,2,2,1,21,4,3,2,0,1,1,36516,38780,36628,34671,36851,40077,2871,2429,715,2543,2471,4509,1
60000,2,2,2,42,0,0,-1,3,2,2,0,0,0,0,36255,39665,619,458,1586,0,4288,0,1
100000,2,1,2,43,0,-1,0,1,0,-1,0,0,0,0,17061,19532,1963,1469,47,0,2477,19532,1
200000,2,2,1,30,0,-1,0,-1,0,0,0,105736,121106,117926,103730,99663,1332,105736,16586,117926,7622,14677,0
20000,1,1,2,39,3,4,3,0,-2,-2,0,0,0,0,0,0,0,0,0,1286,0,0,0
170000,1,2,2,26,-2,-1,-1,-2,-2,1,126,66251,67215,0,0,62353,0,66251,67215,0,0,0,0
200000,2,2,1,46,3,2,1,-1,-1,0,124002,106904,105983,98229,95232,101591,0,9054,12203,98229,95232,6464,1
80000,2,1,1,30,0,1,1,1,2,1,30077,28590,30230,32895,36903,40722,2965,0,1652,335,3632,3978,1
70000,1,2,1,35,-2,2,-2,-2,-1,4,0,28164,0,0,32263,32322,0,1476,0,0,32263,1915,0
190000,1,1,3,24,0,-1,3,0,-2,-2,105442,98448,99355,103345,0,51,6850,98448,2044,26622,0,0,1
150000,2,1,2,21,-2,-2,0,-2,0,0,0,0,0,0,61583,55715,0,0,263,0,5216,9388,0
300000,2,1,2,37,0,0,-1,0,0,0,53336,55253,58200,60231,56070,56395,13417,4359,58200,10876,9085,12634,0
50000,2,1,1,36,-1,0,-2,-2,-2,-1,17100,17970,81,0,0,16239,17100,2651,0,0,0,16239,1
170000,2,1,1,28,-1,0,-1,0,0,0,40454,40204,35678,37608,34832,31190,40454,5141,35678,5698,7068,5476,0
50000,2,3,2,45,-1,-1,0,0,0,0,13190,12714,11894,12922,11874,11201,13190,12714,2906,2689,1552,2254,0
50000,1,1,2,47,5,0,-1,-1,-1,0,0,0,0,0,0,0,0,779,1192,1167,1157,1020,0
210000,2,1,1,25,2,2,-1,-2,-1,-2,107318,102003,99210,34,107306,0,0,4016,99210,0,107306,0,0
50000,2,2,2,37,0,0,0,-1,3,2,0,0,0,0,0,35296,1967,1571,978,636,0,2711,1
90000,1,1,1,49,-1,0,0,0,0,0,0,37188,32327,30167,30527,28909,2267,7702,9119,6728,8754,5691,0
200000,2,1,2,29,1,0,0,0,1,0,0,0,0,0,0,97123,0,1097,156,1861,0,20399,0
50000,1,2,2,38,0,0,0,0,2,1,0,0,0,0,47179,43695,1676,588,1613,727,0,5080,0
80000,2,1,2,31,2,0,0,0,-1,0,48193,51071,52810,54071,55692,56594,4193,8660,9806,11470,55692,3442,0
280000,1,2,1,46,2,0,0,-1,-1,-1,277522,261743,257630,283286,265182,235607,4205,37886,67235,283286,265182,235607,0
50000,1,2,2,27,-1,0,-1,-2,-1,0,26743,27067,26661,0,26621,29297,26743,5670,26661,0,26621,2426,0
50000,2,3,1,34,0,0,0,0,-2,2,0,0,36741,32354,0,33940,87,707,7816,3002,0,1918,0
10000,2,2,1,36,1,1,0,0,0,0,2850,2852,2941,3370,3113,3238,212,146,762,676,687,940,0
100000,2,1,1,47,0,1,0,0,1,1,0,0,0,0,0,41962,1396,0,114,1099,0,672,1
230000,2,2,2,22,0,4,4,-1,0,2,122509,117624,112035,102765,98022,105904,14704,4413,11513,102765,10266,0,0
110000,2,2,1,33,0,0,3,0,0,0,59964,59278,62072,60318,61125,57425,3617,8060,3094,12800,17840,3703,1
60000,2,2,2,27,-1,0,-2,-1,-2,-1,26242,24650,0,24049,0,24333,26242,2705,0,24049,0,24333,0
50000,2,1,1,39,1,1,-2,1,1,2,17149,18876,0,17346,19743,18558,1022,0,0,1562,2050,383,1
200000,2,3,1,28,-2,1,-1,1,0,0,0,43129,48102,48794,49582,43682,0,0,48102,1710,14060,1925,0
110000,1,2,2,42,1,1,-1,-1,0,-1,22237,24506,22757,20402,21394,23279,2440,0,22757,20402,3946,23279,0
120000,2,1,2,59,0,0,3,2,3,2,44680,47639,43417,38637,42060,40259,11214,10989,3685,1512,534,4016,0
160000,2,2,1,35,0,0,0,0,1,0,47142,41307,46470,45155,48159,53054,5973,6610,3606,8557,848,5775,0
120000,2,3,2,25,0,0,0,1,1,1,48548,43781,48242,50364,47042,45047,5425,8489,2550,1349,1262,0,0
140000,1,2,2,36,0,1,1,0,-2,-1,-1775,-1567,-1485,71110,104,67871,1634,0,0,2273,0,67871,0
200000,1,2,1,40,2,2,0,-1,0,2,0,0,0,148124,147947,137875,0,0,1774,148124,39408,0,0
110000,2,1,1,38,-1,-2,0,2,-2,0,0,0,0,0,24,103289,1829,0,1888,0,0,19195,0
70000,1,3,1,38,1,1,0,0,0,1,37460,35118,37543,36134,38314,34503,505,3702,7457,4905,5858,1049,0
150000,2,1,1,33,0,-1,0,0,-1,0,67166,62112,56077,51030,53461,49071,14208,62112,9030,14144,53461,4922,0
90000,2,1,1,42,0,0,1,0,2,0,55214,58912,60490,64803,65839,67107,4365,5748,0,12036,2214,2025,0
50000,1,2,2,28,0,0,2,-1,2,2,22139,20121,17169,19344,20142,19856,3073,2982,1637,19344,0,0,0
100000,2,3,2,25,-1,-1,0,-1,0,1,10915,9819,8536,8039,9077,8607,10915,9819,398,8039,905,290,0
20000,2,2,2,21,0,0,1,1,0,0,7953,7941,8365,7680,7644,6675,422,1142,766,0,1945,1327,0
20000,2,2,1,46,0,0,0,1,1,0,7591,6967,6385,5622,5623,5830,1106,975,415,0,0,839,0
170000,2,2,1,29,-1,0,-2,-2,0,0,27747,28913,0,262,30667,31984,27747,2101,0,0,1133,2626,0
100000,1,2,1,21,-2,2,2,1,1,0,300,85157,74726,69282,60092,61027,0,1821,4781,3601,0,3329,0
90000,2,3,2,35,-2,-1,0,2,1,1,0,0,0,0,0,0,0,948,1686,0,0,0,1
130000,2,2,2,21,1,0,-1,-1,0,1,27711,27881,31201,30685,31815,32672,0,4081,31201,30685,2754,1313,0
70000,2,1,2,27,2,2,-1,-1,1,1,0,51962,53503,48248,45122,45453,0,4902,53503,48248,2672,4869,1
150000,1,1,2,32,1,0,-1,0,2,0,81599,82531,73331,77381,72155,71407,2420,14394,73331,17592,1780,16940,1
460000,1,2,2,40,0,0,0,-2,0,0,218659,202689,201412,139,206116,193573,28673,43638,51381,0,29874,8640,0
60000,2,2,2,35,1,-2,-2,1,1,0,25398,0,0,22027,21282,20516,347,0,0,1185,1480,1519,0
30000,2,1,2,35,-1,-1,1,1,0,0,9645,8781,9688,10082,9455,8237,9645,8781,576,0,531,1032,0
100000,2,1,2,31,0,2,0,2,1,1,73275,72004,65535,57937,51068,45669,8987,5298,10509,4618,1741,2415,1
200000,2,2,1,31,0,0,0,0,-1,-1,35218,32735,34004,35523,35314,35698,7974,4809,7199,9307,35314,35698,0
30000,2,1,2,42,-1,0,0,0,0,0,7173,7188,6624,6351,6390,6270,7173,844,371,348,1397,1496,0
80000,1,1,1,38,0,-1,-2,0,0,0,28597,26337,0,29957,28961,30774,5231,26337,0,7035,969,6231,1
320000,1,2,2,21,0,-1,1,0,1,1,188120,178145,165461,171461,167066,154167,18506,178145,0,12201,17210,0,0
110000,2,3,1,29,-1,-1,0,0,-1,2,49879,50988,47000,48563,48194,52652,49879,50988,13608,12402,48194,4378,0
200000,2,1,2,28,0,0,2,0,-1,2,111805,122022,105473,107858,117405,107565,31048,35899,6306,20004,117405,6547,0
150000,1,3,2,33,-1,-1,0,-2,-1,0,53748,57768,62052,0,54753,55527,53748,57768,3802,0,54753,2125,0
100000,2,1,2,37,0,0,1,2,1,0,91231,92951,87108,90322,91354,79434,19169,9015,2728,4015,10015,8425,1
120000,1,3,2,21,2,1,1,-2,-1,-1,72821,75827,68656,0,80929,75956,0,0,0,0,80929,75956,0
140000,2,2,2,35,-1,1,1,1,1,-1,80435,72434,61711,63993,73808,76505,80435,2284,0,4054,0,76505,0
200000,2,3,1,41,0,0,-1,-2,0,0,66339,66995,67760,0,62209,67719,10212,10281,67760,0,12623,19589,0
50000,2,1,1,21,-1,-1,0,0,-1,0,23244,22160,23199,21338,18654,20473,23244,22160,1305,2199,18654,3975,0
20000,2,1,1,28,0,0,-1,0,0,1,1762,2004,1862,2088,2182,2481,281,490,1862,86,224,225,0
50000,2,3,2,28,7,7,-1,-1,2,0,30016,27421,26621,23764,21559,22182,0,0,26621,23764,0,2175,0
170000,1,2,2,51,-1,-1,-1,2,3,2,0,0,0,0,104540,96721,1311,961,1986,0,6743,11590,0
430000,2,1,1,33,0,-1,-1,3,2,0,271889,244944,265031,259434,226315,213685,69870,244944,265031,4432,19037,30786,0
170000,1,3,1,42,1,1,2,0,0,1,0,0,80389,82193,83130,79495,0,0,7885,17672,16943,0,0
170000,1,3,2,39,0,0,0,7,-1,3,132741,132068,127023,118165,129304,122386,16426,33227,22431,12089,129304,8038,0
180000,1,1,2,39,0,-2,1,0,-1,0,55613,0,54459,56292,59076,53105,13418,0,0,14759,59076,8643,0
90000,2,1,1,35,-1,-1,0,0,0,0,30281,31311,28164,28975,27084,25194,30281,31311,1458,7617,2772,4850,0
120000,1,2,1,21,1,1,0,-1,0,0,25531,23241,22342,22946,21974,25381,2108,2114,2747,22946,1303,1152,1
260000,2,2,2,40,2,2,2,2,0,-1,174279,157360,143728,151046,133608,141207,0,0,12975,0,22072,141207,1
120000,1,2,3,39,0,0,0,0,-1,-1,0,0,0,0,0,0,1628,215,1088,355,2375,591,0
30000,2,1,1,21,1,1,0,1,0,0,10498,9599,9357,10112,11290,12282,971,661,1713,0,2331,587,1
100000,1,2,2,47,-1,-2,0,2,0,0,63936,0,60313,57163,58123,57242,63936,0,2488,4134,3849,15039,0
120000,1,1,1,51,2,1,0,1,0,0,84239,89611,89500,81493,91615,80968,0,6811,13809,0,18440,7558,0
10000,1,1,1,24,2,1,0,-1,0,1,0,0,4356,3792,3728,3395,0,0,1123,3792,913,302,0
160000,2,1,2,26,0,2,0,1,4,0,0,0,0,77370,78026,74768,410,0,312,2533,6744,7552,0
130000,1,1,2,43,0,0,-1,0,0,0,20509,18189,16708,15590,13896,14919,4101,2399,16708,4324,2128,1371,0
100000,2,3,2,42,6,5,4,5,4,1,105000,97791,93646,84414,75901,76105,12000,5277,0,7132,6252,5458,0
120000,2,1,1,35,0,-2,-1,-1,-1,-1,68841,131,62105,65891,62736,54841,12337,0,62105,65891,62736,54841,0
110000,2,2,1,40,0,1,-2,-1,-1,-1,30187,31296,0,29607,30024,30935,996,0,0,29607,30024,30935,0
110000,1,1,1,40,-2,-2,-2,-1,-1,0,0,0,0,68650,64870,65487,0,0,0,68650,64870,17910,0
50000,1,1,1,36,3,3,2,2,0,0,39626,42200,38801,34224,31261,28217,643,4086,0,0,2741,6221,0
160000,2,1,2,30,0,0,0,0,-1,0,101761,94559,99588,98482,93998,99185,26068,24935,5096,27590,93998,22526,0
30000,1,2,1,32,-1,0,0,0,-1,-2,9719,8743,8576,8595,8888,0,9719,2394,2142,1339,8888,0,0
320000,1,2,3,42,0,-2,-2,-2,1,-1,220419,0,0,0,195487,176079,49634,0,0,0,22553,176079,0
50000,1,1,1,32,0,0,1,1,-2,-1,12707,13306,12086,10556,0,11948,2601,2198,1123,0,0,11948,0
130000,2,2,2,55,0,1,0,-1,0,0,105937,107932,111442,99136,89714,80460,28235,9380,19400,99136,16918,14806,0
100000,2,1,1,21,0,1,0,0,-2,-1,29113,27366,23404,21877,0,17771,4617,2322,5423,5887,0,17771,0
130000,2,1,2,49,0,0,0,0,1,0,53884,52309,44300,46236,51204,47426,15914,10319,3981,13010,0,13591,0
10000,1,2,1,28,0,0,3,2,1,0,0,0,0,0,0,0,911,1558,0,0,0,1142,1
60000,1,2,1,33,-1,0,1,-2,0,0,27393,25976,26505,0,27126,27651,27393,7387,0,0,1213,1436,0
190000,1,2,2,39,1,2,1,1,2,2,160741,154063,151499,143345,133294,133413,7341,9296,10330,7777,5193,14895,0
160000,2,4,1,21,1,6,5,4,1,0,126207,138842,122790,115763,126425,112130,0,5237,13240,4592,0,30330,0
50000,2,1,2,38,0,0,-1,0,3,0,47176,42658,43043,43407,45498,40626,6101,5311,43043,4846,0,8436,1
60000,1,2,2,39,1,0,1,0,-2,0,34387,35279,32024,29111,159,30974,2444,8550,1559,7016,0,5888,0
210000,2,3,1,38,0,0,0,-1,1,-2,95583,97567,99415,90420,92278,250,3885,12194,21804,90420,6716,0,1
110000,2,3,1,40,-1,2,-1,0,0,0,0,0,0,92629,94324,100952,2179,0,2838,16807,22130,26213,0
180000,2,1,2,54,-1,0,0,1,0,0,25241,22418,22602,23746,24237,27168,25241,1226,2667,0,6686,7537,1
90000,1,1,2,34,2,1,0,-1,-1,0,31359,33048,31391,32814,32639,36188,497,0,5765,32814,32639,6724,1
160000,2,2,1,42,-1,-1,-1,0,0,-2,0,0,42039,37036,37787,0,1295,1930,42039,8846,6286,0,0
240000,1,3,2,29,1,0,-1,0,0,0,69791,60866,58255,66361,60134,58008,0,12528,58255,9968,17191,2761,0
500000,2,2,2,34,0,0,0,0,-1,0,104801,112831,110012,121926,114591,122371,26789,12574,5940,4229,114591,17495,0
170000,1,2,1,45,0,0,0,-1,0,0,65586,73205,77257,81398,86835,81685,2790,15758,18842,81398,15846,8543,0
60000,2,2,2,34,-2,0,0,-2,1,1,0,34672,31069,0,27733,26219,0,1551,5864,0,0,1414,0
110000,2,2,2,47,1,-1,-1,2,0,0,0,0,0,0,55309,53664,0,168,1100,0,2091,10586,0
50000,2,2,2,31,0,1,1,0,1,2,33036,29542,28958,30628,30830,31651,2795,681,2530,1753,1545,3453,1
210000,1,3,1,48,2,1,0,-1,-1,-1,0,0,0,0,0,0,0,0,980,860,2338,1453,0
50000,2,1,1,29,1,2,2,1,-1,0,27350,27351,30774,28365,24265,26157,1120,1859,2720,1161,24265,4540,1
80000,2,1,1,24,0,0,0,-1,0,0,0,0,0,0,30494,29427,398,483,1025,2589,5494,3004,0
110000,1,3,1,28,0,0,2,-1,0,0,80347,91150,84287,75927,80550,80877,9541,6361,8927,75927,5025,4542,1
190000,1,2,2,27,0,0,0,-1,0,1,87186,87344,76313,79716,88496,80661,23917,8841,12705,79716,24057,0,0
80000,2,2,2,21,-1,0,3,-2,-2,-2,0,0,0,0,225,0,1775,248,0,0,0,0,1
120000,2,2,2,29,7,-1,0,0,2,2,0,0,62264,58167,62017,56567,0,1567,2714,5880,5533,0,0
130000,2,4,1,45,0,0,1,-1,1,0,0,66189,62366,64333,67572,60687,828,16252,6963,64333,0,14956,0
270000,2,2,2,33,0,0,0,0,-2,-2,211942,204232,207685,193127,26,0,35543,7284,58281,44521,0,0,1
100000,2,2,2,43,1,0,-2,-1,-1,0,0,0,0,0,-3640,18087,0,145,0,1424,1759,3838,0
100000,2,1,3,32,0,0,0,1,1,1,0,30464,28899,26251,24995,25194,180,3941,3800,3137,2428,2463,1
300000,1,1,1,43,-1,-1,0,2,1,8,121678,131001,127175,115754,119282,123375,121678,131001,13127,0,14007,0,0
80000,1,2,1,41,5,5,0,2,2,-1,31166,31129,34350,39702,40147,35337,3515,2634,9222,2014,0,35337,0
160000,2,3,1,40,1,0,1,0,-1,-1,0,0,0,0,90527,81001,0,608,0,515,90527,81001,0
150000,2,1,2,37,-1,-1,0,0,0,0,65261,59197,63640,58047,58686,57800,65261,59197,15078,4873,10506,9664,0
290000,2,2,1,35,2,-1,0,-1,0,1,151172,165569,159095,176515,163429,162876,3861,165569,31449,176515,6549,16530,0
120000,2,1,2,27,-2,-2,-1,0,-1,2,0,0,62633,58251,61961,56085,0,0,62633,3317,61961,2998,1
80000,1,3,2,47,0,0,1,0,0,0,8779,9612,8833,10015,10532,9904,2196,2373,110,1120,2422,1147,0
120000,2,2,1,21,1,0,0,-2,-2,-1,0,27109,23329,176,0,23011,0,2160,6478,0,0,23011,0
200000,2,3,2,40,2,1,1,1,0,0,0,143345,140228,143856,158893,148315,0,7483,10014,0,25169,40427,0
160000,1,2,2,58,0,0,1,1,-1,-2,18977,20002,19547,22044,21377,0,3500,5960,910,992,21377,0,0
90000,2,2,2,34,-1,-1,-1,0,0,2,38827,41147,43499,42159,46197,47910,38827,41147,43499,11489,8399,0,0
250000,1,2,2,33,0,2,-1,0,0,0,201158,180578,156395,166886,151111,145335,42252,5236,156395,19145,35100,10457,0
200000,2,2,2,36,0,1,-1,-1,0,0,76018,79831,81051,82454,85506,87316,15664,0,81051,82454,24667,3450,0
250000,1,4,2,33,-2,-1,-2,-2,-1,0,157,-305,0,0,26801,25501,0,1708,0,0,26801,2536,0
100000,1,2,1,36,2,0,0,-2,0,0,73206,78558,82118,0,73421,75889,0,4023,20911,0,15572,5610,0
20000,2,3,2,38,0,0,2,2,1,0,8008,8570,9439,9127,8720,8377,703,304,0,0,0,2202,1
500000,2,2,2,32,-2,0,3,2,1,-2,0,373607,347427,334115,305862,0,0,61126,21259,35427,21794,0,1
210000,1,2,1,41,-2,-2,-2,-2,-2,-2,0,87,0,0,196,0,0,0,0,0,0,0,0
50000,2,3,2,52,1,1,0,1,1,1,15160,15115,16498,17799,18226,19989,0,1523,1052,1200,1120,0,0
280000,1,2,2,45,-1,-1,3,3,3,2,0,0,0,0,180036,178539,1545,327,0,0,0,10551,1
100000,2,3,2,37,0,1,0,2,-2,-2,93321,90847,98550,94083,0,0,21001,10490,14911,7190,0,0,0
100000,1,3,2,32,-1,1,2,1,0,0,56127,58855,59516,62336,64692,66821,56127,0,5350,4608,12522,12621,0
150000,2,1,1,38,0,0,0,-2,-2,-2,77340,81302,73909,0,0,0,17564,13908,16884,0,0,0,0
340000,2,2,2,35,1,0,-1,0,-1,-2,126438,112733,119188,117017,111721,0,0,21511,119188,13121,111721,0,0
150000,2,2,1,50,1,0,2,0,1,0,78680,84695,81524,75806,78054,77375,0,16512,4329,22453,4001,22471,0
150000,1,1,2,26,-2,0,-1,0,0,0,97,37034,32161,28829,31100,33057,0,7868,32161,6661,2063,4224,0
10000,2,2,2,34,4,3,2,1,-1,0,10500,10500,10155,8970,8037,8229,718,0,429,1034,8037,1726,0
150000,1,2,2,21,-1,-1,-1,-2,-2,-1,0,0,0,0,0,27310,2774,476,1117,0,0,27310,0
160000,1,2,1,34,2,0,0,-2,-2,-2,58034,65676,64333,0,264,79,0,2186,4797,0,0,0,0
110000,2,2,1,49,-1,-1,0,1,1,0,60397,64282,66903,74060,73572,70030,60397,64282,16634,6179,7239,6592,0
100000,1,1,1,21,2,3,-1,1,1,0,57174,57159,56623,52587,46897,40721,6190,0,56623,0,3668,7429,1
300000,1,4,1,41,-1,-2,-1,-1,2,2,159323,0,196996,220404,203747,195980,159323,0,196996,220404,14922,6036,1
140000,2,1,1,25,0,0,0,0,1,2,84176,84294,80955,83345,74558,83144,9801,19253,22697,13815,0,5402,1
30000,2,1,1,28,0,2,0,2,-1,-1,15089,15689,13951,13755,12829,13763,4506,791,822,1126,12829,13763,1
100000,1,2,2,29,-1,-1,0,-2,-1,0,-4209,-4271,-4499,0,27327,26811,2277,856,1541,0,27327,7655,0
170000,2,1,1,31,-1,-2,-1,-1,-1,1,109978,31,112861,107887,117665,101447,109978,0,112861,107887,117665,8152,0
230000,1,2,2,25,0,1,2,0,-1,-1,67827,62131,67082,63033,70806,77646,15164,1371,2861,3297,70806,77646,0
100000,2,1,1,32,0,-1,-1,0,0,-1,-35,0,0,0,0,0,1119,1672,803,1790,506,1720,0
500000,2,3,2,36,0,-1,-1,1,0,2,500000,500000,498728,500000,496636,464991,35032,500000,498728,38273,115292,11401,0
90000,2,1,1,24,-1,1,0,1,-1,-2,25785,23787,21898,22149,18744,83,25785,1977,2033,0,18744,0,0
80000,2,3,2,38,1,0,0,0,-2,-2,9960,11062,10113,11004,0,0,0,2791,2971,3098,0,0,0
50000,1,3,2,44,0,0,1,1,0,-1,10340,10718,10522,11135,11508,10451,1198,2345,501,150,2816,10451,0
750000,2,1,2,44,0,-1,-1,1,0,1,0,0,0,0,0,0,1853,2400,1343,0,1761,0,0
200000,1,1,1,34,-1,0,0,0,0,0,133702,122065,121159,114408,103383,89782,133702,11141,6023,34015,5825,9098,0
100000,1,3,1,34,0,0,-1,-1,0,0,0,0,7420,7672,8811,9100,1711,1218,7420,7672,1929,1820,0
150000,2,1,2,48,0,1,-1,0,-1,0,65767,61712,57532,51626,45982,47073,3788,3208,57532,10376,45982,5117,1
260000,2,2,2,42,-1,-2,-2,-2,-2,-2,23613,0,0,0,0,0,23613,0,0,0,0,0,0
160000,2,3,2,25,-1,-2,-2,-1,0,0,29770,0,0,30959,32097,28295,29770,0,0,30959,4841,7452,0
30000,2,3,2,35,-2,-2,0,0,-1,-2,0,0,8774,8844,7845,254,0,0,745,1214,7845,0,0
90000,2,3,2,40,0,0,0,1,2,2,38597,42701,41704,42358,36558,37211,9348,5308,5945,4874,3467,0,1
200000,2,3,2,44,0,0,0,-1,0,0,82605,84193,76749,70183,64407,69622,4706,13143,7671,70183,5129,9313,0
90000,2,1,2,31,1,0,0,1,1,1,25062,24967,27388,30896,31082,34594,275,4868,8077,1930,345,3962,0
210000,2,3,1,33,2,3,2,2,1,0,220500,220500,211322,208676,209355,204904,8926,24301,20487,0,23211,35768,1
90000,1,2,3,38,0,-1,1,1,-1,0,18084,15718,17434,17587,16464,14827,3467,15718,679,976,16464,515,0
190000,1,2,2,28,-1,-1,-1,-1,0,0,0,0,0,0,0,0,1613,2114,158,1411,281,377,0
180000,2,2,2,23,0,0,1,3,0,-2,-3508,-3524,-3250,-2955,-3120,0,1453,562,0,0,1200,0,1
250000,2,2,2,43,-1,0,-1,0,0,0,0,0,100228,99204,91427,88461,394,925,100228,3925,11492,17886,0
180000,1,3,1,21,-1,0,-1,-1,1,2,103013,110092,107278,108450,119632,107385,103013,11040,107278,108450,12805,4474,1
250000,2,2,2,33,-1,0,-1,-1,0,-1,27021,26195,25757,27084,28301,29892,27021,1089,25757,27084,2741,29892,0
100000,2,3,1,31,0,0,0,-1,-1,1,0,0,0,0,0,0,1493,1184,1857,2560,1967,0,0
80000,2,3,1,22,0,0,0,-2,1,-1,37728,34403,37880,0,36888,36893,6885,9581,9660,0,3601,36893,0
150000,1,3,1,51,0,0,1,-1,-1,-1,0,35169,32085,36572,38539,35987,1420,6109,443,36572,38539,35987,0
110000,2,1,2,30,1,0,0,0,0,0,-2943,-2838,-2842,41007,39396,38490,0,942,359,3292,5751,3667,1
210000,1,3,2,45,-1,2,1,1,1,2,163387,175283,166688,154096,152087,142753,163387,0,8104,6694,14888,12969,1
80000,2,2,1,40,1,-1,0,0,0,0,-5998,-5435,-5624,-5644,-4837,-4409,0,1990,1978,844,1542,1320,1
90000,2,2,1,21,3,3,2,1,0,0,91234,89197,82034,77396,81639,78039,7703,5184,2583,7194,22614,16601,0
260000,2,3,1,36,0,0,1,0,0,0,79690,76772,82407,77768,67406,72788,14738,10810,8095,3890,16356,13268,0
200000,2,2,2,21,-1,0,0,0,-1,0,95903,94477,104747,101713,102647,94214,95903,10997,9084,9439,102647,19332,0
150000,1,2,1,34,3,1,0,2,0,0,0,0,0,0,0,0,0,0,779,0,903,232,0
190000,2,2,1,27,0,0,-1,-1,0,-2,97658,83397,73180,77325,87767,199,15472,6828,73180,77325,10839,0,0
150000,1,2,1,36,0,-1,0,0,0,0,0,0,0,0,0,76987,67,2984,1058,954,1826,16423,1
60000,2,2,2,23,2,2,2,1,-1,-1,0,44461,45457,39374,38680,35199,0,0,3999,0,38680,35199,1
10000,2,2,1,24,-1,-1,0,-1,-1,1,2346,2128,2234,2120,2113,2119,2346,2128,92,2714,2113,249,0
80000,2,3,1,29,0,-1,-1,0,1,0,-5916,-5608,-5733,-5648,-5773,11541,1179,1986,1564,676,0,949,0
200000,2,3,2,23,-1,-1,-1,0,0,-1,57668,57969,53023,49794,46551,42659,57668,57969,53023,14213,3272,42659,0
50000,2,2,2,37,-1,-1,1,0,0,1,0,0,26355,27218,29954,26878,2419,1949,1344,5697,8843,0,0
50000,2,3,1,31,0,1,0,0,0,0,0,0,14285,12963,14399,14060,1540,0,810,832,3978,968,1
200000,2,1,2,41,1,1,0,-2,0,1,111659,118567,119906,0,132050,125653,0,0,18740,0,4031,3751,1
110000,2,2,1,32,0,0,0,0,0,0,33086,32097,36346,39693,40835,35882,9718,2505,8274,2632,4452,7436,1
100000,1,2,2,57,-2,-2,-1,-1,0,0,0,0,43189,40744,43924,44301,0,0,43189,40744,11971,10738,0
120000,1,1,1,25,0,-1,-1,2,0,0,75484,71825,63086,69077,72161,74648,11703,71825,63086,4924,19223,8588,0
180000,2,2,2,46,0,0,0,0,-1,0,53022,50423,52571,54790,49638,48494,7700,8966,9832,3175,49638,3936,0
10000,1,1,2,58,-1,-1,3,2,0,0,0,0,4849,5540,6031,6273,173,1798,0,285,1112,1763,0
180000,1,2,1,32,0,1,0,0,-2,-2,0,0,0,46754,0,0,1405,0,894,5218,0,0,0
10000,2,1,1,41,2,0,0,0,0,-1,4703,5113,5745,5816,6156,5470,500,726,320,351,1679,5470,1
160000,2,4,2,34,0,1,2,0,0,0,103134,94088,90649,89554,96615,88467,18859,5864,945,12742,24397,25372,0
500000,2,1,1,44,0,0,2,3,2,2,216561,215899,209882,232266,248836,247418,23066,59194,11614,8694,0,28200,0
200000,1,1,2,35,0,0,0,0,0,-1,106497,97751,106604,98650,98837,101438,25210,11843,26618,6346,18307,101438,0
100000,1,1,1,36,-2,-2,-2,0,0,-1,0,5,0,0,27790,27897,0,0,0,919,6273,27897,0
210000,2,1,2,48,1,1,-1,0,0,1,50720,51764,53842,46410,45367,49864,0,1558,53842,2761,12010,1497,0
90000,1,2,2,33,-1,3,2,2,0,-1,58821,56380,51994,54430,56967,53557,58821,0,1447,1484,13511,53557,1
140000,1,2,2,60,1,-1,2,2,1,1,0,0,0,0,0,107765,0,2381,0,0,0,8085,0
300000,1,2,1,44,0,-1,0,1,0,0,57585,61974,56955,55034,58660,61005,6901,61974,2320,2958,4772,13162,0
100000,2,2,2,21,0,0,-2,0,-2,-2,58680,64002,0,57080,0,298,3001,2780,0,3730,0,0,0
20000,1,2,1,30,0,0,-2,1,-2,0,11190,10961,0,11902,0,11077,2823,3043,0,129,0,1046,0
80000,2,2,2,23,1,1,0,0,-1,-1,15683,16064,14774,14768,12960,13203,826,229,3407,4281,12960,13203,0
80000,1,2,2,31,-1,-2,-1,0,0,0,42186,38,48997,46154,47394,44904,42186,0,48997,4360,8447,9254,0
220000,2,2,1,36,0,2,1,1,0,0,-173,-166,-153,-175,-156,111152,1893,0,0,0,1857,17148,0
210000,2,2,1,32,0,0,-1,-2,1,0,0,0,0,0,0,62923,1529,353,957,0,0,7583,0
150000,2,3,2,29,-1,-1,-2,-2,2,0,0,0,0,0,77954,75618,1280,1105,0,0,7693,9758,0
240000,2,1,2,44,0,1,0,0,-2,-2,132394,146215,127716,112230,0,0,38498,15189,15195,10485,0,0,0
180000,2,3,1,33,1,0,0,-1,0,-2,0,0,0,127793,112012,0,0,175,1345,127793,33123,0,0
100000,1,1,2,23,-1,0,0,-1,0,0,0,0,0,0,10724,10183,1429,1043,1485,2006,1402,499,0
150000,1,2,2,38,0,-1,-1,0,0,-2,46977,46171,45387,45661,43863,0,7832,46171,45387,10385,1810,0,0
180000,1,1,2,48,-2,0,0,0,-1,0,0,84921,85019,75294,70748,69460,0,5399,24073,8162,70748,9820,0
90000,2,1,2,29,1,-2,-2,-1,0,-1,30937,194,0,28018,26167,26661,2033,0,0,28018,1684,26661,0
100000,2,2,1,32,0,0,-2,1,0,-1,16451,16173,0,16470,17545,19546,3872,2606,0,701,4938,19546,0
300000,2,2,1,32,-2,-1,0,1,1,1,0,55439,50804,49160,47674,48887,0,55439,3618,5406,0,4937,0
200000,2,2,2,37,0,-1,0,-1,-2,-2,84544,77992,79867,85750,0,0,17880,77992,4347,85750,0,0,0
200000,2,3,2,24,2,0,1,1,0,0,128774,116862,107993,96289,88438,90229,1789,14210,5637,9147,20252,26476,0
130000,2,2,2,39,1,2,2,2,3,2,133426,131228,120197,120455,117446,103714,5051,9970,5130,3739,7793,0,1
160000,1,1,2,31,0,0,1,2,1,1,0,0,0,160994,168000,158143,214,447,0,11627,18142,7080,1
140000,2,1,1,25,0,0,2,1,0,0,90059,89771,91015,90238,85083,95304,6716,18781,5896,0,21516,3062,0
490000,2,2,2,33,0,-1,1,1,0,-1,301649,331873,310643,271737,240345,216656,22527,331873,12058,14893,34486,216656,1
210000,2,3,2,43,-1,0,0,0,0,0,52326,58352,52149,49246,51097,47601,52326,13192,7521,8842,10918,12543,0
310000,1,2,1,47,0,0,0,-1,-1,0,-32,129772,146751,155231,156449,140734,1348,30240,28672,155231,156449,39670,0
200000,2,1,1,21,-1,0,-1,0,-1,2,91414,101242,98018,93657,86182,91727,91414,19982,98018,9892,86182,9866,1
200000,1,3,2,38,-2,0,0,0,0,2,0,127514,119535,115474,105717,99766,0,16690,14152,9903,14578,0,1
120000,1,1,2,37,0,-1,1,-1,2,-1,0,0,0,79885,77766,80898,157,790,0,79885,6242,80898,0
130000,2,4,1,30,1,-1,0,1,1,1,30462,29861,27765,25544,22127,20939,0,29861,1214,2691,349,1014,0
190000,1,2,2,27,0,-1,0,-2,2,0,131360,116029,105960,0,91158,91060,21308,116029,15998,0,0,6171,1
120000,2,1,2,23,1,1,1,0,0,-1,54024,50096,51954,55613,58328,58098,3534,5279,5738,16219,14087,58098,0
350000,2,1,2,24,-1,-1,-1,0,7,0,213959,212430,220760,226899,198804,177287,213959,212430,220760,32331,0,32185,0
130000,2,1,2,49,1,1,2,2,0,-1,118389,104893,108499,101913,92914,93200,2464,7256,11190,8005,23257,93200,1
70000,1,2,2,35,0,0,0,0,0,0,15240,14263,16087,15418,15667,17684,2852,784,1355,513,3423,3039,0
10000,2,3,1,39,0,0,0,0,0,0,6099,6344,6317,5906,5350,4647,1386,547,1210,1037,457,147,0
190000,1,3,2,33,0,1,1,2,-1,1,154146,172671,160254,148863,152311,131861,25557,16525,0,2049,152311,9549,0
60000,2,1,1,32,1,0,-1,-1,-1,0,10495,9971,10175,9754,9059,9323,987,2046,10175,9754,9059,2611,0
180000,2,2,1,36,0,-1,1,0,-1,-1,54558,56414,51692,53657,48562,49306,7770,56414,4395,8738,48562,49306,0
90000,2,1,2,30,-2,-2,-1,-1,0,0,0,0,0,0,0,50189,0,0,1613,2491,1626,14258,0
500000,1,2,2,31,1,0,0,1,1,-2,202432,215353,196314,178167,160757,0,19652,14464,52733,0,10913,0,0
10000,2,2,1,34,0,0,0,0,0,0,0,0,0,0,0,0,1686,312,1203,624,416,1437,0
140000,1,2,2,33,-1,0,0,0,0,0,29622,30705,33407,36538,35612,36590,29622,1658,9954,5691,10528,3302,0
150000,1,3,2,36,-2,-1,0,-1,0,0,0,30034,28342,30350,33172,31215,0,30034,7233,30350,1849,4934,0
300000,2,3,1,43,-1,-1,-1,-1,-2,-2,57418,58034,63919,63176,183,154,57418,58034,63919,63176,0,0,0
230000,2,2,2,42,0,1,0,1,0,0,27883,29891,30875,33421,33379,33150,2887,1032,7907,0,5280,6029,0
50000,2,3,1,32,-1,0,1,0,0,-1,7152,7477,8174,7811,8638,8800,7152,244,652,1234,570,8800,1
120000,2,3,1,36,-1,0,0,-1,-1,0,0,0,0,0,0,0,1771,1668,1716,1091,1410,58,0
120000,1,2,1,33,0,-1,-1,0,0,0,27199,27281,27617,24594,26064,23995,4263,27281,27617,6393,5380,5218,0
140000,2,1,2,33,0,0,0,0,0,0,0,0,0,0,0,0,286,1001,1935,1375,1833,1199,0
210000,2,3,1,39,0,-1,-1,0,0,-2,87588,90762,93126,98789,87340,127,17927,90762,93126,23880,7458,0,0
240000,2,3,2,31,2,-1,-2,1,0,0,114117,125596,0,121911,115219,114352,2969,125596,0,2822,13134,22482,1
90000,1,1,1,38,0,-1,-1,0,0,0,42816,40381,45393,40419,39425,40460,2349,40381,45393,4502,9987,6069,0
140000,2,1,1,39,0,0,-2,-1,2,-1,75550,73575,0,71741,71025,71720,2392,9446,0,71741,1694,71720,1
120000,2,2,2,43,-1,2,0,0,0,3,75098,76383,77605,84532,90985,98575,75098,6059,12462,9260,23930,0,0
50000,2,1,2,46,4,4,-1,-1,1,0,30238,35034,33248,36173,38950,33919,2115,0,33248,36173,1003,6730,0
190000,1,2,1,39,2,-1,-1,-1,-2,0,-4425,-4590,-4743,67971,97,66834,0,268,2078,67971,0,9854,1
80000,2,1,2,37,-1,-2,2,-1,-1,-2,53742,0,52883,48548,45119,193,53742,0,5861,48548,45119,0,0
100000,1,3,2,39,-1,-1,0,0,0,0,16750,16329,15844,15642,14675,15653,16750,16329,3093,885,3866,2639,0
500000,2,2,2,21,-2,-2,0,0,0,-1,0,0,167453,170627,164118,161126,0,0,36391,14389,48078,161126,1
150000,1,2,2,40,0,-1,-1,-1,0,0,62538,58977,54799,47203,45146,51978,12699,58977,54799,47203,3966,1790,0
230000,2,1,2,37,-1,-2,-2,-2,0,-2,113602,85,0,0,110576,0,113602,0,0,0,4520,0,0
230000,1,2,1,36,-1,-1,2,2,-1,0,110523,120638,138269,124318,112494,115770,110523,120638,11344,5520,112494,6918,0
120000,2,2,1,32,0,0,0,-1,0,0,57480,62991,61435,55136,58293,51634,15166,6147,11810,55136,4282,5078,0
100000,2,3,2,26,1,0,0,0,0,0,0,0,0,0,0,0,0,1420,992,1729,215,1,0
300000,2,3,2,41,0,-2,-2,-1,-2,2,144376,256,0,140906,0,132868,25257,0,0,140906,0,1399,0
10000,2,2,1,39,-1,3,2,1,0,2,0,0,0,5165,5209,5553,1123,0,0,0,740,0,1
170000,1,1,2,41,0,1,0,-2,-1,-1,51925,49642,52943,191,48745,51941,13183,2100,6631,0,48745,51941,0
150000,2,1,1,35,0,0,-1,-1,0,0,72215,67480,69606,68319,65743,66538,5302,7246,69606,68319,15283,2335,0
180000,2,3,1,51,0,0,0,0,-2,-1,47527,44237,39320,40910,0,35127,9027,4649,3572,4594,0,35127,0
200000,2,2,1,33,-1,-1,0,-1,0,0,85863,75531,71556,67340,70222,68137,85863,75531,16373,67340,11792,9029,0
120000,2,2,2,47,1,-2,2,0,0,0,35888,0,38158,41191,42967,43988,0,0,3892,7250,6504,7512,1
100000,2,2,2,41,0,0,0,0,-2,-2,45628,43228,41600,39435,0,266,2115,9595,10887,10588,0,0,0
160000,1,2,2,26,2,0,0,0,0,0,86086,80066,84349,80862,77043,84033,7021,20951,5835,15064,20765,18226,0
70000,2,2,2,36,1,1,1,0,0,0,21362,23477,24249,25552,27921,25897,1496,2490,2524,2680,7275,4809,0
100000,2,1,2,43,2,-1,-1,-1,0,0,31228,33804,32321,37439,38731,39946,1514,33804,32321,37439,2515,11330,0
100000,2,1,2,42,3,2,0,1,0,1,57474,60053,67018,61120,53684,54954,0,4308,6582,2492,12041,0,1
100000,1,3,1,42,0,1,1,0,2,2,67495,66755,61266,59948,58464,54906,13333,2342,6379,2407,5553,0,0
200000,2,2,2,42,0,0,0,1,0,0,0,0,0,0,0,0,1047,1630,826,0,841,1408,0
90000,1,2,2,40,1,-1,0,0,-1,-1,26973,26124,24014,21640,19897,18198,1268,26124,6701,4505,19897,18198,0
220000,2,2,1,36,-1,2,1,-2,1,-1,122433,112763,115246,0,118608,126853,122433,10941,0,0,0,126853,0
500000,2,3,2,29,0,-2,-1,-1,1,1,0,0,0,0,0,210801,1389,0,2970,2934,0,21869,0
60000,1,2,1,34,2,-1,0,-2,-2,-1,37478,42334,36838,0,0,30048,1159,42334,2908,0,0,30048,0
440000,1,1,2,33,2,2,0,0,1,2,324186,308886,356067,350417,351785,378376,17314,18015,39917,104417,0,37871,1
170000,1,1,1,26,1,1,0,1,0,0,72369,76210,83869,77601,75247,69710,0,8604,23295,2169,18626,18378,0
170000,2,2,1,43,2,0,0,2,0,0,125344,124335,136630,124431,124379,115191,0,23455,32482,0,36881,7168,0
300000,1,2,2,30,1,1,0,0,0,0,208244,182535,200881,202762,206574,177745,10137,18928,50327,57173,39930,46508,1
160000,2,2,2,21,2,0,0,-2,-2,-1,52002,55124,55392,0,0,54335,0,9849,9722,0,0,54335,0
130000,2,1,1,53,-2,0,-1,0,-1,0,0,50137,52809,47624,45129,46985,0,8704,52809,7101,45129,8116,0
50000,2,2,2,33,0,0,-1,-2,-1,-1,8076,7662,6868,0,6645,6835,828,1305,6868,0,6645,6835,0
180000,1,1,2,29,0,0,1,0,-1,0,108808,112579,105103,108596,99152,94777,8350,9437,6189,24534,99152,11756,0
80000,1,3,2,50,-1,-2,-1,-1,-2,-2,6932,0,6682,6855,163,0,6932,0,6682,6855,0,0,0
30000,2,1,2,26,-1,-1,0,0,0,1,3802,3566,3893,3943,3922,4215,3802,3566,543,593,729,275,0
140000,1,1,1,33,0,-1,0,-1,0,0,0,0,0,0,47940,46729,1830,2517,589,2666,2193,3199,1
110000,1,1,2,24,0,-1,-1,0,0,-2,51107,47785,52839,51233,55340,0,10640,47785,52839,4297,5767,0,0
20000,2,1,1,50,0,0,0,0,-2,-2,4362,4292,4195,3951,0,0,282,906,961,712,0,0,0
120000,2,2,2,31,2,0,0,2,-2,0,84791,86412,84301,86569,0,86329,8315,23199,11866,3995,0,4014,0
210000,1,2,2,45,0,2,0,0,-1,0,84287,78741,78359,69406,62501,66180,15915,3211,19250,11278,62501,7366,0
90000,2,1,2,41,0,0,0,0,1,2,60641,57004,55059,49251,49970,44621,15880,10583,12527,1702,1256,3096,0
140000,2,2,1,40,-1,0,0,-1,2,-1,147000,147000,145363,140621,125326,119989,147000,24850,6081,140621,12248,119989,1
220000,2,2,1,41,-1,0,0,0,-1,0,46151,48532,55530,60809,65473,65494,46151,8990,5179,2504,65473,19457,0
150000,2,2,1,35,1,0,0,0,1,0,87591,78717,74886,74648,74340,85373,0,18150,13194,17335,2506,24116,1
190000,2,2,1,28,1,-1,0,6,6,1,106026,109814,105929,99610,96056,91578,10416,109814,25790,8759,6445,5826,0
90000,2,2,1,35,-1,-1,0,0,0,1,27061,29490,29843,28254,30636,33684,27061,29490,1775,7844,1125,3537,0
200000,2,1,2,40,0,0,-2,-1,1,0,0,0,0,0,0,95659,606,217,0,2882,0,27349,0
140000,2,2,2,33,0,-2,-1,0,1,0,0,272,19939,18253,17214,15434,1832,0,19939,2809,1302,1641,0
160000,2,3,2,21,0,1,-2,-2,0,-2,0,0,0,27,54311,0,394,0,0,0,9105,0,0
140000,2,1,2,26,1,-2,7,-1,-1,-1,42221,204,46779,54507,49835,53473,1387,0,2258,54507,49835,53473,0
50000,1,1,1,46,1,1,1,1,1,0,18594,18634,18574,15995,15507,14755,1828,1788,198,386,307,2561,1
110000,1,1,1,47,2,-1,-2,-1,-1,-2,70386,62231,0,55977,57590,164,0,62231,0,55977,57590,0,1
110000,2,1,2,44,-1,-1,-1,-1,-2,0,75623,68843,61082,69656,0,74792,75623,68843,61082,69656,0,20824,0
50000,2,3,2,29,0,0,0,-1,-1,-1,15177,14354,14570,16145,15192,14297,1894,913,1653,16145,15192,14297,0
90000,1,2,2,39,0,-1,-1,-1,-1,0,18066,15408,15930,15715,16678,18389,4087,15408,15930,15715,16678,1333,0
10000,2,1,1,21,0,1,2,2,0,-2,0,0,6540,6128,6338,0,590,0,368,378,745,0,1
200000,1,1,1,39,0,0,0,0,-1,0,55290,50352,54398,51396,46082,45962,9994,14767,3159,8793,46082,11902,0
170000,1,1,1,30,2,1,0,1,-1,-1,127450,124300,113867,114091,121289,128374,9129,3039,28006,3200,121289,128374,1
120000,2,1,2,29,1,0,2,0,0,0,80457,72800,74055,64580,69217,75491,2173,15589,1898,8474,8016,9689,0
50000,2,1,2,26,-2,0,0,-1,0,2,0,31091,29346,30397,29425,25657,0,9254,6253,30397,4395,1368,1
260000,1,1,2,42,0,0,0,-1,4,4,-1566,-1639,-1551,-1531,-1521,-1748,995,1522,697,2278,0,0,0
150000,1,1,1,49,-1,0,0,0,0,1,52089,52175,50065,49556,46001,44487,52089,9220,3296,13329,12935,0,0
240000,2,3,1,22,0,2,0,0,0,0,0,178739,188972,195610,198221,203786,1494,13471,34693,44935,22828,51822,0
150000,1,2,2,42,-1,0,0,-1,-1,0,0,0,0,93876,98198,94184,1773,658,1876,93876,98198,18705,0
120000,1,1,2,27,1,1,0,0,-1,0,-3275,-3622,-3352,-3534,-3931,-4245,0,0,1322,1617,106,1906,0
100000,2,2,2,21,1,0,1,0,0,1,35910,35443,37542,39019,37833,34230,2935,8130,0,8706,1210,342,0
180000,2,2,2,45,0,0,-1,0,0,-1,42489,40917,40058,35636,35878,32800,3985,4407,40058,10389,7682,32800,0
200000,2,1,2,28,0,0,1,0,1,1,90484,92801,94834,99673,98300,93204,26209,20106,8982,13841,3142,4373,0
80000,1,2,1,38,-1,-1,-1,0,0,0,9954,10671,11527,11374,11291,10088,9954,10671,11527,1474,1106,3022,0
500000,2,1,2,25,0,0,0,-1,3,-1,248515,266951,264568,274546,265068,255585,12946,32124,23656,274546,0,255585,0
300000,2,2,2,23,-2,-1,0,-1,0,1,162,53818,56002,60848,64154,67616,0,53818,13820,60848,12814,3489,0
90000,2,2,2,21,-1,1,0,2,0,2,-772,-782,-773,31037,32892,31429,2054,0,115,399,8068,472,0
330000,1,3,1,29,-2,-1,-1,-1,-1,-2,0,61929,56494,56466,51839,207,0,61929,56494,56466,51839,0,0
100000,2,4,1,36,0,0,-1,-2,-2,0,73538,67017,62461,0,0,45803,18416,19038,62461,0,0,2341,0
170000,2,1,2,31,-2,1,2,-2,1,1,220,102650,115247,41,107569,95653,0,4434,0,0,0,6284,0
140000,2,3,2,37,0,0,0,0,0,0,38732,39862,43433,42987,44157,50721,3531,1389,2591,8138,2379,9478,0
230000,1,2,1,52,0,-1,0,1,0,0,0,0,0,0,0,0,1599,1829,821,0,226,1446,0
100000,2,2,2,49,-1,-1,0,-1,-1,-1,40945,43510,42331,38689,33756,32977,40945,43510,1481,38689,33756,32977,0
100000,2,3,1,37,-2,-1,4,4,4,0,0,-1837,-2013,-1931,-2120,81552,0,340,0,0,0,13748,1
100000,2,2,1,41,-2,2,2,-2,-2,0,0,0,0,0,52,72803,0,0,0,0,0,8395,1
40000,1,1,1,38,0,0,0,1,1,1,5617,5251,5035,4654,4533,5087,1007,628,1490,0,0,408,0
300000,1,1,1,21,-2,-2,0,-1,-1,-1,0,99,68376,60290,60852,62812,0,0,19561,60290,60852,62812,0
30000,1,1,2,21,-1,0,-1,-1,0,-2,24449,20952,17902,15887,15758,0,24449,2365,17902,15887,1747,0,0
100000,2,3,2,45,-2,-2,1,1,-1,-1,0,157,27266,28862,26601,23624,0,0,2067,2799,26601,23624,0
220000,2,3,2,44,0,0,-1,2,1,0,111587,110216,101178,95418,86774,81524,10213,25144,101178,0,7076,4739,1
80000,2,2,2,50,0,0,0,0,0,0,38962,41130,35419,33035,29659,28128,5726,3877,4057,4546,4280,1319,0
500000,2,2,2,41,0,-2,-2,0,-1,0,174187,0,0,182038,194117,212479,23022,0,0,11172,194117,21813,0
150000,1,1,1,40,0,2,1,-2,-1,0,0,0,0,0,65102,67978,1250,0,0,0,65102,15167,0
350000,1,3,2,31,2,2,2,0,0,2,0,140031,142799,150980,167845,180866,0,9660,0,43735,40579,11328,1
170000,1,2,2,43,-1,-1,0,-1,0,-2,0,75630,69037,71206,71265,0,1039,75630,14376,71206,3999,0,0
50000,1,3,2,54,0,0,0,-1,0,-1,16613,18509,16482,14186,15020,14119,2775,2539,3928,14186,1759,14119,0
20000,2,2,1,35,1,1,1,1,0,1,3340,3014,3178,3341,3844,3882,65,241,179,47,1059,265,0
50000,2,2,2,37,1,0,0,0,0,-1,16921,17903,19492,20919,22515,21424,2029,2610,5822,5543,1128,21424,0
150000,2,1,2,41,0,-1,-1,0,0,1,86441,86344,80772,91611,96367,83400,10933,86344,80772,7425,7477,8117,0
190000,1,1,2,39,2,0,0,0,-2,-1,0,112929,111068,110007,0,111985,0,14242,25997,12733,0,111985,1
200000,2,2,2,39,0,0,0,-1,-1,0,30490,29724,33562,34664,31977,34609,3552,3657,2575,34664,31977,2674,0
190000,2,1,2,32,0,-2,2,-2,-2,-2,126889,63,101638,0,0,0,8974,0,4694,0,0,0,0
150000,1,2,2,37,0,0,-2,-2,-1,2,86353,91616,0,0,99579,101762,18518,16279,0,0,99579,10322,1
210000,2,2,2,26,0,0,2,2,3,-2,157637,151792,138278,155790,146639,0,29184,41270,7006,3534,14139,0,0
120000,2,1,2,47,0,0,0,0,0,2,0,0,0,0,58411,65084,1174,999,1538,1062,5263,5470,1
150000,2,1,1,33,-2,-1,-1,0,0,0,0,58117,52885,60027,66272,65068,0,58117,52885,8195,14684,18908,0
80000,1,1,2,26,0,0,0,-2,2,-2,0,0,0,0,45272,0,1759,632,612,0,4947,0,1
100000,2,2,1,39,-2,1,0,-1,0,0,0,12143,12729,13523,14123,14935,0,0,3289,13523,2733,2679,1
120000,1,2,2,42,0,0,0,0,0,0,0,33492,34805,33413,35440,35010,618,7344,2939,8740,10500,3937,0
20000,2,1,2,30,0,0,-1,4,0,0,0,0,0,0,0,9724,1059,1363,2974,0,1346,2211,1
200000,2,1,2,21,0,-1,-1,1,-2,-2,38316,38988,41344,42622,0,0,2908,38988,41344,0,0,0,1
120000,2,2,1,30,-1,-1,1,1,0,0,66497,63239,58654,54236,56474,58059,66497,63239,0,6292,12651,1969,0
80000,1,2,2,50,-1,-1,2,0,-1,0,0,0,0,0,0,71525,1481,272,0,373,1963,19503,0
220000,2,1,2,43,0,0,0,0,0,1,0,0,0,117189,105834,100041,1796,86,806,17961,27977,10556,0
10000,2,3,2,23,-1,0,0,7,7,0,4377,4471,4987,5320,5342,4701,4377,441,1097,240,434,1216,1
200000,2,1,1,26,1,0,0,0,1,2,0,0,0,0,84653,86024,0,1521,444,1510,0,0,0
130000,2,1,2,32,0,0,2,2,-2,-2,0,0,0,0,0,0,616,948,0,0,0,0,0
50000,2,3,1,35,1,-2,-2,-2,-1,-2,10442,0,55,0,9406,0,446,0,0,0,9406,0,0
500000,1,2,2,29,2,2,1,1,0,0,326082,314494,299819,303440,322539,319933,0,35595,9858,0,55330,94906,1
20000,1,1,1,28,0,-2,1,1,-1,0,0,0,0,0,4845,4811,547,0,0,0,4845,1272,0
190000,1,1,2,46,0,0,0,0,0,0,23415,21793,24162,26156,27257,30116,5389,4416,4232,6124,3127,2078,0
130000,2,3,1,46,-1,0,-2,1,0,0,74214,79142,0,84146,73644,71487,74214,5457,0,1084,18863,21171,0
300000,2,2,1,26,2,0,0,0,-1,0,165270,149770,142079,153332,168649,165962,6012,37810,38360,7694,168649,49479,0
190000,1,1,1,25,0,0,0,2,0,0,110527,122259,118222,116582,124004,127734,30312,5943,4899,0,18835,7605,1
80000,1,4,2,32,-1,-1,0,0,0,0,50987,46955,42633,38671,34280,31991,50987,46955,1300,2504,1333,2574,0
200000,1,2,1,44,3,-2,-2,0,0,0,86255,0,0,77355,85045,93200,6806,0,0,18394,17252,27958,0
120000,2,2,2,44,0,0,-2,2,0,0,82696,76004,179,83878,76132,75522,8543,5990,0,8882,19075,3859,0
30000,2,1,2,28,1,0,0,0,0,0,0,0,0,0,0,0,0,1041,831,983,850,149,0
170000,2,1,1,30,0,0,0,0,0,-2,45811,47283,42957,43647,50182,0,10821,4864,12204,7451,10339,0,0
160000,1,2,2,47,2,0,-1,-1,0,0,91103,96597,108424,116522,115028,100354,2625,3912,108424,116522,29881,14640,0
150000,2,2,1,31,1,0,0,0,-1,-1,90801,83755,88822,85474,79601,71723,5973,18415,17620,7932,79601,71723,0
80000,2,1,2,43,-2,-1,1,1,0,0,0,25489,27463,27075,24803,25754,0,25489,0,2552,5242,4905,0
110000,2,1,2,37,1,1,0,8,8,8,68014,64485,70425,74958,69603,71667,4912,0,5535,0,1280,5284,1
100000,2,3,1,37,1,1,0,-2,-2,-1,0,0,0,0,0,27585,0,0,1899,0,0,27585,0
70000,1,2,1,30,-2,-2,-2,1,0,0,0,0,0,22255,21223,21429,0,0,0,709,5365,1203,0
110000,2,1,2,37,-1,-1,0,0,0,-1,0,0,0,0,0,0,1848,1826,322,289,1355,1346,0
390000,1,3,1,42,-2,-2,-1,-1,-1,-1,0,0,68993,79426,88759,83290,0,0,68993,79426,88759,83290,0
240000,2,1,1,28,-1,-1,-1,-1,-2,-2,70886,79415,76511,74653,292,0,70886,79415,76511,74653,0,0,0
130000,2,1,1,45,-2,-1,-1,-1,1,0,0,65041,70804,68713,68134,65875,0,65041,70804,68713,4697,14757,0
110000,2,1,1,50,0,1,0,-2,0,-1,61282,57136,60234,156,61804,53875,10626,904,11095,0,15797,53875,0
150000,2,2,1,35,0,1,1,0,0,1,0,0,27931,31918,31286,28314,1253,0,1299,8852,4855,0,0
300000,2,1,1,41,0,0,0,0,0,1,201349,197816,181387,168783,157008,165753,21215,14783,20237,48333,26286,6524,0
110000,2,3,1,23,0,1,1,1,0,0,35964,34834,38026,40145,43687,39146,2603,2202,4431,4477,4100,10638,0
230000,2,1,2,33,0,0,-1,0,0,-2,138971,148696,160401,148435,146156,0,22116,23687,160401,15773,21911,0,0
110000,1,2,1,44,0,0,1,0,0,-1,24735,24264,24723,27205,29231,30801,4690,1065,350,4286,6252,30801,0
110000,1,1,1,28,2,2,0,0,-1,-1,41670,44411,47969,45220,50620,52802,0,3678,11768,2024,50620,52802,0
180000,2,2,2,38,-2,-2,-2,0,0,2,201,0,213,113044,100302,96553,0,0,0,6933,11568,0,1
240000,1,2,2,33,0,-1,-2,-2,-1,0,99983,89231,0,0,70933,68292,22946,89231,0,0,70933,18789,0
100000,2,4,1,42,-1,-1,2,0,1,0,75981,73069,67645,65983,72042,65476,75981,73069,0,14883,6284,13999,0
200000,1,2,1,42,0,0,0,-1,0,1,97199,99946,97656,90650,97437,97815,18526,4117,10677,90650,28278,0,0
300000,2,2,2,32,0,0,1,1,1,-2,166915,183774,198683,194219,172313,0,36806,18804,9167,11326,0,0,0
90000,1,1,1,46,-1,-2,-1,1,0,0,32938,0,28502,33110,32369,33525,32938,0,28502,3492,7746,6949,0
150000,1,2,1,40,0,2,2,1,1,-1,0,0,0,87703,84116,92798,1979,0,0,0,4823,92798,0
110000,2,1,2,28,-2,-2,0,1,1,0,258,181,14756,13287,14238,14254,0,0,1018,485,1102,2374,1
200000,2,1,1,48,-2,-2,-1,3,3,1,0,11,106178,105295,113326,114596,0,0,106178,8194,5597,5206,0
540000,1,3,2,29,2,2,2,2,2,0,437362,385865,392070,434719,396199,397200,50384,27065,42272,33050,31905,68113,0
500000,1,2,2,26,0,-2,-1,1,0,0,351478,0,337444,358546,324521,281667,72135,0,337444,13801,93724,64629,1
50000,1,3,2,31,0,-2,-2,0,0,-1,11906,0,0,11932,10812,10090,2188,0,0,436,1145,10090,0
120000,1,3,2,40,-1,-1,0,-2,-2,-1,30044,29608,28329,0,0,25630,30044,29608,3292,0,0,25630,0
170000,1,2,2,49,2,0,0,2,-1,0,130949,119048,123909,119974,110341,120595,14632,22848,30670,1282,110341,4095,0
170000,1,3,2,35,0,0,2,2,0,0,148521,152275,143357,140044,128452,119961,25034,45648,14421,14338,5278,34786,0
10000,2,1,1,28,2,-1,0,1,-1,-1,5566,5608,5243,5573,5807,6398,398,5608,1225,369,5807,6398,1
200000,1,3,2,49,0,1,0,0,-1,-1,0,0,0,0,77948,69084,856,0,1768,1,77948,69084,1
60000,1,2,2,37,-1,0,1,1,0,0,0,0,26120,23937,25944,23509,465,523,0,1379,5932,4651,0
10000,1,2,2,44,-1,0,0,-2,-2,-1,0,0,0,0,0,4625,2513,200,1836,0,0,4625,0
150000,2,2,1,29,0,0,0,0,-2,-1,0,25475,26664,24476,0,24892,1933,4470,4031,5297,0,24892,0
340000,2,2,1,36,0,-2,-2,-1,-1,0,36650,270,120,34375,32984,34114,2043,0,0,34375,32984,6978,0
160000,1,1,2,24,1,1,-1,1,0,0,0,107400,105406,102277,105553,91953,0,4036,105406,10656,23397,8132,0
50000,1,2,1,23,0,0,0,2,3,4,0,0,0,0,0,0,1899,1441,57,0,0,0,1
200000,2,2,1,54,0,0,0,0,0,0,59975,60112,64589,64043,65669,65935,13562,11824,15750,4337,7518,6336,0
340000,2,3,2,34,0,1,1,0,0,0,0,-2679,-2623,-2592,-2699,-2695,1320,0,0,82,1755,1253,0
120000,1,2,1,46,1,0,0,-1,-1,-2,68871,64894,62248,54653,50825,119,7240,13619,3910,54653,50825,0,0
110000,2,2,2,24,2,-1,-1,0,0,0,0,0,50831,47724,50235,55177,0,1323,50831,13990,2330,6734,0
300000,2,2,2,38,0,-1,0,0,0,0,0,0,0,0,120748,102364,969,2506,171,124,26644,15934,0
190000,2,3,1,40,-2,1,0,0,2,2,0,109285,113299,126893,113766,120416,0,0,14357,17909,6244,8700,0
100000,1,1,2,36,1,1,0,0,0,-1,0,0,0,0,11070,12180,0,0,339,1637,1317,12180,0
130000,1,3,2,39,-1,-2,-1,-2,-1,-1,14263,0,15092,0,14989,14153,14263,0,15092,0,14989,14153,0
60000,2,2,2,50,-1,0,1,0,-2,0,16353,17282,16576,17506,0,15964,16353,2534,1687,2833,0,1184,0
390000,2,1,2,42,-1,-1,0,1,0,0,74874,85954,85576,93079,104640,108753,74874,85954,15785,6291,23160,22304,0
250000,1,3,2,43,0,0,0,0,-1,0,131116,122744,113631,120633,109612,107012,5994,4256,3418,4157,109612,11595,0
170000,1,3,2,27,1,0,0,1,2,-2,95400,87606,82922,78849,75302,0,2091,7237,19889,4874,1404,0,0
150000,1,3,2,26,0,0,1,1,1,0,27388,31281,29910,32522,29518,28039,4542,3417,812,1635,1828,3382,1
150000,2,2,2,37,-2,-2,1,0,0,-1,0,132,92022,85586,77185,80037,0,0,2352,10124,8939,80037,0
130000,2,1,2,50,0,-2,-2,-1,0,-2,36619,0,133,35786,39491,0,10214,0,0,35786,2647,0,0
140000,1,1,2,46,0,0,0,0,-1,-1,0,0,0,24378,25916,23827,302,1040,1471,6110,25916,23827,0
320000,2,1,1,27,0,1,1,0,-2,-2,0,0,0,0,0,0,1714,0,0,1334,0,0,0
100000,1,1,2,38,1,1,2,3,2,-1,41067,41024,44598,48625,45748,51111,3368,640,2114,0,1057,51111,0
170000,2,3,2,42,-1,-1,0,-1,0,0,0,0,0,65175,62323,66891,1617,1980,1718,65175,14185,6881,0
170000,2,3,2,39,2,1,1,1,1,0,98292,103434,93956,100341,91468,87218,10928,9909,7248,4633,9575,16753,0
150000,1,1,1,31,-2,-1,-1,-2,1,-2,151,46162,48824,0,61370,0,0,46162,48824,0,6991,0,0
180000,2,3,1,38,0,0,0,-1,0,0,95014,101253,103002,106833,115672,99685,12740,16031,16418,106833,24543,28282,0
150000,1,1,2,30,0,2,-1,0,0,0,-406,-397,-451,-407,-427,50573,1122,0,1362,134,1937,4127,0
140000,2,3,1,35,1,0,1,1,0,0,31265,33185,29071,28093,27412,26297,3024,2580,0,306,8131,3550,0
120000,2,1,2,22,0,1,1,0,-1,0,61548,58434,59231,67849,73534,79575,13994,2077,6353,8155,73534,13958,0
130000,2,2,1,34,-2,-2,-1,-1,1,0,0,0,63232,63677,66372,56040,0,0,63232,63677,7553,8193,0
50000,1,2,1,30,-1,-1,-1,-1,2,0,51495,50220,50665,50098,52500,47821,51495,50220,50665,50098,5148,8564,0
80000,1,3,1,46,0,0,2,2,1,0,41553,36792,35675,38726,41722,46248,12405,10989,1184,905,0,13751,1
50000,1,2,2,34,2,0,0,0,0,-1,29684,31418,34686,31154,30722,30510,507,5846,1095,6676,8278,30510,0
140000,1,3,2,21,-1,2,1,0,0,-1,95549,104011,92124,82983,77032,80404,95549,0,0,5736,5441,80404,0
30000,2,2,2,43,1,1,0,1,2,-1,0,0,0,0,0,24414,0,0,438,0,0,24414,0
210000,1,3,1,23,0,-1,1,-1,-1,0,0,91341,99361,112143,110968,119991,1504,91341,11718,112143,110968,7064,0
50000,1,1,2,30,-1,-1,0,0,0,4,16097,17068,16806,16532,17727,18388,16097,17068,4377,1640,3171,372,1
90000,2,2,2,38,0,0,0,-2,-2,-2,25946,27886,26137,0,0,0,2355,1464,5034,0,0,0,0
180000,2,3,2,29,1,-2,0,-2,-1,0,24451,0,27229,0,34102,36975,0,0,4827,0,34102,1344,0
20000,2,2,1,41,1,0,2,1,1,0,21000,21000,20314,19289,19502,17538,995,3377,2143,1085,0,3994,0
280000,2,1,2,35,0,-1,0,-1,0,8,110554,109001,107168,114897,123852,121567,14766,109001,15289,114897,16690,8474,1
120000,2,2,1,32,0,0,-1,-1,-1,-1,46247,45788,44479,48631,44674,47374,8028,9425,44479,48631,44674,47374,0
300000,2,2,1,38,-2,-1,-1,0,-2,-1,273,68643,66441,69822,231,61796,0,68643,66441,17036,0,61796,0
150000,2,2,2,43,1,0,-1,0,0,0,49796,50699,53128,55322,52450,59447,3632,7100,53128,1962,8754,17212,0
150000,2,3,2,24,-2,-1,-1,-1,-1,-1,162,10945,10954,11667,12963,13739,0,10945,10954,11667,12963,13739,0
290000,2,1,1,32,0,0,-1,2,2,2,127311,131864,136400,141629,127721,140650,5073,28458,136400,11200,0,6175,0
130000,2,2,2,27,-1,0,-2,-1,-1,-1,38692,34280,0,33218,33333,29235,38692,4831,0,33218,33333,29235,0
200000,2,2,1,42,0,2,2,-1,0,0,0,0,0,0,0,0,928,0,0,301,1456,1852,0
500000,2,2,2,31,0,0,0,2,0,0,0,475434,439479,431657,493603,482277,1760,131676,52144,42842,39214,129516,0
150000,1,2,2,36,1,1,0,1,0,0,18928,19648,20486,20316,19786,19796,957,2036,5811,279,2645,3125,0
40000,1,2,2,21,0,2,0,0,-1,1,29220,31702,34127,38267,33311,29605,4957,0,2818,2385,33311,1362,1
80000,2,2,2,31,-2,1,1,-1,0,0,0,23804,21978,24373,26602,25966,0,2032,1096,24373,5073,2052,0
500000,1,1,2,47,3,3,3,1,2,1,0,0,0,311674,340526,319962,0,0,0,0,0,0,0
60000,2,2,2,35,-1,-1,-2,0,1,2,34164,31578,0,31676,30712,33118,34164,31578,0,6298,1544,2455,1
300000,1,3,2,31,1,0,6,0,1,0,115752,125332,131754,125960,117938,117753,5308,30377,3108,12557,5398,5108,1
100000,2,1,2,41,-1,-1,0,0,-2,0,0,0,0,38839,0,45389,2464,2098,931,11177,0,12431,0
150000,2,2,1,36,0,-2,1,2,-1,-1,110902,0,112655,104936,103864,94459,17754,0,2125,2396,103864,94459,0
150000,2,3,2,33,1,1,1,0,-1,0,71150,64578,72518,69908,73587,75782,0,1755,4658,11502,73587,7749,0
190000,2,2,1,21,2,1,0,-1,-1,-2,103669,109467,110300,123202,122937,145,10254,8010,23469,123202,122937,0,1
90000,2,2,1,21,-1,0,0,0,0,0,46213,45687,42615,44173,44303,41071,46213,7335,1298,8812,9606,11499,0
270000,2,1,2,24,0,-1,0,0,-1,-1,46779,47329,43375,42125,41337,38008,10571,47329,11674,4268,41337,38008,0
170000,1,1,2,45,1,1,1,0,1,2,139242,130275,147671,156148,167856,149643,0,15463,0,20602,19661,17935,0
120000,1,4,2,37,0,-2,0,0,-1,0,50684,0,58842,56865,55416,57812,7290,0,5261,10099,55416,16026,0
110000,1,3,1,38,0,1,-1,-1,-1,0,21000,19935,20532,17473,18596,20238,4102,0,20532,17473,18596,2595,0
500000,2,2,1,43,0,0,0,2,2,-2,242012,231888,211719,218804,246254,0,66534,32619,60105,0,20058,0,1
80000,2,1,1,33,-1,1,1,1,-2,-2,0,0,0,0,0,0,1334,0,0,0,0,0,0
50000,2,3,1,31,0,1,2,1,-1,-2,36126,32574,31208,29935,31185,0,3137,3395,0,2630,31185,0,0
50000,2,2,2,44,-2,-2,-2,-2,0,-1,0,0,181,56,9059,8466,0,0,0,0,2454,8466,0
150000,2,2,1,36,8,0,0,1,-1,0,134220,127898,119534,106189,92956,93760,0,36942,30855,1080,92956,11508,1
240000,2,2,3,51,-1,-2,0,-1,-1,0,47073,0,48330,54589,52539,46683,47073,0,6025,54589,52539,1428,0
60000,1,2,1,44,2,0,0,0,0,-1,50292,46137,44926,40610,41008,39227,0,12248,6682,8843,6285,39227,0
190000,1,2,1,49,0,0,0,0,0,0,22771,19719,22137,24298,25869,27508,3191,3496,6058,6270,7293,2978,0
420000,2,1,1,43,0,0,0,-1,0,2,240645,259789,243994,217476,210908,201501,52625,25897,12901,217476,38465,23962,0
100000,2,1,2,35,1,0,2,2,-1,-1,57142,63577,72494,75246,67210,67362,6582,10718,1646,2790,67210,67362,0
240000,2,2,1,39,-1,0,0,0,0,0,75309,75630,73371,66092,66741,63296,75309,7589,7575,10747,8290,15561,0
400000,2,2,2,38,-2,-1,-2,-1,0,0,0,124714,102,135691,152705,140286,0,124714,0,135691,24596,5685,0
200000,1,1,2,46,1,0,0,0,-1,0,80503,75448,83944,80575,76154,88167,8679,17027,19880,18205,76154,4513,1
100000,2,3,2,33,-1,0,0,0,2,2,31541,33888,36339,39174,37429,36792,31541,2948,7611,6142,1593,0,0
180000,2,1,1,45,-1,4,4,4,1,0,89403,93179,101162,96124,89518,83631,89403,7671,5599,9800,4053,7944,1
150000,1,1,1,28,-1,0,0,1,-1,1,68620,72209,80188,90154,82250,81266,68620,8782,23506,8527,82250,0,0
140000,1,1,1,32,-1,0,-1,-1,4,4,90217,90022,91807,82947,85052,86740,90217,21136,91807,82947,0,5548,1
300000,1,2,2,36,1,0,-1,1,1,1,128229,110782,101093,98727,94273,104427,0,3365,101093,5559,1258,4963,0
140000,1,1,1,51,-2,-2,-2,-1,-1,0,0,82,231,36138,32041,28665,0,0,0,36138,32041,6148,0
80000,2,1,1,34,-1,-1,0,-1,-1,-1,22400,21940,20933,19341,19864,18483,22400,21940,3335,19341,19864,18483,0
30000,2,2,2,38,1,1,0,-1,0,0,5445,5365,4800,4985,4812,5284,539,0,1171,4985,611,830,0
260000,1,1,1,24,0,0,-1,-1,0,0,41003,40170,37588,35648,34490,36144,11579,3489,37588,35648,6634,6929,0
110000,2,1,2,36,0,-1,0,-1,-1,0,48855,51827,47242,46622,46355,41955,4566,51827,12103,46622,46355,7731,0
160000,2,2,2,28,-1,0,-1,0,0,-1,35952,31340,32487,32596,32472,32449,35952,3008,32487,5801,2648,32449,0
160000,2,3,2,30,1,0,0,0,0,2,157733,139834,118429,114300,98959,108367,2614,5620,22700,29766,20401,0,1
20000,2,2,2,39,2,0,0,0,0,0,0,0,0,9691,8495,8546,0,1789,794,1148,1463,1891,0
100000,2,2,1,43,1,0,1,0,0,0,36778,36841,36742,37168,32527,33387,3112,4750,0,4985,7475,4800,0
200000,1,3,2,21,-2,-2,-1,-2,0,0,0,0,35773,0,33673,34352,0,0,35773,0,6551,2852,0
150000,2,3,2,25,2,2,-2,0,0,0,106882,102081,0,92389,101698,94877,6720,0,0,12750,27872,26019,1
310000,1,4,1,27,2,0,-1,0,-1,0,-268,-244,-246,-266,215112,206970,0,1479,2555,1137,215112,20296,1
240000,1,2,2,39,-1,-1,0,0,-2,-1,98180,84230,88743,95315,0,113009,98180,84230,14814,26137,0,113009,0
150000,1,1,2,29,1,0,-2,-2,0,0,51389,55410,0,0,47680,51278,4322,14449,0,0,6819,13013,0
300000,2,1,1,39,2,1,0,0,1,-2,145802,129513,126103,114126,112912,0,0,0,36245,24811,11134,0,0
190000,2,3,2,44,1,1,1,0,0,0,137801,123192,126139,130874,128939,128215,13729,0,10826,12146,7096,18508,0
300000,2,1,2,33,0,1,1,1,0,0,0,0,0,0,0,0,861,0,0,0,484,452,0
70000,1,2,2,40,0,-1,-1,0,0,0,0,0,0,26941,26094,26739,1984,2772,2993,6677,948,6185,0
60000,1,1,2,50,0,0,0,-2,-1,-2,13744,14604,12846,0,12080,0,2615,1550,1641,0,12080,0,0
200000,1,2,1,28,-2,2,3,3,3,0,172,76751,80504,75623,68266,72138,0,1986,0,8013,7243,15318,1
180000,1,2,2,30,0,0,1,0,-2,-2,110026,119657,125411,138436,30,0,4221,32983,9671,35550,0,0,0
60000,2,2,1,45,0,1,0,0,0,-1,0,22792,24565,27196,27551,27660,17,0,1863,5976,3504,27660,0
80000,1,2,2,39,-2,-2,-2,-1,0,0,0,0,0,43612,39761,37749,0,0,0,43612,7932,9836,1
150000,1,2,2,22,0,0,0,0,0,-2,51047,59329,58457,50820,52783,0,15042,15286,11659,1765,8976,0,0
200000,2,3,2,21,3,2,0,3,1,0,85314,90498,90829,87908,82984,77925,4456,0,16631,8657,0,10707,1
300000,2,1,2,34,2,0,0,-1,0,-1,174369,167045,174158,202090,232901,222543,20585,48861,38187,202090,60687,222543,0
50000,2,2,1,45,2,1,-1,0,-2,-2,26305,25281,23930,22581,0,0,0,348,23930,4279,0,0,1
110000,1,1,1,44,0,5,5,5,3,2,78671,90569,88799,84801,79308,78046,17981,6583,3789,9943,1888,0,1
50000,2,1,2,50,-1,3,2,0,-1,-1,22302,22197,22274,21160,19124,21440,22302,2124,867,5043,19124,21440,0
130000,1,2,1,42,-1,-2,-2,-2,1,1,-1302,128,0,0,82670,72575,1669,0,0,0,1356,5392,0
100000,2,2,2,37,0,0,-1,-2,-1,0,45831,44465,44835,0,46238,51721,10160,1797,44835,0,46238,3722,1
130000,1,1,1,42,0,0,0,0,0,-2,30629,33788,35755,31920,31726,194,5471,2139,1309,2448,6653,0,0
80000,1,2,2,21,0,-1,-1,-1,-1,-1,14754,13309,13447,14032,14102,12827,3413,13309,13447,14032,14102,12827,0
50000,2,1,2,36,-2,-2,0,0,2,1,0,0,0,0,0,19133,0,0,184,406,0,1940,1
150000,1,2,1,21,2,3,0,0,2,0,136401,137802,125970,121964,115455,104570,0,4414,14955,6447,4723,23336,1
170000,2,1,1,21,0,2,1,1,2,-1,75062,70745,75877,72721,69961,69804,11044,2031,2772,4746,4612,69804,1
100000,2,2,2,24,-1,0,5,0,-1,0,100429,93579,82826,85348,77236,71722,100429,20524,3294,15467,77236,8694,1
30000,1,2,3,37,-2,-1,0,-2,-2,-2,113,-3432,-3535,0,0,0,0,1644,592,0,0,0,0
150000,2,2,2,41,0,0,0,0,0,0,48568,50352,43521,44033,46579,44225,7264,7479,2589,6637,3323,6110,0
140000,1,2,2,37,1,-1,0,0,0,0,0,0,0,0,0,30381,0,1702,1938,314,503,3118,0
100000,1,1,2,21,-1,0,-2,1,0,0,41319,37911,0,34980,31679,31352,41319,9468,0,3763,9046,974,1
110000,1,2,1,23,0,0,-1,0,0,-2,44857,40270,42640,42813,45441,0,8770,3162,42640,12739,7261,0,0
80000,2,2,2,26,-2,0,0,0,-1,0,0,0,0,0,26541,26566,0,1664,854,1687,26541,3167,0
140000,2,2,1,35,0,0,0,0,0,0,-4259,-4847,-4350,-3866,40442,38235,793,1605,1752,761,7289,6872,0
100000,1,2,1,40,0,0,0,0,0,0,46486,50799,50043,43081,38961,36339,12425,13587,4993,3124,11122,7304,0
540000,2,2,1,51,-2,-2,-1,0,1,0,0,22,291370,255375,247119,219310,0,0,291370,36042,23019,42289,0
390000,1,1,1,38,0,2,-2,0,0,0,281718,297652,0,257531,234664,223811,77678,26252,0,10786,24234,22247,0
90000,2,4,2,26,0,0,-2,0,-1,-1,55633,48282,0,46091,50153,44638,3046,4468,0,11783,50153,44638,0
100000,2,1,2,25,2,1,2,1,2,2,53860,58919,63945,59507,60926,56046,4032,4386,0,5997,0,0,0
140000,1,1,1,29,0,0,0,-2,0,0,0,0,17142,0,17447,16448,1388,1688,4619,0,5207,1249,0
70000,2,1,1,40,1,0,2,0,0,1,0,0,0,32895,32346,35357,0,1706,0,9231,4904,966,0
10000,2,2,2,35,0,1,1,0,-1,0,3933,3413,3328,3145,2699,2764,465,362,217,125,2699,647,0
90000,2,3,2,41,0,-1,0,2,2,1,50113,48352,44146,47159,48024,50831,13008,48352,12261,5302,938,3389,1
140000,1,2,1,38,0,0,0,0,1,0,75494,81915,79330,79429,80307,74685,16165,21503,5867,14010,9099,11985,0
10000,2,1,2,28,1,1,0,2,1,2,0,0,0,8134,7219,6334,0,0,648,0,395,0,0
70000,1,2,2,33,2,2,-1,1,-1,2,67911,63315,55815,60458,57768,60179,4468,4109,55815,6776,57768,3437,0
170000,1,2,1,34,0,5,-2,0,2,1,129406,128204,0,119870,114129,113418,6845,0,0,26749,0,4019,1
140000,1,1,2,21,2,2,2,0,-1,0,60825,57021,62659,64253,60602,65999,1903,6145,0,9008,60602,19758,0
20000,2,1,1,49,-2,-2,-2,0,2,2,0,0,14,15843,15294,17559,0,0,0,4312,1576,901,0
50000,2,2,1,26,-1,0,-2,-2,-1,0,23887,23397,93,0,20607,23221,23887,804,0,0,20607,2049,0
240000,1,1,2,42,-1,-1,0,0,1,-1,32065,32176,34573,33528,35866,37664,32065,32176,5397,5037,935,37664,0
120000,2,2,2,36,-2,-2,2,1,0,0,0,0,0,0,0,64438,0,0,0,0,1849,5277,0
30000,2,1,2,37,0,-1,1,-1,1,1,10161,9551,8975,10099,9454,9830,1944,9551,929,10099,451,0,0
140000,2,3,1,33,0,2,2,0,0,-1,59247,67126,72760,75467,75186,66624,3094,4589,4683,6840,3424,66624,0
150000,1,3,1,31,0,0,1,1,0,0,47558,45012,46376,45358,38989,43701,10170,12238,1429,0,6836,4164,0
500000,2,3,2,24,-2,0,0,-1,0,0,0,250488,219084,245086,214753,246117,0,52710,41185,245086,52381,43389,1
80000,1,2,2,41,0,0,-2,-1,0,0,0,0,0,31650,30289,31415,363,862,0,31650,5337,2187,0
190000,2,1,1,36,0,1,0,0,-2,-1,158716,160148,166873,162469,0,153185,12246,10248,20551,32497,0,153185,0
160000,2,1,1,29,-2,-2,-1,0,0,1,254,0,57599,55214,60679,53047,0,0,57599,6304,15375,0,1
100000,1,1,2,32,1,0,1,1,0,0,40005,42214,37579,37344,37078,38266,0,6040,2402,2396,9397,4543,0
650000,1,3,2,30,0,2,1,0,1,-2,497544,448689,402931,432435,413602,40,128744,13323,8744,41838,25782,0,0
500000,2,1,2,35,-2,-1,2,0,1,1,0,-2415,-2502,0,0,270976,0,697,0,1578,0,0,0
140000,1,2,2,27,-1,1,0,-1,-2,-2,-331,-305,-296,-329,0,172,255,0,204,2775,0,0,0
200000,2,2,2,34,0,0,-2,-2,-2,0,74596,74487,187,0,0,66147,13841,19386,0,0,0,10027,0
140000,2,2,2,29,2,2,3,-1,0,-2,42911,46757,43771,45144,46336,0,4024,5395,0,45144,5075,0,1
100000,1,2,1,34,-1,0,-1,2,0,6,76118,74994,78124,85431,81944,75266,76118,16135,78124,1358,18796,1491,1
110000,1,2,2,51,-1,-1,-1,-1,0,2,94110,81670,71278,71244,70789,66145,94110,81670,71278,71244,17431,1615,0
150000,2,2,1,52,0,2,2,0,0,1,94713,90877,92270,88292,77714,83165,11817,0,5329,10934,9377,0,0
130000,1,2,2,41,0,0,0,0,0,0,19525,18399,17211,17479,17535,17318,1424,3978,4023,4260,1060,2825,0
120000,2,2,1,43,0,-2,-2,-1,-1,2,60904,159,268,51902,45470,51078,15113,0,0,51902,45470,3051,0
80000,1,3,2,37,1,0,0,0,-1,-1,16568,16582,16823,15595,15963,15585,872,1267,4793,4031,15963,15585,0
190000,1,1,2,36,-1,-2,-2,-1,-1,0,71178,0,67,62300,59727,55304,71178,0,0,62300,59727,15630,0
100000,2,1,1,39,0,-1,0,0,0,0,42402,37967,34394,37431,40351,39437,9746,37967,4998,10475,6696,7278,0
230000,1,2,1,25,0,-1,0,2,2,3,198493,200264,196408,201287,194951,191205,38562,200264,38469,22881,17726,14519,1
80000,2,2,1,32,0,1,0,0,-2,0,40311,40518,40614,36336,137,37366,9354,3307,9476,3283,0,8240,0
150000,2,2,2,48,-2,-1,-1,-1,0,0,0,0,0,0,0,0,0,919,2114,2165,1511,351,1
110000,1,2,1,31,0,0,0,0,0,2,62403,56538,51778,53685,52211,56970,15532,4323,12078,15940,10212,0,1
270000,1,3,2,46,-1,-2,-2,-2,1,0,115186,45,0,0,104808,98353,115186,0,0,0,3492,19867,0
50000,2,2,2,33,0,-2,-2,0,0,0,0,0,0,0,0,7633,687,0,0,1752,314,335,0
210000,2,1,1,45,-1,-1,-1,-2,1,0,38263,33575,34722,0,33649,33686,38263,33575,34722,0,2106,1704,0
60000,2,2,2,41,0,-1,-1,0,1,0,17595,18323,16544,15491,16717,14819,3106,18323,16544,750,679,1851,0
120000,2,1,1,43,0,1,1,0,2,-1,67729,64682,66105,68527,62755,60562,7344,7600,0,6042,6558,60562,0
90000,2,2,2,36,-2,-1,0,1,0,-2,0,0,0,11997,12519,0,0,1823,1166,0,3600,0,0
70000,2,1,2,42,2,-2,-2,0,0,0,0,0,39,0,-4340,-4007,0,0,0,838,1463,76,0
50000,2,2,2,21,2,2,1,0,0,0,0,0,0,0,34549,33224,0,0,0,1947,10276,9266,1
90000,1,2,1,40,3,2,0,1,2,0,-299,-304,-323,68900,72666,62496,0,0,1804,5172,6298,12447,0
80000,2,1,1,26,0,1,-1,2,1,1,0,46468,42276,43717,40112,42837,342,4527,42276,0,0,2420,0
130000,1,2,2,41,1,-1,0,0,0,-1,52653,52615,51551,55106,57206,62252,823,52615,2275,12862,8194,62252,0
320000,2,2,2,21,0,0,-1,1,0,0,77193,75694,68293,74333,70724,74919,7381,20370,68293,6942,11739,22317,0
100000,2,2,2,44,-1,0,0,-1,-1,-1,26254,23261,25090,26723,28277,32264,26254,3334,2775,26723,28277,32264,0
80000,1,2,1,42,-2,0,0,0,-2,-1,0,11866,13238,12112,0,11814,0,2838,3268,1043,0,11814,0
80000,2,2,2,41,0,-1,-1,-1,-1,0,43551,42136,44482,50274,48470,42109,9961,42136,44482,50274,48470,11777,0
50000,2,2,1,26,0,2,0,-1,-1,-2,0,0,0,0,0,0,1181,0,981,2461,1235,0,0
500000,1,1,2,37,-1,-1,-1,-1,-2,-1,277519,295051,252515,214751,288,188007,277519,295051,252515,214751,0,188007,0
210000,2,2,1,35,0,0,0,1,1,-2,135962,121069,120255,112736,106200,0,4675,16906,4882,10180,0,0,0
80000,2,2,1,34,0,-1,-2,0,0,0,31474,35474,0,38181,37237,36118,6329,35474,0,4772,9001,6444,0
50000,2,1,2,41,1,0,1,0,0,-2,25225,26427,25502,24866,25214,125,849,7331,0,6491,1252,0,0
160000,2,1,2,26,-2,2,1,0,2,-2,120,141698,141341,131609,137993,0,0,0,7994,10454,0,0,0
150000,2,1,1,21,0,-1,0,0,-2,-2,0,0,30308,32812,0,0,1819,1274,1536,3788,0,0,0
290000,1,1,1,42,-1,-1,0,0,0,0,0,0,0,0,0,107466,938,1152,773,831,926,29878,0
110000,1,2,1,32,2,2,1,0,0,-2,-3792,-3584,0,0,0,0,0,0,0,79,1372,0,1
180000,1,4,2,36,0,-2,0,1,1,-1,0,124,0,0,0,68290,1699,0,1144,0,0,68290,0
30000,1,1,1,36,0,0,0,0,0,0,0,0,13836,14648,14739,13623,298,1791,2322,2053,2979,3112,0
130000,2,1,1,45,0,1,0,0,0,0,16303,16711,18620,17636,17021,16770,2582,830,3386,2820,2093,4694,0
170000,2,3,1,50,0,0,0,0,0,0,14623,14896,14681,16469,17669,16141,2129,1578,3653,4436,2131,4536,0
90000,1,2,2,26,3,2,0,0,0,0,48594,44215,46017,49510,47348,51578,5678,0,4299,12486,5995,1942,1
120000,1,1,2,32,0,0,0,0,-1,0,66955,71281,71037,65960,60532,61519,17123,9888,18118,6174,60532,13019,0
200000,2,2,2,39,1,2,0,0,2,-1,155335,168145,153844,147481,139046,150977,0,8111,36313,26564,4440,150977,0
80000,2,1,2,32,2,1,-1,0,-1,1,44481,39650,41832,44944,41557,36375,3737,2147,41832,4888,41557,4128,1
80000,2,1,1,28,2,1,0,0,0,0,31989,28615,32643,31878,30221,30829,1209,1208,4261,7868,4807,1540,1
290000,2,4,2,46,0,0,0,0,0,0,238963,243984,226454,197956,179399,159331,36797,45490,20465,55236,7462,28994,0
290000,2,3,2,32,0,0,0,0,0,-2,72203,72927,66925,67454,65385,0,15119,6572,13380,11949,16563,0,0
50000,2,2,1,50,-2,-1,-1,0,0,0,0,19212,21269,21180,22292,20696,0,19212,21269,2944,4525,4626,0
50000,2,2,1,36,0,0,-2,-2,-1,-1,12520,11284,60,0,8699,9222,3555,1939,0,0,8699,9222,1
100000,1,1,1,28,0,0,0,-1,-2,-2,0,0,51006,51817,0,0,1245,162,10171,51817,0,0,0
160000,2,2,2,41,0,-2,-2,0,0,0,0,0,0,0,0,0,1302,0,0,1565,877,1296,0
300000,2,1,2,40,-2,-1,0,0,-2,0,0,65468,65397,66245,0,65486,0,65468,10255,12390,0,7160,0
100000,1,1,2,38,0,0,0,1,0,0,42123,40328,36408,39668,34138,36621,11209,11026,1747,4494,4707,10945,0
160000,2,2,2,21,1,-1,0,0,1,0,78165,81618,82259,79495,78051,79682,3283,81618,12161,3681,8014,14001,0
80000,1,2,2,34,1,0,2,2,1,1,43452,40165,37046,34391,35901,31873,739,11770,3481,2454,1301,3461,1
160000,2,2,1,33,1,0,-1,-1,-1,0,26017,25824,25235,25563,24235,26297,634,846,25235,25563,24235,2095,0
130000,2,1,1,34,0,0,0,1,-2,-2,28427,30887,28862,32579,149,0,3872,5851,4325,2964,0,0,0
100000,1,3,2,40,0,1,1,0,0,0,26649,23522,24433,23448,25002,22439,4761,2664,2356,2234,4089,681,0
290000,2,2,1,43,2,1,0,2,1,-1,127109,136239,125413,125444,117396,136396,14938,9352,18503,5993,7449,136396,0
90000,2,2,1,21,-1,1,0,0,0,-1,0,39584,39919,34560,35909,31076,1553,4268,6077,3734,2497,31076,0
150000,1,2,2,35,-2,-2,-1,1,1,0,289,0,73007,72469,77919,68281,0,0,73007,0,3380,13224,0
250000,1,2,1,21,0,0,0,0,0,0,127201,134501,118689,108373,107696,101215,8132,24017,31264,20871,12118,10366,0
130000,2,2,2,48,-2,-2,-1,0,-2,-2,0,0,89684,92501,0,220,0,0,89684,11895,0,0,0
10000,2,1,2,47,0,0,1,0,-1,0,1020,1033,990,1005,1025,1089,116,106,0,186,2232,105,0
220000,1,1,2,37,-2,-2,0,0,2,0,0,0,107971,99557,111087,118318,0,0,17534,27773,12904,4653,1
100000,2,2,2,27,0,0,0,0,0,0,17381,18459,19866,21945,22911,23341,2686,4024,4466,5229,4698,3736,0
130000,1,2,2,42,-1,1,2,1,1,0,100186,99751,93477,81487,80434,84434,100186,10652,0,7037,8443,6861,0
160000,1,1,2,39,-1,2,-1,1,-1,0,85027,94678,105597,106887,94395,93346,85027,5033,105597,6464,94395,3148,1
220000,1,1,2,21,-1,1,0,-1,-1,-2,50060,43948,46604,48015,49974,0,50060,0,5330,48015,49974,0,0
290000,2,1,1,42,1,0,-1,-1,-1,-1,163901,171404,174550,193368,180456,184376,8543,47360,174550,193368,180456,184376,0
50000,2,4,1,21,0,0,0,-1,0,0,25322,24721,23578,23098,24756,22628,4893,3465,6232,23098,4990,3874,0
200000,2,1,2,29,-2,-2,-1,-1,0,0,0,0,112831,119164,105210,108857,0,0,112831,119164,21980,22689,0
120000,2,2,1,28,0,2,0,0,0,2,80055,82018,74249,81819,75168,75007,21103,8229,8872,10772,5994,0,0
100000,2,4,1,23,0,-1,-2,-2,-2,-2,23441,23185,148,0,0,0,4867,23185,0,0,0,0,0
170000,1,2,2,46,0,1,1,1,2,0,82282,78441,83002,75838,77948,84068,13059,0,7715,3920,4904,4140,0
110000,1,2,1,26,1,0,0,0,0,-1,37690,36311,35813,33257,33570,36555,1533,9140,5571,8661,6462,36555,0
280000,1,3,1,33,0,0,-2,1,0,0,131006,118586,0,110301,112167,100783,4067,35278,0,0,23536,20262,0
190000,1,3,1,29,0,2,-1,0,-1,-2,77271,75427,82506,81824,92525,0,10364,4799,82506,9762,92525,0,1
110000,1,1,2,34,0,-1,0,2,2,0,60501,63130,60425,56310,56649,60412,8259,63130,5796,1389,5030,7587,0
80000,2,1,2,38,-2,0,0,1,0,0,0,28576,28044,31217,31805,29926,0,4021,2657,672,6270,4852,0
110000,2,2,1,35,-1,-1,1,0,0,2,47083,53735,49445,56877,56085,60698,47083,53735,2842,15973,11207,4091,0
110000,2,2,1,34,-2,1,1,-1,0,0,128,33758,32736,31167,28435,25632,0,3223,1277,31167,8437,2152,1
520000,1,1,1,27,1,2,2,0,1,0,-1146,-1148,-1270,-1193,-1075,-947,0,0,0,1737,0,1449,1
110000,2,2,1,57,-2,2,0,1,1,0,0,110040,100284,101033,88950,81868,0,0,5057,4694,3752,11577,0
170000,1,2,2,36,0,0,0,1,2,2,-372,73781,76563,83242,75530,86054,307,21433,4413,1099,4915,6240,0
80000,2,1,2,28,-1,1,0,0,0,0,48698,48406,45685,45304,49410,51800,48698,4609,2204,11841,9474,11838,0
70000,1,1,1,32,2,3,2,2,-1,3,24388,23305,27110,25150,23266,25028,810,2648,1813,2274,23266,946,1
180000,1,1,1,21,0,-1,0,0,0,0,0,0,0,41625,37298,36014,1146,2569,588,8021,1464,6552,0
200000,1,1,2,24,0,-2,1,0,1,-1,87097,0,90619,94889,82236,72635,5155,0,4817,21119,1768,72635,0
50000,1,1,1,39,-2,2,2,2,0,0,0,41142,39369,42866,39901,38900,0,2415,2660,2905,3601,7810,1
50000,1,2,1,23,0,0,2,2,0,0,39809,38480,41804,42012,40265,39776,5946,2493,767,3433,5788,9148,1
310000,2,3,2,28,0,0,1,2,0,0,147483,145159,160317,169911,184597,190714,6600,37354,17263,16847,42931,56440,1
140000,2,2,2,38,1,1,-1,-1,0,0,59387,61637,62615,61645,67310,68524,0,5438,62615,61645,13289,15127,0
50000,1,4,1,44,1,1,1,1,0,-1,34970,32829,31978,34630,35640,32167,2759,0,0,1345,8647,32167,0
160000,1,4,1,27,0,0,0,-1,1,1,-3250,-2897,-2949,-2809,-3083,41241,1072,1568,1661,1080,0,1370,0
350000,1,1,1,27,0,0,0,0,2,0,231615,222910,213145,226035,223408,220316,67953,10895,22757,19656,9773,46938,1
100000,2,2,3,30,1,3,3,2,0,-1,96205,83061,83282,73225,82255,77168,6755,7865,0,0,4321,77168,0
130000,2,3,1,32,1,3,2,0,-1,-2,114861,125950,114147,112484,124519,0,11999,8801,13084,21124,124519,0,1
110000,2,1,2,36,0,1,1,0,-2,0,34429,32503,30244,28947,0,27929,3833,0,1875,7223,0,6364,0
110000,2,2,1,49,-1,0,0,-2,0,-2,29869,29954,28998,121,23975,0,29869,2937,1852,0,5418,0,0
20000,2,2,1,29,0,-1,-1,-2,-2,-2,3991,4277,4277,0,0,0,1157,4277,4277,0,0,0,0
10000,1,1,2,33,-1,0,0,1,2,1,7110,7504,7852,8034,8850,9126,7110,2071,470,0,484,499,1
20000,2,2,2,34,0,0,0,-1,0,0,7354,6528,6840,7118,6567,7477,1925,808,531,7118,601,1227,0
120000,1,1,2,33,0,0,0,0,-1,0,78544,83209,79353,76952,70112,63547,6120,6190,13732,9021,70112,12687,0
80000,2,3,1,34,-1,0,0,0,1,1,43184,42561,37091,37376,39579,42864,43184,5430,10052,6213,2002,0,0
390000,2,2,1,35,-1,-1,-1,0,0,1,125595,118101,105139,101067,85877,81367,125595,118101,105139,24020,2847,0,0
170000,1,2,1,29,2,2,2,-1,-1,-1,78834,73375,77556,69440,70011,71788,0,2240,5382,69440,70011,71788,0
120000,2,3,1,21,-1,-1,-1,2,0,0,74362,80191,72062,79093,76069,72316,74362,80191,72062,7254,13532,12749,0
80000,2,2,2,30,-2,-2,-2,0,1,0,0,0,0,11089,11913,11864,0,0,0,2837,988,2494,0
190000,2,3,2,26,-1,0,0,0,1,2,76932,78172,74750,69493,75144,70352,76932,21816,11702,12202,4988,6583,0
120000,2,1,1,29,-1,-1,-2,-1,-1,0,19820,19673,0,23146,20789,20961,19820,19673,0,23146,20789,2240,0
130000,2,2,1,36,-1,-1,2,2,-1,0,50618,52317,47717,50006,50764,53766,50618,52317,0,3349,50764,12945,0
50000,2,2,1,42,0,-1,0,-2,2,-1,31798,32898,33642,0,28160,26460,6648,32898,4091,0,1522,26460,0
250000,2,1,2,35,0,0,-1,0,0,-2,61570,64166,58046,58084,55900,55,8419,6663,58046,9538,4333,0,0
90000,2,4,2,32,0,0,1,1,-1,-1,0,20846,18726,20492,20846,19867,207,2879,640,473,20846,19867,1
50000,2,3,1,41,-1,0,-1,0,0,0,9386,8665,8184,7080,6927,7248,9386,931,8184,662,263,1288,0
330000,2,2,1,32,2,2,3,2,-1,0,0,0,201110,186290,196122,195988,0,0,18076,2059,196122,7004,0
120000,1,1,2,31,1,0,-1,-2,-2,-1,-3846,-3484,-3514,0,0,-3201,0,762,1876,0,0,519,0
50000,1,2,2,37,2,0,0,2,0,0,34587,32320,34981,35725,34199,32607,0,8081,2021,0,1544,7785,0
500000,2,2,2,21,-2,-1,0,-1,0,2,0,241566,262489,227799,205155,207978,0,241566,8070,227799,46399,0,0
500000,2,2,1,29,0,1,1,1,0,0,249900,245986,236805,247829,257715,246170,71948,3531,0,4914,19690,57453,0
180000,2,3,1,34,0,0,1,1,0,0,104584,99673,102266,105193,107218,109768,16669,3415,9514,9234,5363,13604,0
130000,1,2,1,47,1,1,1,0,2,3,57270,63088,57662,50422,51000,57672,814,4196,1777,7906,2840,1860,0
100000,2,1,2,45,1,-1,3,2,2,2,50557,53293,52468,56957,60704,59824,2906,53293,4883,1476,2598,4687,1
210000,1,2,2,40,0,0,-1,-1,0,0,88543,92998,93182,87187,80495,83207,3044,4027,93182,87187,10129,21286,0
190000,2,2,1,27,0,-1,0,0,-1,-1,0,0,94995,85898,86618,85921,1231,2587,11305,15994,86618,85921,0
300000,2,1,2,42,0,-2,-2,-1,-1,-1,90219,0,39,98866,96503,83038,3257,0,0,98866,96503,83038,0
300000,1,2,2,50,2,2,-2,-1,2,-1,186769,197162,0,182395,168542,156244,0,7492,0,182395,4923,156244,0
60000,1,2,2,54,2,0,0,0,0,1,41831,46709,45947,41471,41602,39262,2598,3989,11285,9902,5208,1524,1
50000,1,2,2,45,0,-1,-1,-1,0,1,18633,17657,17924,17700,17610,17633,1386,17657,17924,17700,1692,246,0
120000,1,2,1,37,1,0,0,-1,-1,-2,44284,47979,48294,49724,51425,0,3631,11523,3788,49724,51425,0,0
130000,2,1,1,46,0,-1,0,0,-1,1,34736,30941,32967,35831,39558,37348,9968,30941,3455,7026,39558,0,0
160000,1,1,2,21,0,0,1,1,-1,0,103356,96172,93208,98071,84111,87064,6913,25670,0,0,84111,20486,0
10000,2,3,2,52,-1,-2,-2,-1,-1,0,6830,0,0,4983,5170,4596,6830,0,0,4983,5170,280,0
10000,2,2,1,24,0,-2,-2,0,0,0,4898,0,0,4574,4664,4181,1039,0,0,190,626,1110,0
120000,2,2,2,57,0,0,0,1,0,0,45155,44902,49696,47161,44941,43798,4825,7725,8562,0,3615,12588,0
80000,2,1,2,48,1,-1,0,0,-1,-1,18549,18968,19169,17395,17201,15381,778,18968,1546,5104,17201,15381,0
200000,2,2,2,37,-1,-1,0,-1,0,0,46203,41984,39328,42022,39371,34758,46203,41984,2968,42022,4035,4398,0
90000,2,1,1,39,2,1,1,1,0,0,48247,44030,40292,42623,44290,40607,2808,0,2264,1013,4341,7491,0
90000,1,1,1,44,0,1,0,-1,0,1,23358,22538,23300,24914,21563,19002,4000,0,4772,24914,2709,1953,0
180000,2,1,1,21,0,0,-1,-1,2,-2,116555,106235,104178,109569,109194,125,25325,11021,104178,109569,8962,0,0
100000,2,1,2,43,0,0,1,-1,-1,0,23107,26148,26908,27934,29821,30631,3800,3334,370,27934,29821,7932,0
300000,2,2,2,28,0,0,0,0,1,0,87088,88602,94552,82916,88765,83551,17933,14329,26013,7691,1650,2897,0
150000,1,1,2,35,2,1,0,-1,-1,0,90015,81507,73525,63670,66082,65924,3721,4036,4438,63670,66082,14823,0
140000,1,1,1,32,-1,0,2,0,1,0,82843,90093,87648,88790,90516,89244,82843,3026,5128,13240,7686,13024,0
190000,2,3,2,46,-1,0,0,0,-2,-1,48191,44360,46527,51277,0,50232,48191,12465,10344,13676,0,50232,0
90000,2,2,3,51,2,2,0,1,0,0,45590,45227,44804,42019,38341,40100,3194,0,2475,3539,5381,1934,0
110000,1,2,2,46,0,0,-1,-1,0,1,22331,19418,19987,18934,17603,19337,2633,5063,19987,18934,4103,503,0
100000,2,1,2,29,0,0,0,0,0,0,0,0,30859,27345,27485,24155,672,1542,3186,6133,3713,4610,0
80000,2,2,1,33,0,0,1,2,-1,-1,37641,38148,36572,35334,39312,42951,3258,8702,1956,358,39312,42951,0
380000,1,2,1,34,2,1,0,0,0,0,332882,327662,327494,322252,328413,286387,0,0,62069,36310,51053,53032,0
90000,1,2,2,40,-1,-1,-2,-1,0,-1,9353,10030,173,11112,11934,10496,9353,10030,0,11112,3067,10496,1
150000,2,2,2,43,0,2,2,1,1,1,37134,40730,40276,44747,48307,54519,10173,0,2856,0,1899,5230,1
290000,2,2,2,40,1,0,0,1,1,1,159627,145492,130315,121263,126552,130002,5210,15642,13797,9150,9717,4971,0
140000,2,2,1,38,-2,-1,2,0,0,0,204,0,0,0,0,0,0,2231,0,467,387,194,0
230000,2,1,1,21,-1,-1,-1,0,0,2,0,0,0,0,0,141079,2075,719,1930,702,761,9076,1
530000,2,1,1,30,-1,0,0,0,0,1,261371,286201,324335,296352,274298,278860,261371,56352,25395,37478,42200,3428,0
50000,2,1,2,26,2,3,1,-2,2,2,29799,33065,30369,0,25033,24703,2328,1745,3467,0,0,2717,1
50000,1,2,1,28,-1,-1,0,0,0,0,38325,32775,33455,32273,35684,33075,38325,32775,8144,7850,3757,6393,1
120000,2,1,2,36,0,0,7,7,7,7,0,0,0,73854,64183,61391,136,626,0,2494,2590,5758,1
170000,2,2,1,21,2,2,0,4,0,-2,109054,106905,103524,111039,102985,0,8248,12642,24901,12777,11558,0,1
210000,1,1,1,29,3,2,2,1,0,0,0,0,0,140540,151237,133710,0,0,0,0,9163,16736,0
100000,1,2,2,30,0,-2,-1,-2,0,0,23059,222,21196,0,23574,24692,6028,0,21196,0,4856,3394,0
50000,1,1,2,51,2,1,0,0,0,0,-1704,-1478,-1449,18229,16748,18296,0,0,1201,2864,1690,2957,0
190000,1,2,2,51,-2,0,-1,0,0,2,78,120350,112694,113510,115682,103712,0,18606,112694,20234,4846,10130,0
170000,1,2,1,21,-1,-1,0,0,2,-1,92911,79000,80497,81305,84574,86986,92911,79000,16850,17141,8681,86986,1
360000,2,3,1,35,-2,1,0,-1,0,0,0,87305,93618,91588,95459,105642,0,1306,23357,91588,11283,23590,0
50000,2,2,1,32,1,-1,1,0,0,0,10191,10332,9569,10063,11119,12287,545,10332,893,834,2877,2935,0
130000,2,2,1,26,4,4,-1,0,-1,-1,115317,121785,109875,96700,93946,81188,11191,0,109875,18386,93946,81188,1
110000,1,2,1,47,0,-1,-2,0,0,0,79298,70149,190,67802,73244,64380,4309,70149,0,3199,17402,9754,0
20000,1,3,1,43,1,1,2,0,0,0,9368,10437,9231,9190,9731,10735,993,327,235,2048,1235,2388,1
150000,2,2,1,21,0,0,0,-2,-2,-2,0,0,0,0,0,148,885,1622,1867,0,0,0,1
200000,2,1,1,37,2,-1,-2,-2,-2,-1,78234,86225,0,0,0,109829,3318,86225,0,0,0,109829,1
110000,2,1,2,24,2,0,0,-1,-1,0,106114,94632,86701,80929,72932,67012,0,25297,11692,80929,72932,12568,0
120000,2,2,2,36,0,1,-2,-1,-1,-2,52382,48006,0,49093,47749,0,12675,0,0,49093,47749,0,0
50000,1,3,1,29,1,0,0,0,0,0,16522,17027,17797,17728,16118,15395,0,3384,2957,2389,2958,3647,1
110000,1,3,1,52,-1,-1,0,-1,-1,-1,0,0,0,0,14013,13827,2897,352,1626,1184,14013,13827,0
260000,2,1,2,35,-1,-1,-2,1,-1,2,273000,257400,0,229991,253453,228780,273000,257400,0,15193,253453,14700,0
230000,2,2,1,32,0,-1,-1,-1,0,0,96551,93706,94770,98744,106124,111370,25733,93706,94770,98744,31007,18775,0
90000,2,2,2,28,0,-1,-1,0,-1,3,93340,81851,90070,78176,79384,75742,25882,81851,90070,12276,79384,4138,0
220000,2,1,2,27,0,0,-1,0,-1,0,120731,135280,140041,142440,141280,151434,4721,28101,140041,17206,141280,33506,0
200000,1,2,1,46,0,1,0,0,-2,0,44015,45408,41434,38847,0,39548,4556,820,11427,3777,0,8390,0
130000,2,1,1,36,0,0,0,2,3,0,88428,80261,75363,70454,65831,69683,14991,22951,17151,0,981,17625,0
280000,2,1,1,32,0,-1,-2,0,0,2,189211,181236,0,182489,194336,183722,47030,181236,0,40893,40609,0,0
60000,1,2,2,45,0,2,0,3,0,0,25840,23844,22922,24591,27378,25679,3184,804,5573,0,8170,6659,0
190000,1,2,1,32,2,1,1,0,1,0,0,0,0,0,0,109061,0,0,0,1046,0,30335,0
500000,2,2,1,26,-1,0,1,1,0,0,0,0,250243,248996,223962,221807,2685,429,2950,25549,63463,31560,0
150000,1,3,2,38,-1,0,2,2,1,0,92259,91015,78346,82435,83990,81370,92259,15481,3643,7915,1113,10691,1
100000,2,1,2,39,0,0,0,1,0,0,29878,26720,23539,23280,25437,27243,8739,1870,878,1231,1381,7497,0
300000,1,2,1,40,0,0,0,0,0,0,85613,92380,87290,81170,76724,80293,22816,18085,10702,5476,11736,12314,0
120000,2,1,2,29,1,2,2,2,2,2,96329,91385,82497,82413,81355,82298,5944,9457,6096,0,0,0,1
190000,1,1,1,21,2,-2,-1,0,5,0,110779,0,104628,94277,93034,84771,4529,0,104628,21237,0,24346,1
150000,1,1,2,42,-1,0,0,0,2,2,125947,116060,108320,102378,91884,97305,125947,28452,13572,17910,0,8185,0
150000,2,2,2,22,8,1,1,0,-1,-2,122155,109435,100384,102207,97910,177,5390,12147,9157,19521,97910,0,1
500000,2,1,1,26,-1,-1,0,0,0,0,215660,197880,199968,185291,178947,184291,215660,197880,13363,17925,18291,18288,0
160000,1,1,2,29,-2,2,2,2,-1,0,290,79605,78756,84559,82143,77729,0,0,2284,7590,82143,13437,1
200000,2,1,2,32,1,1,1,0,0,0,53813,51922,49253,43892,45400,45160,4737,1950,2221,7462,2163,3740,0
200000,1,2,2,51,0,0,1,0,-1,-1,36974,36044,40754,43849,49237,53304,2234,8206,0,2244,49237,53304,0
140000,1,2,1,31,0,0,0,3,2,2,-1188,-1042,-988,-980,-1121,-1010,905,1766,1976,0,0,0,1
80000,1,2,1,24,0,1,0,-1,0,-1,24688,25071,26598,29606,32201,30545,1928,0,7787,29606,2605,30545,0
200000,2,3,2,21,2,1,1,1,0,0,139318,147313,153718,159717,167441,175252,3306,0,1821,0,45771,29547,0
10000,1,2,1,36,-1,0,0,0,0,0,3482,3460,3612,3714,3786,3905,3482,457,215,674,515,595,0
220000,2,2,1,30,0,0,-2,-2,-1,0,0,0,220,17,121595,133259,1516,29,0,0,121595,8196,0
150000,1,2,2,21,0,0,1,0,-1,0,25861,28362,25721,24881,25323,27447,3000,3299,2764,794,25323,2861,1
10000,2,1,1,38,1,1,0,0,0,0,6500,5660,4942,4787,4282,4771,683,0,313,207,263,1024,0
90000,2,3,2,41,-1,1,-1,-1,0,2,35447,34316,38886,37920,43503,40917,35447,3067,38886,37920,8832,4147,0
100000,2,2,2,23,0,1,0,0,1,0,31872,32080,30304,34552,32411,27991,7967,1244,5280,8284,0,6404,0
90000,2,1,2,32,0,-1,-1,0,0,0,20133,22168,21758,24505,23223,25229,3089,22168,21758,5989,1727,1824,0
500000,2,3,1,27,4,-1,1,-2,-1,0,302702,280699,300598,0,296804,317117,0,280699,10320,0,296804,15153,1
150000,1,2,1,21,0,4,0,0,0,-1,57034,65937,62664,59879,65487,68874,15118,7185,5454,7323,4761,68874,1
100000,2,1,2,21,-2,-2,-1,-1,-1,-1,234,0,0,0,0,17313,0,0,1263,1168,2308,17313,0
100000,2,3,2,35,-1,0,0,1,1,1,50009,49218,42422,41832,41787,37355,50009,10512,9658,1090,3772,2279,0
200000,2,1,2,29,1,1,0,-1,-2,-1,103927,104448,105982,118287,267,99396,2466,10409,13193,118287,0,99396,0
50000,1,3,1,38,-1,0,0,-2,-2,-1,22004,20551,19116,0,0,24100,22004,4417,1443,0,0,24100,0
20000,2,2,2,31,-1,-2,3,1,1,-1,13279,0,15696,15937,16815,14194,13279,0,0,833,840,14194,0
90000,2,4,1,44,8,2,-1,0,0,0,0,0,0,59137,54173,61624,0,0,1774,11698,15147,1897,1
230000,2,3,2,46,0,0,1,2,2,1,132104,115981,123301,132389,119920,108099,23280,28629,13458,3713,0,5682,1
100000,2,2,2,44,-1,1,0,0,1,0,0,0,0,0,0,0,2353,0,47,1775,0,310,1
230000,2,4,2,44,-1,-1,1,1,0,0,62311,61402,65066,61864,59397,58214,62311,61402,0,1510,15572,14443,0
180000,2,3,2,36,0,2,1,-2,-2,-2,77354,71014,77638,275,41,0,20822,0,4345,0,0,0,0
120000,2,1,2,26,-2,-1,0,0,0,0,0,93691,86829,76674,79831,77278,0,93691,16357,3431,3265,13842,0
80000,1,1,2,46,1,0,0,2,1,1,35646,34243,37129,34619,37369,42397,1619,3337,7807,2928,4112,0,0
80000,2,2,1,31,-2,-2,-1,1,1,0,0,291,0,0,20100,18589,0,0,2102,0,2342,1332,0
200000,2,2,2,27,1,-1,-1,0,0,-1,91045,88131,89026,85735,83346,89416,9701,88131,89026,23845,6233,89416,0
170000,2,2,1,43,-1,-1,1,-1,0,0,0,0,58380,57127,55142,57073,2445,2737,0,57127,8735,8075,0
130000,2,1,1,48,0,1,1,1,0,0,0,0,30907,31379,34760,32425,1900,0,1487,2384,5565,8986,0
120000,2,2,2,56,0,1,0,2,1,0,40596,42517,42370,39797,43092,40772,4165,0,10822,3841,0,5511,0
80000,2,2,2,42,-1,-1,0,0,1,0,25743,23176,24266,25541,26126,23857,25743,23176,6763,6823,0,6258,1
360000,1,1,2,32,-2,-1,0,0,0,0,77,85488,89577,86156,81822,76707,0,85488,5453,24069,23908,5672,0
80000,1,2,2,34,2,-2,-2,-2,-1,2,59061,278,0,0,42502,39712,702,0,0,0,42502,0,1
100000,1,1,1,37,0,0,0,1,2,2,96671,89771,86984,82847,84856,76213,27290,26766,18828,890,8322,8385,1
110000,2,3,2,42,0,-2,-1,1,2,2,66539,0,55547,52037,47539,48134,10065,0,55547,1487,2732,833,0
370000,2,2,2,36,1,0,0,-1,-1,0,60884,59154,62879,57052,56642,54486,6362,15624,13345,57052,56642,16016,0
100000,2,3,2,51,0,1,0,1,1,1,24797,24691,22775,25119,22154,23138,2680,0,761,1984,1360,0,0
140000,2,3,2,35,2,2,-1,0,0,0,96572,103008,94837,85143,88070,93729,10957,0,94837,19654,7961,18331,1
360000,2,3,2,35,-1,-1,-2,0,-1,0,153391,165854,0,176798,163089,176919,153391,165854,0,31542,163089,34690,0
240000,2,1,2,27,0,2,1,0,0,-1,0,0,0,0,0,215222,82,0,0,1269,508,215222,0
100000,2,3,2,43,0,1,-2,-1,-1,-1,55646,59245,80,61701,62703,56336,3275,703,0,61701,62703,56336,0
180000,2,1,2,42,0,0,0,-2,0,0,43591,47716,46915,0,42055,42584,4938,5962,12768,0,12556,9727,0
130000,2,1,2,28,0,1,2,2,2,-1,63877,57397,55403,59981,64845,59440,11362,3957,0,1372,6557,59440,1
230000,1,2,2,51,-1,-2,0,-2,-2,-1,58529,151,51394,0,0,55489,58529,0,2083,0,0,55489,0
70000,2,2,1,31,-2,-2,-1,-1,0,0,0,0,14586,13464,15590,15983,0,0,14586,13464,1102,1513,0
20000,2,1,2,21,-2,-2,-1,0,-1,0,255,0,10444,10665,9866,9668,0,0,10444,1461,9866,1443,0
70000,2,3,2,40,1,3,3,-2,0,-1,34930,33967,31013,0,31390,32115,1769,1781,0,0,8732,32115,0
200000,2,2,2,27,0,-2,-1,-1,0,0,0,0,0,39463,43596,43397,573,0,1617,39463,12529,9938,0
90000,1,2,1,43,1,2,0,0,0,0,76723,69291,60671,59930,55363,53731,4260,8220,16418,13748,12522,9031,1
420000,2,1,2,38,0,1,0,1,0,-2,0,0,0,0,216667,299,873,0,1099,0,16444,0,0
90000,2,1,2,39,2,0,0,1,7,7,55014,54232,56578,50841,49784,47901,0,15101,6794,1347,0,2386,1
340000,1,1,1,37,1,0,0,-1,0,1,111254,112882,116021,126678,107884,103302,0,7944,11402,126678,17040,11398,0
210000,2,2,2,33,0,2,0,0,1,0,0,0,198370,184436,168379,163891,480,0,59446,54352,8659,19979,0
140000,2,1,1,38,0,0,0,-2,-1,-1,57961,58449,64629,0,62161,60722,5244,5972,6162,0,62161,60722,0
100000,2,1,1,39,-1,0,2,2,3,2,62958,70719,63431,67148,59103,58844,62958,4686,0,5043,3929,1681,0
30000,2,1,1,41,1,1,2,0,-1,-1,26498,23774,22524,20336,19677,17362,2545,2133,247,6000,19677,17362,1
200000,2,1,2,53,-1,-2,-1,0,0,0,71796,0,64702,68485,62490,64319,71796,0,64702,10872,18504,14890,0
50000,2,2,2,52,-1,0,0,0,-1,-1,0,0,0,19258,20823,20670,2097,708,1761,1903,20823,20670,0
130000,2,2,1,30,-2,-1,1,-1,0,0,0,42959,46246,49293,52909,56855,0,42959,2068,49293,9987,10211,0
10000,1,2,2,21,1,-2,-1,-1,0,0,0,0,0,0,0,-2262,0,0,2628,2324,246,894,0
130000,1,1,2,36,0,-1,1,2,0,0,0,0,0,0,0,59873,925,1659,0,0,1784,6470,0
180000,2,2,1,36,-1,-2,-2,0,0,-1,74592,97,0,94873,85933,92681,74592,0,0,16170,21245,92681,0
150000,2,2,2,26,0,1,0,0,0,0,0,0,58540,52410,53569,50691,1957,0,7951,4734,3460,14429,0
90000,1,1,2,46,1,0,2,2,2,1,49488,57459,58035,65817,57747,53630,3075,4410,3644,0,2992,0,1
240000,2,1,2,38,2,2,2,0,-2,-1,168371,168157,160899,173682,0,166906,15401,9077,0,39373,0,166906,0
140000,2,2,1,21,-1,-2,-2,-1,0,0,127680,0,0,104943,93525,91873,127680,0,0,104943,17433,24109,0
130000,2,2,2,41,-1,3,3,-1,-2,-1,95383,100529,92355,96751,0,80380,95383,0,0,96751,0,80380,1
200000,2,3,2,46,0,-1,-2,-1,-1,0,27106,27799,0,28578,27889,29696,8098,27799,0,28578,27889,4518,0
170000,1,2,2,22,0,2,2,0,-1,-1,178500,178500,169226,178500,168209,166767,37824,2619,0,39994,168209,166767,1
190000,1,3,1,44,0,0,0,0,0,0,50081,54436,60650,57351,56423,52664,9186,12035,9484,10253,7498,11881,0
120000,2,3,2,22,0,1,0,1,-2,-1,18513,17862,18559,15718,137,14885,1374,328,855,0,0,14885,0
100000,2,1,2,31,0,0,0,-1,-1,0,57011,48844,46772,43658,49549,49518,17041,8923,11364,43658,49549,3116,0
20000,2,1,1,28,-2,-2,0,0,-1,0,0,165,10826,10180,9259,8373,0,0,1388,1766,9259,570,0
100000,1,2,1,25,0,0,2,2,3,0,42508,43945,42108,43918,49035,56138,5060,12557,4372,2958,1405,14752,0
100000,2,1,1,26,-1,-1,-2,-2,0,0,0,0,0,98,18506,20211,1814,520,0,0,751,4124,0
50000,1,2,3,27,0,-1,0,0,7,0,19969,19836,21236,22836,23584,22595,732,19836,2421,3559,1015,5148,1
100000,1,2,1,34,1,0,1,0,1,-1,12933,12197,12662,13757,13602,13926,763,3348,687,3409,1459,13926,0
210000,2,1,1,35,-1,-1,-1,-1,-2,-2,0,0,0,0,253,0,2985,192,783,1359,0,0,0
500000,2,1,2,51,1,0,2,1,-2,-2,227595,242320,242503,224454,197,0,25717,17204,24072,3629,0,0,0
190000,2,2,2,29,0,1,2,1,1,0,127257,121739,127663,129713,132841,126994,20891,8243,10424,5723,5846,19269,0
100000,2,2,2,26,0,0,0,-1,-1,-2,-297,45465,43640,40542,40775,0,1465,11691,4864,40542,40775,0,0
20000,2,2,2,29,0,0,1,1,0,0,8303,8960,9681,8635,8963,8669,395,655,265,0,1864,2330,1
300000,2,3,2,38,-1,0,-1,-1,-1,-1,127849,124789,120465,112284,106623,108287,127849,17401,120465,112284,106623,108287,0
300000,2,4,2,38,-1,-1,2,4,-1,-1,315000,315000,315000,310283,295256,259894,315000,315000,0,7289,295256,259894,0
80000,2,1,2,39,0,1,1,-2,-1,-2,15202,14580,14311,0,12541,0,2430,330,0,0,12541,0,0
100000,1,1,2,42,0,0,0,-1,-1,1,23756,25924,22286,20991,19530,21924,4180,6729,4179,20991,19530,0,0
30000,2,2,1,33,0,0,0,-2,1,0,7747,8426,9151,0,9059,8241,1381,1925,742,0,967,1267,0
120000,2,2,1,40,0,0,0,-1,-2,0,70120,77534,79968,83552,111,80068,19407,16104,21114,83552,0,19410,0
50000,1,3,2,21,-1,1,0,0,-1,0,0,0,0,0,18192,15907,198,0,1100,1339,18192,3444,0
100000,1,2,1,23,0,0,0,0,0,0,53516,52992,52205,47783,54746,50031,8677,7329,4128,6511,9642,7405,0
100000,1,1,1,35,-1,-1,-1,-1,0,-1,0,0,0,0,46690,41072,1926,745,987,370,2663,41072,0
170000,2,2,2,41,1,2,2,2,1,-2,0,0,81433,73055,71967,0,0,0,4011,1603,0,0,0
40000,2,1,2,43,1,4,4,3,4,3,19937,21388,22513,20646,20427,21114,1325,0,0,2196,0,1517,0
140000,2,2,2,25,0,0,0,0,1,0,60366,62652,62524,67431,70094,73852,15418,16015,4647,16207,4583,19016,0
240000,2,2,1,26,-2,-2,1,3,3,-1,0,222,140045,141270,135425,134111,0,0,4762,5444,7637,134111,1
200000,2,2,1,39,0,0,-1,-2,-2,1,126506,117258,113201,230,219,108638,19913,18081,113201,0,0,12610,0
80000,2,2,2,49,-1,-1,-1,1,-2,0,65939,69081,63790,57528,0,53790,65939,69081,63790,3353,0,2001,0
110000,2,3,2,54,0,0,0,0,0,1,0,0,0,0,52910,51688,323,270,1728,1638,14029,0,0
150000,2,1,1,46,0,0,-1,-1,1,2,0,0,71395,79285,71885,73384,698,1316,71395,79285,0,0,0
10000,2,3,2,26,0,0,-1,-1,-1,-1,4123,4053,4124,3946,3799,4029,968,348,4124,3946,3799,4029,0
110000,2,2,2,42,0,0,0,0,0,0,0,0,0,0,41780,42568,1037,1866,359,1925,2198,5121,0
80000,1,2,2,21,-1,0,-2,-2,2,2,48629,47653,0,0,54765,59553,48629,5057,0,0,0,0,1
300000,1,1,2,35,0,0,-1,0,-2,-1,-2197,-2173,0,0,0,170149,555,1025,755,833,0,170149,0
100000,1,2,1,51,0,-2,-2,-2,-1,0,-3967,36,0,0,37024,37349,1065,0,0,0,37024,2125,0
170000,2,2,1,39,2,2,0,0,-1,-1,133108,127905,113134,108716,97960,89123,15542,11337,8164,17892,97960,89123,1
140000,1,2,2,33,0,1,0,0,-1,-1,25333,24974,27466,29419,26814,24556,897,2443,2432,2826,26814,24556,0
180000,1,1,2,39,-1,0,2,0,-1,-1,89923,82404,72750,78124,84727,74860,89923,19543,0,7731,84727,74860,0
100000,2,2,1,45,-1,0,-1,0,0,0,40295,44971,46866,48426,45388,46864,40295,12444,46866,14262,11402,5103,0
50000,1,2,1,53,-1,-1,-1,-1,-1,0,6841,7611,6799,7085,7501,7506,6841,7611,6799,7085,7501,1738,0
10000,2,2,2,36,0,-1,0,1,2,0,0,0,5540,6199,6118,5718,777,1159,1643,508,654,577,0
170000,1,3,2,33,1,-1,0,-1,1,0,0,0,0,0,0,36190,0,1496,1802,415,0,7153,0
280000,2,1,2,52,0,0,0,-1,0,-1,101913,103670,105654,104185,103758,109193,16430,4709,19438,104185,5029,109193,0
140000,1,1,1,30,0,-1,0,-2,0,-1,117298,120409,114403,0,96338,106328,32190,120409,22786,0,6019,106328,0
100000,2,2,1,42,1,1,0,0,0,-1,55779,58094,56743,52240,48004,50548,0,0,14677,4538,7338,50548,0
70000,2,2,2,45,-2,-2,-2,-2,-1,0,0,0,0,193,21439,20608,0,0,0,0,21439,4749,0
230000,2,3,2,28,2,0,-1,-2,-1,0,175806,160013,158849,0,147960,153481,13704,7432,158849,0,147960,35072,0
10000,1,1,1,24,0,1,1,1,2,0,0,0,0,0,0,6312,20,0,0,0,0,1299,1
230000,2,1,1,54,0,0,0,0,0,0,39737,40201,44039,46004,45542,48548,6135,2318,8389,7089,1527,11826,0
100000,1,3,2,34,-2,-1,-1,-1,2,1,0,73422,75602,73624,77628,69899,0,73422,75602,73624,0,1852,0
110000,1,3,2,26,-2,-2,-2,0,0,0,139,0,0,66854,61867,58623,0,0,0,5532,13823,9922,0
380000,2,1,2,37,-1,0,1,0,-1,1,146127,149200,130113,112255,123882,117790,146127,7150,13828,31422,123882,13277,0
50000,1,2,1,25,0,-1,0,0,0,0,29155,25690,25380,23352,19976,18991,7578,25690,2421,6125,4207,2857,0
80000,2,2,2,29,-1,-2,-2,-2,-2,-2,7860,69,0,0,0,0,7860,0,0,0,0,0,0
50000,1,2,1,26,-2,-1,0,-1,-1,-1,266,33830,31027,28255,27689,27001,0,33830,7181,28255,27689,27001,0
500000,2,2,2,32,0,0,0,-2,-2,-2,238063,265152,249100,0,0,0,48567,8847,50732,0,0,0,0
200000,1,2,2,38,2,0,0,0,0,-1,163803,167242,168705,167407,172864,172986,0,19449,40542,27048,48824,172986,0
100000,2,2,1,43,0,0,-1,-1,-1,0,29607,29191,29962,31998,34375,34228,7225,6789,29962,31998,34375,6896,0
100000,2,3,1,38,1,1,-1,-1,1,-2,54167,51162,50088,50824,49498,0,4178,1787,50088,50824,4263,0,1
170000,2,1,2,44,2,3,3,2,1,0,0,0,0,0,129906,113552,0,0,0,0,13269,14307,0
30000,1,1,2,39,0,-1,-1,-1,2,2,26468,23191,22854,24743,22525,22510,2229,23191,22854,24743,1593,452,1
130000,1,3,2,31,0,0,0,0,0,0,54243,57557,55487,58969,54904,49947,14953,10141,4537,9968,3594,7153,0
300000,2,2,2,21,-1,0,0,2,2,0,0,0,180469,191257,171805,173846,492,1730,41912,2531,9116,38606,0
150000,2,3,1,35,0,0,0,0,0,0,124850,115955,101279,87467,81455,77933,35678,31588,19758,21827,17502,10728,0
180000,1,1,1,36,1,1,1,1,-1,0,0,0,0,0,51723,55831,0,0,0,0,51723,16638,0
200000,1,1,1,34,2,0,0,0,0,0,140622,144613,130418,133549,126876,118604,12530,39968,20707,11405,28596,8243,0
270000,2,2,2,41,0,-2,0,0,0,1,120830,0,119549,109122,95942,101267,32013,0,5983,17330,18026,4607,0
20000,2,2,2,48,0,0,-1,0,0,0,5374,5693,5883,5700,5885,5767,232,766,5883,719,422,907,0
70000,2,2,1,26,-2,-1,-1,-1,-1,-1,0,-3411,14074,14834,16089,17578,0,589,14074,14834,16089,17578,0
220000,2,2,2,26,-2,-2,-2,-1,0,0,0,0,0,0,0,0,0,0,0,702,1432,1229,0
160000,1,3,2,26,-2,0,0,0,1,0,238,105031,109802,102703,88355,91706,0,26346,18091,10761,2768,13200,0
10000,2,1,2,39,0,1,0,0,2,-2,6498,6657,6321,6238,5779,0,1044,675,200,1865,252,0,1
70000,1,1,2,31,0,-1,-2,-1,0,0,43743,41938,0,33543,32606,35667,6604,41938,0,33543,6077,3810,0
80000,2,2,2,27,0,0,1,2,2,2,63409,72501,70139,74002,68047,62503,9294,20318,6040,3726,7986,0,0
190000,1,3,1,37,0,0,-2,-1,-1,0,-840,106892,0,105207,99533,107403,72,30706,0,105207,99533,14251,0
90000,2,1,2,62,1,1,1,0,2,2,62072,71149,77468,79365,70363,68584,6297,8222,9062,21419,6203,4874,0
200000,2,1,2,34,1,0,0,-1,0,2,100112,114481,103641,119969,119589,124733,7595,7361,24107,119969,5990,4295,0
340000,2,2,1,42,3,0,0,0,1,1,215786,209407,204705,198993,194647,191954,0,40418,58784,33628,22026,13539,0
50000,2,2,1,30,0,-1,0,2,0,0,40631,43287,42401,39583,37259,35726,9747,43287,2010,3660,10649,3382,0
130000,2,2,2,23,0,2,1,1,0,2,36521,40111,44220,50835,53733,55854,10756,4177,0,5550,3696,0,1
140000,2,3,2,22,1,0,0,-1,0,1,79869,78493,87264,77920,70821,67598,5824,11293,6565,77920,18397,1194,0
40000,1,3,1,39,-2,-1,-1,0,2,2,245,35174,35959,34369,33651,32300,0,35174,35959,5536,0,0,0
110000,1,3,2,32,0,0,-2,-2,1,1,34861,31468,0,0,28532,28813,7932,9393,0,0,0,0,0
500000,2,2,2,29,-2,-2,0,3,0,1,0,0,255369,255484,246952,223622,0,0,21077,27488,21874,23824,0
100000,1,1,1,26,-1,0,2,-2,-2,-2,0,53798,60679,0,229,0,1446,5710,1293,0,0,0,0
150000,1,3,2,43,0,0,-1,-1,0,2,98007,90712,90608,81770,82237,77962,25147,16247,90608,81770,7276,8505,1
150000,1,1,3,48,-2,-1,0,0,1,-2,0,80397,76422,81346,74472,0,0,80397,12633,6796,4443,0,0
90000,1,2,2,46,-2,-2,1,0,-2,3,279,234,37442,41975,0,40752,0,0,405,3396,0,2508,1
100000,2,3,2,46,0,1,-1,-1,1,3,44828,44140,48517,43514,43652,39385,3595,5109,48517,43514,1926,0,0
70000,2,1,2,34,2,2,0,1,0,0,0,0,0,0,43728,43570,0,0,1124,0,12875,6229,0
90000,2,1,1,30,0,-1,0,-2,-1,0,-2260,-2024,-1913,68,-1964,-1800,1071,2330,479,0,665,111,0
50000,1,3,2,42,-1,-1,0,-1,-1,0,11906,10741,11857,12086,12288,11226,11906,10741,673,12086,12288,2434,0
200000,2,1,1,31,0,0,0,0,0,0,0,0,0,0,0,0,1108,332,911,574,518,1458,0
160000,1,2,2,35,-1,-1,-2,0,0,0,56007,55299,0,56043,56640,63951,56007,55299,0,7004,2945,10796,0
300000,1,2,1,39,0,-2,-1,1,0,-1,156469,0,191110,199151,196187,168153,22992,0,191110,0,39612,168153,0
190000,2,3,2,46,0,0,0,-1,0,1,0,0,0,87799,93785,94278,1007,848,1575,87799,11989,9657,0
170000,2,2,2,22,-1,1,1,0,0,0,0,0,0,0,94315,100487,454,0,0,423,11576,11492,1
400000,2,1,2,35,-1,-1,0,-1,-2,-1,228226,249140,234389,229976,0,211495,228226,249140,12926,229976,0,211495,0
210000,2,3,1,40,0,0,-1,1,0,-1,172897,160472,148619,145828,158707,148024,33444,21119,148619,0,23938,148024,0
290000,1,2,2,28,0,1,0,0,0,1,228828,207734,178489,186475,186686,182945,34483,6542,27971,30130,45730,5328,0
50000,2,1,1,40,3,2,2,0,0,-2,24147,25109,22385,20710,20048,230,0,0,909,5323,4482,0,1
120000,1,1,2,46,0,1,-1,-1,-1,0,53291,51433,48493,44939,45687,49978,12980,0,48493,44939,45687,11591,0
170000,2,2,2,31,4,3,2,-1,2,0,178500,176926,161656,151729,144416,132783,20015,9489,18375,151729,13391,12101,1
50000,1,1,2,33,0,0,0,0,-2,0,10244,9642,9689,9049,0,10407,580,2231,672,769,0,1577,0
20000,1,3,2,25,0,0,0,2,-1,-1,8074,7145,7286,8067,8004,9195,1110,554,353,884,8004,9195,0
300000,2,3,1,46,-2,-2,-2,0,5,-1,0,0,0,247510,255183,254474,0,0,0,22686,6973,254474,1
70000,2,1,2,24,-1,0,1,-2,0,0,35356,32460,29389,195,31516,30870,35356,2388,0,0,5427,2924,0
80000,2,2,1,32,0,0,-1,1,-1,0,20528,19754,18383,17323,18014,16899,4550,1928,18383,2025,18014,3300,1
90000,1,2,2,43,0,0,-1,0,0,0,0,0,0,0,0,15117,792,853,823,1885,734,1589,0
230000,1,1,2,25,-1,0,-1,0,1,-1,178037,160383,145822,133535,127666,111935,178037,42817,145822,39025,8314,111935,0
160000,1,3,2,43,2,-1,-1,0,0,0,0,0,0,82639,85000,76004,0,2234,2686,16263,12705,6049,0
80000,2,1,2,36,6,-1,-1,-1,-2,-2,50621,52515,55965,64227,0,0,0,52515,55965,64227,0,0,1
80000,2,3,1,42,-1,-1,0,-1,-1,0,17958,18187,17576,19872,22055,22479,17958,18187,528,19872,22055,3179,0
300000,2,1,1,43,-2,-2,2,0,0,-1,0,0,174830,182528,194306,224878,0,0,7252,47868,18739,224878,0
140000,2,1,1,36,1,1,2,2,0,0,61004,62808,63358,64121,66177,74235,4106,6057,5235,6448,8595,13876,1
150000,1,1,2,29,0,2,2,1,0,-1,0,0,0,0,79079,82357,588,0,0,0,2398,82357,0
80000,2,2,2,21,1,0,0,1,1,0,18000,16333,17409,16715,14935,14097,0,3270,3324,0,0,1109,0
220000,1,2,2,44,0,-1,1,0,-1,0,53160,53864,50445,45670,48044,46572,8819,53864,2586,9870,48044,11685,0
120000,2,1,2,27,0,-1,0,0,-1,-2,0,0,0,0,0,0,1168,527,1236,1888,2232,0,0
80000,1,1,2,29,2,2,0,0,0,0,41110,41202,38793,41265,44955,47438,0,0,9302,2467,10337,2616,0
190000,2,2,2,30,1,0,-1,1,-2,-1,100921,87374,82196,75439,0,70060,10201,13798,82196,0,0,70060,1
90000,1,2,2,47,-1,-2,-1,0,0,-2,17585,0,16376,18582,18251,0,17585,0,16376,5197,1143,0,0
140000,2,2,1,37,0,0,-1,-1,-1,1,79675,73908,68948,66809,61677,65272,5707,20326,68948,66809,61677,5450,0
50000,2,2,2,37,2,0,-1,0,3,1,0,0,0,0,0,0,0,1008,821,729,0,0,0
180000,1,3,2,37,0,0,-2,-2,3,0,0,0,0,181,92830,85118,1207,781,0,0,8305,7068,1
60000,2,1,1,29,0,0,-1,-1,2,0,29216,28633,29653,32872,31889,34338,2360,1022,29653,32872,2078,1969,0
10000,2,3,1,52,1,1,3,1,-2,-2,7119,7507,7315,7901,0,280,725,0,0,537,0,0,0
200000,1,1,2,23,0,1,-1,-2,-1,-1,43466,38979,38691,0,43942,46934,2309,4513,38691,0,43942,46934,0
110000,1,3,2,22,0,0,0,0,-2,1,72007,72704,78280,75667,152,61019,13461,8640,14118,2523,0,3868,0
40000,2,2,2,24,0,2,0,-1,0,0,19496,20607,19607,18632,19203,18804,3056,1962,4436,18632,1959,1820,0
200000,1,1,2,47,1,1,-1,-1,-1,3,-4227,-3880,-4133,-4318,0,113174,0,0,2391,2068,2677,0,0
140000,1,2,1,22,0,1,2,1,0,0,69633,70589,70443,73153,63091,57230,7893,6458,3538,0,6178,12647,0
290000,2,2,2,38,2,-1,-2,-1,-2,-2,132025,132338,0,131978,0,41,2241,132338,0,131978,0,0,1
190000,1,2,1,42,2,2,-2,-1,0,0,99725,100343,61,115678,106081,99389,11111,5164,0,115678,11539,24987,0
340000,2,1,2,40,1,1,-2,-1,-2,-2,0,0,0,0,0,0,0,0,0,2449,0,0,0
50000,1,1,2,40,1,-1,-1,0,1,0,24307,24219,22036,23747,22740,22849,416,24219,22036,3667,1674,4052,0
50000,1,1,2,45,0,-2,-2,-2,-2,0,9066,0,0,166,0,8734,1349,0,0,0,0,2595,0
330000,2,1,1,29,-1,-1,-1,2,1,1,227658,210252,194784,181616,176735,195864,227658,210252,194784,0,12561,15310,0
90000,1,2,2,42,-1,2,0,2,0,0,73374,64201,54479,49436,44817,44025,73374,0,7829,4532,9830,9091,0
10000,2,2,2,34,1,0,-1,-1,-2,-2,3617,3861,4286,3784,215,35,0,1157,4286,3784,0,0,0
200000,2,2,2,26,0,1,1,0,0,-2,182164,163725,141844,152285,164660,0,43090,8095,0,23030,26179,0,0
190000,2,3,2,33,1,1,2,1,1,0,135757,122088,110395,121989,134941,125658,6525,13426,5999,7070,8844,24268,1
100000,2,2,2,49,7,2,2,2,0,-1,41024,36151,34686,35404,33532,31635,4117,2053,992,2542,5674,31635,1
300000,2,1,2,27,-1,-2,1,2,2,1,121432,102,117095,106228,119269,131391,121432,0,12190,0,0,6994,1
160000,2,2,1,33,0,0,0,0,0,0,45465,45491,47020,48072,47863,43275,9549,3822,2416,3539,3378,11750,0
150000,2,3,2,31,0,-2,-2,-2,-2,-2,0,0,0,42,0,0,407,0,0,0,0,0,0
220000,1,1,2,40,5,0,-2,1,0,0,0,0,237,0,90758,87240,0,1820,0,0,3786,11036,1
120000,2,1,2,36,0,-1,-1,0,1,0,66020,59251,61098,60101,57264,49971,5730,59251,61098,6160,4082,11543,0
140000,1,2,2,27,0,0,2,2,2,2,85583,78279,71468,66438,70858,70996,5009,11272,0,2432,0,7314,1
310000,2,3,2,39,4,3,4,0,-1,0,123047,125183,124926,134031,145051,160534,6216,9927,10890,15293,145051,26042,1
190000,1,2,2,51,-2,-1,1,-1,0,0,2,-1402,0,0,75166,76747,0,2546,0,2064,5740,10443,0
80000,2,1,2,52,0,0,-1,-1,-1,7,57470,55686,48947,47575,42046,44971,9780,7831,48947,47575,42046,4124,1
100000,1,2,1,23,1,1,0,0,2,0,0,0,0,0,0,0,0,0,1421,1293,0,416,0
120000,2,1,1,36,0,0,0,0,0,0,0,0,0,0,0,0,895,637,462,1419,856,914,0
140000,2,1,1,30,0,-1,-1,-1,-1,-1,64571,72630,75769,69801,78030,77716,13512,72630,75769,69801,78030,77716,0
230000,1,1,2,40,-2,-2,3,2,1,2,145,0,160671,145397,132286,123943,0,0,4829,13233,15282,11163,0
100000,2,1,1,34,1,0,0,0,0,-2,0,0,0,0,32118,0,0,152,1867,566,7088,0,0
150000,2,1,1,32,0,1,0,0,0,0,87770,85163,76850,79740,87779,78519,20640,7646,7450,20967,9978,18842,0
50000,2,1,1,36,-1,-1,7,1,0,1,23952,23630,21588,22041,19933,18844,23952,23630,1963,1479,1914,1468,1
180000,1,2,2,29,-2,-1,-2,-1,-2,0,0,0,0,0,0,64138,0,2733,0,1604,0,17483,0
80000,2,2,2,21,0,0,0,0,-1,0,-1330,-1200,21533,19548,21682,19934,558,186,4553,2687,21682,2680,0
100000,1,2,2,27,-2,0,-1,0,0,0,0,32146,32901,33686,34033,39521,0,1912,32901,8291,9816,10607,1
70000,2,2,2,26,2,-1,0,-1,-1,0,50934,51232,50550,58861,58862,56664,1018,51232,8523,58861,58862,7679,1
100000,2,3,2,34,2,-2,-2,-2,-1,-1,42942,133,0,0,47704,53658,0,0,0,0,47704,53658,0
130000,2,1,1,29,-1,-1,-2,-1,-2,0,73254,69620,116,62792,0,46936,73254,69620,0,62792,0,13356,0
80000,2,1,2,31,1,0,-2,-1,-2,0,11373,10363,26,9561,0,9037,617,1998,0,9561,0,1723,0
20000,1,2,1,41,0,2,2,2,0,-1,0,0,0,0,8164,8491,1207,0,0,0,649,8491,1
240000,2,2,1,28,0,-1,0,1,0,0,33068,31384,29221,31272,30088,32761,5487,31384,1282,2203,2091,4124,0
100000,2,3,1,49,0,0,0,-1,-1,0,45050,45640,48971,43204,48403,52695,1370,6904,2119,43204,48403,5521,0
110000,1,2,2,37,0,0,-1,0,-1,-2,38161,35521,37303,34677,31748,0,10661,4991,37303,9843,31748,0,0
350000,1,2,1,30,2,1,-1,-1,-1,0,230273,210148,221387,197853,202487,218988,0,18711,221387,197853,202487,7078,0
290000,1,1,2,38,0,-1,-1,-1,0,0,0,0,0,0,0,48409,367,2901,631,2758,657,3583,0
140000,2,1,1,27,-2,1,-1,-1,-1,-1,34,47110,51156,53120,47288,42177,0,5031,51156,53120,47288,42177,0
80000,2,1,2,43,-1,-1,0,0,0,0,10914,11665,11498,12281,11226,12904,10914,11665,1857,3081,3331,580,1
110000,2,3,1,37,0,0,0,-1,0,0,115500,110080,100046,85630,89412,95981,11086,22959,17308,85630,20221,21009,0
10000,2,4,1,40,1,0,0,-2,-2,-2,1814,1779,1886,0,3,0,53,525,319,0,0,0,0
90000,2,3,2,31,0,1,0,0,0,1,12004,12955,14629,15347,13499,12112,3224,472,2667,547,1568,688,0
370000,2,3,2,28,0,0,0,0,-2,-2,85385,92935,81811,78297,30,0,12013,7382,17834,3764,0,0,0
80000,1,1,1,21,0,1,1,0,0,0,69941,69894,61417,54896,48978,51095,9786,0,756,8169,4860,8147,0
300000,1,3,2,35,-1,0,0,0,-2,-2,145180,162749,167525,144233,0,0,145180,14080,36924,33559,0,0,0
170000,1,1,1,32,2,-2,-2,-2,-1,0,117475,0,0,0,130213,126696,0,0,0,0,130213,23607,1
120000,1,2,2,21,1,0,-1,-1,0,0,51431,48210,44303,43606,39706,37726,1000,7219,44303,43606,8253,6711,0
180000,2,1,2,45,0,0,0,-1,2,1,144943,157755,178095,171315,155108,140663,17230,37080,35124,171315,18143,6319,1
70000,2,1,1,22,0,0,0,1,2,2,28742,28332,26917,28102,29896,27195,7826,5794,7513,537,420,3012,0
30000,1,3,1,32,2,1,1,0,3,2,0,0,0,0,0,22593,0,0,0,1361,0,235,1
60000,2,1,1,34,2,0,0,1,-2,2,-3281,-2874,-2813,-3006,0,-2944,0,1494,1941,0,0,0,1
110000,2,3,1,33,0,-2,0,0,0,-1,61951,0,58054,59002,57155,53283,2310,0,4504,14453,4389,53283,0
170000,1,1,1,37,-1,3,2,2,2,0,0,71653,66777,60676,63098,68913,1020,4596,4148,1238,5979,8510,1
250000,1,2,2,34,0,1,0,0,-2,0,72283,72250,73411,71605,0,69069,16876,1276,9754,16880,0,10142,1
110000,2,2,1,34,-1,0,0,0,-1,0,38833,41658,43554,39759,35862,34799,38833,5589,8709,2534,35862,9315,0
110000,2,2,2,29,-1,0,2,0,0,-2,0,0,0,0,0,112,1002,1059,0,1097,1995,0,0
200000,2,2,1,39,0,1,2,0,-1,0,133478,126644,139614,134524,123779,118555,23452,12367,0,6891,123779,16567,0
210000,2,2,2,21,0,2,2,2,0,0,140224,129478,133070,149361,147698,140801,39381,0,14681,0,27993,7927,0
20000,2,1,1,21,0,-1,-2,-2,0,0,0,0,140,0,11941,10836,767,2878,0,0,804,446,0
200000,1,2,2,33,0,0,0,-2,-1,-2,0,0,78288,0,70332,0,595,1174,5162,0,70332,0,1
120000,2,1,2,21,2,0,-1,0,0,0,64257,73413,68149,68002,68845,72253,0,11590,68149,2044,4317,16520,0
150000,1,2,1,48,0,-1,0,0,0,0,76189,78871,68141,72454,69601,71773,14863,78871,13055,18379,19821,3136,0
150000,2,4,1,28,5,5,-1,0,1,0,103141,101524,91568,97280,101624,87618,8995,10873,91568,6243,6291,8259,1
170000,1,3,2,44,2,1,0,0,1,0,127728,114411,110856,104372,102184,87334,0,9263,7073,14388,2079,5994,1
60000,2,2,2,21,-2,-2,0,1,1,-2,290,224,26446,26720,29586,0,0,0,3883,0,0,0,0
150000,1,3,1,31,0,0,0,0,0,0,83682,89242,88159,96448,86017,85505,6972,16017,14038,14904,15450,16260,0
210000,2,2,1,42,2,0,0,-1,0,0,71480,67937,70265,61850,64595,73775,1269,5324,5130,61850,16276,4034,1
210000,2,2,2,28,-1,-1,3,2,0,0,220500,211601,189296,179173,157848,140487,220500,211601,14207,0,13502,36966,0
190000,2,3,2,32,-2,-1,0,0,0,-1,0,35425,32194,33311,34068,32904,0,35425,3196,8509,5697,32904,0
160000,1,2,1,29,1,1,0,0,-1,-1,0,0,0,25765,22759,26151,0,0,9,4144,22759,26151,0
180000,2,2,2,43,-1,-1,1,-1,-1,0,49098,49358,53046,59897,62336,63858,49098,49358,2763,59897,62336,11147,0
200000,1,1,1,38,1,0,0,2,2,2,-1583,-1561,-1706,-1580,85249,97774,0,1851,70,0,3327,6323,0
50000,2,2,2,25,1,0,0,0,0,-1,14933,16514,15450,15783,16355,15161,0,2608,1465,3772,2837,15161,0
320000,2,2,2,25,8,-1,0,1,0,0,-1516,-1614,-1691,-1539,-1563,121503,0,1362,1352,0,1909,32748,1
80000,1,1,2,32,0,-1,-1,0,0,0,54198,50642,48594,46638,41271,37027,11815,50642,48594,11783,11281,1735,0
160000,2,2,1,27,1,2,0,0,-2,-1,104036,101938,115530,113474,290,95035,4704,4490,14154,4642,0,95035,0
130000,1,2,1,24,-1,1,-1,0,0,-1,84336,77761,65965,72798,80688,71163,84336,0,65965,21474,21310,71163,0
180000,2,2,2,34,1,-2,-1,-1,0,-1,22121,0,18739,18855,18985,19731,1157,0,18739,18855,3858,19731,0
220000,1,1,2,27,0,0,0,0,0,0,87293,84878,85696,80842,77414,80601,10968,20256,21857,16353,16227,8299,0
200000,1,3,1,42,0,0,0,1,1,0,0,52467,55394,54288,54745,52317,1028,15040,6974,0,3532,3946,0
140000,2,2,2,37,2,2,1,1,1,-1,76216,77581,80258,80125,71263,76044,2059,0,4337,0,2784,76044,0
160000,2,2,1,40,0,0,0,2,-1,-1,57552,62857,65106,68759,78491,78536,15780,13517,4065,1845,78491,78536,1
160000,1,2,2,35,0,0,0,-2,0,0,73078,81920,95379,61,91807,81807,12715,20044,24156,0,8538,20084,0
240000,2,2,1,59,0,-1,-1,0,0,-1,67725,75424,76813,81208,88989,77734,9087,75424,76813,8992,15379,77734,0
200000,1,1,1,27,1,0,0,0,0,-1,81839,81905,92248,98360,94013,91710,1161,19564,5617,27225,4103,91710,0
110000,2,2,1,31,-1,0,0,1,0,-1,28329,26107,29266,30436,34751,34901,28329,2721,7002,0,10264,34901,0
110000,1,2,2,27,4,2,2,0,0,0,55956,57331,56131,55312,50613,52414,3924,6034,630,2243,9855,11762,0
80000,1,2,1,40,0,2,-1,0,0,0,-3517,-3349,-3610,-3749,35257,36051,18,0,2067,1046,8789,5992,0
150000,2,2,1,21,0,-2,-2,-1,0,-2,60489,0,74,56383,54590,0,5788,0,0,56383,3056,0,0
100000,2,2,2,42,-1,0,0,1,0,-1,53571,49790,49925,49814,50390,43269,53571,3226,9186,2315,11472,43269,0
90000,2,2,2,39,0,0,1,1,0,1,59913,57407,58424,64847,66416,61150,12209,12748,2959,1460,19592,0,0
100000,2,2,2,28,0,0,0,0,0,-1,52807,50976,50912,57414,61729,58190,1809,7667,3522,12589,15433,58190,0
340000,2,2,1,54,2,-1,0,0,1,2,0,0,0,0,182623,173671,0,651,446,1631,17102,17137,1
50000,1,2,2,27,-2,-1,0,0,0,0,0,28998,27881,26841,25764,25617,0,28998,4612,5586,4395,3094,0
120000,1,2,2,21,-1,-1,0,0,-2,0,56345,56178,55398,54789,0,53035,56345,56178,8398,13948,0,9822,0
100000,1,2,2,43,0,0,0,1,-2,0,11885,11417,10201,10693,21,11769,664,1994,367,376,0,3386,0
170000,1,1,2,36,0,-1,0,2,2,0,97366,91127,98161,84349,95670,109294,9486,91127,11261,4146,11348,4693,0
230000,2,1,1,38,-2,0,0,-1,-1,0,0,104133,99037,104970,110695,115328,0,18365,15764,104970,110695,22091,0
130000,1,1,1,37,2,2,-1,0,0,1,0,0,0,0,0,89169,0,0,357,1121,537,3560,0
240000,2,1,1,34,4,3,3,0,0,0,0,0,121682,115747,110487,110289,0,0,0,4035,5793,25940,1
120000,1,2,1,36,-1,-1,-1,0,-1,0,0,0,0,0,0,47144,1583,2426,711,1692,998,12226,0
170000,2,1,1,29,-2,-1,0,0,1,0,25,19986,20895,23338,24975,23629,0,19986,1941,4726,2820,1857,0
20000,2,3,2,27,0,1,1,-1,0,0,2729,2549,2530,2924,3102,2921,737,0,120,2924,98,321,1
120000,2,2,2,34,-1,-2,-2,-2,-2,-2,0,0,0,272,0,0,2092,0,0,0,0,0,0
100000,1,2,2,27,1,1,0,0,0,-1,16465,15921,15229,15454,14331,14440,629,1896,1077,1413,3333,14440,0
100000,1,1,1,27,-2,-2,0,0,0,0,0,0,23750,22669,21857,20623,0,0,2668,2867,5288,1322,0
260000,1,2,2,40,1,1,0,1,0,-1,47222,53105,55088,52633,58585,57686,1575,2162,15815,1273,7073,57686,0
180000,2,2,2,34,-2,-2,0,0,0,0,0,78,22465,25423,27810,28833,0,0,6691,5297,884,5386,0
70000,1,2,2,44,-2,0,-2,0,-1,-1,0,22879,0,21722,20816,21642,0,6655,0,1136,20816,21642,0
150000,1,3,3,57,-2,-2,0,1,4,4,0,0,81807,77810,78122,77242,0,0,9494,0,3010,5813,1
90000,1,1,1,33,0,0,-1,0,0,0,34436,31428,30595,31078,29534,31511,2195,6965,30595,3703,8760,8856,0
180000,2,1,3,29,-2,-1,-1,-1,-1,-1,0,52413,48404,46446,50134,53178,0,52413,48404,46446,50134,53178,0
250000,2,2,1,33,3,2,-2,-2,-2,1,109305,114282,0,0,52,131817,3938,1957,0,0,0,0,0
100000,2,1,2,46,1,1,-1,-1,0,0,48045,47263,46342,47920,43967,45934,0,4065,46342,47920,4155,8073,0
180000,1,1,2,45,1,1,1,0,-1,0,56819,52832,56200,57182,55886,54655,0,1352,1387,16391,55886,6651,0
30000,1,3,2,31,-1,1,-2,-1,-2,0,12419,13198,0,13410,0,11972,12419,486,0,13410,0,2414,0
140000,1,2,2,42,-1,0,-1,0,-1,-2,0,0,0,0,0,46,465,1526,2991,1867,261,0,0
90000,2,1,2,33,0,-1,0,0,1,6,63352,72605,65656,74241,71642,71030,15959,72605,15584,4704,3565,0,1
190000,1,1,1,29,0,1,1,3,0,0,155343,142644,148106,142797,140163,122997,10729,17066,16953,0,8887,15908,0
10000,2,2,2,30,-1,0,-2,-1,0,-1,3969,3411,180,3764,3991,4237,3969,596,0,3764,840,4237,0
100000,1,2,1,35,-1,0,2,2,0,2,56171,57190,51267,54354,46993,51735,56171,4026,0,3254,4902,4477,0
100000,2,3,1,38,0,0,1,0,1,-1,36354,37417,36170,31903,27438,28778,7203,9359,2728,2899,2910,28778,0
150000,2,2,2,28,0,-1,0,3,2,2,83448,75947,87610,80081,81656,91246,19015,75947,11709,3168,2598,4001,0
70000,1,3,1,47,0,1,1,1,0,-1,35880,38905,40252,43595,40237,43420,7728,0,602,0,6559,43420,0
140000,1,2,2,33,1,0,0,0,2,2,-2068,-2318,-2196,46581,50740,53460,0,860,340,11031,0,2783,0
30000,1,2,2,34,0,0,0,0,-1,0,-367,-379,-376,7773,8025,8277,1140,912,642,953,8025,707,0
50000,2,2,2,46,-1,-1,-1,-1,1,2,20246,17649,19082,17803,19766,19220,20246,17649,19082,17803,695,2284,0
180000,2,2,1,38,0,1,0,0,0,0,50443,45445,52018,57877,55991,55104,3558,0,8023,6004,15097,15019,0
50000,1,1,1,36,-1,2,-1,-1,-1,-1,0,18926,21220,23160,24244,23307,2993,936,21220,23160,24244,23307,1
100000,2,1,1,36,-1,-2,0,1,1,-1,43281,0,42392,43395,44653,39122,43281,0,10310,2493,1381,39122,0
70000,2,1,1,40,0,-1,4,4,1,0,-153,-148,-136,-150,-133,-144,844,836,0,0,0,1940,0
70000,1,2,2,40,0,0,0,0,0,0,13823,13857,12621,12182,13070,13550,1257,2637,2066,768,3828,1468,0
170000,2,1,1,37,-2,-1,-1,0,0,-1,0,36203,41105,44756,46832,53915,0,36203,41105,11838,9715,53915,0
130000,2,1,1,45,0,-2,-2,2,1,0,84999,0,149,78160,70300,74229,21148,0,0,2060,0,3712,0
360000,2,2,2,34,2,0,-1,2,1,0,-855,-907,-854,-932,284604,253573,0,1808,893,0,19306,47550,0
30000,2,1,1,47,1,1,1,1,2,0,16217,14328,14956,13216,13429,14232,1215,1600,740,457,336,2414,0
110000,1,3,2,41,0,1,-2,-1,-1,1,14913,16086,0,18728,18498,17450,1580,1918,0,18728,18498,1063,0
80000,2,1,2,22,-2,0,0,-1,-1,-1,230,19172,19765,21366,23695,24049,0,3415,930,21366,23695,24049,1
140000,2,2,2,28,0,0,0,0,0,0,0,0,0,59712,65695,69440,993,110,684,10748,16370,3172,0
90000,2,2,2,39,0,0,0,0,0,0,43244,42558,43338,45363,43550,41627,10222,11514,10750,8978,4658,2555,0
200000,1,2,1,23,2,2,0,-1,-2,-1,150572,160801,165478,156076,285,148854,5192,0,16557,156076,0,148854,1
50000,2,2,2,35,0,-1,-1,-2,-2,-1,20328,21822,21668,0,0,21174,866,21822,21668,0,0,21174,1
50000,2,2,2,44,0,0,0,0,-1,2,49814,51999,52500,52500,46709,42149,13589,12459,10683,4914,46709,3643,1
60000,1,1,1,46,2,2,1,0,0,1,58889,56278,53514,55405,50175,46759,5777,0,4884,3038,3349,5459,0
10000,1,1,2,21,0,2,0,0,-1,-2,6040,5762,5066,5414,5186,0,1574,0,927,387,5186,0,0
270000,1,2,2,37,0,0,1,0,-2,-2,0,0,0,0,88,0,1678,1664,0,1966,0,0,0
120000,2,1,1,23,1,1,2,2,2,2,80802,70492,66018,67477,70301,67646,7007,0,7586,4196,908,0,1
140000,2,1,1,46,-2,1,0,1,1,1,0,58568,51002,48461,50544,55377,0,1203,7933,5051,0,4949,1
120000,2,1,1,47,2,0,0,0,-1,0,69199,67267,62588,56670,51484,52913,5194,16819,10556,15787,51484,15210,0
120000,1,2,2,45,0,2,-1,-1,-1,0,0,0,48968,49229,53870,48454,1922,0,48968,49229,53870,14348,1
150000,2,1,2,38,-1,-1,0,3,2,0,0,0,0,0,80087,84560,776,2176,1087,0,1503,11342,0
260000,2,1,1,39,2,1,1,0,0,8,201180,188945,169972,155836,155992,160099,0,16399,13005,14283,24295,5285,1
140000,1,3,1,37,1,0,0,0,-1,-1,15845,15512,13945,15388,14391,15064,187,1945,574,4025,14391,15064,0
50000,1,1,2,21,-1,0,0,0,0,0,22013,19789,19364,17800,17731,16677,22013,4050,5417,4876,4326,1806,0
170000,2,2,1,37,-2,5,5,4,3,2,296,101554,106039,97112,92196,100769,0,1205,6146,10642,0,9614,1
160000,1,1,1,32,0,0,-1,-1,-1,-2,74128,74045,78918,74922,73722,0,12665,19923,78918,74922,73722,0,0
150000,1,2,1,21,0,1,0,-1,0,1,20083,20688,20528,19334,19949,21880,5541,2254,5439,19334,4798,0,0
50000,2,2,2,30,3,-1,0,0,0,1,14050,15834,16871,18077,19800,20807,1223,15834,1663,2663,2062,2496,1
80000,2,2,2,23,-1,0,-1,-1,-1,0,18971,18226,18393,20247,19144,19122,18971,4763,18393,20247,19144,1740,0
250000,2,2,2,32,1,0,-2,-2,0,-1,0,57172,0,264,59966,54137,0,4708,0,0,13193,54137,0
210000,2,2,1,21,-1,0,1,0,-1,0,0,0,0,0,0,0,246,1398,0,1346,2961,622,0
250000,1,2,2,41,1,1,0,0,0,1,88262,87198,87971,77527,75267,67264,9733,1977,20464,13815,13805,5522,0
120000,1,2,2,37,0,1,0,1,0,0,32579,35043,32908,32941,32031,36500,4430,725,9505,1113,7173,3029,0
230000,2,2,1,54,-1,0,0,0,0,0,96805,103924,101129,104569,97076,104906,96805,20533,25396,16840,16318,9556,0
150000,2,1,2,21,-1,-1,-1,1,0,-1,75471,79879,87809,84005,81691,92221,75471,79879,87809,4866,13457,92221,0
140000,2,2,2,43,0,-1,0,-2,0,1,0,0,0,0,0,47008,1161,1655,1136,0,45,2435,0
140000,2,2,1,40,0,0,2,1,0,-1,76669,69972,59764,65355,70630,73605,16425,11691,6000,5700,20496,73605,1
300000,2,1,2,50,0,-1,-2,-2,0,0,131322,112424,239,112,114178,122021,22645,112424,0,0,33215,26228,0
270000,2,3,2,38,-1,-2,-1,0,0,0,89067,0,85549,79248,73221,66573,89067,0,85549,12292,4861,4214,0
160000,2,3,1,64,-1,0,0,0,0,0,119388,118108,107057,100003,109750,113079,119388,12022,19635,28432,15111,20770,0
110000,1,2,1,37,1,0,-1,-1,-1,0,0,0,0,0,0,0,0,407,1957,513,2200,1226,0
210000,2,2,1,46,0,0,0,3,2,-1,89091,90453,86564,94750,104113,93347,17689,16093,8543,0,1504,93347,1
30000,1,2,1,42,-2,-2,-1,0,-1,-1,0,193,7136,6563,6469,5858,0,0,7136,266,6469,5858,0
30000,1,1,2,25,0,2,-1,-2,0,2,17555,16555,15262,0,14258,12681,3409,576,15262,0,3575,1251,0
80000,1,2,2,28,-1,-2,0,0,-1,0,27163,0,24427,24911,23143,22165,27163,0,7051,1424,23143,2979,0
50000,2,3,1,43,0,0,0,0,2,0,23599,25670,26379,26715,27679,26196,974,4183,3199,4075,1254,5562,0
50000,2,2,1,22,0,0,0,-1,0,0,12663,14660,14661,13408,14001,13366,2055,2029,1749,13408,3854,3720,0
30000,1,2,2,44,-2,0,0,0,0,0,0,12951,13198,13330,15228,16226,0,912,1745,3139,2087,2552,0
50000,2,1,1,27,0,0,-1,-1,-1,1,27647,28479,29430,25720,24067,24962,6126,4418,29430,25720,24067,0,0
200000,2,1,1,37,0,0,0,0,-1,-1,140486,130315,117708,120067,119576,111375,29836,30240,30197,29010,119576,111375,0
120000,2,2,1,24,-2,-1,0,0,0,-1,0,82238,76554,68994,64948,74423,0,82238,13391,11116,11451,74423,0
160000,2,1,2,36,0,-1,0,2,1,2,47975,49234,52130,57098,61913,61038,13550,49234,4445,5152,0,4387,1
140000,2,1,2,35,-2,-1,-1,-1,0,0,0,82560,79968,87820,95036,88724,0,82560,79968,87820,23836,10898,0
120000,1,2,1,28,0,0,0,-1,0,-1,0,0,0,0,0,0,728,1475,699,165,1251,2511,0
150000,2,3,2,44,2,-1,-1,2,0,0,126323,125126,118092,109666,99978,108211,3425,125126,118092,9811,3447,3545,1
90000,2,2,1,32,0,-1,0,1,1,0,-238,-234,-243,-219,40815,42605,1533,2829,702,0,1591,5174,0
170000,1,2,2,46,0,0,0,0,-2,-1,0,0,0,0,0,78385,308,321,1564,424,0,78385,0
110000,2,2,1,21,0,0,0,0,1,0,64541,58957,60008,64796,68525,71206,11199,9596,6770,5757,2437,20622,0
130000,2,2,2,27,1,0,1,2,-2,-2,85394,76214,82592,87833,0,0,1118,8840,9638,0,0,0,0
120000,2,2,2,35,0,-1,1,1,0,0,0,0,0,0,0,0,1395,2265,0,0,741,1634,0
60000,2,1,1,35,-1,-1,-1,-1,1,0,12085,12447,12236,11953,12566,13795,12085,12447,12236,11953,0,2103,0
90000,2,1,1,21,-1,0,0,-1,-1,0,37207,34027,31134,30064,32503,34372,37207,4128,5462,30064,32503,2414,0
50000,1,1,2,41,-2,0,-1,-1,0,-2,0,19566,18268,19367,17796,163,0,811,18268,19367,2298,0,0
230000,2,1,1,28,-1,1,0,-1,0,0,63548,58328,52901,50717,48508,43720,63548,0,13962,50717,3641,10161,0
10000,1,2,1,36,1,0,0,0,-1,0,2706,2414,2567,2837,2775,2576,242,202,138,537,2775,407,0
200000,1,2,2,35,-2,2,1,0,-1,0,0,0,88547,91744,90179,88665,0,0,8171,15251,90179,23039,0
300000,2,2,2,35,1,4,-1,0,-1,0,132207,127691,139519,147598,131597,146102,0,14991,139519,23413,131597,37841,0
260000,2,2,2,33,1,1,1,0,0,-1,139616,147814,137132,154817,142595,149433,11117,17218,11888,25256,34063,149433,0
50000,2,1,1,46,0,-2,-1,0,0,0,24573,150,25608,24899,23358,21241,755,0,25608,2145,3982,6102,0
410000,1,3,1,32,0,-2,-2,-2,-1,-1,213189,0,0,0,240744,210276,10032,0,0,0,240744,210276,0
50000,2,4,2,34,-2,-2,-2,-2,-1,0,0,0,0,0,24940,25600,0,0,0,0,24940,5341,0
190000,1,1,1,33,1,-1,0,0,1,1,103887,106576,95236,90633,90614,90377,10531,106576,26042,8909,0,1422,0
80000,1,1,1,36,2,2,1,-1,-1,-1,43517,43442,50087,50946,50940,49328,0,3585,5427,50946,50940,49328,1
190000,2,3,2,27,-2,-1,-2,-1,-1,-1,0,0,265,0,27132,28629,0,131,0,708,27132,28629,0
130000,2,2,1,36,0,-2,-2,-2,0,2,0,0,0,230,71602,69457,1386,0,0,0,2588,5626,0
110000,2,2,1,25,1,0,0,-1,0,-1,31972,32569,32703,35148,33098,35425,0,4771,4403,35148,5313,35425,0
100000,1,1,1,41,1,0,-2,2,0,0,0,0,0,66635,75413,67525,0,801,0,0,2617,2927,1
50000,2,2,1,29,-2,-1,0,0,0,6,0,24974,23990,23703,23978,24092,0,24974,1195,3244,849,2694,1
150000,1,2,2,42,0,0,0,-2,-2,-1,0,0,89529,0,0,75874,757,11,4843,0,0,75874,0
200000,1,2,1,32,0,1,1,1,1,5,115625,105626,105534,116041,128375,130942,34068,9133,5459,5684,0,13637,1
80000,2,2,1,26,1,0,0,-1,0,1,57597,62072,61212,52438,55187,50669,6785,3073,9597,52438,12022,3155,0
70000,2,3,1,21,0,1,0,0,0,-1,51980,47563,48135,45150,40727,37313,3323,0,3808,8050,3570,37313,0
450000,1,1,1,26,0,0,1,1,1,1,137154,127797,121348,114322,110317,103326,38102,12464,0,0,2041,6099,0
150000,1,1,2,39,0,-1,0,1,-1,-1,35394,36396,36405,35754,30452,31703,5202,36396,3609,1431,30452,31703,0
60000,2,1,2,39,2,-2,-1,0,0,0,31017,58,31094,28237,27520,27856,950,0,31094,5782,2466,855,1
170000,1,1,1,34,0,3,2,0,1,0,84496,87310,87294,81536,78659,83739,24517,8077,0,17404,3642,3952,1
210000,1,1,1,21,0,0,-1,2,1,0,-2877,-3140,-2982,-2984,139473,122292,1973,207,2740,0,0,16606,0
80000,1,2,1,45,0,0,0,0,1,1,39562,41233,39500,37004,33381,34561,10888,3763,5177,4330,2383,1471,0
280000,1,1,2,43,0,-1,0,0,2,-2,116060,118703,111154,106629,108399,0,14740,118703,24267,16150,8081,0,1
140000,1,2,2,43,2,2,2,0,0,0,0,0,0,0,0,0,0,0,0,718,1844,1934,1
120000,1,1,1,33,0,0,0,-2,2,0,47845,42711,41954,0,50224,51773,2311,6407,9231,0,5483,2380,1
100000,2,2,2,45,0,2,1,1,0,0,57703,61239,56568,61580,69458,68722,2719,0,3198,3772,20409,2804,0
140000,1,2,1,46,-2,1,0,0,-2,-2,0,69864,69185,64039,0,0,0,3109,16286,8482,0,0,0
150000,2,3,1,21,0,-1,0,0,-2,1,65163,66030,67255,59700,0,59513,6078,66030,11074,2971,0,6237,0
160000,2,3,1,34,0,-1,-1,-1,1,0,72461,70301,78270,75744,79465,83833,5230,70301,78270,75744,0,19918,1
90000,2,2,2,22,0,0,-2,0,0,-2,22715,21433,0,24778,23355,0,4678,975,0,6124,5200,0,0
140000,2,2,1,38,0,0,-1,-1,-2,-2,41379,44945,43520,39708,0,0,1432,6642,43520,39708,0,0,0
50000,2,1,1,25,-2,1,0,0,0,0,0,10562,10700,11457,12149,13165,0,1149,2091,1709,1546,1677,0
50000,2,1,1,43,1,1,1,2,2,1,0,0,0,0,28304,30174,0,0,0,0,864,1076,1
220000,1,1,1,31,0,0,0,0,0,0,137167,144329,137618,131599,138871,141362,40444,36352,33328,36308,39582,22457,0
80000,1,2,1,21,1,0,0,-1,0,1,-1109,-1242,-1251,-1240,8557,8109,0,529,1906,256,2499,816,0
170000,1,2,2,47,0,-2,0,1,0,1,0,30,0,0,92572,88155,341,0,242,0,20360,2994,0
150000,1,1,3,34,-1,0,0,-2,1,0,36452,37735,34881,0,32357,28729,36452,7951,4089,0,3043,4219,0
70000,2,2,1,40,1,0,-1,-1,-1,-1,42943,45651,43916,40375,35680,36678,1150,2224,43916,40375,35680,36678,0
140000,1,1,1,55,0,0,-1,2,-1,0,0,0,0,0,58414,55480,1020,1308,1852,0,58414,13673,0
160000,1,1,1,25,-2,-2,-2,-1,0,0,0,201,0,63309,64477,59158,0,0,0,63309,4706,14533,0
280000,2,2,2,25,0,0,-1,0,0,0,165176,173796,177410,180689,173979,162445,23366,5916,177410,33116,50060,13325,0
210000,2,3,1,42,-1,-2,-2,-2,0,2,144593,0,0,0,156330,147169,144593,0,0,0,31518,0,0
30000,1,1,1,44,-1,0,-1,-2,-2,-2,0,0,0,0,0,0,516,90,2544,0,0,0,0
100000,2,1,1,34,0,1,1,0,1,1,37613,34751,35927,35171,37116,32493,6074,3108,3027,7625,0,3065,1
110000,1,1,1,47,-1,0,0,0,-1,-1,0,22045,23996,24570,24213,25197,2131,3952,6191,4327,24213,25197,0
80000,2,1,2,38,0,0,1,-1,0,0,0,0,0,0,0,0,937,97,0,2072,541,135,0
290000,1,1,2,25,-1,1,-1,0,0,0,89081,91118,92697,87924,84124,77009,89081,6999,92697,13591,12950,14914,0
50000,2,2,2,26,0,0,0,-1,-1,-2,0,0,14754,14156,13091,18,863,298,1017,14156,13091,0,0
170000,2,1,2,41,0,2,0,1,-2,-1,104183,95002,85136,84684,0,74871,13827,10408,7568,4966,0,74871,0
230000,2,2,1,37,-2,-1,0,0,-1,-1,0,140586,124443,127944,124692,114666,0,140586,25947,17292,124692,114666,0
80000,2,2,1,21,2,-1,2,-2,-1,2,0,0,0,0,38873,38554,0,981,0,0,38873,2467,1
200000,1,2,2,35,0,0,-2,-2,1,0,59995,63404,0,0,73733,80514,17140,16449,0,0,5125,14793,0
260000,2,3,2,30,1,0,-2,-2,1,0,38769,40849,0,0,35699,37487,4141,4350,0,0,987,7428,0
80000,2,2,1,45,1,0,-2,-2,-2,-1,38895,42863,0,87,0,37940,2865,1855,0,0,0,37940,0
100000,2,2,2,34,0,0,-1,-2,1,1,53391,52624,48367,0,39606,41176,4719,10369,48367,0,2018,0,0
30000,2,3,2,52,-2,-1,0,-2,-1,0,122,9433,8646,0,9979,10109,0,9433,2231,0,9979,1829,1
70000,2,2,2,30,0,0,0,0,0,0,17841,18412,18135,18608,18496,16493,1704,4094,4049,5159,3567,3190,0
50000,2,2,1,48,-1,-1,-1,-1,-1,-1,14284,13876,15238,15931,15500,15798,14284,13876,15238,15931,15500,15798,0
300000,1,2,1,34,3,1,-1,0,0,0,211732,226851,208864,203083,212683,208844,0,20288,208864,30857,58026,32433,0
20000,2,1,2,43,-1,0,-1,0,0,-2,10920,11070,9401,8655,7943,0,10920,1471,9401,2027,2368,0,0
140000,1,1,1,35,0,0,0,1,0,0,33124,31398,31385,29633,31501,33498,3633,3991,3569,0,7286,3877,0
250000,1,3,2,44,2,2,1,0,1,-1,0,0,190268,180388,189886,202928,0,0,10641,11810,8714,202928,0
300000,1,3,2,39,2,2,2,0,-2,1,130519,123861,119130,114275,0,112525,5905,4588,9527,33323,0,3013,0
20000,2,2,2,40,-1,-1,0,0,0,0,9033,8910,8741,8822,8481,9424,9033,8910,1931,1121,867,1511,0
90000,1,1,3,30,-2,-2,-2,0,1,0,0,0,0,52670,49335,45841,0,0,0,5797,0,5986,0
140000,2,2,2,43,0,1,0,1,0,3,121606,111505,117930,118470,118629,109318,16588,10050,10649,11632,5532,9049,0
260000,1,1,2,25,0,0,0,-1,1,0,95212,105588,110014,106341,112010,102183,8458,14690,5767,106341,0,4336,1
230000,2,2,2,40,1,1,0,0,0,0,0,0,0,0,129423,119796,0,0,1832,1886,21449,29733,0
270000,1,3,1,40,-2,0,1,1,-1,0,0,56581,60488,55550,59982,58347,0,7373,3526,3819,59982,3150,0
70000,1,4,1,21,2,0,-1,-2,-1,0,64228,60368,53645,0,52307,56080,5906,15988,53645,0,52307,12345,1
130000,1,1,2,38,0,0,0,0,0,-2,37633,38779,40772,37568,38081,0,3537,11125,8531,3859,6180,0,0
70000,2,3,2,47,0,3,0,0,1,0,48468,49733,46159,45777,44778,48539,4725,837,2368,7872,3200,3502,0
160000,2,2,2,33,-2,-1,0,1,2,0,0,-4163,-3946,-3800,84842,81666,0,2230,1681,0,0,23604,0
290000,1,1,2,35,0,-1,0,-2,-2,-2,79556,75906,78115,0,0,0,17476,75906,14646,0,0,0,0
260000,1,2,2,51,-1,-1,-2,0,0,0,137670,132846,0,142396,143279,152577,137670,132846,0,6726,6295,25557,0
120000,2,2,1,44,1,-1,0,0,-1,0,18918,19599,18640,20213,22998,20629,487,19599,4638,1280,22998,6003,0
500000,1,1,2,37,0,4,4,-2,0,0,288197,276408,282936,285,277496,263744,21578,20433,10479,0,14889,76819,1
90000,2,3,1,37,-2,1,0,0,2,0,0,50735,46773,48435,50962,52731,0,5813,8794,1982,3405,6097,1
250000,2,2,3,28,-1,-1,-1,-1,-1,-1,88314,82986,91319,79082,82186,72838,88314,82986,91319,79082,82186,72838,0
10000,2,1,2,21,-1,-1,-1,0,0,0,0,0,0,1176,1307,1327,1459,1018,2863,348,302,365,1
20000,1,2,2,33,1,0,1,0,-1,1,0,0,0,0,0,7071,0,1774,0,1369,1296,820,1
50000,1,2,1,38,0,0,1,-1,-1,0,24143,26637,25121,24265,24206,24788,1050,2300,1616,24265,24206,5916,0
90000,2,1,1,21,-2,-2,0,0,3,3,125,72,0,0,70202,64697,0,0,170,520,5555,0,0
110000,1,1,2,50,1,1,1,-2,0,0,27695,27709,24742,238,25442,25470,0,318,252,0,2138,2850,0
130000,1,1,2,43,0,0,0,0,-1,0,21044,24401,23301,21452,20865,19913,1488,7248,2683,1168,20865,2680,0
200000,1,1,2,28,2,-2,-1,1,1,1,206690,143,196458,169524,159061,151849,0,0,196458,7778,8254,9677,0
140000,2,1,1,29,-1,-2,-1,0,-1,-1,72361,0,72276,82396,78244,67636,72361,0,72276,13603,78244,67636,0
90000,2,3,2,35,0,1,2,1,1,0,51971,55364,57359,52242,51346,49751,9517,4642,5107,664,0,8814,0
160000,2,1,2,35,-1,1,1,2,-1,-1,143569,134024,141071,137520,126894,107328,143569,6154,9171,11658,126894,107328,0
180000,1,1,1,42,7,6,-1,0,0,-1,89764,84666,89278,93023,94296,92461,7554,0,89278,11369,21948,92461,1
70000,2,1,2,33,0,-2,-2,-1,0,1,0,0,0,0,0,13296,1420,0,0,883,1181,339,0
150000,2,1,2,28,-1,0,0,0,-1,0,0,64718,62363,64107,61586,66990,1985,2105,12706,9498,61586,14186,0
100000,1,2,1,35,2,2,3,2,2,1,64694,59078,62727,66542,61700,57025,6218,0,3313,7922,2757,5071,0
150000,1,1,2,31,-2,-2,-1,-1,-2,-2,0,0,46096,46429,0,0,0,0,46096,46429,0,0,0
90000,1,1,1,40,0,2,1,0,0,1,70193,70126,71745,72052,76179,79290,15719,6994,7578,2924,6505,1104,0
290000,2,2,1,30,0,0,0,2,0,0,222934,204274,215503,223405,212314,196971,42946,56057,41756,5249,54867,16517,1
130000,2,1,1,37,0,0,0,-1,0,1,-1104,-1089,-1159,-1111,0,0,799,1448,801,413,829,0,0
170000,2,2,2,36,-1,-1,0,0,-2,1,0,57716,60872,56243,261,51163,736,57716,5915,15377,0,5455,0
120000,1,2,2,43,1,0,0,2,1,0,54364,61467,55278,56098,53151,47276,4733,18266,4364,0,1698,12600,1
150000,1,2,2,26,0,1,1,2,2,2,0,0,0,0,83326,88523,1781,0,0,0,2154,0,0
130000,1,2,2,51,0,1,1,2,2,1,94248,89462,86932,95706,103448,91841,15853,5888,0,6404,7941,8006,0
100000,2,2,2,46,2,2,-1,-1,-2,-1,57105,65886,63674,61466,0,63463,0,0,63674,61466,0,63463,1
500000,2,2,1,26,-1,0,6,7,0,0,500000,500000,456210,480017,467227,424960,500000,64956,45092,53945,63087,30238,1
110000,1,3,1,21,-2,-1,-1,-1,0,0,10,0,0,17699,18114,18138,0,2837,1315,17699,2404,3507,1
80000,2,2,1,31,-1,-1,0,-1,2,0,0,0,58274,64213,62388,55536,2576,250,4686,64213,6094,3283,1
80000,1,2,2,65,0,0,2,2,0,0,42721,39127,39226,36486,37312,38316,5999,9007,441,0,9238,3821,0
150000,2,2,2,38,0,-1,0,0,-1,0,85623,78500,75340,71626,67680,60305,10264,78500,17539,8964,67680,8013,0
120000,2,1,1,30,0,0,0,0,3,2,51798,47046,44050,40822,45235,44924,11475,2462,10577,5224,2937,0,0
50000,2,1,2,35,1,2,1,1,1,2,25489,24907,21674,21121,18299,18169,0,2105,2166,0,0,1661,0
100000,1,2,1,41,0,2,2,1,2,-2,64159,64284,59989,60615,57818,36,8344,0,4608,4543,0,0,0
10000,1,2,1,26,0,2,0,-1,-1,0,5784,5208,5046,5539,5331,5475,877,0,1102,5539,5331,1499,0
80000,1,4,2,22,2,2,0,2,0,0,65542,64364,69387,67697,61165,56273,3340,1310,6696,0,13940,5999,0
110000,1,3,2,23,0,0,1,0,0,0,0,0,0,0,0,0,981,1740,0,995,1687,1492,0
130000,1,2,2,34,2,2,-1,0,0,3,65561,59881,65104,61012,54912,61867,5711,5854,65104,13914,14435,5000,0
100000,1,1,1,29,0,0,2,2,0,2,94862,102344,96255,89208,87788,78550,8601,14396,4264,0,18285,1362,1
190000,1,1,1,25,0,1,1,-2,0,0,70312,64633,56188,102,56683,62168,3900,682,0,0,8968,9839,1
80000,1,2,1,38,-1,0,0,0,1,3,43775,49976,49357,52754,48881,45966,43775,9442,10386,13883,4381,4711,0
70000,1,2,2,30,0,-1,1,3,1,2,51598,49528,48146,45698,52422,54568,14083,49528,0,3296,2535,5124,0
120000,2,2,2,51,0,1,0,2,0,-1,49395,45711,47477,46701,43404,45130,13592,4126,7920,2824,7514,45130,1
170000,2,2,2,52,1,0,2,2,-1,2,84671,79007,82778,87975,83408,83042,2975,20203,9332,3842,83408,2530,1
180000,2,3,2,55,0,-1,0,-2,0,0,47017,42545,40928,0,33434,30563,8316,42545,9267,0,4995,5405,0
30000,1,2,2,47,0,0,0,-1,-1,-2,0,15349,13693,15008,16301,0,191,3228,3177,15008,16301,0,0
160000,1,1,1,42,0,1,0,-1,-2,0,0,0,0,63004,0,50062,1204,0,1962,63004,0,1844,1
150000,1,2,2,57,0,0,-1,-2,-1,-1,56480,50163,48415,0,56483,57251,6379,11559,48415,0,56483,57251,0
150000,2,2,2,41,0,-2,1,1,-2,2,83862,0,83072,95727,0,85206,19893,0,4095,7896,0,0,0
130000,1,3,1,38,0,0,2,-1,1,2,80066,87665,97276,92499,88032,77825,8176,22204,5052,92499,0,5156,0
90000,1,3,2,31,0,0,0,0,7,1,0,0,0,0,53446,53008,1663,859,93,500,0,2074,1
100000,2,2,1,26,-1,-1,2,2,2,1,68471,61419,62155,64776,67334,73554,68471,61419,0,7520,7448,0,0
50000,1,1,1,22,0,-1,-1,8,8,0,0,21506,21230,22993,22515,20179,615,21506,21230,640,1452,5855,1
10000,1,2,2,51,0,0,0,2,-1,-1,5455,5984,5480,5967,6177,5620,352,829,433,604,6177,5620,0
30000,2,2,2,44,0,2,1,-1,0,0,26183,24727,22256,21378,19883,22693,2435,0,0,21378,1804,4049,1
240000,2,1,1,40,0,-2,-2,-2,-1,1,44684,1,175,0,54280,47846,10558,0,0,0,54280,5184,0
500000,2,1,2,34,1,1,-2,-1,0,0,0,0,0,240702,218303,247833,0,0,0,240702,41246,11637,0
110000,2,2,1,26,0,-2,-1,-1,0,0,39073,0,34961,32160,30539,33300,1620,0,34961,32160,2680,8840,0
270000,2,3,1,34,-1,-2,-1,-1,0,1,0,0,0,89565,95195,91338,1344,0,968,89565,24136,3445,0
90000,2,2,1,42,-2,0,0,0,1,0,8,26194,26790,28709,31121,31315,0,6605,6240,4298,2157,7030,0
120000,2,2,1,21,0,0,0,0,1,-1,92505,82442,79668,75531,78968,75473,17066,9951,16958,21786,0,75473,0
100000,1,1,2,27,1,0,0,0,0,-1,41066,42111,42417,44275,49176,53324,4342,6733,8183,9898,1945,53324,1
50000,2,2,1,31,0,0,1,0,2,0,19845,20938,22305,21767,21160,18627,1780,1583,2250,5161,947,1051,1
150000,2,1,1,27,1,-1,-2,0,0,1,0,0,0,36734,31947,33511,0,1112,0,1529,3862,1250,1
200000,1,2,2,21,0,0,0,-2,-2,-2,64894,65882,73571,0,0,0,6108,4293,7942,0,0,0,0
240000,2,3,1,40,0,1,2,2,-1,1,154979,165765,176975,196659,185395,171283,46096,5352,8433,19439,185395,9410,0
130000,1,1,1,35,-1,0,0,-2,-2,-2,58972,51941,48955,0,224,0,58972,7392,3784,0,0,0,0
80000,2,2,2,27,0,0,0,-1,-1,0,50498,50170,43750,43407,38786,38602,7933,3248,11060,43407,38786,11308,0
80000,2,2,1,21,0,0,1,-2,-1,0,0,0,0,0,38325,33763,444,580,0,0,38325,7122,0
110000,2,2,2,39,0,-1,-1,0,0,-1,42045,44629,43495,43781,42092,38518,9129,44629,43495,7646,4674,38518,0
160000,2,1,1,22,1,0,0,1,-1,0,0,0,0,33238,30697,33395,0,1200,235,2122,30697,4241,1
170000,2,1,2,42,0,0,0,0,0,0,37816,39008,35914,31487,30962,32459,6586,9647,1838,2477,3091,7665,0
210000,1,1,1,38,0,0,2,1,0,-2,189380,180540,189937,174357,192411,189,8115,18886,9355,5651,42587,0,0
80000,1,1,2,34,0,1,-2,-1,-1,0,17310,16337,0,18059,19728,21110,4649,1347,0,18059,19728,1609,0
50000,2,2,2,33,-1,-1,0,0,0,0,28415,29183,28479,28965,29613,26482,28415,29183,1241,1285,2310,1165,0
90000,2,1,1,35,1,0,0,-1,-1,1,15192,14272,15004,13962,13017,12080,600,785,1826,13962,13017,1146,0
90000,2,2,2,38,-1,0,0,0,0,-1,35015,34255,36341,36458,34524,32716,35015,7793,9680,2657,8873,32716,0
310000,2,4,1,25,1,1,0,3,2,0,126462,126352,135837,137160,146601,158574,2101,4388,26342,0,15403,9171,1
50000,1,1,2,33,0,0,1,1,0,1,0,0,0,0,0,0,1786,1935,0,0,1363,0,1
160000,1,3,1,40,0,0,2,1,1,-2,82651,76038,77897,79492,70787,0,18291,17994,0,1318,0,0,0
140000,1,2,2,26,-1,0,0,-1,-1,1,74560,79093,79675,88977,90377,84495,74560,7366,22954,88977,90377,9663,0
30000,2,2,2,36,0,1,1,0,0,0,6392,5665,5464,4707,4753,4264,1484,360,469,494,948,827,0
100000,2,3,2,40,0,0,-1,1,0,0,71730,67213,65744,62573,56820,57847,9005,8769,65744,1447,10136,10960,0
220000,2,2,1,37,0,0,-1,2,0,0,168628,178797,165691,146420,167471,169996,34783,10015,165691,0,36196,37978,0
130000,1,1,1,48,-2,1,1,0,0,2,0,0,0,0,0,0,0,0,0,606,1402,0,0
100000,2,2,2,43,-1,-1,0,-1,-1,-1,64189,64507,60764,54068,48139,52288,64189,64507,6511,54068,48139,52288,0
260000,2,2,1,38,1,0,-1,-1,0,0,131323,132440,121910,119877,107910,92839,4652,28298,121910,119877,30969,17088,0
50000,1,2,2,39,3,0,0,0,-1,1,35242,33231,31694,31681,31286,30530,1128,5661,5788,8233,31286,0,1
160000,1,2,1,21,0,-2,1,-1,0,1,-1212,0,0,0,83426,74185,72,0,0,1283,14696,6489,1
100000,1,1,2,35,0,0,-1,-1,-1,-2,70636,64187,66300,65005,64117,0,20795,10093,66300,65005,64117,0,0
90000,2,2,1,51,0,0,2,2,2,0,0,62932,61691,58818,64684,68670,1173,8019,0,3324,3571,12577,0
360000,2,1,2,32,-1,-1,0,0,0,-1,0,92021,90450,83890,75600,72242,1339,92021,16016,14708,6695,72242,0
90000,1,1,2,38,-1,0,0,0,-1,0,14135,12311,11209,12583,13053,12195,14135,2381,3239,3231,13053,782,0
20000,2,1,1,38,-1,-2,0,0,0,0,3323,213,2854,2706,2378,2330,3323,0,438,357,591,302,0
60000,2,2,2,21,-1,0,0,-2,-2,-2,10515,9754,11104,8,0,0,10515,1775,926,0,0,0,0
90000,2,1,1,34,1,1,0,0,0,0,48593,45056,44495,45737,45583,41940,5404,0,4879,1747,2746,12286,0
60000,2,1,1,53,1,1,0,0,0,0,-3322,-3436,-3151,-2740,-2942,41252,0,0,1291,1428,1228,3476,0
130000,2,2,2,23,-1,-1,-1,0,2,0,101196,100916,107672,98008,95713,98561,101196,100916,107672,25266,0,21843,1
110000,2,2,2,43,0,-1,0,0,-1,-1,0,0,0,0,0,66253,1091,1825,419,1654,1143,66253,0
270000,1,1,1,21,-1,2,1,-1,-1,0,171567,162771,154166,165350,152051,159023,171567,18736,4795,165350,152051,45941,0
110000,2,1,1,34,0,-2,-1,1,1,0,26863,0,27244,26661,27764,25466,5197,0,27244,2525,3252,6099,0
310000,2,2,2,34,-1,-1,0,2,-1,0,162518,173424,159342,141540,158127,147775,162518,173424,19383,0,158127,28197,1
110000,2,2,2,34,0,-1,1,-2,-1,0,23524,24165,22875,0,18330,15614,3923,24165,389,0,18330,3517,0
120000,2,2,1,21,1,1,0,1,0,0,52274,57828,51087,48018,45782,49453,1616,0,9700,5125,3131,8451,1
100000,2,2,2,26,-2,2,1,-1,0,0,0,0,0,0,0,0,0,0,0,1381,1368,1247,1
130000,1,1,2,39,0,-2,0,-1,0,0,43550,0,45702,48132,45168,45619,6508,0,11632,48132,10369,7554,0
200000,2,1,1,26,0,-1,-1,-2,-2,-2,0,0,0,0,0,0,1379,239,2715,0,0,0,0
200000,2,1,2,43,5,5,3,1,-1,-1,99431,95431,91657,88227,93011,83719,9843,1358,4023,4093,93011,83719,1
90000,2,2,1,40,-2,0,-1,0,0,0,0,55077,55647,47184,49747,47354,0,7832,55647,8267,8875,7458,0
150000,2,3,2,21,2,4,2,0,0,0,106119,101174,113525,111743,112466,120142,3008,0,3059,3372,21112,24990,1
100000,2,1,2,35,0,2,2,1,0,-2,0,0,0,0,0,0,1153,0,0,0,1037,0,1
50000,2,2,2,35,0,-1,0,0,-1,0,32157,29505,26058,28753,27855,26188,1280,29505,5933,1551,27855,4443,0
160000,2,2,2,22,1,1,-1,0,4,3,126099,115016,108714,99061,100245,91565,7773,13703,108714,9385,0,4136,0
110000,2,3,2,41,-2,-2,-1,-1,1,1,0,0,16462,16591,15737,15104,0,0,16462,16591,1521,545,1
80000,2,2,1,31,1,1,2,2,0,0,0,0,54291,48677,47845,42304,0,0,2206,2490,8254,3358,0
50000,1,2,1,35,0,-1,0,1,0,0,0,0,0,0,0,17744,1566,944,1295,0,1917,5199,0
10000,1,2,2,36,-1,0,-1,0,0,1,5894,6219,5422,4919,4357,4703,5894,800,5422,836,227,61,1
210000,2,2,2,58,0,0,-1,-1,0,1,144226,152066,137271,133334,121125,121497,5326,21726,137271,133334,4620,13708,0
210000,2,2,1,42,0,0,0,-1,0,2,197382,167326,145736,158600,150118,156289,11399,29344,10033,158600,15109,0,0
30000,2,2,2,29,1,0,1,1,-1,-1,13598,13386,13387,13758,13091,12015,1507,2876,1195,1379,13091,12015,0
180000,2,2,1,31,1,0,-1,2,1,0,56517,64916,68575,71795,69254,71484,5932,10323,68575,2712,0,5228,0
200000,1,3,2,43,0,0,0,0,0,1,89352,96827,95814,90395,103909,110827,17717,15817,16090,4587,6908,0,0
160000,2,2,1,21,0,0,0,0,0,0,59890,57196,53873,52462,47648,46902,2600,6647,2806,7825,4672,2071,0
150000,2,1,1,27,-1,0,-1,0,0,0,-849,-795,-889,-901,49677,48661,944,249,1293,1541,8635,8173,0
240000,1,2,1,40,2,4,5,5,-1,0,190293,181944,191634,201700,214599,208353,18655,10982,20831,2579,214599,23924,1
70000,1,1,2,33,-1,0,2,0,0,-1,35254,32851,34317,32128,29721,31350,35254,6066,3033,7578,1529,31350,0
300000,2,1,2,39,-1,-1,0,-2,0,-1,75735,73180,78273,0,87672,84558,75735,73180,11474,0,17515,84558,0
200000,2,1,2,23,0,0,0,1,2,2,76649,71600,81135,89495,99089,94403,14084,13692,23282,10353,2861,2208,0
200000,1,2,2,38,-1,-1,-2,0,0,0,49030,50981,225,43025,47966,48413,49030,50981,0,12797,8162,2358,0
70000,1,3,2,40,-2,1,0,-1,-1,-1,89,9570,9519,9742,10872,10990,0,861,2009,9742,10872,10990,0
50000,2,2,2,36,0,0,0,0,-1,-1,8759,8115,7276,7409,6616,6074,915,639,366,368,6616,6074,1
130000,1,2,2,21,-1,0,0,-1,-1,0,-1263,-1089,-1166,-1064,-1178,44556,2088,803,520,1668,2194,11905,0
250000,1,1,2,37,0,0,2,2,2,-1,0,0,0,0,0,0,1608,949,0,0,0,2945,0
210000,1,2,2,39,-1,0,-2,-2,-1,-2,51323,52383,237,0,42102,0,51323,1585,0,0,42102,0,0
110000,2,1,2,42,2,-2,-1,0,0,0,77834,0,80558,75583,67405,71759,5437,0,80558,9843,15210,12777,1
120000,1,1,1,39,1,0,0,0,-1,0,31605,32289,32248,29316,31346,28797,758,3227,2137,3103,31346,7164,0
90000,1,1,2,22,0,-1,0,0,0,0,44978,41496,39373,40255,37866,38971,12437,41496,1887,1517,7222,3450,0
130000,2,2,2,43,0,0,0,1,1,0,14839,14280,14396,14635,14211,14865,3701,3741,4315,366,1525,3939,0
110000,2,2,1,29,0,0,2,0,0,0,0,0,0,0,65769,56609,150,1315,0,767,10208,14590,0
110000,1,1,2,47,-2,1,1,1,0,0,0,72228,62074,57796,53750,49871,0,1130,819,1656,3826,7448,1
320000,1,2,1,37,-1,-1,-1,-1,-1,0,0,0,0,0,0,0,1553,2403,1084,519,787,43,0
90000,2,2,1,41,1,0,-2,0,1,1,33228,35004,0,42339,38101,41764,1790,9300,0,5837,1593,3418,0
120000,1,2,2,47,-1,-1,-1,-1,-1,-1,5113,5161,5274,5152,5000,4587,5113,5161,5274,5152,5000,4587,0
120000,2,2,2,49,0,0,-2,-2,0,0,16326,17319,191,0,17830,17758,2753,4970,0,0,1040,4785,0
230000,2,2,1,25,-1,1,-2,-2,-2,-2,54508,50588,0,231,0,0,54508,4307,0,0,0,0,0
30000,2,2,2,41,0,1,0,-1,0,0,16619,16702,16928,16035,16369,15192,1820,1299,3607,16035,4492,2478,0
90000,1,3,2,41,-2,-1,-1,0,0,0,0,22734,21491,22960,25750,27858,0,22734,21491,3363,7711,7308,0
100000,2,2,1,26,-1,1,0,0,0,0,56315,50982,44770,44614,45821,42659,56315,1014,12125,2789,3792,4066,0
300000,1,1,2,36,2,2,1,1,2,-1,157013,161929,166668,183105,193221,184774,5773,0,0,7716,22683,184774,1
100000,1,1,1,39,0,2,1,2,0,-1,65663,57771,57187,52449,49932,48648,19200,0,4057,3723,7554,48648,1
300000,2,2,2,52,1,0,0,0,-1,0,174788,149345,143515,141306,159758,146100,15013,42201,34626,13910,159758,21781,0
630000,1,2,2,31,1,0,-1,0,-1,0,378232,352107,347002,345949,305988,302366,0,64662,347002,36158,305988,67618,0
70000,2,2,2,29,0,0,1,1,2,1,55797,55325,51076,45873,40746,38495,2668,16180,5631,3529,0,2990,0
90000,2,3,2,25,0,0,-2,-1,0,0,18816,17256,0,18269,17145,17052,2634,3403,0,18269,2175,4439,0
180000,1,1,2,31,1,0,0,-1,-2,-2,0,0,0,0,0,0,0,1644,1115,2866,0,0,0
500000,1,1,2,53,0,1,1,1,0,0,254057,291156,332481,306527,291307,261866,73076,16109,9440,18141,28509,55095,1
110000,1,2,2,47,1,1,1,2,1,0,41956,38306,41607,43384,41610,41368,2614,3071,0,3747,3258,8867,0
210000,2,2,2,22,0,-1,0,0,0,-1,111929,107757,100254,101112,110828,99555,19508,107757,16688,20103,31533,99555,0
200000,1,4,2,35,0,2,0,0,0,0,182530,188713,172898,176192,188257,187501,36470,11285,22678,7768,37371,52621,1
300000,2,2,1,31,-1,-1,-1,-1,0,1,89376,84521,75191,77454,76437,76357,89376,84521,75191,77454,3768,1202,1
90000,2,2,2,30,2,0,0,1,0,5,73976,68041,73997,69475,64473,59426,7618,8761,19806,3965,2562,7076,1
260000,2,1,2,26,2,-1,-1,-1,-1,2,252269,233278,211870,200667,187319,198312,19460,233278,211870,200667,187319,10892,1
340000,1,2,1,31,1,0,-2,-2,-2,-1,158652,157565,0,273,224,168272,14028,42739,0,0,0,168272,0
190000,1,1,1,33,0,-1,0,0,-1,-1,115742,112173,106016,100729,96767,91102,21715,112173,20145,27641,96767,91102,0
200000,2,1,2,49,-1,-1,0,0,0,2,155980,151285,145363,129648,112210,103030,155980,151285,24309,30512,29491,12074,1
50000,1,1,1,37,0,0,0,0,0,1,38809,36076,35165,36278,34554,32616,7067,3732,7416,4308,1080,3072,0
80000,2,2,1,33,0,1,-2,0,1,0,26373,25385,0,26052,26102,23986,5141,621,0,3842,2882,2598,0
140000,2,2,1,28,1,0,-1,0,0,0,71994,72622,67537,65255,61455,60356,7380,9819,67537,3692,8350,10715,0
320000,1,1,1,37,-1,-2,-2,0,1,0,79682,290,120,79111,75884,77863,79682,0,0,19953,0,14088,0
80000,2,1,1,25,-1,0,0,3,-1,0,41260,42924,45721,47158,47918,45346,41260,2797,12400,4816,47918,12827,1
10000,1,1,2,26,1,0,0,2,1,0,4997,4532,5070,4880,4919,4829,0,219,1196,564,516,610,1
50000,1,2,1,34,0,0,2,2,2,0,35621,33255,29599,31262,30490,34798,1630,8259,1744,2898,1711,3034,1
90000,1,3,2,38,2,1,2,0,1,0,39029,38389,37556,39463,38929,42068,0,1715,2230,4355,0,1781,1
170000,2,1,2,22,-1,0,0,-1,0,0,75482,73153,69643,67523,62924,65705,75482,8135,8001,67523,1999,4999,0
10000,2,3,2,36,-2,-2,-1,0,0,0,0,0,4302,4658,5052,5733,0,0,4302,1341,1337,1383,0
300000,2,1,2,33,0,2,2,1,-1,0,205667,186866,204074,193939,194291,184379,38660,4262,0,5968,194291,14840,0
130000,2,2,3,33,0,0,0,0,0,-1,58579,66478,69296,63399,62359,65963,10157,8501,13127,4663,10921,65963,0
100000,2,2,2,29,0,-2,3,3,0,0,47233,93,50595,45917,41912,46347,7804,0,0,3799,6817,10483,0
130000,1,2,1,22,0,0,1,1,1,-2,55626,52564,53215,54643,46894,238,7432,8189,2646,3810,3280,0,0
270000,1,2,2,38,0,0,0,0,0,0,69952,65630,64289,66457,64993,60886,11230,10212,5121,15286,13086,7736,0
110000,2,3,1,41,-2,-2,0,0,-1,-1,0,0,0,0,0,0,0,0,1792,861,587,574,0
130000,2,1,2,44,1,1,1,1,0,0,0,0,0,0,0,27127,0,0,0,0,450,2743,1
100000,2,2,1,35,-2,1,1,1,0,-1,0,0,0,0,25796,23643,0,0,0,0,6246,23643,0
180000,2,2,2,33,0,1,-2,-1,-1,-1,45066,47098,0,49097,49775,54104,7262,770,0,49097,49775,54104,0
220000,2,2,1,32,-2,-1,-1,-1,-1,0,127,40126,36130,35363,30957,32018,0,40126,36130,35363,30957,6278,0
60000,2,1,2,38,0,2,1,0,0,0,0,0,0,0,24385,25682,475,0,0,1842,793,7017,0
230000,1,2,2,34,-1,0,1,1,0,0,118729,114419,128140,123597,123454,110971,118729,22731,0,5818,16249,33005,0
100000,2,1,1,35,0,0,2,-1,0,0,101032,88353,76983,70512,75870,74426,13265,17721,4331,70512,3810,4181,1
120000,2,3,1,37,0,0,-1,-2,-2,0,0,0,0,174,0,30186,977,323,461,0,0,3492,0
170000,1,2,2,43,0,0,-1,-2,0,0,91010,82026,76287,0,84513,77388,15025,14169,76287,0,13151,21447,0
80000,2,2,2,27,-1,-1,0,0,0,0,35532,33714,28705,29415,29544,32634,35532,33714,5533,3165,5063,5148,0
200000,1,3,1,42,0,3,2,0,-2,-2,128231,116560,119189,105272,0,263,13633,0,4754,18716,0,0,0
120000,2,1,1,24,0,0,0,-1,-2,-1,71455,71860,69833,74721,0,66413,3712,3886,16594,74721,0,66413,0
200000,1,1,2,30,0,0,-1,-2,-2,2,82084,90372,97841,0,0,104085,17012,22451,97841,0,0,11395,0
70000,2,2,2,24,-2,0,0,0,1,-1,0,42375,39619,34739,38747,38730,0,1910,6999,1379,4325,38730,0
130000,2,2,1,33,-1,-1,0,1,0,1,66078,67702,58722,59181,63386,54835,66078,67702,13679,0,17976,6562,0
50000,2,1,2,23,0,-2,0,1,0,8,30576,0,27101,25042,22769,24624,9160,0,7597,2060,1080,812,0
240000,1,4,2,28,-1,0,-1,0,0,0,0,0,63849,67423,74052,76024,309,132,63849,8350,4474,8733,1
290000,2,2,2,42,0,-1,-1,0,0,0,52164,52981,51260,52052,56844,51341,8355,52981,51260,6347,9088,11844,0
140000,1,2,2,32,1,0,0,0,0,2,102815,104429,94775,94578,83646,83779,6565,12553,3973,20285,24607,6673,0
360000,1,3,1,39,1,0,0,1,1,1,161485,162311,144996,150418,156425,166060,14653,38445,31550,7855,3091,16552,0
10000,2,1,1,49,0,0,0,0,0,3,4861,4859,4487,4378,4728,4764,265,203,1131,462,694,109,1
50000,2,1,2,49,-1,-1,-1,-2,2,2,30691,31988,35093,0,33126,35327,30691,31988,35093,0,447,1415,0
180000,2,2,2,50,0,-1,0,1,0,2,121449,104654,100936,111494,124197,129054,31163,104654,3870,7568,20006,6771,1
30000,2,2,1,34,-2,-2,0,0,2,1,0,0,27272,28142,25483,23454,0,0,6114,4873,2448,0,0
120000,2,1,1,21,0,-2,0,0,-1,0,80130,180,80897,77691,83160,76165,18274,0,10712,14396,83160,6426,0
140000,1,3,2,32,0,0,0,0,0,0,37360,40451,41787,39527,34368,32072,5572,8734,4837,10420,6236,9165,0
140000,1,2,1,30,-1,0,2,0,0,0,0,0,0,0,93584,82897,719,1095,0,1979,11518,23974,1
80000,1,2,1,33,1,-1,-1,-1,-1,-2,-3039,-2791,24894,25939,24521,65,0,236,24894,25939,24521,0,0
50000,1,2,2,24,-1,0,-1,-1,-1,0,5719,6481,7067,6843,6361,6484,5719,660,7067,6843,6361,1149,0
60000,2,1,2,32,-1,0,0,-2,0,-1,16720,16049,15642,0,18478,18888,16720,842,1810,0,2367,18888,0
50000,1,3,2,34,0,0,0,1,0,0,12286,11844,13496,15262,16318,17796,1813,2182,2763,952,2642,2074,0
170000,1,3,1,37,0,0,-2,-2,-2,-2,0,0,0,0,223,0,884,1586,0,0,0,0,0
110000,2,1,1,29,2,1,1,1,-2,-1,82366,83102,91120,81347,0,79440,0,3644,5964,0,0,79440,1
360000,1,3,2,45,-2,-2,-2,-1,-1,-1,0,0,0,69816,65153,62180,0,0,0,69816,65153,62180,0
30000,2,2,2,47,0,0,0,2,2,-1,15667,16881,14607,14938,16790,16752,1107,3843,951,476,1203,16752,0
220000,2,1,2,49,-1,2,0,2,2,-2,0,0,0,0,172178,138,2812,0,1589,0,10044,0,1
180000,2,2,1,28,0,-1,-1,-1,0,0,30446,32205,31733,34803,36757,37659,3217,32205,31733,34803,6981,8380,0
70000,2,3,2,36,2,-2,-1,-1,-1,-1,39941,199,34625,36618,38951,37874,747,0,34625,36618,38951,37874,0
20000,1,3,2,46,-1,-1,2,2,3,3,9839,10580,10248,9877,10493,11688,9839,10580,555,0,938,0,1
80000,2,2,2,24,0,0,2,0,0,1,79019,68919,70903,68423,61285,60672,19322,15440,0,12349,14518,0,0
150000,2,2,2,41,2,0,0,0,0,0,85456,87099,83651,80447,73135,72154,961,18512,24950,14855,19845,12200,1
100000,2,2,2,32,0,-1,0,0,0,-2,65021,60822,61907,59490,61874,0,16666,60822,6452,8584,3537,0,0
90000,2,2,2,39,0,-1,1,0,0,0,25091,24912,26804,26249,29343,29695,996,24912,1518,5632,7863,6847,0
160000,1,2,1,31,0,0,-2,1,1,-2,0,88271,0,93387,88807,0,176,14517,0,8156,10250,0,0
100000,1,1,1,46,0,0,0,1,0,0,27777,29500,31005,30587,31026,31435,6502,1041,4464,0,5566,3285,0
160000,2,2,2,29,1,1,1,0,1,0,35625,32809,33965,33025,36523,37625,2453,3677,1842,9786,2972,6200,0
120000,1,2,2,33,1,0,-1,-1,0,0,60368,65952,60870,60127,65972,65133,756,8308,60870,60127,17509,4223,0
160000,2,2,1,34,0,0,2,0,2,0,79703,71574,66720,60294,67215,73036,20617,20526,7865,9075,0,19144,1
90000,1,2,1,45,-1,0,0,0,-1,4,61823,56578,54476,54142,54912,51772,61823,3177,6014,5660,54912,0,1
30000,1,2,2,52,0,0,0,0,-1,0,11566,11750,12266,13042,12117,11655,3306,3264,674,961,12117,688,0
190000,2,3,1,54,1,2,1,0,-1,0,0,0,0,0,77448,86386,0,0,0,1187,77448,24040,0
100000,2,2,1,42,0,0,-1,0,0,0,49302,45358,44716,43383,40255,38955,8509,5406,44716,10261,2006,5935,0
220000,1,3,2,30,0,0,0,0,0,0,73393,76210,66611,75275,86713,92812,2652,22498,18825,21081,22407,11619,0
50000,1,2,2,37,1,-2,0,0,0,0,5657,119,6814,6642,6389,6034,668,0,904,789,1263,615,0
180000,2,3,2,33,0,0,-1,-1,-1,0,41495,38447,37253,32090,29413,28858,9670,2514,37253,32090,29413,3972,0
10000,2,2,1,37,1,-1,1,0,0,0,-511,-1674,-1653,-1519,0,5636,0,2153,0,1363,36,809,1
160000,2,2,2,21,1,0,-1,-1,-1,0,69673,78543,85096,74705,74876,79698,0,4038,85096,74705,74876,12216,0
300000,1,2,1,28,2,0,0,-2,-2,-1,154844,164116,162846,0,0,154708,16043,46813,10235,0,0,154708,1
100000,2,1,2,33,0,0,0,-1,-1,-1,16030,16308,17093,17372,17901,17447,4339,4641,704,17372,17901,17447,0
80000,2,2,1,38,-2,-2,0,0,0,0,0,0,48072,41648,40317,38557,0,0,8613,3917,9582,4474,0
40000,2,2,2,46,0,0,0,-2,0,0,17548,18319,19770,135,20263,17444,2016,2656,739,0,3620,2037,0
160000,2,2,1,22,0,0,0,-2,-1,0,35246,38860,39709,49,33744,35049,4347,7944,2938,0,33744,1644,0
70000,2,2,1,25,4,4,4,-1,0,0,-455,-417,-474,-410,-416,-370,0,0,0,377,553,1758,0
100000,1,1,2,39,0,1,0,0,0,0,63609,59449,59714,56323,55191,57328,18777,5869,12018,10175,9517,9688,0
130000,1,2,1,39,-1,0,0,1,1,0,69280,67226,63588,70686,65251,59632,69280,19411,3819,0,0,13777,0
50000,1,3,1,48,0,-1,-1,0,-1,0,9462,9974,9665,9893,8750,9387,1392,9974,9665,527,8750,842,0
270000,2,2,1,36,0,0,0,0,-1,0,0,0,0,0,0,102268,1087,1696,1844,262,1783,7460,0
100000,2,2,2,42,2,2,1,1,1,0,75732,68884,59531,67045,66527,73899,6799,0,5995,4750,0,16375,1
120000,2,1,1,38,0,-2,-2,-2,-2,-1,78155,0,0,72,0,54628,2822,0,0,0,0,54628,0
200000,2,3,2,40,-2,0,0,0,0,3,143,207194,199131,196053,199854,177844,0,38088,15962,47530,49740,15056,1
90000,2,1,1,36,0,-1,-1,2,2,1,51132,58168,64618,55283,54653,48711,3468,58168,64618,4123,5361,0,0
140000,2,1,2,26,3,1,0,0,2,0,0,0,59362,63352,63297,67379,0,0,5003,10768,7372,16358,1
100000,1,2,2,24,-2,-1,-1,0,-1,-2,0,58465,63158,61264,58041,70,0,58465,63158,12269,58041,0,0
150000,2,2,1,33,0,0,0,1,1,2,78018,73106,71013,72965,68775,66035,22511,14137,9561,4420,0,1355,0
200000,2,2,1,23,0,0,0,0,-1,-1,52174,47749,51497,55535,60022,64077,9103,6960,14041,15898,60022,64077,0
100000,1,2,1,35,0,2,0,0,0,-2,0,0,0,0,0,18,1430,0,1339,1291,1429,0,0
390000,1,2,2,35,0,1,1,0,0,1,232501,209830,201171,197803,196875,195110,8322,19728,22306,38470,44100,12790,1
130000,1,1,1,28,0,-1,-1,0,2,0,0,0,0,0,-281,-298,1873,1641,1468,592,0,1405,0
210000,2,2,1,46,-1,0,1,-2,0,0,0,0,0,113,75214,79932,1465,376,0,0,15033,22192,0
150000,2,1,1,31,0,-1,0,0,1,0,59012,54683,51028,46749,42529,40784,5523,54683,7791,9008,3855,6491,0
90000,1,2,1,29,-1,0,0,0,0,-1,23400,21708,21840,21854,20715,20496,23400,1537,4113,5624,5153,20496,0
90000,2,2,2,29,1,0,0,0,0,0,41600,43146,41151,43152,40562,38793,2215,10257,10140,2911,2766,10911,0
30000,1,2,1,41,0,0,0,-2,-2,-1,4554,5158,5237,245,223,5536,1214,1309,1077,0,0,5536,1
150000,2,1,2,43,-2,-2,-1,0,0,0,0,0,70348,63854,62968,56647,0,0,70348,11235,12968,4661,0
100000,2,1,2,36,2,-2,0,1,0,0,-624,0,-649,-668,29133,31915,0,0,1246,0,6687,6433,0
170000,2,2,1,25,2,0,1,2,2,-1,0,130792,120199,125532,130995,129325,0,20795,0,0,14656,129325,1
120000,2,1,1,40,-1,1,1,0,0,0,53383,52320,44947,40737,39617,42806,53383,3408,692,7216,5414,8620,0
100000,2,2,1,40,-1,-1,1,1,0,0,52821,59419,56109,55227,58509,55107,52821,59419,0,789,2454,12670,0
140000,2,1,1,29,0,1,0,-2,-2,1,31572,33362,34661,221,119,37031,7993,2689,4226,0,0,2484,0
140000,2,1,2,32,-1,0,-1,1,-1,-1,56263,51728,52959,58416,60212,57396,56263,11051,52959,4874,60212,57396,0
50000,1,2,1,41,0,0,0,1,0,0,15880,17716,17340,15708,15241,15871,3597,2945,2950,1281,730,3284,0
30000,1,1,1,43,0,0,0,0,0,0,4696,4853,4459,5133,5109,4901,1246,300,420,1349,944,1042,0
160000,2,2,1,43,0,0,-1,0,-1,2,0,0,0,0,0,84269,1931,328,1446,194,2314,6302,0
60000,2,1,2,26,0,2,-1,0,-1,0,63000,63000,63000,55852,52541,52829,10163,5413,63000,6617,52541,5550,0
240000,2,2,2,33,1,0,3,0,-1,2,171935,180035,183928,179802,170370,160671,0,37239,3969,46500,170370,0,0
180000,2,2,2,35,-2,0,-1,0,0,0,0,55229,52565,50582,51459,45274,0,4398,52565,1900,9969,7587,0
150000,2,1,2,30,-1,2,-2,-1,0,0,87460,92593,0,99824,100706,94878,87460,10417,0,99824,10667,24194,1
100000,2,2,1,21,1,0,0,1,0,-2,38565,40340,43529,43147,45660,0,1260,6417,6004,635,3949,0,1
140000,2,1,2,27,1,2,2,1,0,0,114614,100206,92827,97392,88031,80309,7130,0,6145,10889,16571,17659,0
120000,1,2,2,49,0,0,1,1,2,1,0,81085,73607,79953,76559,76943,1572,23608,1230,9063,0,3065,0
520000,1,3,1,34,0,1,-1,0,0,0,0,0,0,0,0,0,1536,0,1715,1851,357,605,0
80000,2,2,2,36,0,0,2,2,0,0,28996,32225,34614,34373,33242,37910,2140,5722,3957,0,8938,8834,1
190000,1,2,2,34,-2,0,0,0,0,-1,0,0,0,0,0,0,0,1731,1226,106,1305,1157,0
60000,2,1,1,23,-1,-1,1,1,0,0,18846,17360,14847,14525,14958,15182,18846,17360,1160,573,1914,3494,1
50000,2,2,2,31,0,0,-1,0,-2,-1,0,0,0,0,198,21682,503,1423,1683,1686,0,21682,0
120000,2,1,1,27,-2,-2,-1,-1,-2,-1,0,238,18173,17984,116,17556,0,0,18173,17984,0,17556,0
90000,2,3,1,30,-1,1,1,1,1,0,22212,20472,21160,23161,20275,18430,22212,1330,2417,1754,468,2824,0
220000,1,1,2,33,0,0,0,0,2,2,111565,104845,111921,129178,142784,131059,22572,25787,20271,30160,11256,4068,0
240000,2,2,2,40,0,0,1,1,0,0,85624,92047,85296,85098,81850,75316,11923,26264,0,4487,9784,6475,0
100000,2,2,2,26,0,-2,-2,-1,-1,0,57027,0,258,53865,54391,59246,12061,0,0,53865,54391,15871,1
100000,1,1,2,49,1,2,1,1,0,0,0,59113,55366,47656,53372,52541,0,0,5661,2274,5766,8660,1
140000,2,2,2,23,-2,-1,-1,1,-1,0,0,71556,78901,89739,84779,73806,0,71556,78901,1029,84779,13208,0
130000,1,2,2,42,0,1,1,1,2,1,51735,52841,53587,60846,55007,60823,14812,2023,0,4239,0,0,0
160000,2,1,1,36,-1,-1,1,1,1,-1,72830,73286,67209,64579,68813,72830,72830,73286,2137,5077,7255,72830,1
180000,2,1,1,28,-1,2,2,1,1,0,92618,88479,97073,88888,80280,77538,92618,0,9060,2421,3838,17688,0
140000,1,3,2,43,0,3,2,2,1,0,50535,50065,53718,55161,59545,62236,11954,5472,0,4951,0,14594,1
90000,2,2,1,31,3,0,0,0,0,0,0,0,0,0,0,42576,0,1395,1488,1167,472,9828,0
110000,2,2,1,21,-2,-2,1,0,-2,2,0,0,67206,60734,54,69430,0,0,0,15475,0,4077,0
50000,2,2,2,36,0,0,-2,1,2,3,26693,27655,0,30256,30228,31473,7206,7498,0,656,3613,2896,1
170000,2,2,1,41,0,0,0,0,-1,0,31289,32143,30695,29521,31239,29604,4645,4147,4187,3394,31239,3362,0
180000,1,1,1,36,-1,-1,0,0,0,0,0,0,0,0,0,53126,2503,2342,792,302,1010,12228,0
130000,1,1,2,21,1,0,0,-1,0,-1,-2817,-2580,-2290,-2492,-2583,17988,0,209,122,1245,1413,17988,0
150000,2,2,2,50,2,-2,1,3,0,0,87016,0,87085,93767,87959,87248,7327,0,0,2638,6149,15776,1
60000,1,1,2,43,2,1,1,1,0,2,42537,37954,36214,35602,34642,33927,4591,0,779,0,1505,0,0
170000,1,2,1,37,1,1,1,-1,-1,0,0,0,0,0,0,80795,0,0,0,2006,992,17841,0
90000,1,2,1,55,-1,1,-2,-2,-1,-2,17550,17247,0,127,14363,0,17550,1288,0,0,14363,0,1
140000,1,2,3,46,0,3,2,0,1,1,106497,119092,131782,132958,124984,120992,16115,0,0,13122,8340,3223,1
160000,2,2,2,37,0,-1,-2,0,0,0,66900,66216,0,58200,51438,46851,17350,66216,0,14328,14733,12585,0
140000,1,2,2,26,-1,1,0,0,0,0,70672,61507,56780,50757,53754,55596,70672,4323,13049,12176,4452,8954,0
90000,2,2,1,38,0,3,-2,-1,0,-1,34921,36603,0,35913,32461,35072,3101,809,0,35913,3419,35072,0
20000,2,1,1,38,-1,-1,-1,-1,0,0,6856,7880,7948,8077,7960,8606,6856,7880,7948,8077,1547,1979,0
120000,1,2,1,40,-1,-2,0,0,-1,0,75373,0,76734,69348,64404,59255,75373,0,14715,15671,64404,6371,0
90000,1,3,2,44,0,0,-2,5,5,5,87191,82504,0,75201,69435,68654,15973,4249,0,2793,4200,0,1
20000,2,1,2,31,-1,1,0,-1,-1,-1,0,7323,7676,7242,8361,8993,469,261,641,7242,8361,8993,0
190000,2,2,2,38,1,0,1,-2,-2,0,113999,120293,112488,42,0,89704,3237,10374,12365,0,0,9662,0
210000,1,2,2,37,0,0,-1,0,0,0,-2354,39285,34862,37893,35363,31838,198,4331,34862,3801,8202,2500,0
90000,1,1,2,42,0,0,0,0,0,0,33641,34517,37198,37799,37372,40654,8839,6213,8412,5240,7669,12131,0
50000,1,2,2,27,1,0,-1,-1,0,1,0,0,0,20577,21183,19989,0,1535,1941,20577,1902,1637,0
370000,2,1,3,23,-1,1,0,0,0,-1,120839,126739,117831,107643,96098,85521,120839,14265,9007,6284,17544,85521,0
110000,2,2,2,33,0,-1,-1,-2,-1,2,96013,100846,94917,0,81873,82705,3883,100846,94917,0,81873,7496,0
220000,2,2,1,39,0,-1,-1,0,-2,-2,114570,123838,127730,126279,0,0,5708,123838,127730,21599,0,0,0
200000,2,3,1,26,-1,-1,-2,-2,-2,-2,20785,21559,0,0,0,0,20785,21559,0,0,0,0,0
10000,2,2,2,44,-2,1,-2,-1,-2,-2,0,3076,0,3445,0,0,0,235,0,3445,0,0,0
310000,2,3,2,21,-2,0,0,0,0,0,219,0,63595,61411,56131,62309,0,403,11235,10920,8802,15886,0
410000,2,2,2,37,0,-2,0,0,1,0,68491,30,74277,67528,72417,71802,6563,0,19601,3335,0,13198,0
190000,2,1,2,35,0,1,0,-2,0,0,60485,56502,55614,0,46649,49278,8323,902,7623,0,9959,11675,1
160000,2,2,1,30,-2,0,0,-1,-1,0,0,27442,29079,26460,28392,29801,0,4942,1828,26460,28392,3948,0
280000,1,1,1,43,3,3,2,2,2,1,-795,233821,239527,229525,216600,241944,0,27136,18993,18528,19619,19226,1
90000,1,1,2,39,0,0,1,0,0,1,0,0,32735,32773,30367,29008,790,374,1011,5648,6126,3365,1
110000,2,1,1,35,-1,-1,-2,1,1,0,48793,48728,0,49391,53198,52564,48793,48728,0,5256,2813,12699,0
50000,1,1,1,31,0,1,1,1,-1,-2,28823,29814,32383,30968,30220,165,2375,0,1415,2893,30220,0,0
50000,2,1,1,21,0,-2,-2,-2,-2,0,16087,0,46,0,25,14218,2021,0,0,0,0,1895,0
200000,2,3,1,35,0,-1,-1,2,3,2,125580,133650,138274,138885,130825,130600,35730,133650,138274,4595,6954,4537,1
100000,2,1,1,38,-1,1,-1,-1,0,0,60186,56298,51404,57593,60982,57335,60186,1911,51404,57593,1904,7089,0
100000,2,2,1,39,1,0,0,1,-2,-2,0,0,0,0,0,0,0,1816,207,0,0,0,0
190000,2,3,1,48,-1,0,2,2,0,2,0,0,0,0,84363,78147,2410,1704,0,0,13715,6382,0
200000,2,2,2,31,0,0,0,-1,0,0,0,29867,30416,31817,33828,34407,1271,5776,3569,31817,3578,8495,0
10000,2,2,2,40,-1,0,0,-2,-1,2,5913,5322,6081,0,5678,5406,5913,501,1694,0,5678,74,1
70000,2,1,1,35,0,-1,1,1,1,0,42624,39644,39829,35141,34451,30918,7389,39644,3203,3057,3469,6346,0
180000,1,3,1,32,0,0,-1,0,0,2,146723,135641,138016,142506,149179,131552,25321,29850,138016,42463,39360,0,0
60000,2,2,1,26,-1,-1,-1,-1,-1,0,0,15569,16197,16740,14608,14723,1593,15569,16197,16740,14608,2980,0
170000,2,1,1,37,0,0,1,0,2,2,0,0,0,0,67040,71136,1847,26,0,1690,1610,3295,1
180000,1,3,2,21,0,-2,-2,0,0,0,137044,0,0,119864,125334,111689,33285,0,0,5834,5251,15760,0
120000,2,1,2,27,-1,1,1,2,2,0,0,0,0,0,0,0,2159,0,0,0,0,1999,0
240000,1,1,2,26,0,0,1,-1,-1,1,86831,78728,72672,81152,85755,94939,12299,5056,0,81152,85755,9173,0
80000,1,2,2,45,0,-2,-2,-2,-2,-2,0,132,0,0,0,0,23,0,0,0,0,0,0
80000,2,2,1,26,0,0,0,0,0,1,28496,30176,31097,33437,33664,33585,7005,7371,4822,3693,7846,898,0
210000,2,1,3,36,2,-1,0,0,0,0,0,0,0,0,138371,125678,0,2325,1131,1942,7853,5838,1
240000,2,1,1,25,0,1,0,0,-1,0,33057,34271,36186,35277,35918,36409,4262,2742,7545,6763,35918,2777,0
150000,1,1,2,42,1,1,1,2,3,3,0,0,0,0,83371,93862,0,0,0,0,9675,7853,1
50000,1,2,2,33,-1,0,2,0,-2,-1,25663,28585,29950,31111,0,32035,25663,7418,1650,1546,0,32035,0
160000,1,1,2,43,0,0,-2,5,4,4,100870,101124,0,101203,93136,93579,25564,16319,0,0,6909,10715,0
280000,1,2,1,41,0,0,0,0,0,-1,35218,32362,32092,32480,32951,32399,6040,5535,6601,8916,9852,32399,0
90000,1,1,2,26,-1,0,0,-1,2,2,67410,61607,59181,57213,55077,60174,67410,11501,5486,57213,0,7044,1
80000,1,1,2,28,0,3,0,1,2,-1,45461,41095,38527,35516,33062,33015,2879,737,6750,750,2834,33015,0
140000,2,1,2,60,-1,-1,0,0,-2,-1,49542,44441,46817,43129,14,44056,49542,44441,6000,10762,0,44056,0
500000,1,1,1,26,0,-1,1,0,0,0,198003,183778,195785,196419,183007,198463,44187,183778,15252,13081,6026,35884,0
360000,2,2,1,38,0,1,1,0,0,-2,0,0,0,0,0,163,1437,0,0,473,352,0,0
230000,2,2,1,35,-1,-2,1,-2,-2,0,45411,273,48212,0,0,42661,45411,0,941,0,0,4728,0
280000,2,3,1,38,0,0,-1,0,0,-2,112745,112442,123028,122478,126239,0,18468,25808,123028,34934,31763,0,0
380000,1,3,2,36,-1,0,0,0,-1,0,205563,211275,191421,178557,184094,189611,205563,41492,35459,47737,184094,10205,0
10000,1,2,1,52,2,1,2,-1,0,2,7051,6858,6559,6179,5634,5478,698,0,182,6179,195,463,0
70000,1,2,1,40,0,0,1,1,0,-1,11664,11915,13074,12095,13080,14255,2251,1211,0,1284,2967,14255,0
180000,1,2,1,49,1,0,0,0,-1,1,67207,73166,77664,78965,82094,88362,2762,15567,10271,16262,82094,3214,0
220000,2,1,1,36,2,2,-2,0,1,0,168334,156088,148,148321,159903,170500,16450,11730,0,14160,8975,28681,0
500000,2,1,2,40,-1,2,0,0,0,-1,0,0,0,0,283136,288135,2983,0,1818,1809,29699,288135,0
50000,1,2,2,29,0,2,0,2,2,2,20905,20797,19235,21049,20807,20450,1039,0,1127,1808,2284,843,0
170000,2,2,1,37,-1,-1,0,0,0,-2,75669,78732,80468,79437,77746,0,75669,78732,18034,19788,12497,0,0
500000,1,2,2,47,0,0,-1,-1,-1,1,93254,95943,98685,85183,79190,75726,18926,26890,98685,85183,79190,0,0
80000,2,2,2,32,-2,0,-2,-2,0,1,0,42134,0,0,36056,40580,0,8922,0,0,4161,0,0
240000,2,1,1,21,1,0,-1,0,0,0,67213,71557,80302,75551,76246,72976,3672,10358,80302,3885,19119,8804,1
110000,1,2,1,41,-1,-2,-2,-2,-1,-2,9538,142,141,0,12017,0,9538,0,0,0,12017,0,0
30000,2,2,2,32,-1,0,0,-1,4,0,11976,11495,11440,11448,11590,10603,11976,2588,3288,11448,981,1782,1
10000,2,1,1,44,3,3,1,1,-1,0,9192,8401,9098,10366,8887,8006,689,98,411,950,8887,486,1
150000,2,3,2,29,2,1,3,3,3,4,84585,77248,83214,90689,85384,91909,4549,1730,0,4703,5635,9851,1
80000,2,3,2,23,-1,-2,0,0,0,-1,0,0,0,0,0,33078,864,0,862,82,931,33078,0
90000,2,1,2,35,1,1,1,1,1,0,40175,36676,35343,35126,31423,31200,2407,3591,3137,3667,2902,2585,0
500000,2,1,1,39,-2,-1,0,0,0,0,0,184304,199407,174622,151723,144845,0,184304,25050,44922,5950,6376,0
120000,2,2,2,25,2,2,0,1,1,1,-1406,-1429,-1484,64442,74584,69310,0,0,1223,2348,2889,0,1
110000,2,1,1,32,-1,-2,-2,-1,0,0,45098,0,0,35958,35808,33531,45098,0,0,35958,6532,8019,0
240000,1,3,2,25,-1,-1,0,3,2,2,-1339,-1297,117784,121861,125130,132072,2857,2090,25560,8140,0,10395,0
340000,1,4,2,27,3,2,2,2,2,-1,175651,178200,204395,208005,190944,182079,0,5974,21418,12155,4105,182079,0
120000,1,3,1,37,-2,0,0,0,0,1,0,39724,36291,34465,37223,31978,0,4123,2611,3623,4216,2087,0
220000,1,2,1,28,2,2,0,0,0,3,224333,210791,186260,189785,191234,172030,5681,0,10303,48179,7144,15961,0
100000,1,3,1,36,0,2,2,0,0,0,84805,87337,87851,84682,78343,67535,15031,7666,3025,19185,23394,17944,0
160000,2,2,2,33,0,2,1,1,1,2,140415,146917,138624,126974,139652,125102,34646,14095,3702,0,6845,0,0
90000,2,2,2,45,1,1,0,0,0,-2,0,0,0,0,45021,0,0,0,1794,971,11046,0,0
90000,1,3,2,32,-1,0,1,0,0,0,13159,13287,14351,13958,14731,13507,13159,526,793,421,3743,3897,0
130000,1,3,2,21,-1,-1,2,0,0,0,72289,75774,73217,74342,79871,73715,72289,75774,4541,5773,13621,16655,0
110000,2,2,2,37,-2,0,0,1,0,1,0,0,20980,17983,18957,19813,0,300,883,934,1120,622,0
10000,1,2,2,34,3,3,1,1,1,0,0,-3925,0,0,0,0,0,0,0,0,0,414,1
150000,2,2,1,39,0,1,0,-2,2,2,48418,50309,57296,0,60045,56375,2924,655,13426,0,2560,0,1
180000,2,3,1,37,2,1,1,1,0,2,97435,100051,97668,84610,84959,92832,2246,1439,2638,4227,12338,9047,1
90000,1,3,2,24,0,0,0,0,-2,2,75030,73724,80952,81982,0,66424,14766,13810,13874,4315,0,5650,1
100000,1,2,2,39,0,-1,-2,-1,1,-2,18601,17368,0,14956,15586,0,1915,17368,0,14956,791,0,0
150000,2,1,2,49,0,0,1,0,0,0,30025,31637,34977,37208,34590,38208,7506,7366,0,2577,2504,4930,0
50000,1,2,2,41,1,0,0,-1,1,0,-1869,9341,9219,9618,9899,10066,0,2206,2578,9618,329,1454,0
180000,2,1,2,39,-2,-2,-2,0,0,0,0,0,0,0,0,50987,0,0,0,1058,645,7212,0
110000,1,2,1,43,0,1,0,0,0,0,0,27319,26638,25639,24806,24982,500,2790,2015,3305,7018,750,0
270000,1,2,2,39,-1,-2,-1,-1,3,2,0,188,0,113595,104108,118272,2056,0,1304,113595,2505,4226,0
80000,1,2,1,43,-1,2,2,-1,1,1,70775,71964,62465,67736,58647,53153,70775,0,3118,67736,0,2991,0
60000,2,2,1,34,0,0,0,-1,-2,-1,0,0,0,0,0,20642,1703,1164,412,777,0,20642,0
120000,2,3,1,28,0,0,0,0,0,0,0,0,0,0,0,0,1805,1534,1855,1238,660,652,0
210000,2,2,2,26,0,0,-2,-2,-1,-2,0,0,123,0,84807,0,1436,2000,0,0,84807,0,0
110000,2,3,2,40,-2,0,0,-1,1,0,231,51146,52072,51471,46762,47365,0,11637,4443,51471,3398,6840,0
130000,1,2,2,32,0,0,1,0,0,0,28296,32486,33826,37479,38071,39637,3104,2257,1707,9456,7972,6862,1
130000,1,3,1,51,-1,0,-1,-1,-1,-1,72252,67093,63528,67941,74580,72386,72252,3434,63528,67941,74580,72386,0
250000,2,2,2,41,1,1,8,7,7,0,145027,140939,149857,148157,132994,150181,5581,12816,7098,2110,0,33528,0
150000,2,2,2,37,0,0,0,0,0,0,36138,39189,38667,42659,42541,47215,5699,1883,2592,10042,11691,10867,0
90000,2,2,2,45,0,0,1,-2,-1,1,14205,14948,14079,0,15414,15029,1186,4385,1075,0,15414,286,0
50000,1,3,2,32,1,0,1,1,1,0,18684,20217,19099,18718,19263,20740,0,5920,0,1745,1007,3665,0
130000,2,2,1,27,0,0,-2,0,0,0,23527,23975,0,30960,30451,29130,1012,5790,0,1023,1346,2685,0
80000,1,1,1,24,2,-1,-1,0,0,1,0,0,0,0,24382,24636,0,2983,504,1926,5515,1358,0
300000,2,2,1,25,0,0,-1,0,2,1,195507,192738,192206,184930,203311,198031,30973,13490,192206,23438,2850,16567,1
100000,2,1,1,42,-1,0,0,0,1,-2,28549,28211,25262,24930,25901,0,28549,3019,5194,2018,2288,0,0
50000,2,2,1,30,0,0,0,1,1,0,37188,32676,29876,27683,27694,25119,3665,2829,2205,719,2357,6590,0
100000,1,2,2,42,0,-1,-2,-1,0,-1,62290,58135,197,48431,50955,45347,6824,58135,0,48431,15269,45347,0
120000,2,2,1,23,0,0,0,2,2,0,49612,50768,52596,59541,65804,69849,10557,6710,2803,5118,7142,8671,0
140000,2,2,2,23,-1,-1,-1,1,1,1,45233,39018,38627,35379,35959,32765,45233,39018,38627,0,0,0,0
180000,2,2,1,34,-1,-1,0,1,1,0,98341,92541,89174,83113,84921,83710,98341,92541,12104,1168,2028,8441,0
90000,1,2,2,21,1,-2,-1,-1,1,0,37458,163,35307,36429,35520,38152,0,0,35307,36429,0,11113,0
100000,2,1,2,32,-1,-1,4,3,2,0,57904,63344,65568,58930,60076,64374,57904,63344,1441,6064,1454,3173,1
210000,2,3,2,26,1,0,0,-1,0,0,101867,98114,90312,92846,85423,95637,0,8615,8924,92846,17451,17299,0
180000,2,1,1,34,1,0,0,-1,0,0,89668,91183,87495,87523,93437,79589,0,19170,12531,87523,17163,9836,0
180000,1,1,1,27,0,0,0,-2,-2,0,21002,22562,25141,0,0,31274,2526,2227,7194,0,0,9360,1
160000,1,1,1,38,0,0,-1,-1,0,0,103492,105690,101030,91460,92850,83635,13737,25072,101030,91460,10420,9347,0
60000,2,3,1,31,0,-2,-1,-1,-1,1,16860,0,18477,18651,19330,21315,2617,0,18477,18651,19330,323,1
140000,1,4,1,21,0,0,0,2,2,0,-2927,-2716,-3106,-3082,-3294,-3259,1692,1759,86,0,0,1243,0
100000,1,1,1,26,-1,0,0,-1,0,0,20569,19679,20325,20177,21071,19538,20569,1006,2847,20177,1797,1272,0
130000,2,1,2,32,0,0,0,0,0,0,63749,57361,62663,66799,66475,71306,18479,5935,12169,14957,12200,7901,0
200000,1,2,2,44,0,0,0,0,-1,-1,97501,105831,101954,99691,91986,87200,16553,13663,22488,11274,91986,87200,0
190000,1,1,2,24,-1,-1,0,0,0,-1,0,0,0,0,0,0,2101,308,597,526,1228,1707,0
90000,2,2,2,34,0,0,0,0,4,1,45681,42395,44017,44542,41376,43962,12763,11326,2214,9286,2199,0,0
300000,2,2,3,47,0,0,2,0,0,1,145220,134227,127003,128090,124278,137032,32722,14703,9352,35993,14385,4787,0
30000,2,1,1,21,0,0,0,1,0,0,11903,10895,10529,9759,9598,10566,2575,543,1718,108,503,2242,0
120000,2,2,2,26,-2,-2,-2,-2,-2,-2,210,0,182,0,225,0,0,0,0,0,0,0,0
50000,2,1,1,34,0,1,-2,-1,0,0,0,0,0,0,0,0,551,0,0,1388,1248,369,0
120000,2,2,2,41,0,1,4,2,-2,-1,0,0,0,48461,0,48523,1425,0,0,0,0,48523,0
150000,1,2,1,25,1,2,3,2,-2,-2,83474,80637,74965,74572,0,0,0,0,2271,0,0,0,0
160000,2,1,1,48,2,0,0,0,2,1,107819,123031,130804,121268,125365,121920,2770,22520,35267,25175,11019,8555,0
150000,2,2,2,37,0,0,0,-1,2,0,104004,105513,102602,100027,87401,91160,17989,30651,18069,100027,6056,15726,0
50000,1,1,2,49,0,0,-2,-1,0,0,12835,13901,176,12530,12346,12825,2120,2205,0,12530,649,973,0
170000,1,1,1,28,0,0,0,0,-1,-1,0,0,0,0,0,92432,1989,1325,1402,1484,1069,92432,0
130000,1,3,1,53,0,2,2,2,1,1,0,0,0,0,0,107146,577,0,0,0,0,12044,0
300000,1,2,1,23,0,0,0,0,0,2,0,238831,239229,205836,218177,233871,1018,54612,46941,58459,11039,26580,0
80000,1,2,1,35,1,-1,0,0,-1,1,39435,34154,34947,34129,39118,44918,0,34154,1246,6516,39118,1383,0
300000,2,1,2,32,0,-1,0,2,1,0,0,187206,162852,171371,175366,175372,1539,187206,22487,0,3351,35594,0
140000,2,3,1,53,0,-1,-2,0,1,1,64913,60265,5,66911,66246,61623,7635,60265,0,4433,3510,3451,0
110000,2,2,2,27,1,1,1,0,0,0,0,0,0,62265,60574,65841,0,0,0,6160,9529,9612,1
180000,2,1,1,30,0,1,1,1,0,-1,73354,71224,69349,73502,68393,73436,8255,8458,1766,0,15773,73436,0
50000,1,2,2,31,1,1,-1,-2,-2,0,0,0,0,0,0,19782,0,0,1759,0,0,4088,0
200000,1,1,2,37,0,0,0,0,0,-1,107916,108309,106056,102676,91125,93489,14481,20705,17834,9726,14948,93489,0
300000,2,1,1,28,2,2,2,0,0,0,192816,172698,183284,179567,190235,201410,4011,13046,8808,49604,46884,20286,1
120000,2,3,1,36,0,1,1,0,0,-1,0,0,0,0,0,59074,997,0,0,1496,762,59074,0
450000,2,2,2,43,0,4,-1,-1,-2,0,293091,303895,283348,310291,0,281015,45279,7366,283348,310291,0,72574,1
220000,1,3,2,21,2,2,1,0,0,-1,109394,98241,88523,98560,91579,92122,7952,0,6997,17278,22017,92122,1
190000,2,2,3,21,0,0,0,2,1,0,76907,87061,77445,77898,89424,82150,20160,18668,8646,5491,7225,8642,0
50000,2,2,2,40,1,0,-1,-1,2,0,0,0,0,28420,25438,25561,0,141,981,28420,2552,7066,0
40000,1,2,2,48,0,0,0,1,-1,2,32781,35413,36158,34262,30521,26405,3738,9191,9865,0,30521,0,1
200000,2,2,2,26,0,-2,1,0,2,0,153804,0,132674,136477,149508,132217,12475,0,6585,33350,0,11486,0
150000,1,3,1,42,-2,1,0,0,0,-2,6,0,0,59618,61131,0,0,0,1106,11353,12294,0,0
100000,2,1,1,29,-1,2,0,0,-1,0,0,0,54728,58958,59424,58314,424,0,10826,5388,59424,6805,0
160000,2,1,1,45,0,0,1,1,0,0,44160,43478,47132,50019,49241,48328,8191,11167,2827,0,11823,8504,0
60000,2,2,2,36,-2,-1,-1,0,0,-1,0,11184,10631,9351,9001,9694,0,11184,10631,1736,2259,9694,0
110000,1,2,2,39,0,-1,-1,0,0,0,56110,58938,64435,62570,65738,57911,8188,58938,64435,14744,17537,7851,0
140000,1,3,2,37,0,2,1,1,1,1,135798,139087,147000,140443,123751,118122,36578,0,15800,0,0,13658,0
310000,1,1,2,28,1,2,2,2,2,1,123797,119344,123413,138124,130853,137908,0,0,6824,5155,5135,0,0
10000,1,3,1,46,-2,0,-1,-1,-1,0,0,0,0,0,0,0,0,181,2926,2388,2250,1820,0
200000,1,1,2,45,-1,-1,-1,-1,0,0,0,0,0,0,25324,26733,2755,2320,1623,1694,6219,7843,0
110000,1,2,2,40,0,-1,1,2,1,0,104522,94265,94658,87963,84372,76296,11372,94265,0,0,8637,8324,1
80000,1,3,2,23,-1,0,1,-2,-1,0,13133,13338,12247,0,11567,11999,13133,2011,1045,0,11567,1858,1
100000,2,2,2,38,0,0,0,1,0,0,44572,45133,42260,43442,42115,44051,4177,13267,3441,3044,6552,3111,0
60000,2,1,2,37,1,0,2,0,0,0,49643,42826,44817,50084,50731,45155,0,4771,5073,1525,12947,10685,0
120000,2,1,2,22,-1,0,0,-2,0,-1,40982,41378,43405,0,41940,41622,40982,5867,12597,0,9558,41622,0
200000,1,1,1,30,0,-2,-2,0,2,0,135435,0,0,121169,112426,105255,28408,0,0,12476,0,4742,1
100000,1,2,2,53,0,0,-1,-1,0,-1,-1679,-1745,-1685,-1745,-1928,-1886,506,1765,1947,204,1078,354,0
100000,2,3,1,37,-2,0,-1,-1,-1,0,0,33377,36220,36704,35362,33671,0,6923,36220,36704,35362,9202,0
140000,2,2,2,35,-2,-1,0,0,1,0,0,-2478,-2241,-2199,80043,82109,0,1904,1049,1967,6034,16061,0
200000,2,2,1,21,-1,-1,-1,-1,-2,-2,0,0,0,0,0,0,1496,1976,2082,1758,0,0,0
230000,1,2,1,33,-2,0,1,-1,-1,0,0,0,0,0,0,0,0,692,0,1012,2375,28,0
190000,2,2,1,51,2,0,0,-1,-1,2,143600,144601,151664,156346,165940,166347,2688,32557,30391,156346,165940,0,1
100000,2,2,1,48,2,2,1,1,0,0,0,0,0,0,0,64707,0,0,0,0,681,11831,0
160000,1,2,2,36,0,3,2,2,2,1,0,0,0,0,87357,90585,1284,0,0,0,2557,10491,1
80000,2,1,1,32,0,0,0,0,0,-2,11583,12331,11299,12422,12075,294,2040,1988,2512,3022,2758,0,0
60000,2,1,1,34,2,1,0,0,0,0,42758,48969,43992,40416,37518,37524,3424,1035,12938,6870,3707,5624,1
100000,2,1,1,42,0,0,0,2,2,2,60856,53262,52610,54471,55776,51054,8524,14350,9607,2535,4561,4652,0
180000,1,2,2,23,0,0,0,0,0,-1,58058,53133,58601,64309,71293,68031,13060,9105,1767,18294,20697,68031,0
160000,1,2,2,42,0,0,1,-1,2,2,75595,80891,81455,81746,86719,88134,14758,16563,5960,81746,10065,3847,0
130000,2,1,2,40,0,0,2,1,1,0,42825,43263,39630,40507,36393,40416,12316,9748,3258,3830,3668,8313,0
120000,2,1,2,42,2,-1,2,2,-2,0,78445,74854,72075,79839,93,80571,4808,74854,8260,1899,0,5845,0
10000,2,1,1,26,1,0,-1,0,1,-1,6683,6380,6038,6302,6062,5547,691,1785,6038,1573,503,5547,0
150000,2,1,2,26,0,-1,0,0,2,0,67938,63692,61183,57393,61518,58246,14045,63692,2007,15667,3077,6219,0
150000,1,2,2,41,0,0,1,-1,-1,0,29351,27948,27431,23279,23273,24432,6432,1195,1724,23279,23273,1975,0
150000,1,1,2,49,0,-1,0,-2,0,0,28475,31505,31625,194,30679,27856,3159,31505,1191,0,3580,7109,0
80000,2,2,1,42,1,1,1,0,-1,0,0,0,0,0,0,37000,0,0,0,1840,848,8228,0
50000,1,3,1,25,0,0,0,0,0,0,0,0,0,0,0,0,1569,486,669,1190,24,1457,0
30000,2,2,2,37,1,1,1,1,-2,3,21940,21879,18878,17688,0,17628,0,1051,582,0,0,1547,1
120000,2,1,2,52,0,0,0,-1,-1,-1,0,49920,49957,53029,53066,51358,385,3199,6469,53029,53066,51358,0
70000,1,2,1,31,2,1,1,2,2,1,42884,39010,42383,42034,48191,44228,0,1059,0,2029,3176,0,0
100000,2,1,1,33,-2,0,0,1,1,0,0,10732,11690,12356,10973,10711,0,2320,616,680,124,2638,0
100000,2,1,2,31,1,0,1,1,1,0,45215,40283,40812,39045,43703,42532,0,4769,2223,997,2299,11295,0
120000,2,1,2,44,-1,1,-1,0,0,-1,31978,32804,28482,29029,28154,27644,31978,986,28482,6839,5529,27644,0
130000,1,1,2,36,0,-2,-2,-2,-2,0,68962,0,0,204,0,63478,2640,0,0,0,0,7321,0
130000,1,2,2,55,0,1,1,0,0,0,42146,38887,44036,45695,46717,49096,10696,971,0,10073,9139,2153,0
40000,2,1,2,43,-1,0,0,1,-1,-1,20027,22512,23017,23377,20281,20219,20027,1293,2198,780,20281,20219,0
160000,2,1,2,31,0,1,1,-1,0,-1,47774,45664,48520,42403,43017,46487,6909,1562,3003,42403,4764,46487,0
220000,2,1,1,30,0,0,-1,-2,-2,0,-337,-365,-334,0,0,74602,1520,889,264,0,0,10933,0
140000,1,1,1,21,0,-2,-1,0,0,1,0,17,0,36079,40230,35782,1299,0,592,6719,6517,2075,0
110000,2,2,2,24,1,1,1,1,0,-1,0,0,0,0,0,0,0,0,0,0,880,1429,0
250000,2,1,2,39,1,1,0,0,0,0,108141,102942,95112,99849,94111,84552,0,1431,17496,7191,3416,17468,0
140000,1,2,2,54,2,0,2,1,0,2,130105,117025,111433,115325,114438,117316,3394,30713,1233,0,24378,0,1
110000,1,1,1,26,0,0,0,1,1,0,55753,54730,48128,45871,46149,45439,7182,5178,9064,3214,3101,8264,0
500000,1,1,1,46,0,0,0,0,0,0,166758,186179,163722,167778,154879,155437,46377,25437,38124,36045,5871,28169,0
100000,1,2,2,42,-1,0,0,0,0,-1,0,0,55361,48071,43530,45226,398,145,7799,3461,11140,45226,0
300000,1,1,2,39,0,1,0,0,-1,0,67979,60054,63615,61799,57349,52367,5659,0,16003,12472,57349,3810,0
30000,2,3,1,46,-2,-1,0,0,-1,0,0,0,0,0,11795,10921,0,2422,164,1798,11795,2584,0
170000,2,2,2,44,0,0,-2,-2,-2,0,87201,89319,0,0,95,68933,23339,12709,0,0,0,4391,0
390000,1,1,1,34,0,0,0,-1,0,1,0,0,141645,150738,133105,148965,1212,1361,29173,150738,9792,2336,0
450000,1,1,2,31,0,1,1,-1,-1,0,105246,110107,102258,109829,97794,94237,14908,1279,6713,109829,97794,25221,0
50000,2,1,2,21,0,0,0,1,1,-2,24798,23284,25651,27797,25518,0,3760,4641,4689,2378,1398,0,0
120000,1,1,2,43,-1,0,1,1,1,1,47617,50201,44675,40003,39613,37169,47617,7901,896,3830,1940,388,0
80000,1,4,2,44,-1,0,2,1,2,2,-1037,-976,-1013,-953,36445,42275,402,91,0,0,2518,1854,0
70000,2,2,1,54,0,3,3,2,2,2,0,0,0,25063,24582,24806,1014,0,0,2472,0,0,0
10000,1,1,2,40,0,1,1,-1,-2,-2,0,0,4224,4624,0,0,922,0,81,4624,0,0,0
100000,1,1,1,47,0,0,-2,-2,-2,0,0,0,67,132,0,0,1385,197,0,0,0,199,0
140000,2,1,2,31,0,1,2,-1,0,-1,85401,81932,74034,66603,76331,86371,11197,7786,4313,66603,21575,86371,1
380000,2,1,2,37,1,0,0,1,1,2,186275,174242,151858,133538,141879,135084,20341,29427,9880,0,12933,8923,0
50000,2,3,2,42,0,0,0,-1,0,-1,3342,3747,3351,3627,3946,4432,334,1112,215,3627,933,4432,0
190000,2,2,2,50,0,1,1,1,1,0,24210,25245,28612,29145,30552,30560,6128,3026,2440,1965,1109,7180,0
110000,1,2,1,22,1,0,-1,0,0,0,31980,28855,25596,25052,21887,22931,472,3962,25596,2160,798,6829,1
100000,2,1,1,40,-1,0,8,8,8,0,53737,58093,53993,57503,54807,47995,53737,11929,1575,6143,0,13448,0
20000,2,2,1,37,-1,2,0,0,0,0,0,0,0,0,11325,9729,762,0,1039,1878,2792,1827,0
60000,1,1,2,39,1,1,1,-2,0,0,41738,37367,34015,102,36667,37329,4392,0,2763,0,7734,10216,0
190000,1,3,1,21,0,0,-1,1,0,2,89869,92475,95753,94838,98089,89987,25888,12596,95753,9678,14630,6271,0
290000,1,2,2,33,0,-1,-1,-1,0,0,81902,87434,80312,81975,91249,87698,11415,87434,80312,81975,25325,9864,0
100000,2,2,1,53,0,0,0,0,0,0,21507,23204,25664,27594,27132,30120,1717,5288,3626,3187,7602,2544,0
90000,2,2,2,38,-1,0,1,0,0,1,10331,11209,10862,11880,12177,11835,10331,343,0,2507,3035,1320,0
150000,2,2,1,36,0,4,4,4,-1,0,72002,72719,70215,79359,73949,75631,17204,5707,4445,1333,73949,17538,1
500000,2,2,1,28,-1,-1,2,2,-2,0,261591,252130,257816,287568,53,254190,261591,252130,25667,22893,0,54066,0
50000,2,2,1,28,-2,0,0,-1,-1,0,0,25085,26883,25048,27127,28133,0,1947,5419,25048,27127,5506,0
130000,2,2,2,38,-1,0,0,0,0,0,0,0,0,0,0,63615,1321,1325,1616,997,1161,15294,0
50000,2,1,2,41,-1,7,0,-1,-1,-1,25431,26067,26090,22907,21453,22598,25431,605,7551,22907,21453,22598,0
130000,2,3,2,23,0,0,-1,-2,-2,-2,39597,36560,34544,175,285,0,5391,6602,34544,0,0,0,0
130000,1,2,2,54,-1,-2,0,3,2,-1,0,70,0,59680,58891,59671,1059,0,602,3252,609,59671,1
110000,2,1,2,21,2,1,1,1,0,0,0,0,54335,61706,56896,62636,0,0,1710,5940,2998,9681,0
50000,2,3,1,39,0,0,0,0,0,0,0,0,0,0,0,17922,82,927,1972,832,240,1457,0
50000,1,1,1,28,-1,0,1,0,0,0,25272,28705,25753,23006,23692,24970,25272,5708,0,1316,3951,4737,0
120000,1,2,1,21,1,0,-1,0,0,0,66147,61931,57167,54406,56245,50195,0,2136,57167,5648,6205,8096,0
110000,2,2,1,29,0,0,0,-1,-1,-1,28580,31224,28566,28830,28483,26996,8421,4453,4066,28830,28483,26996,0
10000,2,2,1,35,0,2,-1,0,0,-1,8639,7485,7152,7648,7882,7889,1590,0,7152,1163,1608,7889,1
180000,1,2,1,34,-1,-1,1,-1,-2,0,75761,81834,75485,79341,0,71827,75761,81834,5238,79341,0,3614,0
140000,1,2,2,42,0,0,-1,3,2,2,55701,59962,62757,69314,64213,63833,15331,7018,62757,0,5399,0,1
130000,2,1,3,37,-1,2,2,2,0,0,114877,98324,91997,85147,90254,94239,114877,10597,7918,6628,25428,10168,0
110000,2,1,2,37,2,0,0,1,1,-2,0,0,0,68391,61704,0,0,1811,199,4410,0,0,0
150000,2,4,1,42,0,0,1,0,0,0,27938,31045,31284,29110,30821,31241,1256,7837,0,6345,5284,9364,0
60000,2,2,2,40,1,1,0,0,0,-1,0,0,6715,7088,7042,8027,0,0,1916,1383,595,8027,0
220000,2,4,1,36,-1,0,-2,-2,-1,0,0,0,0,0,77727,81665,753,884,0,0,77727,8546,0
190000,1,3,2,34,-1,-1,-1,-1,-1,-1,41557,39936,41026,39150,37521,37150,41557,39936,41026,39150,37521,37150,0
100000,2,1,2,44,-1,0,1,1,0,0,34825,37397,34047,35538,40572,41581,34825,9011,758,2270,8390,10630,0
80000,1,2,2,36,1,0,0,-1,-2,0,59878,51018,52760,51987,0,53828,2213,2318,5527,51987,0,7639,0
300000,2,2,2,33,0,-1,-1,0,0,0,154678,133263,132414,139765,140376,130139,6659,133263,132414,39620,40936,19875,0
70000,2,1,2,34,2,-2,-1,-1,-1,0,0,0,0,0,33462,35391,0,0,2749,1581,33462,5441,1
110000,2,3,2,55,0,0,0,0,1,0,93436,87456,81929,88897,87815,79559,20293,13995,7234,3835,8013,8876,0
10000,2,1,1,48,2,2,-1,-1,0,0,7854,7307,8346,7701,7280,8200,678,630,8346,7701,1543,882,1
120000,2,2,1,40,-1,1,0,0,-1,-1,64999,66153,61907,68763,62406,58604,64999,3161,9108,6581,62406,58604,0
230000,1,2,2,34,0,-2,0,-2,-1,0,118799,0,114612,0,103961,97348,30811,0,7539,0,103961,9840,0
50000,2,2,2,24,-1,0,0,1,1,0,26144,27367,27571,25409,26830,27731,26144,1079,1062,1878,428,5224,0
80000,2,1,1,35,0,3,2,0,3,0,48473,51658,52398,50974,43738,40616,2463,0,3306,6483,1193,11522,1
110000,2,2,2,27,0,-2,-2,2,0,0,115500,0,0,91209,97148,83668,8009,0,0,8535,26527,19571,1
70000,1,2,2,36,1,1,0,1,0,-1,51552,47061,46260,42672,39007,41226,4351,3333,9847,4080,4018,41226,1
110000,2,1,2,32,0,0,0,2,0,1,40889,43854,44684,40130,39766,41335,7460,6665,9395,4383,2407,4360,0
100000,2,2,1,41,0,0,2,0,1,0,47585,50250,52463,49348,48788,51112,13172,13510,4552,9129,2721,7225,1
50000,2,3,1,41,1,1,-1,0,0,0,10385,9765,10584,9787,10260,10301,188,0,10584,469,1898,527,0
100000,1,1,1,36,0,2,-1,2,0,0,0,0,0,0,67632,64421,379,0,2832,0,11874,10784,1
180000,2,2,2,31,0,0,-2,-2,-1,-2,113576,105222,0,269,89082,0,25662,9828,0,0,89082,0,0
250000,1,1,2,26,0,0,-2,-2,-1,-1,0,0,0,0,0,35882,287,323,0,0,2030,35882,0
170000,1,1,1,46,2,1,0,-2,-1,0,87589,76968,73896,0,88739,81675,0,7838,19927,0,88739,8794,1
180000,2,1,2,30,-1,-1,-1,1,1,2,125702,128696,118410,112604,107127,97067,125702,128696,118410,0,5644,3344,1
90000,2,2,2,44,0,1,0,0,-1,-1,45965,41022,40373,41604,36246,34666,4392,3871,10390,4702,36246,34666,0
20000,1,1,1,25,0,0,0,1,2,2,9901,9355,10251,9189,8959,7839,2721,775,2727,160,0,518,0
160000,2,3,2,32,0,-1,-1,-2,-2,-1,73727,71071,67858,0,0,65979,21425,71071,67858,0,0,65979,0
260000,1,1,2,27,-1,-1,0,1,0,0,39000,38921,42651,47944,44053,47969,39000,38921,9543,0,6646,2737,0
50000,2,2,1,21,-1,0,-2,-2,1,2,24016,23235,127,0,21388,20866,24016,6036,0,0,2009,1171,0
190000,2,3,2,41,-1,0,0,0,0,4,100754,104002,100638,95174,105117,98906,100754,5790,22475,25743,17184,11376,1
130000,2,2,2,46,0,0,0,0,-1,-2,38742,36746,38016,39233,37497,0,6629,3050,9726,3343,37497,0,0
380000,2,2,2,30,-1,0,0,0,-1,0,166775,172345,168706,159962,155086,147618,166775,27211,28981,8931,155086,40408,0
60000,2,2,2,40,1,1,-1,-1,-1,0,41269,41892,39113,40440,40205,38051,2425,623,39113,40440,40205,8049,0
300000,1,2,1,27,1,-1,1,0,0,1,56545,60213,59770,54101,47458,49107,2175,60213,2701,10318,10763,2964,0
160000,1,3,2,38,0,0,0,0,0,0,82530,77956,77588,73426,77960,78955,16453,16996,11482,13665,9775,6673,0
160000,1,3,2,38,-2,-1,-2,-1,-1,0,123,39996,0,35290,37218,39136,0,39996,0,35290,37218,1914,0
40000,1,1,1,21,1,0,0,0,-1,-1,13885,11991,11565,10780,9660,9364,969,2111,2989,1572,9660,9364,0
130000,2,1,2,28,-2,-1,2,0,0,0,0,55339,60651,57504,57524,56523,0,55339,7186,10181,3271,1977,0
150000,1,1,2,26,0,0,-1,0,0,1,22780,23693,25087,23366,24725,26895,4988,5100,25087,4900,3261,2695,0
160000,1,2,1,45,1,-1,-1,-2,-2,1,30937,26769,28236,188,0,25048,866,26769,28236,0,0,473,0
50000,2,2,1,28,3,3,2,0,-1,-1,0,0,0,0,0,24585,0,0,0,1501,1059,24585,1
90000,1,1,1,21,1,0,-1,0,2,2,94500,94500,94500,87592,85527,79807,0,26594,94500,2689,8526,2043,0
70000,1,2,1,47,-1,0,0,-1,3,0,44741,41667,37503,33639,31968,31009,44741,5850,3524,33639,2111,5188,1
210000,2,1,1,34,0,0,-1,0,0,0,0,32656,35546,31104,32618,28992,685,3080,35546,2236,6883,6882,0
200000,1,2,1,42,0,-1,-2,1,0,-1,145717,143122,0,139743,121079,121989,27490,143122,0,0,11087,121989,0
160000,1,1,2,31,-1,0,0,1,1,1,42142,42360,41263,39578,40770,45295,42142,6631,6777,0,3379,5046,0
100000,1,1,1,40,0,0,1,1,3,4,68173,77586,79684,88890,86842,79777,6141,11987,0,10323,3240,5924,0
90000,2,3,1,41,-1,1,1,1,0,0,49701,43251,41858,38564,35347,39552,49701,4746,4868,2613,10023,4953,0
200000,2,2,1,25,0,0,2,2,2,1,96981,95794,104878,97436,91474,96171,26086,12363,0,3897,5308,0,0
100000,2,3,2,24,-1,0,1,0,1,0,-1506,-1511,-1637,-1889,26732,23669,2816,995,0,1946,2494,5663,0
80000,1,1,1,27,-2,-2,-2,0,0,0,0,0,0,45027,45217,41745,0,0,0,9034,8798,5890,0
80000,2,1,2,26,0,0,0,0,1,0,17761,19199,21477,20951,22996,26148,3158,1885,910,4073,1187,3708,0
60000,2,2,2,34,0,-1,0,3,3,2,31029,31936,29585,30425,31193,34574,9237,31936,3559,1552,2628,2057,1
20000,1,2,1,32,0,-1,0,3,0,0,6456,6308,6573,7278,7489,8200,350,6308,304,633,708,1706,1
170000,2,1,1,55,0,0,0,2,8,8,107293,111478,105025,104729,97492,111556,28374,7329,14416,0,4107,0,0
190000,2,3,2,27,-1,0,1,-2,-2,0,107944,104760,103771,158,0,107962,107944,28334,8094,0,0,12094,0
50000,2,2,1,30,-2,1,0,0,-1,0,0,17251,16834,15480,14868,14592,0,574,3121,3559,14868,4062,0
30000,1,1,2,34,2,2,2,3,0,2,20353,23812,22848,24602,21435,22396,719,2118,239,1240,1614,1264,1
230000,2,2,1,35,-2,2,0,0,0,0,0,143081,130052,139688,138086,130763,0,13118,14025,16691,36288,22667,1
150000,2,2,1,38,0,-1,-1,3,2,2,60057,67468,68027,72837,81682,79112,14663,67468,68027,2931,8650,7485,1
250000,2,2,2,54,0,0,0,0,-2,-2,0,0,0,0,0,0,1570,1364,1618,1807,0,0,0
210000,1,1,2,23,-1,0,0,0,-1,0,128019,118340,111465,99380,92211,100114,128019,22727,24084,28266,92211,16960,0
60000,2,1,2,45,-1,-1,-1,0,-2,-2,-764,-677,-679,-661,0,0,2456,1008,974,259,0,0,0
30000,1,2,2,32,-1,-2,0,0,1,0,4323,0,3450,3943,4320,4389,4323,0,270,248,408,721,0
50000,2,1,1,23,-2,-1,0,0,0,0,0,23510,22256,23667,26483,29068,0,23510,1736,1659,4905,2195,1
30000,2,2,1,41,0,2,2,1,1,0,28676,27543,27804,26543,26152,24796,1546,3115,3196,0,2501,2969,1
100000,1,1,2,46,2,3,2,3,-2,-1,0,0,0,65872,0,63693,0,0,0,2602,0,63693,0
80000,2,2,2,22,2,-1,0,1,2,-1,38561,37368,38698,40849,38925,42310,1878,37368,9055,0,0,42310,1
30000,1,2,1,24,0,-2,-2,0,2,2,15663,299,0,14633,13261,13720,3926,0,0,2629,0,680,0
270000,1,1,2,21,-1,-1,0,1,1,0,186099,163424,154846,169978,150521,140505,186099,163424,17544,8250,3365,27029,0
90000,2,1,1,21,0,2,2,0,0,0,46677,49828,50295,46585,51025,45172,1644,5831,3005,1438,5997,6419,1
50000,2,2,1,23,1,-1,0,0,0,-2,0,0,0,6754,6969,0,0,1792,1257,538,857,0,0
130000,2,1,2,33,0,0,-2,0,2,1,69570,73873,0,67294,75087,71195,16651,16686,0,7188,8830,0,0
50000,1,3,2,48,-1,-1,0,0,1,1,20202,21279,19989,19085,17720,16544,20202,21279,3150,2183,1365,813,0
70000,2,2,2,35,0,0,0,1,2,0,51819,54899,46866,42352,45020,41852,2510,1919,1735,1787,5275,2066,1
50000,1,2,1,37,-1,0,-2,-2,-2,1,36979,35934,0,0,0,32665,36979,6899,0,0,0,3377,0
420000,2,3,2,56,-1,-1,0,0,0,0,283970,304518,291308,295295,285086,312702,283970,304518,63171,79652,80469,83705,1
240000,2,2,1,26,-1,0,-1,-2,-2,-1,0,80252,90833,0,0,97479,1319,7485,90833,0,0,97479,0
180000,1,2,1,39,0,0,0,0,-2,-2,127995,120053,104874,113004,102,0,5682,17864,23225,20231,0,0,0
70000,1,2,1,43,-1,0,-1,0,4,5,0,0,37268,37913,32933,37465,1055,620,37268,9306,0,0,1
120000,1,1,2,21,0,1,-1,-2,-1,0,0,29239,28124,116,24430,22521,858,2730,28124,0,24430,2465,0
90000,1,2,1,21,-1,0,-2,0,-2,-2,52174,48994,0,47228,0,0,52174,4998,0,12142,0,0,0
70000,1,3,1,25,0,-2,-1,0,2,0,0,0,0,0,0,0,836,0,2510,26,0,26,1
50000,1,1,2,41,0,0,0,-1,-1,0,21332,19621,18959,17377,17336,18723,5405,1899,2996,17377,17336,4332,0
160000,2,1,1,28,0,0,0,3,2,-2,123033,132740,142193,142129,142129,0,30660,13605,37339,6060,9284,0,1
150000,1,2,1,24,0,0,0,0,0,0,0,0,0,0,81523,72242,445,997,320,1932,11703,21613,0
150000,2,1,1,45,0,0,0,0,2,-1,137379,127557,116998,113565,109925,107584,4362,7867,32705,17379,3829,107584,0
120000,1,1,1,30,0,1,-1,-1,2,1,94470,84009,72346,71603,65736,58571,13318,9060,72346,71603,7036,0,0
50000,2,3,1,29,-2,-2,1,-1,-1,-2,0,0,14737,14620,14269,0,0,0,1161,14620,14269,0,0
100000,1,1,2,31,1,1,0,-1,2,1,74486,78742,85510,77465,75145,70230,3200,0,25047,77465,1705,0,0
80000,1,1,2,33,1,1,0,1,0,-1,27339,30240,32473,30970,34864,38050,777,3613,7851,2969,2891,38050,0
500000,1,2,1,39,-1,0,-2,-2,-2,1,117618,105507,0,146,0,79372,117618,3765,0,0,0,0,0
210000,2,2,2,25,0,0,0,0,-1,-2,130380,145368,142577,127835,118023,0,21459,17609,5278,31160,118023,0,0
220000,1,1,2,34,0,0,1,1,2,-2,195338,187760,176874,175402,193197,43,7585,31996,2247,7890,0,0,1
90000,2,3,1,35,-1,-1,0,0,0,-1,0,0,0,26204,26929,24147,2692,1241,1974,5325,1663,24147,0
50000,2,4,2,23,0,0,0,0,0,0,-1077,-1183,-1063,10449,9252,9492,434,708,1274,1310,650,382,0
90000,2,3,2,28,-2,-2,-1,-1,-2,-2,0,0,0,0,288,0,0,0,1424,1978,0,0,0
200000,2,2,3,41,1,0,0,2,-2,-1,165724,173110,186432,187736,0,153104,3228,38937,30872,0,0,153104,0
190000,1,2,1,47,2,-1,0,-1,-1,-1,125318,118007,118337,108772,116210,120618,9121,118007,9076,108772,116210,120618,1
160000,1,2,1,21,0,0,-1,0,1,0,75214,71042,68083,70121,76262,81435,8213,9870,68083,6952,3684,17563,0
260000,2,2,1,39,1,-1,1,0,1,-1,102932,115743,123147,134022,127684,123410,0,115743,13577,27999,14162,123410,0
150000,2,2,1,30,0,0,0,0,0,0,71487,64622,65353,63733,65852,68928,12713,12323,4111,3863,2941,3547,0
100000,2,1,2,40,-1,0,0,-1,-1,-1,21974,20690,23408,22721,21587,22581,21974,988,3995,22721,21587,22581,0
200000,1,3,2,40,-2,-2,-2,0,-1,0,0,0,0,71804,60942,66247,0,0,0,13086,60942,11665,0
230000,2,2,2,32,-1,-1,0,0,0,-1,67997,73869,74817,77049,67485,59577,67997,73869,11814,18858,17946,59577,0
80000,2,2,2,37,-2,0,0,-1,0,0,0,0,0,0,0,0,0,1653,1357,2815,1117,1941,0
30000,1,2,2,21,0,-1,-1,-1,0,0,10236,9187,8503,7923,6913,6633,2723,9187,8503,7923,1131,910,0
500000,2,3,2,40,0,0,0,-1,-1,3,270632,243730,231285,231783,238038,259665,40359,51563,63544,231783,238038,14106,0
60000,2,2,1,40,-1,0,0,0,1,0,41477,41365,44085,42364,41167,42968,41477,7146,4429,10888,3184,12660,1
20000,1,1,2,36,0,-1,-1,0,1,1,0,0,3657,3896,3571,3814,1259,592,3657,1052,0,355,1
70000,2,2,2,31,0,0,1,-1,0,-1,26860,24833,26595,26518,28020,29211,1949,7155,1572,26518,8019,29211,0
320000,2,1,2,47,1,0,0,0,0,0,149153,153895,145413,142328,150816,160874,0,16879,35391,18734,15879,20058,0
50000,2,1,2,48,1,1,-2,-1,1,0,19532,20457,0,21258,24086,25640,1418,1176,0,21258,1408,7096,1
140000,2,2,2,25,0,-2,1,-1,-1,0,56705,0,56669,54597,54219,53097,11409,0,6536,54597,54219,7765,1
120000,2,2,2,39,-2,-1,0,0,0,0,84,28336,30022,32532,34910,31766,0,28336,3398,6960,6932,2215,0
100000,1,1,2,38,-1,0,0,0,0,1,10908,10752,10935,11966,11682,12118,10908,1461,2990,2475,815,1398,0
130000,1,2,2,22,-1,0,0,-1,1,1,73714,75355,74707,81988,76475,67405,73714,22537,2575,81988,0,1817,1
180000,2,2,1,31,0,0,0,0,0,1,33522,32527,34014,37374,36534,40315,3823,4271,8784,2750,3348,3920,0
100000,2,2,2,45,-1,-2,-2,0,0,-1,15620,63,266,12866,13715,12974,15620,0,0,2603,1777,12974,0
100000,1,2,1,21,0,0,0,-1,0,1,13173,14490,15092,16893,17640,17564,1114,2776,1288,16893,3386,731,0
180000,2,2,2,39,0,0,-1,1,-1,2,0,62238,64791,64879,63008,64999,591,2439,64791,1927,63008,5285,1
50000,1,1,2,34,-1,-1,0,0,0,0,19761,21802,19697,16959,17513,16435,19761,21802,1032,1478,4816,2553,0
160000,1,1,1,25,1,1,1,-1,0,-1,62856,69656,63988,60657,52997,47197,6166,3200,0,60657,1997,47197,0
110000,1,2,2,37,2,0,-2,-2,-1,0,40798,39297,0,0,39553,39372,668,2245,0,0,39553,6138,1
90000,2,2,1,33,4,0,0,1,0,0,80044,74844,68994,59794,55594,55713,4054,8370,6919,1955,3652,15486,1
50000,2,1,2,51,0,-1,-1,0,0,0,32743,32303,32993,30909,32283,29878,4404,32303,32993,4066,5334,4409,0
120000,2,3,1,37,1,0,0,-1,0,8,0,0,0,0,0,0,0,649,205,2843,532,0,0
240000,2,1,2,37,0,1,0,0,0,2,0,0,98384,94211,105214,119254,170,0,21273,27972,25322,8436,1
50000,1,1,2,52,0,0,0,-1,1,0,21130,21955,21248,21513,19137,18856,5811,5264,5553,21513,1064,4714,0
300000,2,2,2,37,0,-1,-1,-1,2,0,176516,164585,153918,155612,147794,135431,33041,164585,153918,155612,2304,8154,1
190000,1,1,2,33,0,0,1,1,1,0,62258,68935,66786,64543,73882,64610,13053,10101,0,5019,5708,12412,0
60000,2,1,2,24,0,2,1,0,-1,0,-1033,43584,39821,34605,37571,36231,1717,1809,1314,8227,37571,5566,1
290000,1,2,1,21,-1,-2,-2,-2,-2,-1,106373,0,0,0,0,84739,106373,0,0,0,0,84739,0
160000,1,2,2,37,0,2,1,1,2,0,126924,129560,139552,145552,151946,161045,10901,7931,12047,2897,12942,9033,0
90000,1,4,2,37,-2,-1,0,0,2,1,23,94500,89685,78201,69237,70225,0,94500,23233,23115,6495,5518,0
100000,1,1,1,34,0,0,-2,-2,-2,-2,34992,31916,192,0,266,94,5668,6811,0,0,0,0,0
70000,2,2,2,44,0,-1,0,-1,0,-1,11408,12946,13127,13344,12020,12365,1920,12946,1472,13344,1000,12365,0
210000,2,4,2,42,0,0,0,0,-1,0,45350,42755,41548,42094,45500,40095,9541,8365,7713,4410,45500,3742,0
300000,1,3,1,33,-1,-1,-2,-2,-2,-2,43734,50425,0,135,83,0,43734,50425,0,0,0,0,0
50000,1,4,2,23,0,2,0,0,0,0,44860,39752,38988,34909,35964,35133,10426,4219,6832,2792,10729,10094,0
110000,1,2,1,27,0,0,0,0,1,1,0,0,15645,15149,16030,15533,476,754,2335,2012,631,0,1
100000,1,1,1,29,1,-1,2,0,0,0,-3026,-3447,-3339,-3533,58686,57374,0,1309,0,375,2065,3270,0
300000,2,1,2,35,0,-1,0,0,-1,2,0,0,0,0,0,0,1971,2727,1071,1882,360,0,0
140000,1,3,2,44,0,-1,0,0,0,1,74790,66101,58824,60523,53593,55573,4774,66101,17259,16481,6900,3695,1
100000,2,2,1,29,2,-1,0,0,0,2,70242,67225,77626,83342,76287,72574,0,67225,7607,20942,10612,3651,0
110000,2,2,2,31,-2,-1,-1,0,-1,0,0,0,0,0,0,0,0,1611,1811,1557,1262,1805,0
150000,1,1,2,34,4,4,4,0,0,3,48801,47577,48007,53206,49789,48422,871,3303,0,13908,10181,2333,0
100000,1,2,2,36,0,2,-1,1,1,0,35321,35186,34764,30897,32546,37324,5297,0,34764,1615,3490,9452,0
100000,2,2,2,30,2,-2,-2,-1,-1,0,0,0,0,67532,70771,74380,0,0,0,67532,70771,3811,1
100000,2,2,1,26,2,1,0,0,0,1,0,0,0,0,48008,44895,0,0,849,57,9284,5236,1
150000,1,3,1,28,-2,1,2,2,2,-1,0,116016,112092,97624,95261,90249,0,0,0,5273,8789,90249,0
50000,1,1,1,42,1,1,0,0,0,7,26698,25682,27940,28224,24155,22328,1110,0,2956,6513,6954,359,0
80000,2,2,1,46,2,-1,0,0,-1,-1,0,0,0,0,0,0,0,1826,932,634,2616,1135,0
220000,1,1,2,42,3,0,0,-2,-2,-2,129886,112139,105858,0,0,292,0,15360,6112,0,0,0,1
100000,1,1,1,43,0,-1,0,0,0,-2,44510,47744,45572,44561,44609,0,1418,47744,2723,7714,7393,0,0
150000,2,2,1,39,-2,-2,-2,0,0,0,231,116,0,100700,90561,86475,0,0,0,26520,7698,23504,0
100000,1,2,1,41,-2,0,0,0,-1,-1,0,0,67589,61912,69754,68945,0,475,6007,3991,69754,68945,0
220000,1,2,1,39,1,1,1,1,0,0,0,86054,83565,75342,66782,62408,0,3334,8179,8674,14726,18060,0
100000,2,3,1,44,1,-1,0,-2,-1,0,0,96921,92958,0,82479,78686,0,96921,23722,0,82479,10478,0
300000,1,1,1,24,0,1,1,0,0,0,62090,62954,64791,65757,63882,64288,2466,2735,0,15715,18389,13829,0
150000,2,1,1,39,-1,0,-1,-1,0,0,18745,17909,17153,15008,14554,15520,18745,5168,17153,15008,783,4218,0
80000,2,1,2,41,-1,0,1,0,0,2,-3924,56245,61363,59333,63242,60712,1934,2333,5448,2494,15039,2249,0
470000,2,2,2,45,-1,0,-1,2,1,-2,0,0,0,321943,303280,0,2142,747,2085,0,34524,0,0
40000,1,2,2,30,1,2,1,0,-1,1,22736,24352,26106,22723,22120,23110,0,0,787,1591,22120,2076,0
60000,1,2,2,26,-1,-2,-1,0,0,1,0,163,0,0,0,17045,368,0,1614,386,137,818,0
100000,2,1,1,36,0,-1,1,-1,-1,-1,28558,30107,29440,25860,27062,26797,1399,30107,717,25860,27062,26797,0
80000,2,1,1,36,0,-1,-1,0,2,2,27531,30312,28517,29897,30781,27204,5199,30312,28517,8515,1068,1725,1
140000,1,1,1,40,-2,-2,7,7,-1,0,0,0,70177,74421,71729,73010,0,0,4964,0,71729,8193,1
90000,2,3,2,34,0,4,4,-2,0,0,24441,25381,27037,0,30404,34624,3781,1796,2509,0,1684,2952,0
130000,1,3,2,52,-2,0,0,1,2,0,250,71915,66182,75191,84047,93785,0,8773,19195,6119,0,20738,0
250000,2,3,2,25,1,0,0,1,0,0,116186,100156,98128,96668,88106,87971,5327,11504,16782,6045,3017,25744,0
130000,2,2,2,44,0,0,0,0,0,-1,74955,70500,70914,66956,61920,55923,20861,8869,18048,10259,8808,55923,0
200000,2,1,2,43,0,0,0,-1,-1,-1,37898,42078,45879,43502,45981,45327,3728,7352,7516,43502,45981,45327,0
130000,1,1,2,39,2,2,0,-1,0,1,118707,126112,111237,98952,99926,96984,9317,3667,11014,98952,4521,11149,0
50000,2,4,2,40,-1,-1,-2,-1,1,-1,29588,29904,0,32547,31952,33083,29588,29904,0,32547,2327,33083,0
80000,2,2,2,25,-2,-2,-1,0,0,-2,0,299,34554,30259,32440,193,0,0,34554,966,9546,0,0
30000,1,2,1,29,0,2,2,1,0,1,14761,14396,14780,14035,13837,12124,1815,258,1567,1350,3907,0,0
200000,2,2,1,21,-2,-2,-2,1,-1,0,0,169,0,46525,40818,42576,0,0,0,3469,40818,5902,0
130000,1,2,1,38,1,1,1,1,0,3,136500,136500,127737,133616,122143,111818,11103,0,0,12259,12106,4404,1
200000,2,3,2,21,-1,-2,-1,-2,-1,0,28883,0,25600,59,25473,24914,28883,0,25600,0,25473,5514,0
140000,2,1,2,43,0,0,-1,0,0,0,23922,23072,21192,19633,18091,20750,1499,2696,21192,2296,1922,5027,0
50000,2,2,1,36,2,2,1,0,0,2,21544,22196,23271,21782,23636,26041,2114,0,1260,2665,5472,3052,1
300000,1,2,1,22,-1,-2,-1,1,2,0,144700,0,137643,146126,136125,143068,144700,0,137643,10384,10868,29339,0
120000,2,3,1,39,-1,0,1,0,0,-1,27605,25379,24001,22827,20942,22986,27605,1171,2389,1825,3666,22986,1
200000,2,2,2,33,-1,-1,-1,-2,-2,-1,38446,43338,40597,248,270,30757,38446,43338,40597,0,0,30757,0
90000,1,4,1,24,-1,-2,-2,-1,0,-2,41069,0,0,41109,45042,0,41069,0,0,41109,6945,0,0
10000,1,2,2,41,0,-1,0,0,0,-1,3186,3392,3442,3641,3536,3482,943,3392,562,393,397,3482,0
120000,2,2,2,42,1,-1,-2,-1,1,-1,69045,64130,0,56234,53065,51994,0,64130,0,56234,4770,51994,0
100000,2,3,2,37,-2,-2,-2,2,2,2,0,0,0,62888,56628,59030,0,0,0,7243,0,0,1
160000,2,1,2,50,-1,0,0,0,0,0,0,0,0,0,0,56034,2760,1115,172,1004,792,11507,0
190000,1,1,1,28,-1,-1,-1,0,0,2,-224,-236,-242,-261,-303,137540,2385,2612,2151,767,1774,3841,1
80000,2,2,1,33,-1,0,0,1,1,1,12399,10786,10149,11084,11986,11240,12399,2337,314,749,667,491,0
180000,1,2,1,31,2,-2,2,-2,-2,0,129319,0,160376,0,0,125523,0,0,3739,0,0,27683,0
150000,2,2,1,34,0,0,0,0,1,0,61926,61098,62188,58926,63773,67797,5375,2179,9233,2946,0,12187,0
140000,2,2,2,48,-1,0,2,0,0,0,73255,69963,64833,70250,71444,74234,73255,19648,2163,16528,20329,6554,0
90000,2,2,1,34,2,2,1,0,0,0,31331,32945,34676,29973,30547,27519,395,0,2658,4063,3355,6007,0
310000,1,1,2,35,0,0,0,-1,-1,0,-3865,-3628,-3429,95209,88099,86491,1747,609,1366,95209,88099,13484,0
10000,2,2,2,21,1,2,2,1,1,1,6749,5830,6551,5930,5809,6033,348,654,767,0,599,0,0
50000,1,2,1,34,1,0,2,1,2,-1,46688,47153,48537,52500,48397,44202,0,4525,1476,5733,5339,44202,0
50000,1,2,2,31,-1,-1,0,0,-1,0,15548,18011,17636,16671,15365,14109,15548,18011,1787,4029,15365,2368,0
50000,1,2,2,24,0,-1,0,1,1,5,40954,42437,39294,40052,36408,33582,11724,42437,5921,0,0,3411,0
80000,2,2,1,37,1,1,0,0,2,0,0,0,0,46534,43028,48458,0,0,1279,9516,0,3210,1
50000,2,2,2,28,0,0,-1,-1,0,0,17034,15255,14732,15455,13412,12678,1526,3910,14732,15455,1529,3708,0
470000,1,3,1,28,0,2,1,1,1,0,476999,436541,417190,364161,320797,311711,94351,20706,22489,0,9408,35430,0
120000,2,3,2,38,0,1,1,0,0,0,17595,17419,15281,14380,15487,14240,2789,1689,1178,2740,1829,1526,0
390000,2,2,1,52,-2,2,0,0,1,0,0,185615,190298,204042,202309,179637,0,11442,20539,53827,14100,36076,1
70000,2,1,2,30,0,0,0,-2,0,-1,19380,18057,18916,215,19394,19919,825,4243,3183,0,798,19919,0
30000,1,2,2,31,-2,-1,-1,0,0,1,0,25229,23373,20840,20141,20622,0,25229,23373,2078,1589,743,1
200000,1,2,1,59,-2,1,0,2,2,1,0,0,0,207533,210000,197348,0,0,1740,16293,0,0,0
60000,2,1,1,23,0,0,0,0,1,1,26152,27801,24947,26876,27283,26040,2978,1713,6350,2000,2803,1819,0
70000,2,2,2,43,2,1,0,0,1,0,41624,40994,36772,34132,32535,36914,2235,3854,5977,3823,2046,4637,0
80000,1,1,2,58,0,2,1,0,-1,-1,42651,43061,40320,43233,39493,41343,9736,3892,0,5698,39493,41343,1
110000,2,2,2,40,0,0,0,-2,-1,-1,77457,76061,81036,0,65926,58983,20527,8681,3016,0,65926,58983,0
110000,2,1,2,24,0,1,-1,-2,-2,-1,70102,60703,64301,71,205,61421,9646,0,64301,0,0,61421,0
320000,2,2,2,53,0,2,1,0,-2,-2,233775,200559,186317,202408,0,0,57363,7781,21909,33446,0,0,0
100000,2,3,1,33,0,1,0,0,2,2,67112,60373,55468,58595,57712,58282,13469,1753,2212,4260,0,2354,0
150000,2,2,1,33,0,-1,8,8,0,-1,118269,106661,94827,103497,105574,119602,10644,106661,0,4439,21705,119602,0
330000,2,3,1,26,-2,-1,0,-2,0,-2,0,131926,124134,0,128428,0,0,131926,8923,0,8346,0,0
200000,2,1,1,21,0,0,1,0,0,-1,0,46824,48463,47020,52823,60318,533,12298,0,4997,6919,60318,0
150000,1,3,2,34,0,2,-1,0,0,0,95112,100568,97851,99261,99465,93476,24267,0,97851,28772,18544,6057,1
200000,1,2,2,30,0,-1,-2,-2,0,0,119877,125433,0,0,124993,123773,34159,125433,0,0,3919,13755,0
90000,1,2,2,21,0,0,0,-1,0,0,-1480,-1594,-1679,-1782,19002,18625,665,1274,1238,2019,4843,2152,0
200000,2,2,2,49,0,0,0,-2,-2,-2,45461,43043,49101,0,0,0,2490,8642,8914,0,0,0,0
60000,2,1,1,34,0,0,-1,0,3,2,0,0,0,0,38441,34848,1623,1923,2246,322,3241,0,1
130000,2,3,2,27,-1,1,-1,0,-1,-1,52701,54176,61656,56443,61906,62911,52701,0,61656,6882,61906,62911,0
110000,2,2,1,22,-1,0,2,2,-1,0,67035,72749,81572,78291,85869,93382,67035,12581,7224,0,85869,14963,0
240000,1,2,2,46,0,0,0,0,-2,-1,42431,43125,39706,39409,294,48659,10932,3962,4585,3783,0,48659,0
210000,1,1,1,25,-2,-2,-2,-1,0,0,0,0,0,0,0,84438,0,0,0,2309,1703,3857,0
200000,1,2,1,42,-2,-2,-1,0,-2,-2,0,242,35966,36074,0,0,0,0,35966,7512,0,0,0
130000,2,1,1,38,1,0,1,0,-1,2,44804,42122,40963,40921,42363,45267,5321,6395,4272,5783,42363,0,1
170000,2,2,2,38,-2,-2,1,1,-1,-2,0,0,0,0,0,0,0,0,0,0,663,0,0
160000,2,2,2,45,0,0,-1,0,-1,-1,50722,43247,48464,52084,54979,63782,13832,4812,48464,13445,54979,63782,1
130000,1,2,2,33,-1,0,-1,1,1,0,19615,17862,17039,17390,18173,17473,19615,2430,17039,696,436,3033,0
220000,1,1,2,25,2,2,3,2,1,1,209879,203453,173418,158606,169892,168497,22338,21506,0,3366,2169,0,1
100000,2,2,1,27,0,0,0,-1,0,-1,11678,11413,10713,10187,9205,9723,2149,668,1993,10187,1555,9723,0
500000,2,3,2,33,0,-1,-2,-2,-2,1,270197,270667,0,0,0,218398,20692,270667,0,0,0,3413,0
340000,1,2,1,21,0,0,0,0,0,2,225771,226030,206171,219534,213678,225820,49719,45718,26591,15499,29266,24474,0
200000,2,2,1,27,0,-1,0,1,0,0,-148,-149,-149,-146,0,41649,1900,1252,1955,0,947,7058,0
500000,1,2,1,53,0,0,1,1,0,-1,176486,192053,184766,164736,172594,152148,30548,19564,11670,15067,43193,152148,0
50000,2,2,1,26,-2,-2,-2,1,2,2,41,0,0,33180,35689,35446,0,0,0,0,857,2359,1
200000,2,3,2,26,0,1,1,0,2,1,0,0,0,0,0,0,553,0,0,1451,0,0,1
10000,2,2,2,41,-1,-1,0,1,0,0,3739,3540,3719,3237,2803,2735,3739,3540,729,264,699,452,0
300000,2,2,2,47,-2,-1,0,0,-2,-1,0,55539,47961,42236,0,39873,0,55539,4821,10630,0,39873,0
100000,1,2,2,42,0,0,0,0,0,0,66063,58354,50873,54296,59066,60877,18489,9851,6349,15209,5608,6840,0
500000,1,1,2,32,0,0,0,0,0,0,256341,235660,217783,201000,173574,177015,45543,28363,14971,34170,50189,40076,0
90000,2,3,1,57,-1,-1,0,0,0,1,56861,64431,61460,61388,64438,56941,56861,64431,17827,11026,2046,5263,0
80000,2,3,1,31,0,0,0,2,3,0,27564,30465,32262,33847,37875,37194,5918,5311,5366,0,2468,2738,0
110000,1,2,1,31,0,0,0,0,0,0,51858,50628,47290,49712,51544,44303,2268,12788,2505,3385,10063,7468,0
90000,1,3,1,45,2,-1,0,-2,-2,-2,38104,41653,44224,95,0,76,1974,41653,7113,0,0,0,0
150000,1,3,2,45,2,-2,-1,-1,-2,0,77335,0,70333,70474,0,72455,991,0,70333,70474,0,18767,0
130000,1,1,2,39,0,-1,0,0,0,1,29460,27166,29683,30463,29045,26648,8798,27166,7255,2545,6405,553,0
30000,2,3,2,35,0,0,2,2,2,0,28015,26337,26657,26932,27468,26974,7054,7019,1944,0,0,4685,0
100000,2,2,1,35,-1,0,0,0,1,0,59552,58226,54281,51816,50668,51204,59552,11026,11243,3442,1144,3704,0
30000,2,2,2,27,0,4,-1,-1,1,0,0,0,0,0,0,0,535,0,2340,2423,0,1341,1
70000,2,2,1,30,1,-2,-1,0,0,0,26139,0,26377,27506,25510,21980,2615,0,26377,1953,4480,1946,1
310000,2,3,1,27,-1,-1,0,0,-1,0,172255,165580,171227,170942,152397,166005,172255,165580,23922,24581,152397,22928,0
50000,2,1,2,49,2,-1,1,1,1,0,0,-4407,-4030,29605,25502,23498,0,502,0,0,647,810,1
150000,2,2,1,42,-1,-1,-2,1,0,0,142927,131813,0,121619,119554,118536,142927,131813,0,11275,4622,6748,0
90000,1,2,1,22,1,0,0,2,1,0,64752,61095,59610,57762,57444,51404,3629,12268,13006,5797,1042,2208,1
110000,2,2,1,43,-2,0,0,0,0,0,0,33483,34813,33169,34092,32922,0,1548,4220,3604,4231,4194,0
360000,2,3,1,36,-2,-2,-1,2,-1,0,0,0,199798,218235,211781,222392,0,0,199798,20227,211781,27098,1
210000,2,2,2,32,0,-1,0,0,3,1,0,0,0,0,-724,83200,952,2539,1978,681,0,0,0
80000,2,4,1,34,0,0,-2,0,-1,0,27991,27285,0,25032,27245,26768,4368,6556,0,6809,27245,6744,0
230000,2,2,1,24,0,-2,1,-1,0,7,126017,0,137629,149505,128008,121828,21753,0,5549,149505,28643,3897,0
110000,1,1,1,29,-1,-1,0,1,-2,-1,50898,47590,49662,45522,0,38331,50898,47590,12916,0,0,38331,0
60000,2,2,1,37,-1,-1,-1,0,1,2,40549,37802,36919,33646,32468,31948,40549,37802,36919,6453,1539,1420,1
230000,2,2,2,45,2,0,0,3,2,0,135638,130455,142601,148979,140612,151180,3558,34964,35121,2686,11858,23820,1
100000,2,2,2,44,-2,-1,-1,1,0,0,0,41669,42082,42228,38224,37057,0,41669,42082,1500,4345,1915,0
120000,1,2,2,38,0,0,0,0,2,3,126000,113928,120346,104613,89820,83457,32029,13649,12163,8536,9020,0,1
70000,1,2,2,21,0,1,-1,0,0,0,11448,12497,12289,12610,13084,12503,3048,1339,12289,755,1396,2681,0
220000,1,1,3,21,-1,-1,0,0,0,0,89281,96106,92693,91984,104231,99158,89281,96106,6518,24730,5374,20999,0
250000,1,2,1,38,3,0,0,1,0,0,171501,168143,148141,138932,137934,127575,18349,20181,19638,6170,6946,32156,0
170000,2,2,1,27,-1,0,0,0,0,2,76326,66770,66149,68312,63763,69296,76326,3352,18145,9895,11313,0,0
100000,1,2,2,38,1,1,0,0,0,-1,9869,10569,11028,12203,11346,12041,0,949,2758,450,3379,12041,1
110000,1,3,1,37,-1,-1,-1,1,1,0,49543,56568,54264,57316,51415,52668,49543,56568,54264,2557,0,1839,0
140000,2,1,2,29,-1,-1,-1,-1,-1,1,0,0,0,16579,15155,15976,1467,1635,1998,16579,15155,732,0
470000,2,1,2,29,-2,-2,-2,2,2,0,18,222,0,388810,394261,378091,0,0,0,0,8855,37140,0
170000,1,3,1,33,-1,0,3,1,0,-1,0,0,0,0,0,130661,913,171,0,0,1620,130661,0
130000,1,2,1,44,0,-1,-1,-2,-2,-1,0,0,0,0,0,61830,1646,1864,2704,0,0,61830,0
10000,2,1,1,21,-2,-1,-1,-1,-1,0,0,6027,5191,4712,4436,4046,0,6027,5191,4712,4436,618,0
240000,2,2,1,52,0,1,0,0,0,0,58186,56574,63442,67467,65403,57284,4509,3927,9258,6819,12469,5569,0
110000,1,2,2,29,0,0,1,2,3,-2,0,0,0,0,65507,287,1654,1798,0,0,5967,0,0
110000,2,3,1,35,0,-1,-1,0,0,-1,13118,14558,15719,16443,17851,19750,2917,14558,15719,3124,2943,19750,0
150000,1,2,2,43,0,0,-1,-2,-2,-1,43559,46874,51208,0,0,44660,4811,6823,51208,0,0,44660,0
300000,2,3,1,21,0,0,2,2,2,0,111362,108442,106269,99089,113828,120990,15525,22975,11693,8220,12311,31932,0
170000,1,1,2,42,2,2,1,0,0,1,77616,83103,79918,86207,77101,76250,3579,6048,8116,25315,5661,6299,0
80000,2,2,1,38,-1,0,-2,0,0,0,0,0,230,22220,21169,20799,2972,1051,0,6360,6121,5337,0
100000,1,2,2,38,-1,-1,-1,-1,0,0,31896,34245,33580,35543,37864,33688,31896,34245,33580,35543,10340,6484,0
120000,2,1,2,46,-1,-1,-2,1,0,0,0,0,0,27469,25658,23674,528,1638,0,0,1291,3359,0
110000,1,2,1,55,-1,0,0,2,1,1,97744,90084,100009,94440,88209,83234,97744,27023,8218,0,0,5277,0
20000,1,1,2,23,-1,0,0,2,1,0,10065,10803,12126,12903,12419,12234,10065,562,2935,1166,513,568,0
200000,2,2,2,34,-1,-1,-2,0,0,0,112264,96811,0,89479,87393,87787,112264,96811,0,20116,15205,24913,0
90000,2,1,1,42,-1,0,0,0,0,0,51149,55089,51878,52200,54794,58704,51149,13939,8434,12198,1860,15090,0
30000,2,2,1,33,0,-1,0,0,0,0,-3220,-3672,-3892,8807,8479,8423,1186,2280,494,504,2221,414,0
80000,2,1,2,40,0,0,1,1,0,4,38139,35652,37558,41904,42211,45060,10746,4021,0,0,4194,4757,0
50000,1,4,1,37,-1,-1,-1,-1,-1,-1,0,5297,4872,4389,4593,4755,181,5297,4872,4389,4593,4755,0
20000,2,2,1,32,0,-1,-2,-2,0,0,8082,7784,0,0,9479,8534,1067,7784,0,0,1988,2027,0
80000,2,4,2,23,-1,0,2,1,2,1,36801,38672,36071,34463,32534,33594,36801,5195,1116,944,1229,0,0
90000,2,1,2,24,1,1,1,4,4,5,0,0,0,62764,58918,51240,0,0,0,5447,0,2169,0
100000,2,2,1,32,2,4,1,1,0,-1,44530,46580,47950,53487,56393,56585,0,1511,685,4053,12591,56585,1
200000,1,3,1,37,-1,0,0,0,-1,0,-4809,-5104,-5253,-4661,-4624,-4850,117,1222,649,1268,1421,1439,0
100000,1,2,2,26,0,2,0,-1,0,0,0,70247,66128,64152,66553,65545,1719,0,14197,64152,7598,11018,1
130000,2,1,2,33,-1,0,1,0,0,2,0,0,0,0,0,89216,2814,183,0,1608,666,0,0
80000,2,2,2,40,0,0,0,0,1,-1,0,0,0,0,0,0,61,1664,231,338,0,181,0
90000,1,1,1,39,-1,-1,2,0,0,0,0,0,0,63469,63282,56892,828,2148,0,7826,8687,11039,0
70000,2,2,3,24,0,0,1,0,0,-2,53457,47608,45355,41053,35990,0,6332,13477,5214,8868,2360,0,0
100000,1,2,2,42,2,2,2,2,-1,0,62765,57653,55770,56899,61954,58087,2333,0,6270,6262,61954,14916,0
110000,1,1,2,23,0,0,0,0,1,0,74302,76493,69641,65003,71237,66300,8265,20380,8015,17263,6989,16277,0
200000,2,1,1,31,0,0,0,0,1,1,86773,83992,86982,82567,74128,73659,10011,15416,19171,8848,2207,0,0
90000,1,1,2,37,0,1,0,-1,-1,-2,0,0,0,0,0,59,950,0,900,803,359,0,0
150000,1,1,2,36,0,-1,-1,-2,-2,-2,37197,33693,34445,0,0,0,7597,33693,34445,0,0,0,0
50000,2,3,2,24,-1,0,0,2,0,0,0,0,0,0,24019,21087,2983,1184,1364,0,4969,5607,0
110000,2,3,1,21,-2,-2,1,-1,0,2,0,0,48250,42116,46907,46927,0,0,0,42116,12677,3576,0
150000,2,2,1,26,0,-2,-1,-2,2,1,0,204,0,0,0,146306,1635,0,1339,0,0,0,1
100000,1,1,1,33,-2,-2,-1,0,0,1,184,67,44645,49275,52034,51380,0,0,44645,10778,6435,2377,0
80000,2,1,1,24,-1,-1,1,0,2,2,52932,57858,55258,53600,56082,51498,52932,57858,4074,13615,3522,2028,0
150000,2,1,1,43,2,4,3,2,1,0,0,0,0,0,126445,124873,0,0,0,0,10663,17298,0
300000,1,2,2,34,-2,-2,0,0,2,1,0,0,0,0,224872,213089,0,0,1904,1139,0,0,1
160000,2,2,2,27,0,0,0,0,-1,1,23090,21239,19219,17423,18588,19599,6801,1989,2419,3148,18588,1934,0
110000,1,3,2,21,0,0,-1,-1,1,2,65564,68532,75371,66900,68926,69590,15307,3312,75371,66900,0,5806,0
50000,2,3,2,30,0,0,3,2,1,0,29486,31527,36049,33080,35872,37192,2239,3600,0,3896,1408,2057,0
190000,2,2,2,42,0,1,0,0,2,3,54767,60511,67198,68859,71266,68128,15923,2336,19300,11410,0,3674,1
50000,1,2,1,21,-1,2,2,1,1,2,0,0,0,0,44337,41702,851,0,0,0,1774,4929,1
100000,1,1,1,36,0,4,0,0,3,0,54533,48140,52114,52526,53549,55534,3648,0,2506,6153,2837,4281,1
210000,2,1,1,43,-1,-1,-1,-2,-1,0,167324,175152,151261,0,136891,130287,167324,175152,151261,0,136891,35793,0
500000,1,2,2,29,0,0,0,0,0,0,0,0,0,0,0,319770,502,161,1446,1086,1180,72831,0
200000,2,1,1,40,0,0,0,-1,-1,-2,134957,143495,142478,122694,121264,66,23349,30310,36366,122694,121264,0,1
80000,1,2,2,42,0,0,0,1,1,1,64199,58792,61677,57736,52233,47998,16168,10171,13839,2099,0,4613,0
20000,2,1,2,31,0,0,-2,1,0,-2,0,0,0,0,0,0,1022,1020,0,0,1344,0,0
150000,2,1,2,39,1,1,0,0,0,-1,0,0,0,0,0,79927,0,0,1306,1817,1654,79927,0
90000,2,3,1,45,2,1,1,-2,-2,-1,45526,43919,48064,0,0,54674,4698,1200,4409,0,0,54674,0
50000,2,1,2,31,1,1,0,0,0,1,26226,24315,22393,25166,22091,20147,1422,785,1843,7019,5207,486,0
120000,1,3,1,43,1,1,0,0,0,0,49001,42736,38026,36767,34485,33376,1053,0,7456,2689,4235,5156,1
200000,2,1,2,29,0,0,-1,0,0,1,23872,25007,27318,26848,24580,22671,1998,7276,27318,3106,7318,1206,0
270000,1,2,2,32,2,2,2,1,0,4,123977,125355,134860,135780,130901,123001,10592,0,2543,9436,9884,9511,0
50000,2,3,2,31,0,0,1,1,-1,-1,32315,31991,30229,29253,25821,25490,4595,5440,3172,2972,25821,25490,0
150000,2,1,1,39,0,-1,-1,-1,0,-1,80016,72320,76115,70304,69502,67931,11259,72320,76115,70304,3777,67931,0
80000,1,1,2,44,2,2,0,1,1,0,40303,39657,43822,49385,51710,55800,3162,4699,12321,1781,3913,8687,1
130000,1,1,2,38,0,1,-1,0,-1,-1,49133,52359,52907,57180,58977,58218,3266,0,52907,5299,58977,58218,0
110000,1,2,1,34,-1,0,0,3,3,3,98344,92509,82224,86686,78718,71983,98344,8099,13343,0,0,0,0
120000,1,1,2,50,1,-1,-2,-2,0,0,81467,71064,103,184,65322,67238,8085,71064,0,0,11922,7965,0
500000,2,2,1,24,-1,-1,0,-2,-2,0,299421,340671,360134,0,0,311991,299421,340671,50832,0,0,61377,1
180000,2,3,1,34,1,0,1,1,0,-1,83947,82466,78304,70965,61729,57479,1184,12748,6779,0,12602,57479,0
170000,1,1,1,60,0,2,2,0,0,1,90890,84457,86985,90363,81960,84364,15350,8464,6282,17341,5317,5403,1
100000,2,2,1,24,-2,1,0,-2,-1,2,0,105000,96404,0,80489,69253,0,2475,11156,0,80489,2180,1
100000,1,3,1,27,-2,0,0,0,1,0,297,15518,13471,12518,12764,12105,0,4318,524,2334,1179,3596,0
330000,2,2,1,45,-2,-2,-2,-1,0,0,14,0,0,75639,74251,71583,0,0,0,75639,9882,2749,0
230000,1,3,1,37,0,-1,0,1,0,0,0,0,0,0,0,0,505,1715,302,0,1116,1017,1
150000,2,3,1,46,0,-1,0,-1,-2,-2,68466,66731,68925,66754,0,157,15139,66731,14370,66754,0,0,0
130000,2,3,2,37,1,2,0,-1,0,0,0,0,0,0,104664,90564,0,0,965,2952,5307,18455,0
50000,2,1,1,35,1,0,0,0,0,0,9443,8436,8633,8816,8149,7685,1010,1585,2252,2270,1322,1687,0
80000,1,1,2,35,0,0,0,0,0,0,54499,49271,52576,46217,44422,43305,5629,4405,1594,4705,12765,7516,0
280000,1,1,1,26,0,0,-1,0,0,0,37443,39546,35712,36325,33858,35386,10726,5737,35712,10343,9214,2694,0
100000,2,1,2,42,0,-1,-1,-1,-1,0,20579,21764,20832,21885,23573,21122,2682,21764,20832,21885,23573,5840,0
100000,1,2,2,29,0,0,-2,0,-2,-2,24323,25885,16,24447,0,0,5380,1849,0,4603,0,0,0
100000,1,2,1,30,-1,0,1,2,0,1,98056,94768,82858,89569,78546,79461,98056,25565,3811,10047,16427,1612,0
100000,1,2,2,21,1,0,3,0,-1,-1,0,0,0,50447,52586,59709,0,330,0,2132,52586,59709,0
90000,2,2,1,26,2,0,0,0,-1,-1,52269,49803,52212,52475,56342,50915,1817,14429,7982,5385,56342,50915,1
90000,1,1,1,26,-2,0,0,-2,-1,-1,0,61024,54788,0,51474,56377,0,4185,5156,0,51474,56377,0
10000,2,1,1,41,-1,0,0,1,1,2,9682,8763,7886,8305,7965,7884,9682,707,263,494,280,834,0
100000,2,2,1,26,-1,-1,0,0,0,1,30108,34546,32508,30367,31684,32336,30108,34546,6014,4531,3602,2443,0
160000,2,2,1,49,0,0,0,0,0,-1,0,0,-3885,-3545,-3573,61500,358,1443,104,1062,1475,61500,0
50000,1,2,1,37,2,2,0,1,1,2,20372,22312,23435,22392,23537,20214,215,829,6878,0,1515,910,1
360000,2,2,1,38,0,0,1,-1,0,0,235879,209147,211353,197599,188685,175453,14382,38162,16664,197599,18908,49587,0
430000,2,2,1,27,-2,-2,-2,-1,0,0,0,109,0,51681,52823,48840,0,0,0,51681,5576,5737,0
160000,1,1,2,46,-1,-1,-1,-1,0,0,23731,23056,23132,24864,28173,25584,23731,23056,23132,24864,6148,7484,0
160000,2,2,2,42,0,0,0,0,0,0,116684,111057,100860,107358,99363,94913,21623,29476,10838,11886,21294,4948,0
180000,1,1,1,36,1,1,-1,-1,-1,-1,0,97893,94955,86786,94297,90721,0,3095,94955,86786,94297,90721,0
100000,1,2,1,39,2,1,1,2,0,0,0,0,0,0,0,0,0,0,0,0,812,1573,0
100000,2,3,2,46,-2,-2,0,-2,1,0,35,0,11930,0,10543,9703,0,0,2768,0,315,404,0
170000,2,2,1,32,2,0,3,2,-1,0,92251,94545,95570,98815,91143,90832,8401,17241,8117,7476,91143,25128,1
40000,1,1,2,34,1,0,0,0,0,0,14322,13216,14749,12679,12924,13851,932,1457,2158,3605,1415,2430,0
180000,1,2,1,29,0,1,-2,-2,-2,1,57425,52083,0,0,7,56101,6336,5953,0,0,0,3058,0
130000,1,2,2,29,-2,0,-1,2,2,0,116,108913,98615,88929,89640,78787,0,29823,98615,0,9027,21925,0
70000,2,3,2,38,-2,-1,-1,0,2,2,0,41845,35945,37792,37054,36852,0,41845,35945,8459,1559,0,0
30000,2,2,2,26,2,1,1,0,1,0,0,0,0,0,23545,24556,0,0,0,1673,2704,3557,1
100000,1,1,1,35,0,0,1,4,4,3,0,0,0,0,0,0,139,145,0,0,0,0,1
120000,1,2,2,32,-1,-1,0,-2,0,1,22018,23811,24492,71,24298,22796,22018,23811,1602,0,4554,2024,0
100000,1,2,2,36,0,-2,0,2,1,0,0,0,74702,79929,79941,77874,25,0,19576,0,0,13606,0
190000,2,2,1,39,2,-1,-2,-2,0,0,0,0,0,0,112663,106880,0,2607,0,0,9424,27803,0
50000,1,3,1,47,0,-1,0,0,-1,0,26909,25810,22214,23866,24282,25333,5242,25810,3231,6027,24282,1448,0
50000,1,1,2,35,-2,-2,-2,-2,0,0,237,36,0,0,16233,17673,0,0,0,0,4794,5204,0
240000,2,2,3,42,0,0,-2,0,0,0,37086,36086,146,35477,32349,35102,2301,2850,0,2585,7531,5576,0
100000,2,1,1,33,-1,0,1,0,1,1,47378,51620,51271,47007,44757,44272,47378,4516,3371,2906,1500,3024,0
70000,1,3,2,34,0,0,0,0,-1,-1,20513,21881,20347,22071,23227,23048,4340,6182,2370,1311,23227,23048,0
50000,2,1,2,39,0,-1,-1,-2,0,0,19839,19081,19313,7,17195,17946,3897,19081,19313,0,2527,3577,0
50000,2,1,2,28,1,1,1,0,-1,0,41979,36327,33129,30582,29185,28117,1889,0,439,7551,29185,8052,1
300000,2,4,2,52,-1,2,0,0,8,8,102187,110329,124255,116433,125711,126058,102187,0,18982,16421,10043,7762,0
20000,1,4,1,45,-1,0,0,2,-2,1,8470,8386,7600,8542,81,9959,8470,1211,936,903,0,709,0
80000,1,1,1,34,0,1,1,1,0,-1,0,0,0,0,19127,17041,275,0,0,0,3839,17041,0
180000,2,1,1,35,0,0,0,1,-1,-1,142011,154615,140795,128717,117796,104973,34796,28416,24224,6402,117796,104973,0
200000,2,4,1,24,2,2,3,2,2,1,90919,98923,100281,97592,97022,94953,10804,10295,1969,0,0,1994,1
200000,1,2,2,36,0,-1,0,-1,1,0,0,0,0,0,0,29801,1096,2598,599,542,0,4739,0
70000,2,2,2,29,-2,-2,-2,-1,-2,1,34,0,102,0,0,24988,0,0,0,1030,0,1339,0
30000,2,1,1,41,-2,-2,2,1,0,0,0,180,25292,25131,23394,19996,0,0,1964,332,5267,1080,0
190000,2,2,1,24,1,-1,-1,0,2,2,114105,105881,100121,94201,85593,89035,3866,105881,100121,8574,8206,7634,0
100000,2,1,2,65,0,0,0,0,0,0,32405,29601,25887,27481,29656,30889,4192,8490,2020,6390,7431,4877,0
100000,2,1,2,58,0,0,1,5,5,0,0,0,0,58657,60409,65385,1144,621,0,3020,4255,16935,0
120000,1,1,2,42,2,-1,0,0,2,2,69803,65584,69965,74589,69174,67553,0,65584,18432,14550,7799,1598,0
160000,2,2,1,37,4,3,0,0,0,0,120985,121755,132737,118140,120381,125858,13995,6458,10245,34861,26282,7994,0
130000,1,2,2,34,0,0,-1,-1,1,0,0,0,0,69712,67431,67151,1558,1611,646,69712,0,8736,0
100000,2,3,2,36,0,-1,-2,0,0,0,31142,28880,0,26820,28932,26193,7008,28880,0,2232,3406,5721,0
90000,2,2,2,29,0,0,0,0,-1,0,24679,22587,23980,23973,23536,23253,2675,3930,2365,6304,23536,6228,0
350000,1,2,1,43,0,0,0,0,1,-1,0,0,0,0,95979,83770,305,1445,1117,1803,9614,83770,0
200000,1,2,1,32,1,1,2,2,2,2,125382,137638,151923,166345,162757,150282,5800,0,9230,8698,0,7935,0
100000,2,3,1,27,-1,-1,-1,0,0,0,14486,14445,16066,18403,19449,17638,14486,14445,16066,1941,2034,3478,0
90000,1,3,1,23,0,0,0,2,3,-2,67576,64573,68751,62633,63324,0,4871,11773,11423,3094,4163,0,0
150000,2,1,2,37,-1,-1,0,0,0,0,51002,52455,54920,61589,64263,69081,51002,52455,9188,13415,14260,14681,0
100000,1,2,1,32,-1,-1,0,-2,-1,-1,0,0,0,0,0,0,1275,877,391,0,2096,628,0
220000,1,1,1,46,0,-2,0,2,2,2,0,0,0,0,0,0,1866,0,1010,0,0,0,0
50000,1,2,1,27,0,0,2,-1,-1,0,0,0,0,0,31320,33733,1227,1351,0,514,31320,9131,0
50000,2,3,2,50,0,-1,-1,-1,-1,-1,18450,17831,19006,20379,19664,19801,2185,17831,19006,20379,19664,19801,0
20000,1,2,2,25,-2,0,-1,1,-1,-1,0,0,0,0,0,0,0,1855,2375,0,2360,1090,0
210000,1,3,2,33,0,0,-2,-1,-1,-1,26457,25497,0,25415,26539,27465,1528,4631,0,25415,26539,27465,0
20000,1,3,1,30,-1,-2,-2,0,-2,0,7040,0,276,6533,101,5793,7040,0,0,724,0,712,0
50000,1,2,1,43,-1,-1,0,-1,-1,0,0,-1465,-1398,-1280,21753,19716,2294,1082,1210,1963,21753,2939,0
50000,1,1,2,41,-1,0,-1,-1,-1,0,8414,9171,7876,7562,8484,8817,8414,1393,7876,7562,8484,464,0
110000,2,2,2,30,0,-2,-2,6,-1,0,0,0,0,0,61253,58218,1613,0,0,0,61253,9695,0
30000,1,2,1,31,-1,-1,-2,-2,0,0,4631,5180,142,0,5102,5891,4631,5180,0,0,852,920,0
80000,1,2,2,21,-1,-1,2,2,1,0,34893,33740,38233,40588,41621,37033,34893,33740,0,3802,4638,6629,1
100000,2,1,2,50,-1,0,0,0,0,1,35828,31131,28680,30026,26590,28558,35828,1605,5064,3409,7687,944,0
80000,2,1,2,21,0,0,0,1,2,0,66168,63462,62051,54511,48891,44104,11516,8708,10179,4778,1730,8632,1
210000,2,1,1,47,0,0,-2,-1,0,0,97087,88626,255,76730,79772,78016,26917,10037,0,76730,8142,10855,0
370000,2,2,2,39,5,0,0,-2,-1,-1,304359,297022,272909,37,244294,227330,0,45821,60015,0,244294,227330,0
170000,1,2,2,27,-1,-2,-2,-1,2,0,77679,0,0,87369,80190,78630,77679,0,0,87369,5599,21464,1
50000,1,2,1,25,2,1,0,0,0,2,29810,25722,24007,21900,23621,23035,2704,1155,3928,3079,6968,0,0
190000,2,2,1,23,0,-1,2,-1,-1,0,109191,99610,101987,97233,93503,103115,27899,99610,0,97233,93503,10704,1
100000,2,2,1,25,0,0,2,1,1,1,56272,62465,65855,67899,62280,56206,5493,10023,5730,0,0,3148,1
120000,2,1,2,33,-1,2,0,0,0,1,95929,99017,99728,89499,87145,82429,95929,3163,22183,25501,9227,4106,1
200000,1,2,1,41,-1,0,0,-1,-1,-1,71375,79416,76651,74315,72128,67512,71375,20263,4632,74315,72128,67512,0
150000,1,2,1,43,1,0,0,-2,-1,0,71827,75432,67282,136,78606,76060,5766,13040,15515,0,78606,15566,0
40000,2,1,2,26,0,0,0,0,-1,-2,9432,9644,10254,11192,12027,0,2781,1732,2331,451,12027,0,0
130000,2,2,2,49,2,-1,0,-1,0,-1,72676,70039,69280,65654,62483,70543,8205,70039,2197,65654,12888,70543,0
280000,2,1,1,30,-1,-1,1,0,1,1,0,0,88053,87956,89655,78879,530,1720,1823,11108,0,8361,0
110000,2,4,1,27,0,0,-1,0,-1,-1,27611,24395,25568,24859,25994,25682,5328,5826,25568,2468,25994,25682,0
100000,2,2,2,21,-2,-2,-2,0,0,0,0,0,0,75044,76405,68932,0,0,0,18999,12756,9900,0
110000,2,3,1,44,0,0,0,-1,-2,0,27026,25259,29278,27727,0,31358,6240,4742,7314,27727,0,4064,0
260000,2,2,1,39,0,-1,0,0,0,0,0,56656,49447,54199,55477,51429,179,56656,3189,3667,9580,12775,0
80000,1,3,2,34,-1,0,-1,0,0,0,13690,12883,13337,12433,11948,11477,13690,2585,13337,1147,1262,2810,0
100000,1,3,1,28,-1,-1,8,2,1,2,57290,49128,51892,52103,49473,47843,57290,49128,0,2549,1310,0,0
170000,1,2,1,31,0,-1,-1,-1,-1,-1,37749,39608,35033,40202,44201,42449,5639,39608,35033,40202,44201,42449,0
120000,1,1,2,34,0,0,1,0,-2,0,62410,56669,60905,53360,0,59881,18371,13316,6663,6021,0,5577,0
150000,2,1,1,28,0,2,-1,2,0,0,0,0,0,0,0,0,111,0,147,0,1518,949,0
90000,1,2,2,31,0,0,8,0,-1,0,-589,-546,-506,84433,77345,74873,505,62,0,11330,77345,18668,0
50000,2,2,2,29,0,2,-2,1,0,0,22891,20927,0,17428,16612,15787,4610,2163,0,183,4663,4239,1
100000,2,1,2,49,-1,0,-1,0,0,0,0,0,0,0,70889,65020,1476,803,1887,1449,14678,15051,1
130000,1,2,1,25,0,0,3,2,2,2,0,0,0,61418,64981,64746,1113,919,0,6058,0,1076,0
240000,2,3,1,32,2,1,0,0,0,0,115490,130065,132072,148969,161609,142732,9341,1738,29505,27349,15243,41331,0
80000,2,1,2,41,-1,-1,-1,0,0,-1,15810,16466,15808,16914,16822,16560,15810,16466,15808,1416,4563,16560,0
170000,2,3,1,35,2,1,0,0,1,-2,0,0,0,0,0,0,0,0,504,45,0,0,1
30000,2,3,1,26,1,1,1,0,1,-1,0,0,0,0,0,0,0,0,0,932,0,1298,0
90000,2,3,2,28,0,0,0,0,-1,2,48342,52357,55644,58405,63336,60175,2066,6079,13039,16715,63336,0,1
100000,1,1,2,49,0,0,0,0,0,5,-2742,67581,59479,55438,50866,48780,1585,12642,14749,6173,2357,2162,1
290000,1,3,2,34,1,0,1,1,1,0,78058,86294,78310,79895,86284,86818,5523,23810,7190,2216,0,20844,1
220000,2,1,2,25,0,0,-1,-1,0,1,82455,73187,78576,70216,73312,77129,4286,3525,78576,70216,9783,1111,0
40000,2,2,2,25,0,0,0,0,1,1,3980,4402,4407,4078,4445,4212,930,1262,696,460,0,396,0
120000,1,2,1,25,0,0,0,0,-2,-1,25776,26658,27426,24922,0,26782,5441,3733,2072,2501,0,26782,0
240000,2,2,2,40,-1,0,0,0,-1,-1,117307,129773,127688,114341,103837,100423,117307,4486,19057,15501,103837,100423,0
100000,2,1,1,44,0,0,1,0,0,0,38521,34186,34483,39437,34963,35446,8580,5164,3583,10766,8033,9178,0
500000,1,1,2,25,1,0,0,4,0,-1,0,0,324170,307976,318492,309252,0,1579,57411,23553,69810,309252,0
180000,2,3,2,46,0,0,0,1,1,2,63456,67104,70184,72479,82243,78664,17625,5567,19930,0,0,6748,1
120000,1,2,1,37,1,0,0,0,0,0,0,-3219,-3261,-2768,-2848,-2531,0,1730,125,96,1109,73,1
200000,2,3,2,44,0,1,-2,-2,1,0,68296,70379,0,253,71223,71823,7747,5669,0,0,5000,5553,0
220000,2,2,1,21,-1,-2,0,-2,-2,2,110525,136,99985,0,11,118943,110525,0,15188,0,0,9371,0
160000,1,2,2,44,-2,-2,-2,-1,-1,0,18,290,300,69205,68500,71185,0,0,0,69205,68500,15550,0
100000,1,3,1,38,1,0,0,-2,-2,-1,35773,40942,34814,113,0,30078,3055,9816,2564,0,0,30078,0
160000,2,1,2,44,-1,0,2,2,1,0,67601,61548,60527,63646,71259,71616,67601,10841,4589,0,5799,16314,0
240000,1,1,1,52,-2,-2,-1,-1,-1,0,0,0,116134,123804,114856,109786,0,0,116134,123804,114856,21085,0
110000,1,3,2,39,0,-1,1,1,2,-1,54977,57936,57218,57139,54423,61934,6317,57936,3245,6025,6077,61934,0
80000,2,3,2,25,-2,-2,1,-2,-2,-2,125,196,28123,0,0,0,0,0,0,0,0,0,1
200000,2,1,1,36,0,0,0,0,2,1,134171,118153,132555,123229,120928,110965,31443,20240,10362,8911,0,4020,0
50000,2,3,2,43,-1,-1,0,-1,0,0,29541,27792,24316,22481,22616,20204,29541,27792,6334,22481,5985,2026,1
100000,1,2,1,32,2,1,0,0,0,0,70309,62505,55246,60145,63059,54523,2987,6774,9633,2341,4580,5037,0
200000,2,1,1,27,-2,-1,0,0,0,0,80,46044,39582,38188,39037,42653,0,46044,9060,8097,3855,9407,0
180000,2,3,1,40,-1,2,-2,-1,0,-2,89918,84686,0,104670,117497,0,89918,3666,0,104670,22227,0,1
380000,1,1,2,44,-1,2,0,0,2,0,180481,164575,169869,164920,188958,190061,180481,6795,47222,13166,11007,28995,1
220000,2,2,1,21,-1,-1,0,1,0,0,98885,102777,112371,103095,99570,95173,98885,102777,28925,9938,6394,7721,0
150000,2,3,2,41,-1,-1,1,2,1,0,65680,65468,56151,57453,55240,57259,65680,65468,3321,2319,0,12965,0
100000,2,1,1,39,0,2,1,0,0,0,-4722,-5369,-5537,-5160,-5537,67512,533,0,0,1552,86,10927,1
200000,1,1,1,27,0,-1,2,0,0,0,0,0,-597,-618,-615,143550,1556,2168,0,1517,1661,17567,0
140000,1,2,1,38,0,0,1,0,-1,0,32322,36030,31260,32429,34010,31826,8721,7624,0,7930,34010,2555,0
140000,2,2,2,27,0,0,-1,0,-1,-1,81542,76319,66643,60513,57683,56794,16471,17565,66643,4526,57683,56794,0
120000,2,1,2,39,2,2,2,0,-1,-1,0,69431,72995,68951,65003,69741,0,7237,6591,16113,65003,69741,0
200000,2,4,1,46,2,2,1,0,0,0,131954,147855,163427,143839,128384,123579,10624,11804,3004,38022,8715,22336,0
130000,2,3,1,42,-2,0,-1,-1,-2,-2,0,71757,65106,71553,0,0,0,14114,65106,71553,0,0,0
150000,1,1,2,39,0,0,0,0,-1,0,49476,51084,49575,45216,51144,44751,2764,5610,2006,7830,51144,5422,0
180000,2,1,2,41,0,-1,0,1,0,0,71592,72558,66055,66371,68226,70030,3276,72558,8863,0,3809,15332,0
100000,2,1,1,32,0,3,2,0,-1,-2,105000,105000,101285,95437,89900,0,11650,4469,7418,23772,89900,0,0
300000,2,2,1,35,0,0,1,0,-1,0,165031,170220,156703,148639,151585,145026,34468,47916,0,36831,151585,29920,0
60000,1,1,2,21,0,-1,0,0,-1,-1,45323,50079,46795,42408,41915,40881,5001,50079,14005,11593,41915,40881,0
150000,1,1,1,39,0,0,0,1,1,2,0,0,0,0,0,86540,360,145,1532,0,0,0,1
100000,2,2,2,33,0,0,0,-1,2,2,64753,64248,60543,64589,66010,63970,12472,12973,14738,64589,0,5330,1
110000,2,3,2,40,-2,-1,0,0,0,0,0,43839,42195,39975,40265,37195,0,43839,5038,10012,6021,7064,0
250000,1,2,2,31,0,0,2,0,0,-1,0,0,0,0,105868,97218,1680,299,0,910,28943,97218,1
10000,1,2,1,31,0,2,2,0,-2,-2,5635,5721,5431,4829,0,0,1373,667,179,356,0,0,0
20000,1,1,2,52,0,0,0,0,-1,0,0,0,0,0,0,0,1061,914,1954,1470,1869,1590,0
180000,1,3,2,43,0,0,0,0,0,-2,121390,125349,113019,109083,97749,0,29493,13161,15833,19785,9392,0,0
140000,2,1,2,34,0,0,2,2,2,0,107553,101645,90355,84656,84467,82177,19163,8577,8036,0,2025,23874,0
240000,2,2,1,51,0,-1,-1,1,1,0,0,0,0,90204,84726,84317,403,1862,2407,4067,3802,24348,0
20000,2,3,2,47,-2,-1,-1,-1,-1,-1,5,4372,4738,4356,4214,3837,0,4372,4738,4356,4214,3837,0
260000,2,2,1,37,0,0,-1,0,0,2,102170,87935,87071,88548,90405,102748,18677,6248,87071,2677,16557,0,0
220000,2,2,2,21,0,0,1,-1,0,0,69231,63131,57487,51682,47724,49049,8057,6942,0,51682,7737,6171,0
50000,2,2,2,50,2,1,0,-2,1,1,44083,41229,39549,132,42158,45798,1693,1329,5578,0,2090,839,0
100000,2,2,2,45,-1,0,0,0,-1,-1,36398,34110,37113,35999,38776,35186,36398,5383,9556,6824,38776,35186,0
150000,2,2,1,36,2,2,2,1,1,-2,116110,120429,111722,105838,103198,266,13039,13040,7519,12506,8468,0,0
220000,1,2,2,46,-1,-1,-2,-2,-2,-1,26044,28096,0,0,0,26754,26044,28096,0,0,0,26754,0
300000,2,3,1,37,1,-1,-1,0,-1,0,156523,155501,162232,144446,142589,144850,10395,155501,162232,10852,142589,21334,0
210000,2,1,2,30,0,0,0,0,0,0,57609,66268,65354,65665,69571,72466,6816,18254,14781,8941,15883,18425,0
60000,1,3,1,37,4,0,0,0,2,1,49611,48297,45247,41072,35454,33747,2892,10030,2556,2688,3312,3194,1
20000,2,1,1,39,-1,0,0,0,-1,-1,12785,11770,10538,10561,9279,8842,12785,3180,2437,871,9279,8842,0
200000,1,3,1,44,1,0,-1,1,1,0,0,0,0,0,0,0,0,1435,386,0,0,812,0
220000,2,1,1,39,0,-1,0,0,0,2,174189,182225,169531,150424,147667,138504,19103,182225,29128,5520,37006,15814,0
300000,2,2,2,37,-1,0,0,0,-1,0,56271,56072,54876,48028,47601,41589,56271,4689,9482,7956,47601,1665,0
450000,1,1,1,42,1,-2,-2,0,0,-1,133933,0,0,110215,110176,106272,5057,0,0,22343,22652,106272,1
230000,2,2,1,28,0,-2,-2,0,0,-1,0,0,0,64127,57038,63834,1777,0,0,3677,9321,63834,0
170000,2,1,2,29,0,-1,-1,-1,-1,-1,66046,65697,59183,58043,58584,64685,7620,65697,59183,58043,58584,64685,0
20000,2,1,1,37,0,0,-1,0,0,1,0,0,0,0,6358,6048,14,1337,2694,1870,446,0,0
200000,1,3,2,24,0,0,0,-2,-2,-2,0,69454,70736,0,205,0,1604,2519,18618,0,0,0,0
50000,2,2,1,26,-1,-1,-1,-1,-1,0,6799,7263,6857,7647,7026,6395,6799,7263,6857,7647,7026,1780,0
50000,2,3,1,47,6,1,0,1,-1,0,0,0,36920,33263,30299,30170,0,0,6410,1468,30299,3391,0
170000,2,3,1,38,3,3,2,1,0,0,169680,163718,163771,160964,145591,135014,11873,6445,18454,7036,18818,36841,0
80000,1,2,2,38,-1,0,0,0,1,-1,34824,32481,31641,32728,36118,35403,34824,8519,6612,2775,725,35403,0
160000,2,2,2,25,2,2,0,-1,1,0,0,0,0,0,111616,98560,0,0,504,1010,0,16675,0
230000,2,2,2,37,0,-2,-1,-1,0,0,149432,0,138568,132211,151840,136480,42192,0,138568,132211,45294,19492,0
100000,2,1,1,28,0,0,-1,0,-2,-2,37036,34660,32182,35188,0,0,1460,2793,32182,3277,0,0,0
200000,1,3,2,33,0,0,-1,1,0,-1,60373,59537,53066,48441,48243,50868,12995,9415,53066,0,8989,50868,0
100000,1,1,1,41,-1,-1,0,0,2,2,0,0,0,94543,85281,86760,1623,2162,1221,18881,8717,0,1
140000,2,1,2,21,-1,-1,0,-1,0,0,0,0,38910,35746,33910,29832,455,1213,8712,35746,10089,2179,0
340000,1,4,2,49,-1,-1,-1,0,0,0,0,0,0,119874,116394,116064,1411,1976,2123,31448,23787,3756,0
220000,1,2,2,29,0,0,0,0,0,0,0,87255,84679,78309,72977,81799,807,9814,15383,15085,9931,3349,0
90000,2,2,1,21,1,0,0,0,0,0,30481,29077,26977,25756,23487,25831,548,2111,4233,6420,6922,6396,0
30000,1,1,1,26,0,0,0,0,-2,-2,-1983,-2236,-2354,-2538,0,0,1541,24,1487,1154,0,0,0
100000,1,2,2,21,4,1,2,0,1,-1,0,0,0,0,61112,59417,0,0,0,1856,0,59417,0
100000,2,2,1,25,0,0,-2,-2,-2,0,79777,85115,0,0,0,58342,3500,3164,0,0,0,2672,0
100000,2,1,2,21,1,1,1,1,1,2,55739,57832,54695,56140,57175,50418,0,3023,0,5012,3850,2049,0
170000,1,1,2,24,0,0,0,-1,0,0,22916,20022,22945,22485,22896,23568,1754,5726,3706,22485,6172,5243,0
130000,1,3,2,35,-1,-1,-2,0,-2,0,83592,81147,0,76003,0,82449,83592,81147,0,14412,0,10709,0
180000,2,2,2,57,0,2,-2,-2,-1,0,55966,59878,0,0,67403,76512,13497,6654,0,0,67403,10707,0
80000,1,4,1,32,2,0,0,-1,0,0,24581,24099,22637,22158,24382,27222,2235,4106,5586,22158,1201,6229,0
90000,1,1,1,27,1,1,-2,1,0,0,0,0,271,53540,48368,42771,0,0,0,0,4786,7184,0
80000,2,2,2,23,2,0,-2,0,0,0,58071,54064,62,52304,45146,39590,2372,5500,0,12197,8238,11526,1
100000,1,2,2,37,0,-1,-1,1,2,-1,0,0,0,0,0,0,440,143,822,0,0,1196,0
50000,2,2,1,21,0,0,1,0,0,-1,19046,19739,18291,16631,16034,18260,2110,977,1752,2361,1596,18260,0
140000,2,1,1,31,-1,-1,0,0,-1,-1,0,32813,30729,34570,32032,30869,1255,32813,6028,1345,32032,30869,0
100000,2,1,2,26,0,-2,0,0,1,-2,0,0,0,0,0,0,1460,0,457,1790,0,0,0
190000,2,3,2,32,-1,-2,0,0,-1,0,0,291,49733,48018,42691,48822,1581,0,14232,2726,42691,3321,0
90000,1,2,1,31,0,1,1,-1,0,0,26873,27616,27211,24121,21528,22208,7441,1771,1403,24121,2035,5499,0
200000,2,3,2,36,0,0,0,1,1,2,106732,112802,119711,124423,129496,132809,9425,29205,23084,7547,3421,8664,0
70000,2,2,2,57,3,2,0,0,0,0,0,0,0,0,0,28144,0,0,1901,64,1703,3389,1
140000,1,3,2,26,0,0,3,2,2,1,121163,118912,121861,124190,119189,110840,16539,24014,5841,10921,1581,0,0
50000,1,2,2,42,0,1,1,1,0,0,13669,13391,13300,14000,15170,14574,438,175,598,694,2176,3650,1
330000,1,3,1,43,0,0,0,0,0,-2,150491,159678,152350,138669,156118,0,41598,25054,14242,34137,7733,0,0
90000,2,2,1,36,-1,-2,-2,0,0,0,58712,0,0,54373,56939,50767,58712,0,0,4581,8129,7126,0
310000,1,1,1,33,-1,-1,-1,-2,0,2,186235,207056,198158,0,174520,162068,186235,207056,198158,0,22433,0,0
160000,2,2,1,27,0,1,1,0,0,0,60343,67774,62047,63139,63981,65688,4976,0,0,2350,6910,19521,0
170000,2,2,1,37,0,-1,1,-1,-1,0,69875,74059,80664,70820,61263,56966,13705,74059,4856,70820,61263,14874,0
90000,2,1,2,36,0,-1,-1,0,0,0,53924,52242,47225,48942,45235,41195,5706,52242,47225,10135,8831,8971,0
250000,1,1,1,36,-1,-1,-1,1,0,-1,53511,48939,48321,51631,53157,59626,53511,48939,48321,0,11379,59626,0
170000,2,1,2,37,0,0,-2,1,0,2,129008,135748,0,122141,115264,119647,18080,14338,0,6872,19806,4047,0
60000,1,2,1,51,0,0,-1,-2,-2,2,0,0,29086,0,233,28997,745,1650,29086,0,0,3067,1
250000,1,1,1,32,0,0,0,0,0,0,129439,112061,121783,121406,108472,99796,17681,3451,35825,34203,4387,6967,0
130000,2,2,1,24,0,-1,-1,-1,-1,0,87170,82650,82990,80489,73375,66480,13580,82650,82990,80489,73375,14881,0
220000,1,3,1,24,-1,0,0,0,0,1,0,0,0,39653,45774,42640,1371,874,1796,1700,5064,0,0
170000,1,2,1,42,-2,-1,-1,-1,1,0,0,97143,100472,92030,97237,107558,0,97143,100472,92030,5364,18172,0
160000,1,2,1,44,-2,0,0,0,1,0,0,66707,73884,71623,64735,69096,0,19546,15704,6559,0,15824,1
230000,1,3,2,37,-1,0,-1,0,-1,-1,0,91935,100187,95294,88299,79324,1732,27352,100187,26274,88299,79324,0
150000,2,2,2,26,0,0,1,1,1,1,41227,37836,33039,33701,37438,33452,8549,5542,3587,698,4428,1432,0
500000,1,3,2,28,1,3,2,1,2,1,500000,500000,500000,500000,465702,472156,24464,62033,0,20538,50676,53220,1
210000,2,3,2,32,0,1,2,2,1,0,153581,132118,126298,136138,149313,151750,17633,12675,13101,7767,13300,21427,0
140000,1,1,2,25,-2,-1,-1,2,2,2,251,96487,86789,88518,78569,75362,0,96487,86789,1737,8179,4134,0
110000,1,3,2,32,0,1,0,-1,0,-1,26960,28794,27581,26828,29204,30568,5285,545,4057,26828,7042,30568,0
360000,2,1,2,50,-1,0,0,0,-1,0,156860,140492,133372,137772,125538,125380,156860,38118,36431,19050,125538,29623,0
110000,1,1,2,32,0,0,0,0,0,0,60087,65641,72186,64956,61562,55566,14923,13140,4311,16627,4379,9631,0
270000,2,2,1,25,1,-2,-2,0,0,1,0,88,0,0,64648,72695,0,0,0,454,17822,7531,0
140000,2,1,1,47,0,1,2,-1,2,2,83823,93995,90368,83787,74942,70141,24049,0,9661,83787,0,1479,0
100000,1,2,1,36,0,0,0,-1,-1,0,46705,40146,38081,42846,36786,40451,4297,2952,8321,42846,36786,10361,0
100000,2,2,1,39,-1,0,0,-2,-1,-1,0,0,0,132,16252,14700,701,1673,835,0,16252,14700,0
120000,2,2,1,31,3,2,0,-2,0,-1,96326,86590,76775,0,82534,73783,0,0,6744,0,3296,73783,1
160000,2,1,1,49,-1,-1,-1,-1,0,-2,20228,22381,22853,22043,23611,0,20228,22381,22853,22043,4855,0,0
300000,2,2,2,34,1,1,0,0,-1,-1,46677,51996,48951,53186,48918,44197,686,0,13037,2966,48918,44197,0
200000,2,1,2,39,2,2,1,-2,-1,2,0,0,0,0,0,61645,0,0,0,0,2860,1938,1
80000,2,2,2,34,-1,0,0,0,0,0,33270,32937,32770,34952,33383,32774,33270,4158,2224,9680,6949,6133,0
270000,2,2,2,37,0,0,-1,0,0,0,58314,65112,67772,62732,53773,61401,7566,10575,67772,10193,11206,5943,0
110000,2,2,1,38,0,0,-1,1,0,0,77782,77463,80550,71645,65644,60350,5631,10874,80550,0,13944,13867,0
130000,2,3,1,26,0,-1,0,0,0,-1,80535,78018,75962,80151,74577,82233,4368,78018,20183,5379,13014,82233,0
290000,2,1,1,47,-1,0,0,0,2,2,0,0,0,0,0,0,237,1519,594,1353,0,0,1
110000,2,2,1,31,0,0,1,-1,0,-2,0,0,0,0,59117,0,1996,1462,0,372,7623,0,0
140000,2,1,1,35,1,1,0,2,3,1,0,0,0,0,72714,69868,0,0,1819,0,7765,7234,1
30000,2,1,2,41,1,1,0,0,1,1,11356,11052,11050,11429,11684,12421,505,0,2039,3175,0,135,0
60000,2,3,1,26,0,-1,0,1,0,0,46140,44442,40028,35771,34825,37048,9233,44442,5270,1389,2048,1820,0
160000,1,1,1,31,1,-1,-1,-2,-1,0,25530,23758,22552,184,23398,21174,924,23758,22552,0,23398,2292,0
80000,1,2,1,29,0,-1,-1,-2,-2,1,0,0,0,0,0,28696,1656,1635,746,0,0,1498,0
100000,2,2,2,49,0,0,1,2,1,1,0,0,0,0,0,0,523,537,0,0,0,0,1
50000,2,3,1,30,0,0,-1,0,0,-2,6525,5801,5233,5168,5417,242,1676,374,5233,733,1256,0,0
80000,1,1,2,23,-1,0,2,2,2,2,70050,69086,67209,57215,52071,49308,70050,11018,3813,5281,3967,0,1
180000,1,1,2,29,1,-1,1,0,-1,0,122150,119709,107998,99176,95196,98423,0,119709,2235,23154,95196,24649,1
130000,2,1,1,22,-1,0,0,0,-1,-2,53397,47560,43314,40380,38427,0,53397,13301,11099,2173,38427,0,0
110000,1,2,1,41,1,-2,-2,-1,-1,-1,-1564,0,0,57219,59814,60844,0,0,0,57219,59814,60844,0
50000,1,3,2,21,-2,-2,-1,2,1,1,268,0,48174,44687,44527,42421,0,0,48174,0,4324,1002,0
80000,2,1,2,35,2,2,0,-2,-2,0,62814,59210,54751,0,152,47692,0,851,5558,0,0,7785,1
500000,1,1,1,25,0,1,2,-1,2,2,298041,269977,242827,262582,255488,257241,72279,22614,20621,262582,0,27499,1
150000,2,1,2,21,-2,-2,-2,-2,0,0,0,0,0,0,37799,33944,0,0,0,0,7178,7480,0
120000,2,2,2,36,0,0,0,0,5,-1,69159,67099,76810,72035,72320,74815,18812,12264,18119,6833,7478,74815,0
150000,2,3,1,42,0,0,-1,-1,-1,0,105746,93569,85034,82204,74484,69711,18661,24968,85034,82204,74484,16991,0
110000,2,2,2,42,0,-1,-1,0,-2,0,-1965,-1777,-2018,-2090,40,-1688,217,2337,604,1426,0,1274,0
50000,2,1,2,31,0,-1,-1,2,4,4,0,0,0,0,0,30186,644,1733,586,0,0,0,0
50000,2,2,2,41,0,0,-1,-1,-1,1,0,0,0,0,0,0,1304,937,2734,778,2441,0,1
90000,1,2,2,30,0,0,0,0,0,0,40622,46054,51605,56285,54068,53933,12148,7728,2305,7192,4433,10204,0
310000,1,3,2,41,2,0,-2,-1,-1,-1,200952,220917,0,242220,222803,245057,14868,26507,0,242220,222803,245057,1
130000,2,3,1,36,0,-2,-2,-1,-1,0,27352,0,0,30281,30717,30202,7141,0,0,30281,30717,7991,0
20000,2,2,2,26,2,0,-2,-2,1,0,9995,10867,0,0,14794,16866,599,1516,0,0,0,4285,1
160000,2,1,1,21,0,0,1,0,-1,0,41303,42832,47403,51419,48971,47871,1650,1681,4117,7547,48971,10773,0
200000,1,1,1,45,-1,0,0,0,0,0,42176,41426,38853,36627,40082,39295,42176,5466,1962,7714,2216,3044,0
70000,1,2,2,31,-1,1,2,0,1,0,0,0,0,0,0,0,272,0,0,993,0,504,1
80000,1,2,2,37,4,-1,-1,-2,-2,1,0,0,0,173,0,42192,0,190,1385,0,0,0,0
500000,2,2,1,21,-1,0,0,1,1,0,0,250804,239835,234926,205879,212972,339,23872,50495,3050,8208,21124,1
20000,1,3,2,23,0,0,2,2,1,0,8794,8051,7374,6796,6985,6686,843,1444,127,0,270,654,1
100000,2,2,2,37,1,2,1,0,0,-1,55825,52943,50768,50709,49695,47645,0,1642,1333,9836,5538,47645,0
140000,1,3,1,21,1,0,1,1,1,0,55923,56774,57299,60149,65876,68808,4300,9126,4568,3662,1983,18251,1
90000,2,2,2,56,-2,-2,-2,-2,-2,0,0,0,155,0,0,20023,0,0,0,0,0,2420,0
80000,1,3,1,34,4,2,0,-2,0,0,40651,44326,42990,0,46044,48138,3722,547,1898,0,9238,9431,1
230000,2,2,1,38,0,-1,0,0,0,1,97155,97891,91582,89096,89945,96816,9723,97891,23235,19200,6455,9315,0
160000,2,1,2,41,1,0,0,0,0,-2,126591,124201,108395,103428,109534,0,15087,15122,9618,4903,24597,0,0
100000,1,1,1,33,0,-1,-2,1,1,1,-2621,-3025,201,-3039,29595,27829,1999,1153,0,0,1391,1954,0
200000,1,1,2,21,2,1,0,-2,-2,2,113046,106732,122291,0,0,139030,1961,11773,18672,0,0,0,1
240000,1,1,2,28,-1,0,0,-1,1,1,82891,87089,80385,89668,85204,93743,82891,4941,15101,89668,0,1491,0
140000,1,3,1,42,1,0,0,1,1,2,0,0,0,0,0,69942,0,1196,375,0,0,6933,0
90000,2,1,1,38,0,-1,0,0,0,0,30559,27990,30553,33528,35254,32317,7198,27990,3210,8541,10164,1039,0
50000,2,1,2,32,-1,0,-2,-2,0,1,28434,30746,0,0,25440,23166,28434,8164,0,0,5212,0,0
190000,2,2,1,27,1,1,1,0,-2,0,43285,46580,49579,54174,0,62605,617,2423,0,4199,0,9865,1
150000,1,1,1,34,-2,-1,0,2,2,-1,0,81859,76076,82021,86440,85405,0,81859,10527,0,3762,85405,1
50000,2,2,2,29,-1,-2,-2,-2,-2,2,29161,121,0,0,0,27682,29161,0,0,0,0,2354,0
280000,1,2,1,32,0,0,-2,-1,-2,0,177560,166370,71,177852,0,150226,24255,23778,0,177852,0,39202,0
190000,2,1,1,34,0,0,0,2,1,1,109237,109697,119656,104931,93608,97365,9383,28615,30133,4534,10524,0,0
50000,1,1,2,43,1,-1,2,0,0,0,22900,25754,27403,28651,25021,26458,0,25754,1668,4770,2701,4261,0
300000,2,1,2,33,5,5,5,4,-1,-2,0,0,0,0,0,101,0,0,0,0,516,0,0
210000,1,1,2,34,2,0,0,0,0,0,0,0,0,92438,93860,90134,0,1840,1599,16067,5647,21423,1
300000,2,1,2,34,-1,-1,2,0,0,1,105515,112380,107689,115271,107837,111821,105515,112380,6292,4045,10906,7737,0
220000,2,4,2,33,3,-1,2,-1,-2,-2,125194,114048,118872,131199,0,0,2521,114048,8441,131199,0,0,1
80000,2,2,1,31,-1,-1,-1,1,0,0,42572,41706,38713,36024,37514,40252,42572,41706,38713,0,4598,5313,0
300000,1,1,1,44,-1,-1,-1,-1,-1,-1,26937,28265,30160,28817,28842,26273,26937,28265,30160,28817,28842,26273,0
100000,2,1,1,49,0,0,0,1,-1,0,63971,56545,54988,52855,56518,51552,17766,8735,14819,4766,56518,8853,0
50000,1,2,1,40,0,-2,-1,-2,-2,-1,0,0,31664,0,242,33509,406,0,31664,0,0,33509,0
60000,2,1,1,29,0,0,-2,-2,-1,-2,12269,13409,0,0,13276,0,1414,3760,0,0,13276,0,0
10000,1,1,2,40,1,0,1,0,0,-1,7580,7077,6419,6073,6058,5837,279,2053,0,1238,1638,5837,0
150000,2,3,1,42,0,0,0,-2,-2,-2,67613,68101,60001,0,0,0,9669,15111,12263,0,0,0,0
150000,2,4,2,30,0,0,-2,-1,1,0,50561,46158,0,41779,40982,46590,11483,10042,0,41779,1124,3734,0
200000,1,2,2,49,0,0,1,0,-1,0,0,0,0,128225,120061,119378,67,900,0,36417,120061,3702,0
210000,2,2,2,33,-1,0,0,0,0,3,83927,87080,86880,87529,83006,80161,83927,15338,8485,23438,7268,6483,1
160000,2,2,2,29,0,1,0,-2,-1,-1,81983,77455,68567,0,68738,69718,11004,5598,17657,0,68738,69718,0
50000,1,1,1,30,0,0,1,0,0,0,0,0,0,0,0,19734,469,1650,0,1446,611,1120,0
60000,1,1,2,24,1,0,0,0,0,-1,15521,14862,16084,17214,17936,18549,1283,2596,1079,4198,4105,18549,0
90000,1,1,1,32,2,1,-2,-1,-1,-1,52520,49913,0,61876,52614,49743,0,1853,0,61876,52614,49743,0
250000,1,1,1,41,-2,2,1,1,-1,0,0,81272,74082,75469,77893,76492,0,4219,6329,0,77893,8925,0
270000,2,2,1,39,1,1,0,-1,1,0,0,0,0,99111,102183,105149,0,0,1856,99111,0,23125,0
40000,2,3,2,38,0,-1,-1,0,0,0,20407,19387,17820,18181,18857,16852,2376,19387,17820,1151,3510,2361,0
130000,1,1,2,32,-1,0,1,0,0,0,-4684,-5344,-5117,-4569,34526,36160,2015,589,0,1591,8737,6233,0
190000,2,2,1,32,-1,0,2,0,2,2,0,0,0,0,0,0,2118,1505,0,1052,0,0,1
210000,1,2,1,41,-2,0,8,0,0,0,210,70332,76436,71284,79745,79258,0,9393,8875,19401,19970,21538,0
260000,2,2,1,31,2,-1,-2,-1,-1,-1,0,0,0,0,0,0,0,2473,0,2604,1026,179,0
150000,2,2,1,45,0,-1,0,1,0,0,86359,82098,92898,92502,97789,98219,18509,82098,7265,7345,12332,7871,0
50000,1,2,2,37,1,-1,2,-1,0,0,44109,47964,45377,41510,44791,43519,0,47964,4790,41510,3973,9413,1
70000,1,2,1,39,-1,0,0,0,0,0,0,0,0,23496,21160,20233,1493,712,1812,2850,2921,3029,0
180000,2,2,1,25,2,-1,-1,-1,0,0,151439,156105,150202,139989,149831,160456,11970,156105,150202,139989,14426,30593,0
50000,2,2,2,43,0,-2,-2,-2,-2,2,29638,0,0,0,0,22048,4679,0,0,0,0,1153,1
150000,2,2,1,41,-1,-2,-2,-2,-2,-1,63347,0,78,0,68,48212,63347,0,0,0,0,48212,0
180000,2,1,2,31,1,1,0,1,0,0,87561,92845,89933,102987,93605,86821,4920,5540,14822,0,25685,10637,0
180000,2,2,1,33,0,0,-1,0,1,1,0,0,148232,141954,130278,116655,73,1643,148232,15177,0,9079,0
80000,1,2,1,30,0,0,0,0,0,-1,36001,35850,34806,33282,29286,27058,9894,6590,8929,7241,2536,27058,0
150000,2,1,1,25,0,0,0,1,1,0,-2572,-2718,-2633,-2376,67393,64700,509,944,791,0,1129,5739,0
90000,2,2,2,45,0,-2,-1,-1,1,0,21990,0,19903,20985,20776,18556,4643,0,19903,20985,581,1248,0
140000,2,1,1,36,-1,-1,1,1,1,0,0,0,0,0,0,0,157,265,0,0,0,149,0
70000,1,1,2,39,-1,-1,0,1,0,0,17111,17895,19921,21563,22696,24296,17111,17895,5804,0,4740,4959,0
100000,2,3,1,39,-1,0,0,0,-1,-1,0,0,0,44589,42261,39479,1906,644,266,4395,42261,39479,0
140000,1,1,2,41,0,-2,1,1,2,-2,68170,203,76596,68618,65499,0,16178,0,6619,0,6880,0,1
190000,1,1,1,32,1,0,0,1,2,0,112903,107787,105013,95184,82058,71430,3577,21128,28669,1046,6294,19954,1
50000,2,2,2,40,0,0,0,0,0,0,20727,23238,23304,20027,17923,18830,4751,3075,4437,3193,3684,3020,0
100000,2,2,1,38,1,-2,-2,1,0,1,0,0,0,0,0,48713,0,0,0,0,84,4783,1
150000,2,2,1,38,0,1,1,1,1,0,122411,111921,119383,111152,111575,99379,21976,0,0,12536,11869,28838,1
190000,2,3,1,40,-1,-1,1,1,-2,-1,0,0,0,0,0,108683,2138,2144,0,0,0,108683,0
270000,2,1,1,42,1,0,0,1,0,0,67146,60457,69153,64255,69217,65000,6612,2375,10941,1004,15234,13209,0
80000,2,2,1,25,0,-1,0,0,-1,0,32678,28663,25891,24254,26380,23711,7207,28663,3786,4545,26380,2487,0
170000,2,1,2,55,-1,0,0,-1,-2,-2,50824,50125,51001,53148,0,0,50824,8408,8141,53148,0,0,0
130000,1,1,2,30,-1,-2,-2,-2,-2,-1,23271,0,0,0,0,21985,23271,0,0,0,0,21985,0
160000,1,2,1,42,1,0,0,0,0,4,114861,128060,119684,118233,120592,110784,1509,14015,17307,5346,24393,7951,1
160000,2,3,2,23,1,1,0,2,3,3,58342,53860,53636,58638,60069,55354,4205,0,15271,4225,0,0,1
170000,2,3,1,41,1,0,0,-1,1,1,75232,76683,73931,73206,68227,59377,5480,16951,4963,73206,2409,3954,1
100000,1,3,2,24,1,2,2,0,-1,1,0,93573,87916,77644,84714,83450,0,8106,6987,10675,84714,0,0
100000,2,2,2,24,1,0,0,1,1,0,0,0,0,0,31714,34256,0,1224,511,0,0,2244,1
200000,1,1,2,33,-1,0,0,3,2,-2,0,0,0,0,0,0,1921,115,1365,0,0,0,0
130000,1,3,2,33,-1,0,-2,-1,2,1,0,0,0,0,72656,70932,124,76,0,1850,6129,0,0
100000,1,2,1,45,0,0,4,3,2,-2,82461,87629,76502,69512,66705,0,6121,11836,0,8139,4864,0,0
190000,2,2,2,38,-1,2,2,2,1,0,0,0,0,68965,75949,80535,1500,0,0,792,2898,4051,1
120000,1,2,2,36,2,-2,-1,-1,-1,2,79430,0,83759,86429,82177,86550,0,0,83759,86429,82177,2770,0
110000,2,2,1,42,-2,-2,-2,-2,-2,1,0,0,0,0,0,23517,0,0,0,0,0,2626,0
100000,1,2,2,27,2,1,4,3,-1,0,39840,38040,36037,38380,41474,43086,0,0,3729,0,41474,5166,0
140000,1,2,1,42,1,1,0,0,0,0,54241,51851,51004,48684,46405,46398,0,4911,4367,7636,6811,6417,0
110000,2,2,1,34,0,-2,0,0,1,1,13160,0,12692,13004,11878,12189,2970,0,3453,1005,638,252,0
180000,1,1,3,41,0,1,1,-2,-2,-2,39396,39616,36818,0,0,0,4151,3888,3703,0,0,0,0
100000,2,1,2,37,-1,0,0,0,0,-2,0,57775,53966,54485,53262,0,1492,7185,8548,13411,9902,0,0
150000,2,2,1,35,1,0,0,-1,0,0,39361,42108,38340,35459,33275,35454,0,2687,6599,35459,2327,9195,0
180000,2,2,2,26,1,-1,-1,-1,-1,0,123308,108064,115852,110262,103511,100518,13212,108064,115852,110262,103511,5065,0
140000,2,2,2,36,1,0,-1,-1,0,0,59427,52022,52206,49595,44171,41620,0,6530,52206,49595,10808,9352,0
100000,1,1,1,47,2,2,2,0,0,0,79958,76230,69181,65104,61070,59625,1325,6794,0,3739,12210,11044,0
70000,2,3,2,33,-1,1,1,1,0,2,35440,38544,37071,40042,44189,47479,35440,3459,1022,3122,3520,3926,1
500000,2,2,1,41,0,0,2,-1,0,0,288003,297867,257362,234330,220655,224689,29567,86127,0,234330,62391,28169,0
30000,2,1,2,47,2,2,0,2,2,0,0,0,0,20177,18479,16427,0,0,466,2234,1309,553,1
140000,2,1,2,51,-1,-1,-2,-2,0,0,0,0,0,0,0,0,775,2195,0,0,1741,31,0
110000,2,3,2,30,0,1,-2,-2,0,0,32018,28049,0,0,28082,26873,3583,3218,0,0,1355,5833,0
100000,2,2,2,35,2,1,0,0,0,0,60261,52134,47886,46696,47021,45376,4191,2895,13359,2103,10670,9911,0
90000,2,3,2,26,0,-2,0,0,0,0,38174,44,36213,34214,32385,30484,10230,0,7926,6411,8275,2897,0
80000,2,2,1,27,1,0,2,1,1,0,0,0,30420,26902,29257,28137,0,926,2627,1564,956,7296,0
130000,1,2,2,36,2,1,1,0,1,1,61967,62270,66524,72189,76251,77307,4702,3245,2137,17631,6882,9227,0
90000,2,1,1,46,-1,2,2,-2,-2,-1,-2368,-2349,-2452,185,0,53804,1027,0,0,0,0,53804,0
100000,1,4,1,24,-1,0,0,-1,0,-1,43327,44087,47452,52972,53900,56875,43327,8726,13506,52972,10986,56875,0
300000,1,3,1,36,0,0,0,0,-1,0,0,0,106342,114945,118366,114725,473,1165,5080,32928,118366,26740,0
150000,2,1,1,31,-1,-1,-1,0,0,-1,45170,47004,54013,46075,45887,45732,45170,47004,54013,10473,12096,45732,0
50000,1,3,1,24,-1,0,0,0,0,-1,0,0,24949,23932,22539,20740,1276,1991,6051,2733,2050,20740,0
100000,1,1,1,44,0,0,0,-1,-1,-2,31317,33007,36618,38751,35587,0,2015,2143,2033,38751,35587,0,0
50000,1,2,2,30,-1,2,2,0,0,0,44395,46632,48737,50893,45092,40770,44395,1713,5603,7129,11110,7205,0
240000,1,2,1,27,0,0,-1,0,2,2,92625,101192,100642,107981,111446,122029,3389,3288,100642,7758,11288,9939,0
130000,1,2,2,30,1,-2,-2,-1,1,1,72941,0,0,73008,74799,73583,4091,0,0,73008,6512,7315,0
150000,2,3,2,26,1,-1,-1,-1,2,2,76918,70977,70811,70269,75570,67416,4473,70977,70811,70269,8688,5395,0
100000,2,3,2,23,-1,0,-1,0,0,0,0,0,0,0,0,25000,2242,1109,1852,568,1443,4695,0
500000,1,2,1,27,1,0,0,-1,2,1,0,0,0,0,0,0,0,1392,115,1412,0,0,1
240000,2,2,2,24,-1,-1,-1,-1,-1,0,-931,-999,-1138,132402,130128,124916,821,1657,1195,132402,130128,16048,1
120000,2,2,1,37,0,0,-1,-2,1,1,48853,48672,45590,0,43451,46187,7598,8798,45590,0,4516,4454,0
160000,1,3,1,46,0,2,0,2,-1,0,0,0,0,0,0,0,1959,0,1596,0,349,982,0
300000,2,2,1,41,0,2,-1,0,0,0,0,-2743,152102,159484,145639,150820,75,0,152102,39545,12674,24183,0
140000,2,2,1,27,-1,0,0,0,0,0,0,25233,25314,25849,24350,22814,780,3474,6253,6302,7217,5882,0
400000,2,1,1,32,0,0,1,0,0,0,132609,124901,133146,136188,144951,167072,15554,36285,0,38547,19757,11407,0
250000,2,1,1,40,1,-1,0,1,-1,3,145598,133389,122228,119316,109325,99378,10074,133389,22164,10831,109325,5581,1
100000,2,2,1,47,-1,0,0,0,-1,1,28236,29229,29954,28830,28402,25827,28236,2730,5439,5437,28402,3029,0
120000,2,2,2,41,1,0,0,0,0,0,0,0,23843,23018,23603,24383,0,1058,5634,3512,1229,3219,0
240000,2,1,2,39,0,1,0,1,-2,-1,94812,85559,85578,92088,0,93381,16650,1843,10629,2697,0,93381,0
90000,1,2,1,30,0,0,0,0,1,0,38458,38450,35580,36945,40013,39419,5962,4120,1208,6702,3141,2796,1
200000,2,1,1,27,-1,-1,-1,0,0,-2,99010,88090,82591,73602,71445,0,99010,88090,82591,5043,5947,0,0
30000,2,1,1,33,0,0,1,-2,0,0,0,-1465,-1375,0,12072,12922,1624,867,0,0,2136,1867,0
110000,1,2,1,26,-1,0,0,-1,-1,-1,24950,26091,29239,28216,26022,26723,24950,2839,3978,28216,26022,26723,0
210000,2,1,1,37,2,0,0,0,0,1,191784,174409,151820,156748,150129,149910,12018,6545,8009,19492,28326,7733,1
300000,2,1,2,23,0,0,0,-1,0,0,167162,165680,165468,162590,158733,155352,8944,28129,11289,162590,41411,34011,0
50000,2,1,2,34,0,0,0,-1,-1,0,32675,34155,34363,34241,31763,28411,1655,9328,3318,34241,31763,6328,0
120000,2,3,2,47,0,0,0,1,-1,0,42211,39989,45090,50257,51423,54543,6957,5452,7545,5696,51423,11948,0
130000,2,2,2,41,0,0,0,-2,-2,-1,0,0,0,0,138,21908,388,268,443,0,0,21908,0
80000,2,2,2,52,2,1,1,1,0,1,74809,71313,64584,60519,62412,59939,7879,7909,4247,6356,11187,0,0
300000,1,1,2,34,0,1,0,-1,-2,-1,53924,52074,58296,60770,115,60206,10747,5337,16286,60770,0,60206,0
90000,1,2,2,27,-1,-1,-1,0,0,-2,-4365,-3894,-4321,-3979,48195,0,172,2995,2466,808,6938,0,0
500000,2,1,1,34,0,-1,-1,2,1,0,0,0,416482,379695,385810,411971,292,1841,416482,18881,10616,112838,0
150000,1,1,1,36,1,1,0,-1,-2,0,30567,31536,30666,30144,0,26631,3585,940,6761,30144,0,3104,0
100000,2,1,1,27,0,-1,-2,-1,-1,0,13486,14948,0,18078,17402,16296,500,14948,0,18078,17402,3360,0
150000,1,1,1,40,-1,-1,0,0,0,1,0,0,0,0,0,35671,2380,996,733,739,1806,1368,0
150000,1,2,2,38,2,1,0,0,-1,-1,100765,103681,97190,98430,94245,87760,7148,0,17442,16840,94245,87760,1
100000,1,3,1,36,0,0,1,1,1,2,60396,57502,50213,45039,46360,47386,16332,15692,5943,3948,1403,1324,0
80000,1,3,1,21,0,2,1,2,0,0,0,0,0,31248,28330,31655,974,0,0,1593,2809,1407,1
250000,2,2,2,39,0,-1,-1,-1,-1,-2,126370,132475,130033,120907,112407,0,33250,132475,130033,120907,112407,0,0
50000,1,2,1,35,0,0,2,0,0,-1,27080,23678,23711,25188,22235,21025,4927,3810,2649,1918,3022,21025,1
50000,2,2,3,30,-2,2,0,0,0,0,0,36805,36420,31748,31601,31621,0,0,8247,5298,2487,8902,1
320000,1,2,2,37,2,2,2,3,2,0,258777,252660,265849,248922,264274,264216,24850,5425,9047,20943,0,8405,0
70000,1,2,2,45,-1,0,-2,-2,0,-1,30444,28916,0,0,27485,24118,30444,3295,0,0,3244,24118,0
10000,2,2,1,45,-1,0,0,0,0,0,3125,2948,2666,2846,2865,2579,3125,593,145,248,125,599,0
220000,2,2,2,32,-1,0,0,-1,-1,-2,93140,90169,78215,77977,82519,0,93140,6310,17550,77977,82519,0,0
150000,2,2,1,35,2,-1,-1,0,0,0,112369,104893,100622,105657,112032,107864,13168,104893,100622,5886,18698,9083,0
100000,2,1,1,40,0,0,1,0,-1,-1,0,0,0,0,0,51842,727,937,0,1766,541,51842,0
60000,2,1,1,31,-2,-1,1,1,2,1,0,63000,63000,57241,59780,58162,0,63000,4057,3539,4273,5868,0
80000,2,2,1,38,1,2,3,2,2,0,0,0,0,0,0,45702,0,0,0,0,0,2511,0
100000,1,1,2,38,-1,-2,0,0,-1,-1,19203,0,20040,17264,16453,17695,19203,0,1110,4420,16453,17695,0
70000,1,3,2,38,-1,0,0,-1,-2,-1,69245,60009,59199,54166,0,45168,69245,6125,6426,54166,0,45168,0
80000,2,2,1,23,0,0,-2,-2,0,0,27805,25091,0,0,31585,31774,5264,2903,0,0,3216,7485,0
300000,2,2,1,38,2,3,3,3,4,3,0,0,0,0,0,124114,0,0,0,0,0,0,0
140000,1,2,2,27,-1,1,-1,-1,-1,0,59625,52471,48648,44266,41731,41478,59625,2574,48648,44266,41731,4976,0
170000,2,2,1,33,0,0,1,-1,0,0,79073,74073,74809,69958,62973,58043,10094,11957,897,69958,14519,13182,0
50000,1,2,1,32,-1,-1,0,0,0,-1,31100,28737,26058,23355,24335,20791,31100,28737,7222,2349,1963,20791,0
190000,2,2,2,48,1,2,1,-1,-1,0,-3515,0,0,94018,103245,104676,0,0,0,94018,103245,27997,0
30000,1,1,1,27,0,-1,0,0,0,0,10565,9825,8984,9080,8120,8018,505,9825,400,1391,1006,1894,0
190000,2,4,2,41,0,0,0,-1,-2,-1,36266,35252,35055,33373,0,30576,6648,2248,8267,33373,0,30576,0
300000,2,2,2,21,-2,1,0,0,0,0,141,0,0,0,0,61639,0,0,1750,122,940,15468,0
30000,2,1,1,37,0,1,0,-1,0,1,26417,23310,20817,20981,18624,18051,4752,1764,5690,20981,1147,682,0
10000,2,1,2,21,2,2,-2,0,0,-1,4883,4289,0,4606,4873,4546,0,0,0,725,281,4546,1
330000,2,2,2,44,1,1,1,0,1,0,0,0,42172,45298,51290,54371,0,0,3001,8322,4529,6497,0
120000,1,1,1,38,0,0,-2,-2,-2,-1,23017,24596,0,0,137,21231,3219,7006,0,0,0,21231,0
50000,1,1,1,33,1,0,3,2,1,2,0,0,0,0,33252,32135,0,10,0,0,2821,2790,1
30000,2,1,1,46,-1,-1,0,1,0,0,9217,9638,9569,9675,8583,9116,9217,9638,2575,545,1051,1479,0
120000,2,3,2,32,0,0,0,0,-1,-1,-3111,-3180,-3369,-3432,27116,29463,1264,1687,1263,13,27116,29463,0
320000,2,2,2,30,3,2,-1,-1,0,1,198665,200209,213667,214130,219741,204603,0,19309,213667,214130,29048,10627,1
200000,1,2,1,42,0,0,0,2,2,0,185818,173853,158359,160038,175798,170860,52455,48965,18145,19104,12087,13737,0
150000,1,1,2,22,0,0,0,0,2,0,81435,77971,71726,65741,64340,62184,20143,13527,7537,9389,4853,3994,1
420000,1,2,1,34,1,0,0,1,1,-1,0,0,0,0,148474,154894,0,1750,325,0,15279,154894,1
150000,2,2,2,30,0,2,1,1,-1,0,56692,52891,59141,61650,57201,55187,2303,4516,0,0,57201,6232,0
60000,2,1,2,34,1,1,2,0,1,1,44099,40372,37711,37395,36665,37509,2902,2780,4317,6957,3467,443,0
80000,1,2,1,25,0,0,-1,-1,0,0,51620,45403,43797,38236,38463,42177,2035,5459,43797,38236,1532,6119,0
50000,2,3,1,34,0,1,1,1,1,0,7425,7432,7881,9038,8351,8985,1601,0,870,669,0,2441,1
50000,1,2,2,31,0,0,0,4,3,3,40970,38177,41828,41715,42869,45868,7281,6304,2973,4946,0,1282,0
360000,2,3,2,39,1,-2,-2,-2,-2,-2,0,0,0,0,0,5,0,0,0,0,0,0,0
170000,2,2,2,27,-1,-1,0,-1,0,0,0,111158,107210,112794,111391,95163,1407,111158,7448,112794,15845,7025,0
260000,2,3,2,48,2,0,-2,0,-1,-1,-2879,-3173,264,-3010,-3114,-3001,0,124,0,774,285,1695,0
60000,1,2,1,29,0,0,1,2,2,0,0,0,-747,-773,-821,-937,1019,111,0,0,0,1427,0
140000,1,3,1,31,0,0,0,-1,-1,0,32226,35517,31145,31400,29646,28613,1039,4166,4294,31400,29646,8073,0
80000,1,2,2,40,-1,-1,-2,3,2,0,0,0,0,0,51659,49103,2798,951,0,0,4987,8467,0
200000,2,1,1,48,3,2,-1,-2,1,0,108516,107538,117085,0,100173,100218,6094,2585,117085,0,9211,13345,0
30000,2,2,2,41,0,0,-1,-1,0,0,0,0,0,0,17151,14751,726,1995,797,2864,1764,3522,0
100000,2,2,2,39,-1,0,0,0,-1,0,23290,22771,23784,26128,25270,27713,23290,1388,5840,4145,25270,3301,0
500000,2,2,1,32,0,1,-1,1,2,0,398906,378434,346802,339318,315466,323661,42962,30366,346802,0,15399,20869,0
100000,2,2,2,30,0,-1,0,-1,-1,0,46632,48225,48670,45669,43931,45265,4496,48225,10019,45669,43931,7556,0
150000,1,2,1,45,0,1,1,1,2,2,62257,68601,72402,80328,89170,84880,6062,747,0,0,5176,0,1
160000,2,1,2,54,-2,2,0,0,0,0,0,94063,107745,99880,105607,101153,0,1557,18879,4153,16968,21182,1
140000,2,3,1,36,-2,-1,0,-1,0,0,2,50226,46789,48276,51194,50994,0,50226,2693,48276,4607,8273,0
230000,1,2,1,49,1,-2,-2,0,-1,2,109665,0,0,120785,115684,117174,0,0,0,28029,115684,8610,0
360000,1,1,1,37,0,-1,0,0,-2,0,66960,75657,69282,70099,62,78235,17354,75657,19156,15418,0,18474,0
280000,2,1,1,24,0,-2,-1,1,0,0,27040,0,23023,25665,27843,27726,3510,0,23023,1813,1300,5738,1
30000,1,1,2,26,2,0,-1,-1,-1,0,8602,7876,8920,9658,10176,11514,612,457,8920,9658,10176,940,1
20000,1,3,2,30,2,2,2,0,-1,0,11834,10435,10342,10317,10819,9951,0,1041,729,1012,10819,362,1
190000,1,1,2,37,0,0,0,0,2,0,0,0,0,0,168035,175177,799,241,1321,109,0,18678,1
50000,2,3,1,45,-1,1,-1,-1,-2,-1,35028,33684,36756,37871,217,30023,35028,966,36756,37871,0,30023,0
100000,2,3,1,50,-1,0,-1,-1,2,0,0,0,0,0,92360,87254,2980,1465,950,1669,2251,9872,1
110000,2,1,1,33,2,2,2,1,0,0,0,0,0,0,0,58690,0,0,0,0,781,6797,0
160000,2,1,2,26,0,0,-1,-1,0,0,0,0,0,0,0,0,1986,527,740,2215,578,592,0
100000,2,2,3,30,-1,0,-1,-1,1,0,88169,81928,74799,66789,67112,67326,88169,15337,74799,66789,0,18012,0
60000,2,3,2,36,1,1,1,0,0,1,0,0,0,9903,9702,9642,0,0,0,1867,1087,0,0
20000,1,2,2,34,0,0,0,0,0,0,11364,11221,12433,11093,11646,12635,2868,2332,1878,2969,2344,2589,0
30000,2,2,2,43,-2,-2,0,0,0,-1,0,0,6364,5942,5181,4978,0,0,1631,909,551,4978,0
160000,2,3,1,24,1,0,0,0,-2,0,0,0,0,0,174,92434,0,705,1435,1324,0,8275,0
10000,1,2,1,35,1,0,0,0,2,2,6117,6397,5977,6837,6380,6110,149,1041,677,245,668,685,0
200000,2,1,2,30,2,0,1,-1,0,0,70452,65404,65712,72368,77784,84269,0,10854,5399,72368,17178,19429,0
80000,1,2,1,46,-2,0,0,-1,-1,0,37,20548,18694,17181,16309,15708,0,818,3541,17181,16309,1708,0
110000,1,2,2,37,0,0,0,0,0,0,0,0,0,0,30052,32175,168,309,1659,1993,1603,9263,0
30000,2,2,1,21,-2,-2,0,0,0,1,119,0,0,0,7394,7958,0,0,1467,1512,1556,182,0
200000,2,1,2,51,-2,2,2,0,0,1,0,0,0,0,0,0,0,0,0,103,1626,0,0
30000,2,2,1,35,0,1,-2,-2,-1,-1,-1040,-986,0,0,12337,12767,517,0,0,0,12337,12767,0
150000,1,3,2,42,1,0,0,0,0,0,0,0,0,54360,52401,50676,0,431,1257,9502,14714,11636,0
300000,2,1,2,27,0,0,-1,-1,2,0,114141,121429,111317,117765,130465,120364,6956,14399,111317,117765,0,3965,1
50000,1,1,1,32,1,-1,2,2,0,-1,28395,31607,34633,31319,28501,29491,1176,31607,3143,0,2490,29491,1
50000,1,2,1,42,2,0,0,0,-1,0,27355,23438,21089,21365,20381,18257,1959,5434,5901,3727,20381,4753,1
190000,2,1,1,40,-1,0,2,-2,-2,-1,156300,155200,152281,110,33,138020,156300,20242,14167,0,0,138020,0
80000,2,2,1,39,-1,0,1,1,-1,0,17550,17918,19813,18776,17040,15515,17550,3684,0,1487,17040,2361,0
160000,2,1,1,44,0,0,0,-1,0,0,55968,62208,63478,67672,71395,77498,8453,6759,5661,67672,5157,18028,0
200000,2,3,2,32,0,0,0,0,0,-1,45637,42205,40933,36529,36192,38312,1682,5035,5092,5358,2887,38312,0
110000,2,1,1,27,-1,-1,-2,-2,0,-1,0,0,0,0,24982,25818,581,1957,0,0,4930,25818,0
100000,1,2,2,37,-1,-1,-1,0,-1,0,19666,20366,17379,17103,18118,19844,19666,20366,17379,3005,18118,1036,0
80000,2,2,1,33,-2,-2,4,1,1,1,69,0,41985,42389,37402,39746,0,0,2159,3537,3558,1538,1
260000,2,3,1,21,0,0,0,1,0,2,181592,180392,156273,158872,159512,162046,50939,32901,13090,8902,14753,0,0
160000,2,2,2,39,2,4,-1,0,0,0,89754,93954,84669,84907,86919,80656,10288,0,84669,13371,15623,8825,1
150000,1,2,2,25,0,-2,-2,0,-1,2,89217,201,0,78987,73366,77560,12791,0,0,19226,73366,6646,1
310000,2,1,2,59,-1,0,2,1,0,0,161928,165208,169694,166255,162505,171718,161928,6240,11618,16740,37598,35736,1
80000,2,3,2,47,-1,0,0,0,0,1,33516,35448,32027,33142,32710,35368,33516,9764,7272,9747,8716,1420,0
300000,1,3,1,27,0,-1,-1,0,0,0,224682,253333,261245,242625,224797,198584,16594,253333,261245,22632,49280,14650,0
140000,2,1,1,30,1,1,0,0,0,0,39595,38673,39176,38379,36671,40459,3206,2346,7773,6949,2890,7961,0
120000,2,2,2,40,2,1,1,0,0,0,89324,83466,85012,83880,86844,74295,8556,8714,1520,20818,12805,12463,0
120000,1,1,2,31,0,0,-1,0,0,0,32008,32404,32138,31738,28538,25053,8780,7609,32138,1717,6027,1218,0
110000,2,2,1,52,2,2,1,1,0,1,68216,65188,67699,68836,59532,58741,5685,721,0,6030,14353,0,0
150000,2,1,2,21,0,-1,1,1,-1,1,134345,122106,112462,98055,102527,91312,37588,122106,6988,0,102527,7287,0
120000,1,3,1,27,0,0,0,1,0,0,61622,56996,51875,55512,49403,46343,5929,5211,4020,4567,4153,11883,0
300000,2,2,2,40,1,0,-1,-1,-1,0,208342,193506,188469,167313,141656,131823,17647,56380,188469,167313,141656,5111,0
200000,1,3,2,43,-1,-2,-1,-2,-1,-1,23683,0,21102,0,17675,19660,23683,0,21102,0,17675,19660,0
150000,2,2,1,37,0,-1,0,0,1,0,19879,21716,20473,17843,15388,15718,3563,21716,4576,3913,1294,2625,0
300000,2,1,2,36,0,1,0,0,0,0,0,127154,145645,159276,163925,158305,1299,13646,13132,17204,47366,6211,0
500000,1,2,1,42,1,0,0,3,3,0,300562,290674,292041,295589,276475,289032,11721,14832,52154,0,25385,34226,0
320000,1,1,1,46,0,0,0,0,0,-1,161911,157060,175003,200150,191983,205998,48095,13043,14079,29746,17354,205998,0
50000,2,3,2,35,1,-2,-1,0,1,-1,0,0,25934,29522,29227,28523,0,0,25934,6819,2681,28523,0
70000,1,2,2,33,0,0,0,-1,0,-1,32399,30530,27544,24798,22479,21691,6922,5918,3228,24798,1953,21691,0
240000,1,1,2,21,-1,0,-1,1,0,-2,32170,34037,34733,32782,33082,0,32170,6945,34733,3254,9427,0,0
70000,1,3,2,21,0,2,1,1,1,2,35362,38556,34748,35798,36729,35584,9694,4477,4163,947,3681,1403,0
100000,1,2,1,47,0,2,2,2,0,0,47520,44095,41704,43253,47163,46840,5660,0,0,953,1594,12379,0
120000,1,2,1,21,0,0,0,0,3,3,55901,49399,54723,58741,51550,54900,8535,14215,5016,16014,3375,4746,0
100000,2,1,1,49,-1,-1,1,0,0,0,42945,42338,43798,42092,46490,48983,42945,42338,1210,1773,4690,5824,0
100000,1,2,1,27,1,1,-1,-1,-1,0,21363,20280,21211,19010,21513,18888,2553,454,21211,19010,21513,4789,0
130000,2,2,2,34,0,0,1,0,-1,0,40640,46369,41187,44949,43567,46205,8938,13081,2961,2436,43567,6507,0
30000,2,1,2,41,0,1,1,0,-1,2,17479,15651,15095,13106,13073,13444,5166,255,255,1720,13073,0,1
100000,2,2,2,32,1,0,0,-1,0,0,0,46284,48530,42679,48161,44662,0,10515,8276,42679,8553,10896,1
20000,2,2,1,31,2,0,-2,0,-1,0,7714,7978,0,7385,7329,7598,514,938,0,1331,7329,1143,0
50000,1,2,2,28,2,2,2,2,1,0,24547,23870,22506,25650,23366,21305,248,1680,0,1124,1008,3731,0
220000,1,1,2,42,-1,1,1,-1,-2,-1,53904,51155,59221,64009,250,61793,53904,3162,7047,64009,0,61793,0
130000,2,2,2,45,0,0,1,1,0,0,20659,19415,20950,20578,18479,18644,1512,3076,0,2231,4332,2221,0
400000,2,1,1,42,0,-1,-1,1,1,0,161591,159075,153245,146368,147538,164907,41103,159075,153245,16183,16247,16247,0
120000,1,1,1,21,0,0,0,0,0,0,0,25332,24328,27575,29661,31917,449,6569,6335,1160,8743,9307,0
50000,1,1,1,21,1,0,1,0,-2,2,-88,-81,-1943,-1684,21,29504,0,1432,0,933,0,1935,1
120000,1,2,2,43,0,0,-1,-1,0,0,0,0,0,0,0,0,874,218,820,1896,561,26,0
130000,1,2,2,21,1,1,-2,-2,0,-1,47761,47517,148,0,49006,51229,3787,0,0,0,11737,51229,0
150000,2,1,2,39,-1,1,1,0,0,1,36263,36645,38680,40067,35452,33446,36263,4079,2023,3314,3647,0,0
110000,1,2,2,36,0,0,0,0,-1,2,44500,40124,35407,37989,39306,38502,6873,3727,9396,9669,39306,1610,0
50000,2,2,2,44,-1,1,0,0,3,-2,28028,28099,29336,31527,28806,0,28028,1681,2330,6095,1583,0,0
30000,2,3,2,31,0,0,1,1,1,0,4725,4388,4060,4109,3995,4390,334,1075,73,61,128,703,0
330000,2,2,1,21,0,1,1,1,1,0,102735,107408,102481,110314,113575,99891,11245,7198,11356,8741,3441,10414,0
110000,2,2,2,21,0,-2,1,1,1,2,89428,0,71044,69064,63696,64814,15405,0,0,3398,6949,0,0
80000,2,1,2,50,-1,2,3,3,3,3,69639,77217,69642,61313,66520,62222,69639,0,6387,2166,6994,4000,1
160000,1,2,2,27,-1,1,-2,-2,0,0,96416,87100,0,0,76992,74876,96416,5188,0,0,10522,15293,0
90000,2,2,2,34,0,0,0,-1,0,0,55525,57304,54083,49741,48236,43668,3295,15694,3882,49741,12248,10048,0
200000,2,1,2,33,1,0,0,0,3,0,166237,164647,150306,138552,144513,139102,0,28778,21586,12390,11173,24496,0
10000,1,2,1,56,0,-2,-1,2,1,0,0,0,5708,6234,5516,5349,1256,0,5708,266,0,1209,0
130000,2,2,1,23,-1,-2,-1,0,1,0,0,222,0,0,89020,93013,2051,0,1560,962,4810,10123,0
50000,2,3,1,33,-1,0,0,2,-1,-2,25169,26322,27481,25698,24845,0,25169,2350,3664,0,24845,0,1
250000,2,2,2,39,0,0,1,0,0,1,225720,203986,196815,203474,191385,180795,51783,27596,6513,55066,56056,5758,0
50000,1,2,2,39,-1,0,2,2,1,2,35601,36781,35917,38554,37503,41324,35601,1230,4196,934,1730,0,0
200000,2,1,1,39,0,-1,-1,-1,-1,1,0,69107,67032,62196,64669,67165,1893,69107,67032,62196,64669,7935,0
300000,1,2,2,40,-1,0,1,1,0,0,0,0,278899,237420,224157,199453,661,1587,0,0,50640,24728,0
260000,2,2,1,45,-1,1,0,2,0,2,-775,200047,197592,181090,187386,186921,1933,5759,7426,18510,47172,10037,0
130000,2,1,2,26,-1,0,0,1,-1,0,0,0,0,0,0,33391,2500,516,484,0,1181,3490,0
190000,2,1,1,43,-1,-1,-1,-2,-2,-1,35826,38448,32750,0,223,31676,35826,38448,32750,0,0,31676,0
90000,1,2,2,36,-1,-1,0,0,0,-1,45893,41806,39912,35531,33179,30728,45893,41806,11810,10241,6413,30728,0
180000,2,2,1,35,0,1,2,-1,-1,0,0,0,0,0,121375,104074,1461,0,0,1091,121375,30103,0
100000,2,2,1,40,-1,-1,0,-1,0,0,0,0,0,0,0,0,1068,1497,1892,2533,875,642,0
110000,1,2,1,21,1,2,1,1,0,1,71271,79981,71148,62730,63256,68981,4872,0,4273,6011,9204,1820,1
70000,2,3,2,24,-1,0,3,-2,0,-1,47011,46610,46739,0,43008,38324,47011,10701,2794,0,6249,38324,0
30000,2,2,1,21,0,0,-1,-1,-1,0,10954,12003,12574,14077,11965,10923,1478,1200,12574,14077,11965,389,0
160000,2,2,2,39,3,2,1,-1,-1,1,116853,101401,103623,103047,110942,98309,4782,0,8245,103047,110942,6165,0
60000,2,1,1,45,0,0,0,2,2,1,57036,49778,45911,43879,41152,39801,6008,9565,11088,2105,434,3815,0
160000,1,1,2,42,0,-1,2,0,0,-1,104932,91018,83074,76956,78330,88626,12001,91018,5088,8612,19433,88626,0
160000,2,1,1,23,1,-1,-1,0,1,1,30333,30134,32566,32393,29159,31189,0,30134,32566,9483,444,3335,0
160000,1,1,1,34,0,-1,0,0,0,0,27157,28860,27709,28220,24608,24940,5591,28860,6641,2580,7181,4226,0
100000,1,2,2,47,-2,-2,-1,0,0,-1,26,0,21715,20788,22472,22550,0,0,21715,1123,4786,22550,0
70000,2,2,1,27,1,0,0,0,0,0,12255,11289,11728,11042,12051,10893,1437,2159,781,2876,3403,2967,0
60000,2,2,1,30,-1,1,0,0,-2,-2,29752,29276,26738,25045,0,106,29752,2596,1544,2634,0,0,0
140000,2,1,1,44,-1,-2,0,0,1,0,19726,0,19939,21425,22124,23071,19726,0,2906,4790,1782,4659,0
160000,1,1,2,45,1,2,0,0,-1,0,107841,120504,115342,125842,117567,113648,2563,0,23419,34709,117567,28023,0
120000,2,3,2,41,0,0,0,0,-1,1,72680,68720,63338,67473,74244,74309,10562,20514,18784,9480,74244,4107,0
130000,2,4,2,30,1,-1,-1,0,2,0,36150,33197,30802,33600,36578,39370,3780,33197,30802,5279,0,8923,1
300000,1,2,2,45,-1,0,0,0,-2,0,135308,138372,148370,161866,117,178346,135308,22746,26691,16898,0,16721,0
150000,1,4,2,21,0,1,0,0,0,-1,41471,46449,51457,54044,57966,61995,2123,894,5090,12887,6120,61995,0
170000,2,2,1,38,-1,2,-1,-1,0,0,101070,102541,106464,106052,115389,109026,101070,10367,106464,106052,8036,4669,0
80000,1,1,1,33,-1,0,0,0,0,0,-2852,-2695,0,25563,28029,30345,129,1595,913,3464,2257,1013,0
90000,2,1,1,37,0,1,0,1,3,3,76383,72086,73806,69358,64861,56142,4008,8420,10178,2116,2738,0,0
150000,2,3,1,21,0,0,0,1,0,-2,50676,50468,55561,50166,44514,0,13439,8367,11090,5877,11329,0,0
100000,2,1,2,47,0,4,3,2,2,2,76756,76594,73251,78347,70536,77507,21419,5344,4749,0,0,8512,1
100000,1,2,1,26,-1,-1,0,1,2,-1,51420,52015,46032,50326,50368,54505,51420,52015,7874,4751,4937,54505,1
140000,2,2,1,37,0,2,1,1,0,1,100728,100760,99659,102963,98048,98124,8981,8302,0,3274,13524,0,1
120000,1,3,2,39,0,1,-1,-1,2,-1,-205,-198,-201,49164,50510,43970,1839,0,260,49164,0,43970,1
70000,2,2,2,33,2,2,2,0,0,1,27592,25212,24702,27647,28156,29550,0,2037,2119,3719,5193,2247,1
110000,2,1,2,35,-1,-2,-2,-2,0,0,0,0,0,0,18922,18726,2180,0,0,0,4799,2296,0
90000,1,3,1,35,-2,-1,-1,0,0,4,295,50571,44776,42776,39141,41364,0,50571,44776,5665,7660,2259,0
70000,2,2,3,41,-1,-1,-2,-2,-1,-1,18497,19870,0,0,17325,14881,18497,19870,0,0,17325,14881,0
80000,2,2,2,22,1,4,4,4,0,0,37364,40434,39896,45745,41478,46943,3703,3094,3666,5065,1498,12034,1
100000,1,2,2,36,-2,-2,-1,0,3,2,155,88,38205,35579,32911,33620,0,0,38205,7044,0,2504,1
50000,1,2,1,36,0,-1,-1,1,0,0,20186,21715,23845,26680,23274,25060,2532,21715,23845,2749,1382,3648,0
50000,2,2,2,28,0,0,0,0,1,0,-3049,-3077,-2781,9983,10341,11545,232,1512,1695,2055,848,1218,0
320000,2,2,2,43,-1,-1,-1,0,-2,-1,143553,157468,158078,156317,266,167453,143553,157468,158078,32884,0,167453,0
240000,1,2,2,27,-2,-2,0,2,1,0,0,0,0,0,0,137028,0,0,1641,0,0,10977,0
20000,1,2,2,40,-2,-1,-1,0,1,0,0,10708,10995,10644,10103,11084,0,10708,10995,1478,1128,3156,0
150000,2,1,1,41,0,0,0,0,-1,0,0,0,0,0,0,39652,767,371,1749,789,2599,8276,0
50000,2,1,1,35,2,1,2,1,0,1,26784,27931,30560,29065,26945,24982,0,0,1041,2506,6644,2718,0
110000,2,3,1,40,1,0,-1,-2,-1,-1,0,0,0,99,44604,46776,0,1573,1165,0,44604,46776,0
180000,2,3,2,36,-2,-2,-1,0,1,4,0,0,107477,98978,107098,93490,0,0,107477,24383,12760,0,0
70000,2,3,2,23,0,0,0,0,0,1,11117,11304,10072,9934,11025,9799,2722,2187,1759,2325,645,803,1
10000,1,2,2,51,2,0,1,0,-1,1,10500,9859,9297,8000,7134,7104,253,1430,252,547,7134,371,0
150000,1,3,2,21,-1,-1,0,0,-1,0,0,22966,23941,23095,22692,22909,2560,22966,3798,4813,22692,6216,0
70000,2,2,2,22,0,0,2,0,-2,-2,0,57027,61372,61524,0,0,820,8596,3382,15946,0,0,1
190000,1,2,1,41,0,0,0,1,1,-1,-413,57514,51442,54645,61737,58943,963,12781,12413,3859,2895,58943,0
110000,1,3,2,35,3,2,-2,-2,-1,-1,97328,99380,0,0,94466,86023,7696,3682,0,0,94466,86023,1
90000,1,1,1,50,0,0,0,0,0,0,0,0,0,0,0,0,219,6,1972,1145,897,1405,0
210000,2,2,1,40,0,-1,0,0,0,0,91830,87182,78896,69571,77752,83157,25995,87182,19917,5769,8220,20628,0
10000,2,3,1,37,0,0,-1,-1,-1,0,1320,1376,1314,1330,1257,1241,258,221,2212,1330,1712,297,0
80000,1,1,2,31,1,1,0,0,-1,-1,33811,38028,34618,36147,33101,31956,2147,4122,4621,2153,33101,31956,0
170000,1,1,2,34,1,1,1,1,0,0,101164,98785,86021,76744,85480,78775,11045,2524,9776,8875,24629,10203,0
60000,2,1,2,21,1,1,2,2,-1,0,55811,63000,60969,54585,46144,44179,3723,4800,0,5748,46144,8501,1
190000,2,2,2,44,-1,0,0,0,-1,0,90229,80439,87337,77210,77268,70890,90229,11418,14644,13607,77268,5105,0
180000,1,1,1,33,-2,0,0,0,0,0,15,23646,23627,21282,19724,20749,0,4120,5314,3650,876,5719,0
200000,2,2,2,44,-1,-1,1,1,1,0,0,0,0,0,0,0,1095,1854,0,0,0,57,1
100000,2,2,1,49,-1,-1,-1,0,3,3,0,0,0,0,88908,86857,2781,1495,2395,143,4420,0,1
140000,1,1,2,33,0,-1,-1,0,0,2,0,0,0,0,0,0,1213,2075,930,916,27,0,0
130000,2,1,2,28,0,0,0,0,-1,-1,67510,66428,57496,56257,54380,59570,17591,12083,7056,11256,54380,59570,0
160000,1,1,2,49,2,2,1,2,2,2,80056,70085,75249,72754,71244,65051,3540,5153,1430,2618,7578,7519,1
160000,1,1,2,49,0,3,0,0,0,-1,106709,91416,83942,88398,84857,89317,17772,0,19625,23893,19829,89317,1
300000,1,2,2,32,0,0,0,0,-1,1,0,0,0,44599,42687,44839,1919,1720,1161,9711,42687,0,0
230000,1,1,2,34,-1,2,2,-1,2,-2,136713,117905,124299,135669,146341,0,136713,0,9302,135669,11998,0,0
10000,1,2,1,29,0,0,0,-1,-2,-2,3475,3516,3397,3803,146,0,193,585,795,3803,0,0,1
200000,2,2,2,39,-1,-1,0,0,-1,0,0,0,0,0,0,44018,335,845,973,1509,1679,1754,0
50000,2,2,1,40,2,2,2,-1,0,-1,20182,18474,17907,17270,17202,18578,1391,0,908,17270,1139,18578,1
50000,2,3,1,50,1,0,-2,-2,0,0,18827,19937,0,0,18617,18107,1304,3507,0,0,3832,5185,0
310000,2,2,2,48,1,-1,0,-2,-2,-2,95717,86031,92575,0,296,136,2782,86031,7462,0,0,0,0
50000,2,1,2,46,0,-2,-1,0,0,0,24069,0,22971,22776,20940,24420,5486,0,22971,5705,4559,1176,0
60000,2,3,2,21,1,1,0,0,0,1,26454,23154,24004,25574,24445,27038,0,1005,3620,3771,1963,2044,1
90000,1,2,2,36,0,-1,0,0,-1,0,21561,21843,22956,23443,22685,26234,1898,21843,4799,1602,22685,1214,1
30000,2,1,1,27,0,2,0,0,0,-1,15622,14206,13098,13153,12505,13439,1346,248,1935,678,2349,13439,1
130000,1,2,2,39,0,0,-1,0,-1,-1,16182,17411,17803,19749,19938,19093,3307,5049,17803,718,19938,19093,0
130000,1,3,2,50,2,0,0,0,0,0,82407,81210,86234,80768,84323,77835,1723,11486,14551,13206,24789,6506,0
100000,2,1,2,29,0,1,-1,0,-1,2,70189,70895,66602,63498,58704,61647,13639,2332,66602,13462,58704,1566,1
100000,1,2,2,35,-1,0,0,-1,1,2,86081,75932,66970,72564,65597,65075,86081,2593,8693,72564,0,0,0
160000,2,1,1,33,1,0,0,0,1,0,99884,98412,99030,94042,87178,78490,1150,7608,22288,15553,2193,12308,0
50000,1,2,2,25,-2,0,0,1,1,0,0,7803,8137,7943,8402,8509,0,235,1397,578,566,2117,0
290000,2,2,2,24,1,2,0,0,0,0,127672,134300,141366,158329,148199,160086,6044,0,14909,24071,13359,35153,0
180000,2,2,1,29,-1,4,3,0,0,1,125136,111935,103957,113670,117044,106228,125136,6272,10580,17211,13176,4040,1
50000,1,2,2,27,0,1,-1,0,0,-1,0,0,0,30435,25949,26151,1386,0,229,3907,5087,26151,0
150000,1,2,1,21,0,0,-1,0,0,1,0,0,0,0,0,60404,1665,1790,2187,1875,1855,6043,0
90000,2,1,2,53,-1,-1,2,0,1,1,76457,68610,75166,67426,67397,68533,76457,68610,7763,7371,0,0,1
50000,1,2,1,29,-1,2,1,-1,0,1,28316,29875,29937,32945,30610,29973,28316,1997,0,32945,1163,1982,1
120000,1,2,1,29,0,-2,-1,0,-1,-1,0,0,0,0,0,0,612,0,1839,267,1808,1300,0
100000,2,2,1,24,-1,0,0,1,-2,-1,57336,60957,62876,60584,143,62489,57336,6450,11606,0,0,62489,0
100000,2,2,2,35,-2,0,0,1,1,0,0,44541,44115,46096,45383,42492,0,5722,10426,3556,2659,3987,0
90000,1,1,1,50,0,1,-2,-2,-2,-1,0,0,0,0,0,0,346,0,0,0,0,1118,0
120000,1,2,2,26,0,0,0,-1,1,0,46715,41815,40593,45058,46728,54440,3706,9829,12005,45058,2057,2673,0
330000,2,2,2,33,0,2,2,-1,0,-1,0,158377,180582,186246,200446,182736,1966,13827,0,186246,34062,182736,0
200000,2,1,1,28,2,2,-1,-1,-1,-1,0,0,0,0,111423,102572,0,0,2237,2880,111423,102572,0
150000,2,2,1,34,2,-1,-1,0,0,0,0,0,0,0,0,110967,0,309,1362,458,1741,13024,1
100000,1,1,1,50,0,2,2,2,1,1,90337,79613,75603,78801,87113,80731,3184,7874,8327,823,0,0,1
230000,2,3,1,46,0,0,0,0,0,-1,117420,126087,113717,107312,113565,117938,31877,21321,10527,21180,8872,117938,0
310000,1,2,2,48,-2,-2,1,1,1,1,0,53,57494,58239,51984,56857,0,0,3173,2973,0,2568,0
510000,2,3,1,49,0,0,0,0,2,-1,327414,337427,344575,383290,339353,361521,17611,42874,31897,39786,34493,361521,0
80000,2,2,1,38,1,0,0,0,0,-2,44710,48973,49664,52267,50988,0,2395,13018,10089,12564,6496,0,0
210000,1,1,1,58,1,0,-2,1,0,0,64634,66021,0,75079,81185,77545,3688,9406,0,0,18515,9131,1
100000,2,1,1,38,0,-2,-2,1,-2,-1,62837,0,0,61751,0,57689,5042,0,0,0,0,57689,0
100000,1,1,2,38,1,0,0,-1,0,-1,60037,52054,46593,43372,38472,43245,4657,12294,9932,43372,2627,43245,0
150000,1,1,1,36,2,2,1,-1,0,0,115701,109282,100390,89316,83096,81133,0,11747,8759,89316,17097,9037,0
30000,2,2,1,41,-1,-1,-1,0,1,3,21987,21217,20892,21919,20675,21612,21987,21217,20892,2242,0,888,0
270000,2,2,2,28,-2,-2,-1,1,1,1,223,0,146737,137789,129904,120173,0,0,146737,11322,0,9419,0
10000,2,2,1,29,0,-2,-1,0,0,0,3746,0,3558,3541,3048,2649,860,0,3558,386,224,677,0
50000,2,2,2,40,0,0,2,-2,-1,0,23024,23541,22545,0,25229,27653,6558,2531,1780,0,25229,4437,1
160000,2,2,1,32,2,-1,0,0,0,0,76573,85821,84468,85093,82828,79710,7521,85821,14248,16380,7244,13690,1
50000,2,3,2,24,2,0,2,0,0,0,23090,24787,25325,28529,27243,27945,2719,4012,2253,3214,6813,8231,0
70000,2,1,2,24,-1,0,0,0,-1,-2,59565,53352,48247,49339,42616,234,59565,10164,11891,2401,42616,0,0
60000,1,1,1,30,-1,0,1,0,-2,-1,0,0,0,15177,83,14300,571,1126,0,2820,0,14300,0
240000,2,2,1,26,0,0,-1,-1,1,0,0,115014,98086,105645,114438,120300,416,4528,98086,105645,0,9367,0
130000,1,1,1,29,0,0,0,0,0,0,57313,63212,66630,71445,71828,66638,15585,8914,6062,14955,19534,5839,0
240000,2,1,2,38,-2,-1,0,-1,0,0,0,83906,85847,86216,92149,102729,0,83906,16612,86216,8939,18960,0
120000,1,3,1,25,0,0,-1,-2,-1,0,21113,23652,26021,0,25357,24429,1572,4624,26021,0,25357,2442,0
160000,1,2,2,34,0,1,-2,0,0,0,31520,31710,160,28485,28847,29229,3436,3413,0,5699,2174,7536,0
100000,2,3,1,25,4,1,1,1,1,1,105000,97057,85377,89474,83494,86097,10761,9510,4063,3085,4643,9937,0
100000,1,2,1,36,2,0,1,0,0,-1,73724,63293,59175,55847,55815,52623,2154,3607,4079,13399,14573,52623,1
210000,1,2,2,45,-2,-2,0,-1,-1,0,0,226,80700,82932,76609,86854,0,0,4431,82932,76609,6984,0
200000,1,2,2,38,1,0,0,0,0,0,0,0,0,0,50801,54034,0,948,1934,1166,15186,1755,0
80000,2,2,2,21,3,3,3,-2,0,0,35025,36921,35208,0,35071,33094,2848,4120,1384,0,1919,7125,0
50000,1,2,2,30,0,0,0,-1,1,0,20414,19147,20827,19512,18590,18536,726,4330,3892,19512,1918,2287,0
700000,2,3,2,35,0,0,0,2,-1,0,0,0,0,0,394815,363809,722,1544,173,0,394815,42993,1
230000,2,3,1,43,0,0,0,-1,0,0,0,104036,95882,86423,79295,83530,40,22608,11327,86423,2439,7389,0
500000,2,1,2,46,-1,0,-1,-1,0,0,0,138207,152206,141653,136804,142168,2390,6568,152206,141653,16364,20610,0
20000,2,2,1,41,-2,-2,-1,0,0,0,0,0,-1105,6768,6717,5778,0,0,2912,1181,509,697,0
80000,2,1,1,34,0,0,0,0,0,0,43403,39302,37959,43044,47864,50278,2199,4905,9859,8939,3508,3063,0
130000,1,4,1,35,-2,-2,-2,-2,0,1,0,0,134,18,38272,40520,0,0,0,0,10423,4236,0
70000,1,2,2,37,-1,0,-1,0,0,0,31403,35300,31019,30475,28869,25190,31403,3554,31019,5189,2470,1864,0
100000,2,2,2,54,0,1,1,0,0,0,65183,66537,68300,64685,68400,66317,7268,4329,3612,6727,11843,3935,0
140000,2,1,2,27,4,5,1,0,0,0,91545,87269,92838,83501,83123,77486,4498,7153,9239,15243,18015,5144,1
50000,2,1,1,36,0,2,2,2,-1,4,19492,20015,19532,21623,20632,23413,4085,2027,743,1080,20632,2681,1
170000,1,2,2,36,-2,-2,-1,2,1,1,0,0,89152,100874,88196,92669,0,0,89152,2793,0,2548,0
60000,1,3,2,24,1,0,0,2,1,0,39867,39180,36286,35143,34312,37978,3447,8338,8753,2779,922,7134,0
180000,2,2,2,47,-1,0,0,2,0,-1,0,0,0,0,0,0,1529,453,356,0,741,2074,1
490000,2,2,2,40,0,0,0,0,1,0,0,-936,-986,-854,73801,83819,1011,369,1402,43,8756,22661,0
300000,1,3,2,30,-1,0,0,-2,0,-1,144065,149841,149403,0,124445,116460,144065,37569,42161,0,6432,116460,0
290000,2,1,2,43,-1,0,-1,0,0,0,154802,147211,142297,124780,126549,133005,154802,18030,142297,16980,10861,37162,0
150000,1,2,2,21,0,0,-1,0,0,-1,18219,18888,21044,24239,22332,20526,4686,5286,21044,3396,1594,20526,0
110000,2,3,2,47,0,0,1,0,0,-2,43345,38468,35775,33447,33857,0,10439,2125,2059,4626,6127,0,0
90000,2,1,1,31,2,1,0,-1,-2,-1,33391,33311,30673,34084,279,30904,792,0,3017,34084,0,30904,0
80000,2,1,2,53,1,0,-1,0,0,2,-3891,76146,73345,70479,67641,63449,0,13507,73345,20940,2706,6351,0
140000,2,2,3,42,-2,-2,1,1,0,0,0,0,0,0,0,54855,0,0,0,0,697,3552,0
200000,1,2,1,41,-1,-1,-2,-1,2,2,160391,144575,0,140913,157312,158499,160391,144575,0,140913,8193,10745,0
130000,2,1,2,40,-2,0,-1,2,2,0,286,103394,91367,95536,86657,89919,0,28789,91367,0,9797,23639,1
140000,2,2,1,23,2,2,2,1,0,0,114559,109021,98507,85511,86550,84909,12785,0,1097,0,19077,5365,0
60000,1,2,1,38,1,1,0,3,2,-2,25925,23684,26396,27494,25473,86,1687,2553,6986,374,3055,0,1
500000,2,2,1,34,1,1,2,1,1,0,166791,176049,190647,215739,230019,223901,9980,0,0,24839,18656,66381,0
170000,2,1,2,27,1,1,-2,-2,-2,-2,0,0,0,0,80,0,0,0,0,0,0,0,0
160000,2,2,1,37,0,-1,0,-1,-1,0,60968,65763,73548,66664,64319,67353,8914,65763,11385,66664,64319,5704,0
50000,2,1,1,41,-2,2,1,0,0,-1,0,32590,28656,29113,28960,27307,0,1303,2946,3275,8592,27307,0
170000,1,2,1,36,0,-1,-1,0,0,-1,122681,109691,106819,97762,89467,97041,32961,109691,106819,11529,16832,97041,0
110000,2,1,2,21,3,-2,-2,-2,-2,0,0,0,0,0,0,61076,0,0,0,0,0,16667,0
200000,1,2,2,24,0,-2,-1,0,0,0,0,87,122015,111509,117780,114397,1137,0,122015,28223,27108,8821,0
90000,2,2,1,24,-1,0,-1,-1,-1,1,20252,21428,19003,17367,15830,17805,20252,3792,19003,17367,15830,1155,0
500000,2,3,1,28,0,0,0,2,2,2,273072,274795,271923,271926,302058,283409,66720,11360,66597,6104,20903,24963,0
80000,2,2,1,29,0,-1,-1,-1,1,2,0,0,0,0,42901,41867,282,2338,2772,2361,2292,600,1
80000,1,4,1,38,0,-2,1,1,0,-1,35676,0,29247,31920,29191,31024,9374,0,3228,2865,7084,31024,1
200000,1,3,1,23,0,0,0,0,-1,-1,51099,47870,50342,53192,54072,51326,9638,6560,14651,3205,54072,51326,0
50000,2,1,1,26,0,4,0,0,1,2,25991,27690,31493,35979,34203,33794,1211,2319,5654,5198,0,618,1
30000,2,3,1,39,-2,-2,0,0,0,0,245,0,5893,5899,6665,6307,0,0,768,1599,848,384,0
430000,1,2,2,31,-1,0,0,0,0,0,100574,95567,95669,104541,102747,94704,100574,22813,27437,10713,8892,16313,0
100000,1,2,2,25,0,0,0,-1,-1,3,52366,44861,48308,48178,44136,43722,14850,13251,6422,48178,44136,0,1
50000,2,2,1,38,-1,-2,-1,-1,0,0,12883,206,14139,14905,15192,17000,12883,0,14139,14905,1395,1683,0
120000,2,2,2,31,-1,0,-2,-2,-1,-1,60409,67279,0,0,61494,65251,60409,10420,0,0,61494,65251,0
100000,2,2,1,37,0,2,-1,-2,-2,-2,-587,0,0,177,0,265,1421,0,2332,0,0,0,1
260000,2,2,1,55,1,-2,0,1,1,0,106339,0,105863,115008,116169,117689,0,0,20113,13767,0,3819,0
300000,1,2,2,38,1,0,-1,0,-2,-1,194858,210614,225460,209406,0,203398,0,63054,225460,35159,0,203398,0
140000,2,1,1,41,2,2,-1,0,1,2,0,0,76690,74188,70955,74367,0,0,76690,9684,2051,8028,1
170000,2,2,2,32,0,-2,-2,-1,-1,-1,36315,0,0,38074,42150,43740,5453,0,0,38074,42150,43740,0
110000,2,2,2,21,-1,0,0,0,0,-1,17677,18992,17575,15718,15705,14338,17677,3707,5179,1795,4051,14338,0
160000,1,3,1,39,-1,-2,4,0,2,0,94164,0,86733,85079,77209,84168,94164,0,0,11896,0,20202,1
150000,2,2,2,34,0,0,0,0,0,0,136195,133015,140798,129088,117359,110427,27214,12539,27740,35359,23496,3400,0
120000,2,2,1,43,1,0,2,0,-1,3,0,0,0,0,80198,89402,0,1587,0,1806,80198,4714,1
130000,2,1,1,49,2,2,-2,1,0,-1,89592,77810,0,81745,76883,71539,9567,5960,0,1674,21045,71539,0
80000,2,2,1,40,-2,0,0,-1,1,0,0,31748,34166,34060,31306,29751,0,7821,9890,34060,3186,8870,1
100000,1,3,1,26,0,-1,0,-1,-1,0,-3244,-3356,0,0,0,35681,960,2863,1219,1574,989,5122,0
200000,2,1,2,31,1,2,0,0,0,1,103873,113881,111213,115212,106582,112721,5777,2836,7962,18386,18288,1860,1
210000,2,2,1,34,3,2,-1,2,0,0,-2217,-2130,-2117,-1958,-2035,90382,0,0,785,0,496,21174,0
150000,1,2,1,26,-2,0,2,-1,0,0,24,144479,141725,138783,140120,124615,0,9340,14946,138783,22718,12702,0
330000,2,2,2,37,0,1,0,0,-2,-2,214193,231558,248929,219080,0,0,39601,27591,42414,39321,0,0,0
100000,2,1,2,44,2,2,-1,0,-1,-1,53327,48180,49495,42261,44099,42794,6009,3865,49495,7317,44099,42794,1
100000,1,1,2,21,-1,-1,-1,0,-2,-1,40174,38770,38643,42602,0,43707,40174,38770,38643,1401,0,43707,0
200000,1,3,1,26,-1,0,0,-1,-1,0,65381,68222,69969,63300,69687,65272,65381,14218,18442,63300,69687,3428,0
290000,2,1,1,27,0,0,0,0,1,0,61922,54262,59530,58842,60095,59901,8268,14221,16814,5218,3621,14058,0
100000,2,2,2,27,1,0,0,0,-2,-1,0,0,0,0,0,39587,0,6,882,1928,0,39587,0
110000,1,1,2,41,-2,-1,-2,0,0,-1,0,0,0,54573,49867,45858,0,1695,0,13179,3747,45858,0
80000,2,2,1,48,0,0,0,-1,0,-2,0,0,0,48669,49379,0,679,1480,481,48669,4320,0,0
150000,1,4,1,49,-2,1,2,2,1,2,0,71573,74393,69161,70543,69162,0,0,8902,1234,5035,6171,0
20000,1,3,1,43,-1,-1,0,-1,1,2,0,0,0,0,0,0,987,2412,314,1802,0,0,0
120000,2,2,2,30,-2,-1,-1,-1,-2,0,264,43807,40827,46048,0,46059,0,43807,40827,46048,0,9284,0
20000,1,1,1,35,0,0,0,0,0,-1,5567,5390,6187,6337,6457,7484,983,1268,851,582,1306,7484,0
50000,2,2,1,34,0,1,1,0,0,1,31886,31251,33737,30936,31060,30463,2385,3071,3181,8495,5518,1739,0
120000,1,1,1,32,0,-2,2,2,0,3,0,0,0,0,0,0,964,0,0,0,791,0,1
10000,2,1,1,41,0,1,0,-2,-1,-1,3727,3975,3833,0,4258,4642,1085,162,970,0,4258,4642,0
100000,1,3,1,21,-1,0,1,1,-1,-2,70128,75689,72732,63787,56611,255,70128,13917,735,2545,56611,0,0
190000,1,3,1,30,0,2,0,0,1,0,175481,179964,157228,136856,140530,127252,22294,21316,19004,15603,4150,11226,0
50000,1,2,1,32,-2,-2,0,-1,0,0,0,0,21493,21034,18529,19248,0,0,4131,21034,1844,5357,0
70000,2,2,1,46,0,1,2,2,2,1,36211,35672,32726,33045,30210,26165,4268,470,1191,3250,1364,0,0
190000,1,3,1,41,2,2,0,-1,0,0,77207,80113,84260,77705,78192,79913,7955,3853,14550,77705,18147,7870,0
290000,2,1,2,43,0,-1,-2,-2,-2,-2,84420,88292,140,110,0,0,15505,88292,0,0,0,0,1
190000,1,1,2,25,-1,-1,-2,1,1,-1,0,0,0,78904,69527,79656,1400,790,0,0,7076,79656,0
70000,1,4,2,43,-1,1,1,1,0,0,16699,14908,15953,17551,19778,18831,16699,288,0,0,1880,5019,0
80000,1,1,2,35,0,0,0,0,0,1,19107,17891,16556,16564,17167,15248,1452,3738,3406,2330,3140,0,0
300000,1,2,2,43,-1,-1,0,-2,-2,-2,36070,36957,40499,0,0,274,36070,36957,3450,0,0,0,0
50000,2,2,2,37,-1,-1,-1,0,-1,1,22635,23012,22404,23299,24032,25555,22635,23012,22404,3472,24032,0,0
110000,2,2,1,55,1,0,-2,1,1,-2,0,0,0,0,0,0,0,300,0,0,0,0,0
50000,2,2,1,41,-1,1,1,1,0,0,17594,18128,16652,18930,20487,21292,17594,0,1583,0,2954,3649,0
200000,1,1,2,43,0,0,0,1,1,0,0,0,0,0,0,24851,1427,1501,564,0,0,5981,0
300000,2,2,2,21,0,-1,-2,-2,-2,1,75389,69066,0,0,0,59291,16112,69066,0,0,0,0,0
50000,1,1,1,50,0,0,-2,-2,1,0,22913,23533,0,0,23782,22788,2326,1460,0,0,0,799,0
70000,2,1,1,26,2,2,3,3,3,1,0,65443,60748,53663,58817,54685,0,7254,6639,718,6321,0,0
170000,2,2,1,42,2,1,1,2,-1,-1,73541,70127,69360,73008,79554,81607,6050,8055,0,0,79554,81607,0
120000,1,2,1,35,0,0,-1,0,1,0,0,0,0,0,0,0,1191,1590,1289,516,0,619,0
200000,2,1,2,60,0,0,-1,3,2,-1,132435,136521,129942,133547,122262,117602,38129,24921,129942,7123,8877,117602,1
80000,2,2,2,49,2,0,0,1,0,0,39779,42990,40429,42863,45664,48364,0,3357,10428,2978,10035,5227,0
190000,1,3,2,38,-2,-2,2,1,1,1,0,0,0,187862,165283,169594,0,0,0,0,17848,6556,0
20000,2,2,1,27,-1,-1,-1,-1,-1,0,8344,7919,7196,7407,8120,7667,8344,7919,7196,7407,8120,995,0
80000,2,1,2,35,-1,0,1,1,0,-2,13891,13365,14446,14376,15472,78,13891,1064,1042,1405,2478,0,0
80000,2,2,2,52,-2,-2,-1,0,1,0,0,0,17718,18597,20121,19167,0,0,17718,3416,1380,2141,0
10000,1,2,1,34,0,1,-1,0,0,0,4232,4106,3875,3755,3972,3493,1239,287,3875,509,318,663,1
350000,1,1,1,43,-2,-1,-2,-2,-2,0,0,0,0,200,0,0,0,835,0,0,0,763,0
220000,2,1,2,35,0,2,1,1,0,-1,206752,196021,213440,205380,176524,153230,14197,21401,11637,17048,7279,153230,1
270000,2,1,1,23,1,1,2,0,0,-2,163133,177294,190828,218767,193601,0,9970,17965,20594,52615,44782,0,0
140000,2,2,2,49,0,2,1,0,0,-1,71184,67540,67244,67975,62423,58067,3256,0,3069,4684,2448,58067,0
110000,1,1,2,21,0,0,-1,-1,-2,-2,32171,31685,33111,31532,0,0,1738,6644,33111,31532,0,0,0
220000,2,1,2,36,1,0,0,-2,1,-1,102068,92550,96674,0,101342,89054,0,10139,15489,0,0,89054,0
160000,2,2,2,40,1,0,0,0,3,2,119680,125141,118809,124729,135931,142559,0,29766,30604,18949,0,13100,1
170000,2,2,1,44,0,0,-1,-1,-1,0,36337,39294,39243,41087,37812,42469,10660,5687,39243,41087,37812,12071,0
100000,1,1,1,40,0,0,0,1,0,0,39947,38504,37080,41193,38547,37062,3709,8306,10253,0,2870,5666,0
240000,2,2,1,31,-1,-1,0,0,1,-2,201679,184415,156574,171939,173679,0,201679,184415,19008,20925,4443,0,0
170000,2,2,1,42,-1,0,1,0,-1,0,0,0,0,0,0,0,137,1000,0,60,124,1887,1
230000,2,3,2,35,0,0,-1,-1,-1,0,157735,153913,135962,130820,135269,136369,17686,14346,135962,130820,135269,15481,0
60000,2,1,2,22,-1,-2,-2,0,3,2,0,74,0,28816,32614,31348,706,0,0,3333,0,1270,1
580000,2,1,2,26,0,0,0,-1,0,-2,86446,84043,83938,92097,97552,0,11873,8792,22347,92097,9190,0,0
200000,1,1,1,40,0,0,0,1,1,-1,40361,45477,39794,39259,41182,40086,6505,8961,4265,3203,1877,40086,1
110000,2,1,2,42,-1,-1,-1,-1,0,0,37713,38594,38435,42062,43887,49494,37713,38594,38435,42062,7277,7568,0
110000,2,1,2,29,2,0,-1,0,1,3,0,0,0,0,0,0,0,9,1022,283,0,0,1
80000,2,2,1,34,-2,-2,-2,-1,2,0,0,0,0,49910,48703,45739,0,0,0,49910,4079,9917,0
150000,2,2,1,44,1,1,-1,-1,2,0,105799,101470,94574,101738,99114,103288,6244,9422,94574,101738,3456,9538,0
260000,2,2,1,25,0,-1,-1,0,0,0,88310,85768,90542,83967,84966,88838,7805,85768,90542,19496,18446,15118,0
110000,2,1,1,33,-2,-2,-1,0,-1,0,39,0,38003,39294,42180,37779,0,0,38003,4734,42180,7203,0
280000,2,2,1,39,-1,-2,-2,-2,-2,-2,14063,0,0,0,0,0,14063,0,0,0,0,0,0
50000,2,1,1,27,0,0,0,0,1,-1,15069,15686,16034,14862,13788,15092,3498,957,4555,2932,1301,15092,0
110000,1,2,1,28,0,0,3,-1,0,2,49637,51910,47922,50271,54985,59215,10370,11414,0,50271,2324,5943,0
150000,2,4,1,36,0,1,-2,1,1,0,0,38433,0,35965,31249,33587,190,556,0,984,0,7068,0
150000,1,2,2,39,-1,0,0,0,1,1,0,0,0,0,24427,25016,2006,1194,569,238,1271,1831,0
160000,2,2,2,21,-1,0,0,0,0,0,48480,46245,47802,42915,42386,42356,48480,7843,3689,7458,11487,1729,0
210000,2,1,1,34,0,0,1,1,0,0,89878,94040,91035,100961,98872,87161,8284,23037,0,0,17269,18920,0
110000,2,2,1,50,0,0,0,0,0,-2,63869,69612,65358,57641,60125,213,15748,7718,7497,16043,15276,0,0
100000,2,1,2,21,0,-1,0,1,0,-1,19125,21404,21257,23644,20877,23919,4904,21404,4268,2180,5336,23919,0
100000,1,1,1,29,-2,-1,0,1,1,0,0,32562,28323,27699,30614,31848,0,32562,6112,1865,0,9089,0
70000,1,1,1,30,-1,-1,0,2,0,0,73500,73500,73500,73500,70350,63310,73500,73500,5572,0,13503,1953,0
130000,1,3,2,41,-1,-1,-1,-1,-2,-1,35521,38660,44735,44491,0,42988,35521,38660,44735,44491,0,42988,0
200000,1,1,2,25,2,2,2,2,-1,0,65737,73853,76760,71565,72637,68864,0,5630,0,2859,72637,16707,0
150000,1,2,2,44,0,0,0,0,1,0,23359,24828,25740,23388,23241,22782,2789,1695,2071,2304,466,6138,0
50000,2,2,2,31,1,0,-2,-2,-2,-1,16811,17941,0,0,0,16666,1017,1279,0,0,0,16666,0
90000,2,1,1,39,0,0,0,0,0,0,50078,44291,46062,46414,49360,55190,10296,4636,2676,10285,7568,11891,0
140000,2,2,2,24,2,1,0,0,1,1,89726,82183,72630,81417,76983,78299,8325,7527,10010,14275,0,4892,1
50000,1,3,2,42,0,-2,-1,-1,0,-1,15220,0,14847,14286,15383,14950,1525,0,14847,14286,3480,14950,1
150000,1,3,1,32,-1,-1,-1,-1,-1,0,82868,84297,75634,76343,72678,68516,82868,84297,75634,76343,72678,7753,0
50000,1,1,1,41,0,0,0,-1,1,0,23446,21556,24150,21397,22811,22045,1308,3905,6985,21397,468,2378,0
360000,1,2,1,39,0,0,-1,-1,-1,0,230623,211694,191413,202688,194935,184628,49379,40760,191413,202688,194935,8255,0
340000,2,2,1,36,0,3,3,3,3,3,184641,173218,177868,181576,169337,191993,54606,0,15951,17555,11022,5983,1
180000,2,1,1,56,0,0,1,1,0,0,36178,31914,33103,32918,36353,35399,5068,3300,602,3658,1963,8818,0
190000,1,1,1,21,2,-1,-1,-1,-1,0,116672,110180,104660,118961,109972,103627,11228,110180,104660,118961,109972,6703,0
130000,1,2,1,29,0,-1,-1,2,1,0,87780,94444,80939,82614,87874,84375,10348,94444,80939,3043,8295,16425,1
190000,1,1,2,35,0,2,1,-2,-2,0,106982,113462,114673,0,0,105607,23081,3574,2645,0,0,4697,0
220000,2,2,2,48,-1,-2,0,0,-1,-2,63298,0,63190,61170,58279,0,63298,0,17403,7745,58279,0,0
110000,2,1,1,40,0,0,1,1,-1,0,-3448,38057,41848,42639,42684,45977,1666,1565,1361,2935,42684,13554,1
130000,2,1,2,47,-2,-2,-2,-2,0,0,0,199,0,9,13200,15177,0,0,0,0,3322,1418,0
100000,2,3,1,41,-1,0,-1,0,1,1,61019,58855,55466,59583,62990,57119,61019,15795,55466,10512,2571,4263,1
180000,1,3,2,26,-2,0,0,0,1,1,267,0,0,0,64000,59773,0,1602,1817,1265,6573,4171,0
110000,1,2,1,31,-1,0,0,0,0,-1,29336,32338,30017,30715,29015,28215,29336,8989,6573,5403,4059,28215,0
200000,1,2,1,29,-1,-1,1,1,-2,1,-1038,-1074,-1038,-1082,0,-989,396,968,0,0,0,0,1
500000,2,2,1,38,0,0,-1,-2,-1,-1,171331,177375,169521,0,141402,156596,32999,12429,169521,0,141402,156596,0
300000,2,2,2,34,2,2,-2,-2,7,0,203353,197922,0,0,216382,218883,0,4939,0,0,20734,59997,1
240000,1,1,3,38,-1,0,0,-2,-2,0,120612,114751,125619,0,0,111749,120612,20816,18954,0,0,12986,0
130000,2,1,1,23,1,0,0,2,0,0,86079,95620,97603,99598,104904,117395,5239,9426,27006,4598,16636,25839,0
40000,1,2,2,44,0,0,1,1,2,1,26580,29575,30058,28276,26920,23864,5039,4692,363,1426,2349,0,0
50000,1,1,2,43,0,-1,-1,0,-1,-1,11614,10954,12058,11273,12941,11917,2101,10954,12058,2410,12941,11917,0
230000,1,2,2,33,0,-1,-1,0,0,0,72963,66978,59587,63891,59405,54907,6305,66978,59587,11067,7251,4478,0
100000,1,2,1,30,-2,-1,-1,2,2,2,0,67459,69096,75896,72923,63821,0,67459,69096,886,2096,2410,0
140000,2,1,2,33,-1,0,-1,-1,0,0,41967,45176,52376,52461,55425,54034,41967,12924,52376,52461,14417,8234,0
340000,1,1,1,38,1,1,1,1,-2,-1,0,0,0,95350,0,90172,0,0,0,9843,0,90172,0
20000,1,3,1,44,0,0,-1,1,2,1,12715,12860,12616,12719,12362,12319,493,669,12616,1359,209,526,0
140000,1,1,1,35,0,0,0,0,0,0,136754,147000,147000,141953,125495,106429,13412,28102,40504,41112,37621,9799,0
240000,1,2,1,55,1,0,0,0,-1,0,0,0,0,0,79441,76880,0,1635,1570,209,79441,8810,0
270000,1,1,2,34,-1,-1,-1,-1,-1,-1,63356,60415,63117,60984,67086,76482,63356,60415,63117,60984,67086,76482,0
110000,2,3,2,23,0,1,1,1,0,1,48537,44603,46591,43422,37179,42358,9752,630,0,3623,2848,4938,1
150000,2,2,1,35,0,-1,-1,0,0,-2,27288,29297,30409,28609,30588,0,4051,29297,30409,4109,7156,0,0
140000,2,2,1,23,1,1,1,1,2,0,82608,81486,82660,78892,84154,77971,0,1583,6975,4968,0,5686,1
50000,2,2,2,28,0,2,1,1,1,-1,30130,29638,26104,22544,23617,26431,5320,692,2159,1926,0,26431,0
80000,1,1,2,41,2,0,2,1,-2,-2,35497,36310,36975,36549,110,141,0,3635,2949,0,0,0,0
540000,2,1,1,33,-2,0,-1,0,0,0,0,187835,171431,166700,174137,170519,0,35787,171431,5070,18493,38294,0
290000,2,3,2,39,-2,-2,-2,-1,0,0,0,0,0,67176,69370,68043,0,0,0,67176,18869,10112,0
110000,2,2,1,26,1,1,1,1,1,1,60513,61318,58028,50705,51449,49042,6695,3914,0,3973,0,5645,0
50000,2,3,2,44,3,3,4,-1,-2,-2,34057,33046,37156,33494,0,0,0,2365,3277,33494,0,0,1
140000,2,1,1,32,0,-1,-1,2,3,2,89893,93402,101659,90623,82016,75181,13322,93402,101659,1218,3827,0,1
60000,1,1,1,49,-1,-1,0,0,-1,-1,0,9655,8930,8000,8499,9220,2571,9655,1114,2077,8499,9220,0
110000,2,3,1,42,0,0,-1,-1,-1,-2,-232,-214,56465,59539,51849,14,1195,1895,56465,59539,51849,0,0
200000,2,1,1,42,0,1,0,0,0,-1,129314,118442,109159,112388,95358,82637,16070,8289,23461,4794,17472,82637,0
200000,1,3,2,67,-1,0,-2,-2,-1,-1,0,39521,0,0,40702,42728,468,6056,0,0,40702,42728,1
80000,2,2,1,21,0,0,0,2,0,0,55965,51651,51395,54956,60204,55007,7783,4574,6254,3190,9227,8987,0
290000,2,2,2,29,1,0,0,-1,0,0,0,0,92049,95778,106008,94752,0,799,23011,95778,12982,23974,0
140000,2,1,2,50,2,-2,0,-2,-2,-1,0,0,0,0,0,112999,0,0,604,0,0,112999,1
180000,2,1,2,23,-2,-2,2,1,0,1,0,0,101786,99966,91687,86302,0,0,0,5182,3352,3909,0
100000,2,2,1,45,0,0,1,2,2,0,66717,69288,63528,68034,65151,58593,6567,20467,2785,995,0,14505,1
180000,1,2,2,30,-1,-1,1,1,0,0,-2305,25211,27003,27065,28057,27952,1040,25211,2211,0,7030,1823,0
80000,1,3,2,30,-2,-1,-2,-1,-1,1,0,23675,0,26600,27177,25831,0,23675,0,26600,27177,0,0
140000,1,2,2,25,-1,-2,-2,0,-2,0,47039,0,0,43984,0,46359,47039,0,0,2280,0,6120,0
150000,2,1,2,34,-1,-1,-2,1,0,-1,42615,43533,226,43694,47820,43429,42615,43533,0,1716,6934,43429,0
50000,2,2,2,34,0,2,1,0,-2,2,0,0,0,0,5,0,501,0,0,484,0,0,1
50000,2,3,1,25,0,-1,0,0,-1,-1,14304,13348,14259,14264,13826,15121,3486,13348,843,2649,13826,15121,0
90000,1,4,1,33,0,0,1,-2,-2,-1,71037,63953,54849,0,0,54034,12179,6137,0,0,0,54034,0
90000,1,2,2,47,-1,0,2,-1,-1,-1,47585,45528,42171,45377,46292,48981,47585,11258,0,45377,46292,48981,0
20000,1,1,1,27,1,0,-1,2,2,1,9296,8829,8469,7653,7679,7514,1018,2112,8469,0,472,0,0
30000,1,2,1,22,0,0,-2,-1,0,0,13221,13613,86,11818,11508,10887,676,3599,0,11818,892,534,0
90000,2,1,2,30,0,0,0,0,0,0,49753,45887,43127,44448,40977,45608,9566,8649,12800,4972,11479,6919,0
180000,2,1,1,36,0,1,0,1,0,2,0,0,0,0,0,123137,179,0,1671,0,254,9817,1
50000,2,1,2,38,2,2,-1,-1,0,0,29145,30975,33338,29209,27419,29575,0,2295,33338,29209,4436,8389,0
210000,2,1,1,29,0,1,-1,0,0,1,0,0,0,100512,105329,101938,1316,0,580,26916,8164,8271,0
100000,2,2,1,21,2,1,1,0,-2,-2,83953,85539,82946,88372,0,107,5788,7034,2128,26024,0,0,0
230000,2,3,2,35,0,-1,0,2,0,0,100223,100731,113347,106880,105830,117321,22207,100731,25615,1856,14651,29209,1
100000,2,3,2,42,0,0,0,0,0,-1,0,0,56144,52322,45156,40777,107,670,2827,11596,6242,40777,0
170000,2,2,2,28,-2,-2,1,-1,0,-1,0,0,0,36013,39420,39788,0,0,0,36013,9970,39788,0
230000,2,2,1,32,-1,-2,-1,0,2,3,0,0,0,0,0,147643,804,0,2633,654,0,13389,0
200000,2,2,1,35,0,0,0,2,0,1,82087,76072,76534,83476,83897,95075,17189,10972,16995,8252,22360,4217,1
100000,1,1,2,41,1,0,0,-1,-1,0,78048,67569,72414,71197,68485,71067,8241,16985,7302,71197,68485,15499,0
200000,2,1,2,36,-2,-1,0,1,2,-1,0,0,0,0,107923,96390,0,697,1066,0,2189,96390,1
150000,2,2,1,36,0,0,1,0,1,0,62392,65841,70174,70168,69258,62710,2420,4242,6162,12523,4921,7971,0
170000,2,2,1,45,-1,-2,-2,0,0,0,54085,0,0,64285,60248,64813,54085,0,0,12898,2680,8306,1
200000,1,1,2,33,1,2,2,2,0,-1,117900,108779,120148,123617,134034,118078,10395,11370,0,7973,17466,118078,1
150000,1,1,2,55,0,0,0,-2,0,-1,56082,51332,47192,37,47908,49148,4227,12962,12270,0,8029,49148,0
110000,2,2,1,32,-2,-2,-2,-2,-1,0,166,0,0,190,33742,38284,0,0,0,0,33742,8187,0
20000,2,2,1,39,-2,0,0,0,-1,0,0,5899,6077,6256,5756,6307,0,412,1297,1742,5756,487,0
80000,1,2,2,50,0,0,0,0,0,1,54909,58058,57144,50088,47514,49676,11332,13322,13094,5128,4671,2995,0
170000,1,2,1,31,2,-2,1,0,1,0,92404,0,96878,99418,98529,93228,0,0,11306,3310,10210,6796,0
10000,2,1,2,22,-1,-1,-2,-2,-2,0,-3314,-3093,0,19,0,7685,2356,2006,0,0,0,1202,0
170000,2,2,2,41,0,-1,1,0,-1,-1,0,0,71512,75298,79214,80986,688,481,3653,5374,79214,80986,0
90000,2,3,2,27,1,0,0,0,-1,-2,53356,53370,59119,63424,59779,0,814,10293,6178,14735,59779,0,1
100000,2,1,1,45,0,-2,2,0,0,0,0,27,0,0,0,0,1253,0,0,92,594,34,0
70000,2,1,3,34,0,0,2,1,0,-1,38355,33343,30270,30102,28590,27234,4798,6243,2156,1737,986,27234,0
300000,2,2,1,46,1,0,0,1,2,2,272163,291160,282274,262637,227768,210178,20714,22220,83718,0,26107,24210,0
160000,1,1,2,40,-1,0,0,0,0,0,0,0,0,55219,48782,45433,2792,1803,1018,6858,2567,12085,0
50000,2,2,1,38,0,1,0,-1,0,0,11091,10612,10123,11055,11417,10981,2310,1058,2667,11055,2166,3024,0
320000,2,2,2,38,0,0,-1,-1,-2,0,185359,194213,203658,207814,0,193053,52349,14039,203658,207814,0,38737,1
250000,1,2,3,24,0,-1,0,1,1,-1,0,0,0,0,110494,98040,894,927,1332,0,11749,98040,0
150000,1,2,2,43,-1,0,0,0,0,0,24630,26075,26111,28966,26378,23657,24630,3499,3765,3103,5325,2645,0
190000,2,2,1,40,0,-1,0,0,-1,-2,79269,70915,63612,61044,54081,0,6351,70915,10686,2041,54081,0,0
150000,1,3,2,38,1,0,-2,1,1,-2,63728,64668,0,62419,63743,0,1354,9206,0,0,0,0,0
200000,1,2,1,41,-1,0,0,0,-1,1,0,0,0,0,109684,113189,1958,144,1696,93,109684,9275,0
210000,2,3,2,30,1,0,0,0,0,-2,0,0,0,0,0,0,0,854,1389,850,135,0,0
120000,1,2,1,32,0,1,1,0,2,-1,-2631,-2694,-2559,88000,101587,100060,1121,0,0,23673,5010,100060,0
260000,1,3,1,33,0,1,-1,-1,-1,-2,130582,127543,136692,124406,116427,0,8937,0,136692,124406,116427,0,0
30000,2,3,1,21,0,-2,1,1,1,-1,5539,0,6016,6568,6657,7151,1467,0,432,95,552,7151,0
50000,2,1,2,51,-2,-1,-1,0,-2,-1,0,29838,28892,25923,159,23319,0,29838,28892,1086,0,23319,0
80000,1,1,2,45,0,2,1,1,1,2,67942,63272,56207,58660,51077,46241,19750,5875,0,0,3035,0,0
120000,1,2,1,40,1,1,2,2,1,1,76727,74645,64706,64609,60487,64660,8418,8280,5071,2691,3407,2913,1
220000,1,2,2,38,-1,-1,0,0,0,0,0,0,0,53413,52570,48928,1977,479,431,2996,6336,12105,0
200000,2,2,1,43,-2,-2,-2,1,-2,-2,0,0,0,61658,0,0,0,0,0,2391,0,0,0
100000,2,3,2,28,0,1,0,0,0,-2,44320,42688,46078,47480,47881,0,6461,1068,9923,6334,7030,0,1
70000,2,3,2,50,0,-2,-2,-2,-1,0,12333,0,0,0,12150,12350,2777,0,0,0,12150,1858,0
250000,2,1,1,24,0,-2,-2,-1,0,2,128861,0,0,126672,125824,144497,37595,0,0,126672,17542,10909,0
50000,1,2,1,30,0,1,-1,2,0,0,0,0,0,0,29599,26251,1297,0,2607,0,7576,4724,0
260000,2,3,1,22,2,1,1,1,1,0,231290,238514,221035,205770,205176,192981,4223,12228,9976,0,17110,51186,1
100000,1,2,2,32,0,0,0,0,0,1,35818,35241,38597,36123,35035,33682,3064,3791,5394,7490,8465,1331,0
180000,2,1,1,30,-1,0,0,0,0,2,122350,118819,106650,93318,100906,106932,122350,12952,25822,5775,4161,1077,0
180000,1,2,2,28,-1,0,-1,-2,-2,-1,51947,55124,54561,0,0,73427,51947,16383,54561,0,0,73427,0
100000,1,2,1,39,2,2,2,1,0,0,0,0,0,0,72600,62948,0,0,0,0,16851,8104,1
90000,2,2,1,30,-1,-1,1,1,0,0,-2805,-3158,-3211,-2865,21237,24085,2352,2975,0,0,3680,6420,0
100000,2,2,1,25,0,0,-2,0,1,0,0,0,0,24931,23683,24490,772,1090,0,5899,400,4679,0
50000,2,1,2,26,0,1,1,0,0,-1,22887,23617,24211,23081,24674,28146,1062,1097,1380,2935,6566,28146,0
200000,2,1,2,26,0,0,0,0,0,0,146761,142134,158549,154727,141765,135361,37746,17774,44258,45922,38758,31814,0
170000,2,3,1,28,0,0,1,0,-1,0,0,0,0,0,0,38406,1560,657,0,1884,2724,1577,0
50000,2,1,2,53,1,-1,-1,-1,-1,0,11444,11528,10518,11391,11913,11522,666,11528,10518,11391,11913,427,0
110000,1,3,1,44,0,0,0,0,0,0,45211,45436,46042,47066,47870,54412,9172,5237,4121,13170,3772,4259,0
90000,1,3,2,24,-1,-1,0,1,-1,2,43706,44716,43210,44287,44217,41682,43706,44716,12441,1271,44217,3833,1
190000,1,1,2,34,0,1,-1,-2,0,1,0,0,0,0,169306,146075,1942,0,2293,0,47372,8618,0
130000,2,2,1,21,-2,-1,0,0,1,-2,294,-1247,-1452,57153,60167,0,0,1771,1425,5221,4485,0,0
50000,2,1,1,26,0,0,3,2,0,1,30464,27633,26871,28915,29549,29040,8509,4049,0,453,6520,0,0
70000,2,1,2,33,0,-1,0,0,0,0,0,0,0,0,20818,21327,1643,971,1515,1494,2945,1917,0
240000,1,2,1,32,0,-1,0,0,0,0,120932,115777,110815,99081,94601,91103,6825,115777,23630,25187,7065,18560,1
90000,2,1,1,40,-2,-1,0,1,0,-2,137,38015,43482,43330,38799,170,0,38015,2354,0,5275,0,0
70000,1,1,2,28,0,0,1,0,0,0,0,23656,23222,22168,21616,21510,1705,4080,2276,3975,5001,4850,1
120000,1,2,2,34,-1,0,1,1,-1,-1,52060,51624,47173,54265,50752,57517,52060,11338,3411,5691,50752,57517,0
100000,1,1,2,40,0,0,0,-1,0,0,27771,25903,26709,27303,29157,29972,2456,4850,2959,27303,6493,6402,0
140000,1,1,2,42,0,0,0,-1,0,0,-2528,-2331,-2130,-2029,-2009,-2159,834,149,775,1638,355,805,0
100000,1,1,2,29,0,1,0,0,0,0,44823,42640,45475,40851,46301,48955,8284,4650,5810,6482,2160,4281,0
50000,2,1,2,35,2,3,0,0,0,0,30126,31030,29599,29254,28961,25585,2922,0,7528,7688,948,4385,0
130000,2,2,1,39,1,0,-2,1,1,0,0,0,0,0,0,40184,0,1552,0,0,0,10792,1
110000,2,3,1,31,2,-2,0,0,0,0,0,147,0,59727,54305,47166,0,0,1418,6168,15316,5974,0
70000,2,1,2,21,2,2,-1,-2,-2,-1,27900,25845,25855,0,0,31016,2095,2046,25855,0,0,31016,0
180000,2,1,1,40,-1,1,-2,-2,-1,1,38500,38130,0,0,28102,30908,38500,740,0,0,28102,3033,0
50000,2,3,2,39,1,-1,-2,-2,1,1,28980,26716,70,0,22708,20726,2290,26716,0,0,2127,506,0
50000,1,1,2,43,-1,-1,0,0,0,0,0,13268,13384,12443,12425,11903,1883,13268,3590,1063,2278,3396,0
90000,2,2,1,37,-1,0,-1,0,0,0,29668,30145,30396,30793,29393,28560,29668,2401,30396,2759,3948,3842,0
120000,1,2,1,46,-2,0,0,-1,-1,-1,0,53732,56032,54011,59179,59663,0,3704,15246,54011,59179,59663,0
20000,1,1,1,33,-2,-2,0,0,1,0,0,0,5384,6196,6584,7099,0,0,933,392,482,613,0
130000,2,2,1,30,-1,-2,0,0,0,0,31967,0,26912,27637,26890,25956,31967,0,5502,2384,1125,4950,0
100000,2,1,1,33,1,-1,0,1,0,-1,52283,46317,48474,48435,49390,53005,0,46317,3585,0,14735,53005,0
100000,2,3,2,37,1,2,2,2,1,0,0,0,51221,51614,58663,64252,0,0,4611,5449,6636,7621,1
80000,2,2,1,27,0,-1,-1,-1,0,-1,26621,29326,25419,23514,24507,22410,1329,29326,25419,23514,2077,22410,0
120000,2,2,2,39,-1,-1,0,1,1,0,59027,57039,59813,55392,51419,54593,59027,57039,8745,0,3485,10470,0
70000,1,3,1,21,-1,-1,-1,1,-1,-1,0,0,0,0,30659,31502,2488,2588,2671,0,30659,31502,0
20000,2,1,1,42,0,0,-2,-2,0,0,4306,4176,0,0,4171,3820,365,1152,0,0,737,1094,0
250000,2,3,1,32,0,0,-1,0,0,0,125301,113596,103549,89320,97965,94526,9176,19906,103549,9791,15115,13585,0
30000,2,1,1,40,-2,0,0,-1,0,-2,0,11156,12336,11143,11206,0,0,2020,1078,11143,620,0,0
100000,2,2,1,21,0,-2,-2,-2,-2,-2,61411,0,0,0,51,0,14579,0,0,0,0,0,0
50000,1,4,2,23,1,1,0,-2,-2,2,36973,34789,33774,0,0,28426,0,2530,7551,0,0,1722,1
250000,2,1,2,35,0,2,1,0,1,1,130661,120983,130619,148824,139129,134863,4335,8107,13800,39869,14752,10681,0
70000,2,1,1,21,-2,1,0,0,3,2,0,0,0,0,34590,33101,0,0,1553,1066,3323,923,1
500000,2,3,1,46,0,2,1,-1,0,1,234841,268271,246089,262088,232047,250804,27008,15987,27044,262088,19915,16890,1
30000,2,3,2,35,-2,-1,0,0,0,-1,0,8093,7683,8098,8966,9812,0,8093,1217,2405,1268,9812,0
460000,2,1,1,28,-1,0,-2,0,0,0,133216,122066,61,116518,109265,102277,133216,3744,0,34355,29395,10019,0
10000,1,1,1,30,-2,0,0,0,0,-1,0,3190,3008,2946,2833,2586,0,705,725,247,657,2586,0
100000,2,2,2,26,-1,-1,1,-1,-1,-1,32714,34207,31580,35691,38496,32970,32714,34207,1669,35691,38496,32970,0
50000,1,2,2,43,0,2,0,1,2,1,32569,28952,27181,24392,22492,21381,3735,0,971,0,0,2473,1
300000,1,2,1,30,0,0,-1,0,0,0,186422,170197,170635,160968,161118,177520,28309,22351,170635,6265,40839,12319,0
10000,1,2,1,30,1,2,1,1,1,0,3998,3623,4081,3981,4302,4837,0,247,297,472,109,717,0
50000,2,1,1,30,0,1,0,0,0,0,21959,20874,20131,20621,20344,17708,5313,408,3858,3359,5290,941,0
100000,2,2,1,32,1,1,0,0,-1,-1,17493,17841,18032,17387,18547,19767,1371,222,4856,2460,18547,19767,0
300000,1,3,2,54,-2,-2,-2,-1,1,2,0,285,236,202983,202850,174015,0,0,0,202983,0,8848,0
20000,2,1,1,31,-1,0,-1,-1,0,0,14106,14106,12854,12089,11027,11688,14106,1175,12854,12089,860,815,1
210000,1,1,2,53,-2,-2,-1,-2,-2,-2,243,108,32448,0,0,0,0,0,32448,0,0,0,0
280000,2,1,2,21,-2,1,2,3,3,2,74,110426,106787,118272,116713,109019,0,12837,11620,13586,3717,0,1
20000,2,1,2,21,-2,-2,0,-2,-2,-2,0,272,4961,0,0,0,0,0,821,0,0,0,1
230000,1,3,2,39,0,1,0,0,0,-1,44848,45261,43800,46401,43366,41217,9514,1570,4151,6764,5719,41217,0
200000,2,2,2,41,-1,2,2,1,0,0,182755,159182,172358,153542,173505,161103,182755,2840,0,17940,5782,13636,0
50000,2,2,2,59,0,1,-2,-2,1,0,15961,15976,0,171,12425,13775,4435,638,0,0,0,2167,0
70000,2,1,2,60,-1,1,-1,2,-1,-1,0,0,0,0,0,37878,942,0,2836,0,2270,37878,0
500000,2,2,2,33,0,0,0,0,1,0,110937,100108,100646,93630,99805,101076,18978,17805,28423,23636,0,5303,0
100000,2,2,2,37,0,-2,-2,1,0,-2,80076,0,0,70975,68990,0,4173,0,0,5149,3497,0,0
50000,2,2,2,32,0,-1,0,-2,-1,0,12987,13886,14368,287,16058,15003,1012,13886,3226,0,16058,2560,0
150000,1,2,1,30,-2,-1,0,1,0,0,0,18723,18382,19203,19684,20547,0,18723,1251,1417,4029,1409,0
130000,2,1,2,28,-2,-1,-1,0,0,0,0,28717,28323,26798,25170,25367,0,28717,28323,1872,2619,4555,0
190000,1,2,2,36,0,0,0,0,1,0,28515,30335,27850,30834,26436,28679,7648,5133,4734,3747,476,1194,0
70000,2,2,2,29,2,0,1,0,-2,-1,35939,32045,30706,29852,0,27950,3785,3300,526,8497,0,27950,1
120000,1,1,1,29,-1,-1,0,1,1,0,0,0,0,0,48490,52916,1908,1196,491,0,2853,5355,0
160000,1,2,2,36,2,1,0,0,0,-1,52529,51707,58556,60747,61780,57278,2187,4841,12647,13017,3282,57278,0
400000,2,2,1,38,-2,0,0,0,1,1,30,0,175508,155103,139526,123543,0,1419,37200,38060,8387,8797,0
180000,2,2,2,43,-2,-2,-1,-2,-2,1,0,0,101308,0,0,102307,0,0,101308,0,0,0,0
280000,2,1,1,50,0,-1,2,1,-2,0,189863,174051,178869,166470,0,134471,8116,174051,7686,10465,0,20241,0
200000,2,2,1,31,-1,0,-2,-2,-2,-1,0,0,0,0,0,0,2814,171,0,0,0,2878,0
240000,2,2,2,32,-2,-1,3,0,2,0,0,176750,169394,160562,152565,130092,0,176750,8693,20530,0,31542,0
200000,2,2,1,28,0,0,0,-1,-1,-1,146142,144767,131137,125310,127072,115812,32824,28862,38533,125310,127072,115812,0
90000,2,3,2,44,-1,1,0,0,-1,-1,14873,15236,14673,15152,13803,15072,14873,691,623,2122,13803,15072,0
50000,2,1,2,53,0,-1,0,0,1,1,25464,24744,26284,25597,25595,27023,3245,24744,1743,5024,2248,2629,1
80000,2,2,2,21,0,0,-1,2,2,-1,65444,59394,50926,52623,48171,42691,9991,12304,50926,5002,4755,42691,0
200000,2,2,2,33,1,1,2,2,1,2,184427,163667,140367,131508,118557,115261,22086,15738,16071,0,1363,0,1
110000,1,2,2,36,-1,0,1,1,-1,0,50270,55960,52965,49523,54029,49835,50270,2777,2380,2784,54029,5085,0
100000,2,2,1,43,0,-1,0,-1,-2,-2,15853,17071,17419,16169,0,13,4161,17071,4752,16169,0,0,0
60000,1,2,2,28,0,0,0,-1,1,1,20395,22268,23121,24134,26942,28707,2666,4304,857,24134,1058,2610,0
200000,1,3,2,36,0,-1,0,0,0,-2,0,0,0,25333,25591,46,1204,1456,228,4329,5916,0,0
100000,2,1,1,25,-1,0,0,-1,0,-2,15441,17051,15032,13818,14409,0,15441,624,990,13818,1080,0,0
170000,1,1,1,32,-1,0,1,0,-1,-1,112497,120610,107622,100426,97661,99295,112497,7796,11466,18412,97661,99295,0
100000,1,2,1,39,2,-2,2,-1,-2,-2,0,8,52948,56502,14,0,0,0,0,56502,0,0,0
210000,2,1,1,26,-1,0,0,2,1,0,215430,196941,178168,170341,154854,174813,215430,52749,35687,5573,0,8980,0
140000,1,2,1,27,0,0,0,0,1,0,25609,25678,28025,30576,28672,25960,6621,5607,8374,4749,3165,6291,0
160000,2,2,1,36,-2,-2,-1,2,-2,1,0,0,103231,101781,0,92268,0,0,103231,3461,0,1667,1
50000,1,2,1,38,-2,1,0,-2,-2,-1,0,21027,19845,0,75,18879,0,2047,2327,0,0,18879,1
160000,2,1,2,37,0,0,-1,0,2,0,63171,63096,69796,71440,78022,82555,18080,14938,69796,15949,9041,14564,0
190000,2,1,1,43,2,2,0,-2,-1,-1,-2426,-2614,-2591,0,-2715,-3012,0,0,753,0,2481,2100,1
100000,2,1,2,29,0,1,1,0,-2,-2,0,0,0,0,0,0,912,0,0,336,0,0,0
500000,1,3,2,40,1,1,0,0,0,2,0,0,0,0,0,362754,0,0,1471,116,1382,18726,0
10000,2,2,1,42,-1,0,0,0,0,1,2315,2168,2381,2130,2286,2039,2315,514,705,146,96,139,0
30000,2,3,1,25,2,2,-1,-1,-1,1,0,0,0,0,0,0,0,0,1867,643,1921,0,0
100000,1,1,2,36,-2,-2,0,0,0,0,0,0,-378,-388,36438,39142,0,0,403,1455,4234,7515,0
80000,2,2,3,38,-1,-1,0,0,1,1,22662,21883,24115,27702,27048,29892,22662,21883,6578,7044,1478,2571,1
140000,2,1,2,24,-2,0,0,-2,1,-2,296,90341,87028,0,88604,0,0,8788,24685,0,0,0,0
90000,1,4,1,46,0,0,0,0,0,0,0,0,0,0,0,22749,68,1946,1562,922,114,4748,0
100000,1,3,1,33,-1,-2,-2,-2,2,1,42800,0,0,0,50817,54725,42800,0,0,0,5842,4314,0
10000,2,1,2,45,2,2,1,1,0,0,6933,7059,7447,7521,7695,7953,84,710,109,121,2050,776,0
70000,2,2,2,40,0,0,1,0,-1,0,15634,16296,15347,13371,12013,11366,3629,823,1573,1539,12013,673,0
60000,1,2,2,73,1,0,0,-1,0,-1,29107,30773,28715,32944,31106,31405,982,9128,2344,32944,2838,31405,0
220000,2,2,2,21,0,1,-1,5,4,4,220300,217572,191457,178277,191057,165387,31007,23929,191457,0,10643,8141,1
80000,2,1,2,46,-2,-2,-2,0,0,-2,0,17,0,30823,26903,0,0,0,0,4260,3916,0,0
130000,1,4,1,41,0,-1,0,0,0,0,0,0,0,0,0,0,1383,2219,500,579,963,1194,0
50000,2,2,1,32,0,-1,1,1,0,1,11311,10592,9392,9882,10999,10296,541,10592,356,0,1615,790,0
290000,1,1,1,22,1,0,1,2,2,2,143024,144235,131765,127023,112035,113235,13630,37975,0,12770,12527,3960,0
300000,2,1,1,42,0,1,0,0,-1,2,132439,124892,129447,132396,130273,148968,38427,6916,14524,32061,130273,15429,0
10000,2,1,1,51,6,-1,0,1,0,0,4449,5028,4933,5317,5254,5619,311,5028,901,71,226,300,1
80000,1,3,2,45,3,0,0,0,0,0,26040,29026,30737,30052,27348,27347,2733,6913,1391,2641,985,1516,1
150000,1,2,1,29,-2,1,0,1,0,-1,85,91404,97525,86033,83308,74071,0,0,25259,1838,8108,74071,1
150000,2,2,1,33,1,0,-1,-1,-1,-1,104520,111279,102304,94258,86923,79086,9395,16465,102304,94258,86923,79086,0
200000,2,2,2,33,-1,0,-1,0,0,0,25337,28728,29195,25507,28003,29665,25337,7247,29195,919,6450,8801,0
360000,2,1,1,23,0,0,1,1,0,2,143595,140053,160404,172769,180232,188405,33855,23947,19145,14251,49438,10775,0
90000,2,2,2,35,1,0,-2,-1,0,0,22044,23016,0,23867,23570,25506,1743,787,0,23867,748,4452,0
150000,2,1,2,35,0,0,0,1,0,1,0,0,29181,29449,31732,34228,58,1857,5435,0,7822,469,0
300000,1,1,2,40,2,1,1,1,0,0,149923,149529,145312,139504,149997,137521,2269,7013,0,7832,27082,16169,1
100000,2,1,1,49,-2,0,-1,0,0,-1,0,29455,30371,29265,32306,29420,0,2031,30371,5746,1862,29420,0
50000,2,4,1,23,1,0,0,-1,0,2,25263,23439,26976,27604,28619,31979,2604,1556,4918,27604,6574,0,1
190000,2,4,2,25,0,-1,0,1,0,0,0,0,0,0,34276,34358,863,811,437,0,7135,5595,0
120000,2,2,1,30,1,0,1,0,0,0,59876,59130,58175,56446,49675,51878,0,14180,1157,14799,2223,2474,0
280000,2,2,1,24,0,0,0,0,0,-2,68720,74449,81988,80253,69523,268,3343,8837,5399,3503,20348,0,0
200000,1,2,1,37,0,0,0,0,0,0,51992,47103,42694,43655,44497,39983,7832,2877,5704,7013,4684,3600,0
140000,1,1,2,29,-1,1,0,2,0,0,97185,86930,96642,101635,96861,83005,97185,0,5768,5204,7855,5249,1
100000,1,1,2,26,-1,-1,1,-2,-1,0,36722,39132,35581,0,32969,33137,36722,39132,3874,0,32969,1489,0
190000,1,2,2,21,0,0,1,1,0,0,47988,42666,45286,44410,40988,36196,7677,7105,0,0,5240,2930,0
500000,2,1,2,24,-2,-1,-1,-1,0,0,0,134836,122449,114792,97805,93906,0,134836,122449,114792,13892,10171,0
60000,1,2,2,33,0,0,0,0,-1,0,8362,9110,9506,9480,10484,10760,346,411,952,1783,10484,2608,1
90000,2,3,2,39,-2,0,0,-1,0,0,0,19701,21166,18644,19415,17076,0,3246,4208,18644,5457,4066,0
150000,2,1,1,36,-1,1,0,0,3,0,58115,51655,55830,56335,49454,53820,58115,0,4577,6057,0,6822,0
90000,2,1,2,37,0,0,0,0,0,-2,0,0,0,57324,52667,0,646,1234,641,17133,8656,0,0
120000,2,1,2,56,0,-1,-1,-1,1,1,0,0,0,0,30220,32616,1171,1283,455,2431,1539,1320,0
90000,2,1,1,46,0,0,-1,-1,-1,0,0,0,0,0,0,23967,1037,1928,2247,481,187,1178,0
110000,2,2,2,33,0,0,0,0,0,0,27933,26281,23361,21252,20737,21484,6103,2872,5181,5634,4383,760,0
60000,2,2,1,28,0,0,0,0,-2,0,20906,18715,20047,21217,0,17842,3652,3731,2603,6220,0,3755,0
190000,2,2,1,29,0,2,0,1,1,1,81454,85139,88485,94810,97330,98801,18388,7510,6426,8101,3106,4844,0
250000,2,1,1,32,0,0,-1,-1,-1,0,93311,90230,91653,83078,80064,73529,7868,5614,91653,83078,80064,13411,0
160000,2,1,2,53,2,1,1,0,0,0,93174,96797,89096,81519,88658,80340,0,6668,4356,11624,14203,5055,0
140000,2,3,1,36,0,2,1,0,-1,-1,0,0,0,0,64946,68384,1651,0,0,1982,64946,68384,0
230000,2,2,2,33,2,0,-2,3,-2,0,137722,148458,0,143471,0,162722,2269,32674,0,0,0,30888,1
70000,2,2,2,37,1,0,0,0,-2,-1,38436,37461,39406,38131,153,39070,0,9905,6519,8814,0,39070,0
130000,1,1,2,38,-1,-2,-1,-1,-1,-1,0,0,0,25791,27300,26474,1574,0,1177,25791,27300,26474,0
60000,2,2,1,33,1,0,0,0,1,2,33262,33082,32746,32957,36136,35237,3230,2378,1975,6561,529,0,0
110000,1,2,2,40,0,0,0,1,1,0,43063,44852,43593,37727,34818,36262,11674,9521,4778,0,1814,10713,0
10000,2,1,2,39,-2,-2,-2,3,2,0,0,204,0,5557,4963,4969,0,0,0,479,334,1327,1
250000,2,2,2,24,0,2,0,0,0,0,224664,202143,178790,168938,162473,175545,67154,11779,46000,39626,14854,13138,0
130000,1,2,1,27,0,-2,-2,0,0,1,0,202,3,0,0,0,80,0,0,1939,1182,0,0
80000,1,2,2,36,-1,0,0,0,0,0,15340,16281,15422,14811,16816,17754,15340,3410,2384,2824,1648,1705,0
10000,2,1,2,46,-1,-2,1,0,0,0,0,0,0,0,0,2814,876,0,0,1622,633,266,0
100000,1,3,2,33,0,0,0,0,0,1,17801,17833,17957,18024,18923,19415,968,4745,4180,5368,2142,2094,0
140000,2,1,2,27,0,-2,-2,-2,0,-2,45042,0,218,0,44067,0,5809,0,0,0,7267,0,0
230000,1,2,1,31,1,0,0,0,0,0,42219,39115,37468,37712,33393,35177,0,7554,11156,8654,5663,10173,0
110000,1,2,1,21,0,-1,0,-1,-1,-1,0,0,0,0,0,43377,871,2087,1771,110,1256,43377,0
570000,2,3,1,21,-1,-1,-1,0,0,0,136283,121114,136930,145259,137974,137163,136283,121114,136930,20220,38740,25810,0
200000,1,3,1,40,0,1,2,-1,0,0,114918,105903,105660,101768,103463,105298,11116,2779,0,101768,20502,4435,0
190000,1,2,1,57,-1,0,0,0,1,-1,45381,42555,40285,43864,43947,44006,45381,1719,4868,5879,954,44006,0
100000,2,2,1,29,0,1,2,-2,0,-2,40594,45706,52269,280,52294,0,6491,3524,5548,0,2527,0,1
260000,1,1,2,31,-1,0,0,0,-1,0,89011,78272,81432,77620,80901,73895,89011,6825,14101,18096,80901,15398,0
90000,1,1,2,25,2,0,-1,0,0,-1,61364,66101,71092,67102,61726,52999,4042,8921,71092,17012,7799,52999,0
180000,1,3,2,38,1,2,-1,-1,0,1,152257,157431,148035,132978,114087,108474,14876,17928,148035,132978,6424,0,0
300000,2,2,2,41,-1,-1,0,0,1,0,0,0,0,0,54828,53985,1160,274,414,272,0,12106,0
50000,2,2,2,34,5,0,-2,0,0,-1,28132,31126,0,32084,32850,28065,0,3979,0,8795,9113,28065,1
120000,2,1,1,22,2,0,0,0,-1,0,0,0,0,73038,73053,80551,0,1024,1192,2780,73053,3296,0
10000,2,2,1,40,-1,-1,1,1,1,1,1606,1651,1613,1803,1900,2135,1617,1742,109,0,209,48,0
30000,2,2,2,24,1,1,1,-2,1,1,17803,17222,17158,0,15592,15712,1278,0,1692,0,0,1103,1
200000,1,2,2,26,0,-1,1,1,1,1,39692,38908,42172,46048,42054,41478,9942,38908,907,3414,3316,0,0
110000,2,1,2,37,3,2,-2,0,0,0,55852,52475,86,49575,50808,48820,5032,4497,0,10213,12638,4234,1
250000,2,2,1,34,0,5,-1,0,-1,0,0,0,0,0,145897,146357,1216,0,2792,171,145897,22462,1
120000,2,2,1,35,0,0,0,0,-1,-1,47046,52085,60015,58813,53052,55339,5628,3626,8463,1962,53052,55339,0
150000,1,1,2,35,1,-1,-1,-2,3,2,0,0,0,0,0,0,0,1497,2152,0,0,0,1
130000,2,1,2,38,1,-1,0,0,-1,-1,92710,86836,79759,76922,80804,72549,0,86836,5221,13259,80804,72549,1
80000,1,2,2,32,0,0,-2,-1,-1,-2,43668,47792,0,52213,48805,0,10559,8295,0,52213,48805,0,0
130000,2,1,2,48,1,2,2,-1,0,-1,64486,66702,68927,65432,71438,70070,6063,0,0,65432,15388,70070,0
30000,2,3,1,26,-1,0,3,2,2,0,15830,16919,16204,15906,14889,14175,15830,3718,1884,806,1365,3374,1
200000,1,1,1,31,0,0,1,1,2,0,127935,113337,106725,120002,124613,127305,25729,24625,4438,0,0,32540,0
160000,2,2,1,31,0,-1,0,0,0,0,20240,20079,18886,20298,23103,20592,4819,20079,3117,2196,1081,5035,0
360000,2,2,1,47,-1,0,0,0,0,0,115136,105309,102908,92488,79985,81514,115136,27380,30525,8978,7579,8365,0
200000,2,1,1,36,-1,-1,-2,-2,-2,-1,19927,18947,0,0,0,21954,19927,18947,0,0,0,21954,0
200000,1,1,1,21,-2,0,0,-1,1,-1,0,123140,119807,113267,103395,99574,0,21979,11511,113267,2766,99574,0
500000,1,2,2,27,0,0,-1,-1,1,1,364917,354404,335035,366351,330848,308525,79181,35256,335035,366351,4829,9730,1
50000,2,3,1,34,0,0,2,0,0,0,24807,28439,27587,27289,24987,24198,1018,2061,3283,4461,5544,2155,0
50000,2,1,1,50,-2,-2,-1,0,0,2,0,0,34128,35397,33017,28488,0,0,34128,9669,2870,900,1
150000,1,1,1,50,0,-1,-1,-1,-1,0,21143,19553,21859,23831,25861,25105,4921,19553,21859,23831,25861,6370,0
30000,1,1,2,25,1,0,0,-2,-2,-2,5192,5545,4843,0,0,0,0,397,1033,0,0,0,0
60000,1,2,1,29,-1,0,-1,1,1,0,9250,10236,9417,8015,9077,8562,9250,2701,9417,351,0,514,0
70000,2,3,1,27,-2,-1,0,1,0,0,111,16798,18417,18937,17851,15375,0,16798,4820,1686,4744,3784,0
140000,2,2,2,27,-1,1,0,2,1,0,72162,67447,67947,75671,76340,82267,72162,0,18997,0,0,11387,0
370000,2,2,1,39,0,-1,0,1,1,-2,0,0,0,175164,171742,0,1771,1926,1777,9233,12527,0,0
40000,2,1,1,38,-1,0,5,4,3,2,24866,28429,26217,29820,31725,35600,24866,5591,1653,0,0,1958,1
190000,2,2,1,48,-2,0,1,0,0,-1,0,38375,40218,39507,36294,37974,0,4284,2239,1232,6542,37974,0
100000,1,1,1,60,-2,-1,-1,0,-2,2,100,66796,59813,67433,0,78045,0,66796,59813,11387,0,3391,1
180000,2,2,2,34,0,-2,0,0,2,1,0,0,0,0,76479,79938,71,0,1076,1637,0,0,1
420000,1,2,1,21,-1,-1,-2,-1,0,0,197946,181207,0,170519,162548,160251,197946,181207,0,170519,36417,7308,0
120000,1,3,2,53,0,1,1,-2,-2,-1,57989,63129,54925,0,0,54853,7242,0,884,0,0,54853,0
100000,2,2,1,41,-1,0,0,0,-1,8,44080,45088,40208,36611,39785,41297,44080,11547,6158,4219,39785,4509,1
50000,1,2,1,29,1,-2,-2,2,-2,1,28004,0,0,27768,239,24453,3175,0,0,0,0,0,1
130000,2,1,2,35,6,6,5,5,-2,-1,0,0,0,60797,0,63787,0,0,0,6980,0,63787,1
170000,1,2,1,37,0,1,0,0,1,1,73183,76546,69718,67219,71816,79874,18316,1671,10326,5636,4739,4527,0
60000,2,1,1,44,-1,-1,-2,2,0,0,28523,28044,0,26987,26379,26048,28523,28044,0,3148,1145,6275,1
50000,2,1,2,27,0,0,0,-1,0,0,14309,13141,13716,15011,14973,15481,2102,2977,876,15011,3065,2300,0
200000,2,1,2,25,0,0,2,2,2,-1,115406,127645,123464,121264,115221,109692,16157,22439,9495,0,6372,109692,1
80000,2,2,2,40,0,0,0,-1,0,0,-1160,43260,43892,38668,40757,38000,522,7483,9344,38668,3727,3336,0
150000,1,3,2,38,0,-1,0,0,0,0,0,0,0,84159,87974,87748,1381,1807,1359,10374,9197,7090,1
40000,2,2,1,35,1,0,-2,-2,-1,-2,12384,12770,0,0,14495,254,0,2068,0,0,14495,0,0
110000,2,3,2,21,2,2,1,0,-1,-2,114179,103599,108183,106644,97566,0,5120,12375,7245,30819,97566,0,0
110000,2,2,2,29,0,0,0,0,1,0,46137,50472,53819,50289,46850,40160,2674,6450,3244,13296,1482,2578,0
250000,2,2,2,44,-1,-1,0,1,2,1,175546,161818,159496,163750,153292,142667,175546,161818,13619,6126,0,1913,0
60000,1,2,1,53,-1,1,0,0,-1,0,42369,40837,35112,30183,30880,31048,42369,933,6063,7765,30880,1565,0
130000,2,2,1,35,-1,-2,-2,1,2,0,58719,0,0,59216,58862,64967,58719,0,0,1956,0,4966,0
90000,2,2,1,21,1,0,0,1,0,-1,20248,18042,17458,17434,17052,14675,0,4518,1484,1997,1194,14675,0
150000,2,2,1,42,0,0,4,1,-1,5,0,0,0,0,0,133250,1450,550,0,0,948,3087,1
500000,2,2,1,41,0,2,1,-1,-2,0,0,500000,459083,414760,117,451775,1298,25177,23076,414760,0,100529,0
50000,2,1,2,37,-1,-1,0,-1,-1,-1,6042,6560,6778,7215,6860,7512,6042,6560,1748,7215,6860,7512,0
110000,2,1,2,41,-1,0,1,0,0,0,41338,39841,37084,36160,36235,38197,41338,8560,504,8246,7889,1740,0
100000,2,2,1,30,-1,-2,3,-1,0,-1,0,169,0,0,85120,78095,2664,0,0,2052,15765,78095,1
100000,2,2,2,43,0,0,1,0,1,1,69193,70298,74019,76028,68907,66323,18601,11038,0,21018,0,7685,0
180000,2,1,2,27,1,1,-1,-1,-1,0,65646,69887,68036,63847,58260,49703,6717,5836,68036,63847,58260,2462,0
90000,2,2,2,46,0,0,0,-1,-1,1,45306,47795,48106,44841,46393,48228,11516,10681,13573,44841,46393,4682,0
90000,2,2,2,45,-2,-2,-2,0,0,-1,1,266,0,34130,33908,33060,0,0,0,7472,3588,33060,0
110000,2,1,1,22,0,0,0,2,-1,0,-2504,-2487,-2616,-2246,72795,82820,1763,1100,377,0,72795,20741,0
370000,2,3,1,36,-2,-1,1,1,-2,0,0,82023,81225,86078,0,87718,0,82023,7821,1250,0,13465,0
210000,2,3,1,30,0,1,1,2,2,0,0,0,0,0,0,139423,944,0,0,0,0,19031,0
500000,2,2,2,40,0,-2,-2,1,0,2,317381,0,0,354210,358145,369033,92893,0,0,31004,69069,0,1
110000,2,2,1,38,0,-2,0,2,1,0,64371,252,64021,59907,57730,66689,2257,0,17230,6780,5621,10912,1
10000,2,1,1,37,-2,-2,-1,-1,0,0,0,0,4426,5016,4505,4459,0,0,4426,5016,199,1046,0
80000,2,2,1,30,-2,3,1,0,0,1,0,36641,37435,39097,36123,36224,0,684,4123,10373,8267,0,0
270000,1,2,1,31,-1,-1,0,0,0,1,81940,80135,76176,80318,85258,94765,81940,80135,5457,4581,7746,4491,0
20000,2,2,1,40,-2,-1,0,0,-2,2,240,13239,14133,13082,0,10823,0,13239,3854,3452,0,0,1
190000,1,3,2,40,0,-1,-1,-2,-1,-1,78740,80110,80735,0,79822,71461,11151,80110,80735,0,79822,71461,0
90000,1,2,1,42,1,1,1,1,0,0,15578,15647,16528,16551,14205,15219,701,1674,1062,354,1229,2933,0
150000,2,3,2,26,0,0,2,3,2,2,105882,93613,85846,90418,98356,88725,29598,18016,9462,8617,7929,6167,1
60000,2,1,2,34,1,1,-1,0,2,2,0,0,0,0,26282,26783,0,0,1947,1961,1339,0,0
100000,1,1,2,47,1,1,0,-1,0,0,40813,41809,46198,42539,36766,35396,3034,0,6265,42539,10078,10448,0
260000,2,2,1,21,-1,0,-1,-1,-1,-2,44202,47486,51404,56052,51187,0,44202,4939,51404,56052,51187,0,0
140000,1,1,2,48,0,0,0,0,3,1,68315,59654,63984,60308,61466,57539,16672,3074,15107,14814,5131,3536,0
250000,1,1,1,28,0,0,2,0,2,0,124845,119168,111239,109238,103747,109113,11781,28873,10793,23463,6019,28175,0
200000,1,1,2,31,0,0,0,0,-1,0,74570,67508,60349,53925,53190,50940,8122,19882,3459,1907,53190,8075,0
180000,1,3,1,41,-2,1,2,2,2,2,0,90601,86942,94302,87626,88719,0,3939,7837,5809,1949,8427,0
40000,2,2,1,38,0,-2,-2,0,0,1,11448,0,0,8475,8912,9135,2135,0,0,1701,1268,0,0
120000,2,2,2,49,-1,-1,1,0,0,0,77866,73389,73270,68625,61762,55881,77866,73389,4453,8382,2369,3989,0
100000,2,2,1,39,-2,-2,0,0,0,0,0,69,-2534,-2833,-2784,-2735,0,0,530,427,1838,1661,0
70000,2,2,2,36,1,-1,0,1,0,0,14875,14603,15208,13610,14987,12907,947,14603,3929,1158,2692,2281,0
10000,2,1,1,31,0,8,8,1,0,-2,4128,3577,3444,3647,3604,0,256,39,55,417,317,0,1
100000,2,2,1,21,0,0,0,-1,0,-1,55707,58737,57388,59566,53416,59720,11820,10390,2511,59566,9940,59720,0
100000,1,2,1,32,0,-1,-1,-1,0,0,0,0,39869,41885,37738,36732,1438,2340,39869,41885,5734,5216,0
90000,1,2,1,40,0,0,-1,-1,0,0,31283,28509,27425,28175,26142,28363,1355,3433,27425,28175,3918,2835,0
250000,1,2,1,21,0,0,0,-2,-2,0,96381,88977,93272,291,0,86515,24467,24661,6836,0,0,14375,0
140000,1,2,2,49,0,0,0,1,-2,0,96045,104876,94912,89871,0,83882,11477,10813,19128,7107,0,3683,0
100000,2,2,2,40,-1,1,1,0,-2,-2,57519,61207,58008,58195,284,0,57519,0,677,12941,0,0,0
210000,2,3,1,33,2,0,-2,0,-1,0,96199,93550,0,102958,108946,112541,1796,14815,0,18315,108946,6215,0
100000,2,2,1,31,0,2,2,2,1,2,41352,44509,45829,44664,46751,46858,7548,1368,4777,0,5445,3775,1
50000,2,3,1,46,2,2,-1,-1,0,0,0,0,47970,42437,39942,39554,0,0,47970,42437,2473,2096,1
250000,2,3,2,33,-2,1,1,3,2,-2,0,134304,122334,137222,126828,0,0,0,2417,9525,0,0,1
100000,1,2,1,38,0,0,2,-1,3,0,56442,60850,60086,61184,53031,57069,15475,6257,3182,61184,4131,15515,1
130000,2,1,1,24,1,1,1,0,0,-1,24931,22464,20237,20991,22881,21654,0,1655,890,1402,4819,21654,0
150000,2,1,1,35,0,0,0,0,0,0,83452,75010,71232,75599,85538,78538,9163,22372,18482,4638,3916,7542,0
100000,2,3,1,48,0,0,0,0,0,0,34631,34955,33757,37269,35148,34442,10080,2072,2954,3711,2589,9250,0
100000,2,1,1,38,0,1,0,-1,0,-1,16957,15082,15578,17346,16163,14791,1938,378,4106,17346,2074,14791,0
220000,1,1,2,40,2,2,0,0,0,0,113610,108789,106397,111572,120489,137593,4787,11711,5489,20093,21415,13608,0
170000,1,1,2,34,0,1,-1,2,0,-1,69193,69779,63366,63312,66424,71510,17927,0,63366,1103,2759,71510,1
180000,2,2,1,34,0,-1,-1,-1,-1,2,114422,107779,104850,116174,124991,119927,14650,107779,104850,116174,124991,10052,0
500000,2,3,1,34,0,0,0,0,0,-1,129518,123946,134791,129832,140035,147197,22747,8633,12110,27739,5063,147197,0
150000,2,3,2,41,1,0,0,-1,-1,-1,32778,33053,32317,36981,34029,33139,0,2540,3546,36981,34029,33139,0
70000,2,3,2,41,-1,-1,-1,0,0,0,39941,38304,34651,31295,32715,33861,39941,38304,34651,3517,2040,6162,0
80000,2,2,1,49,0,0,0,0,2,-1,61733,54912,53758,52865,54599,47413,16702,9674,12027,6845,0,47413,0
110000,1,2,1,30,-1,-1,0,0,0,0,44969,45467,40280,35636,32976,33176,44969,45467,9779,9985,4418,4908,0
180000,2,3,1,36,0,1,0,0,0,0,42933,37600,39304,36153,38679,42002,1686,593,8351,7742,1853,4349,0
30000,2,1,1,22,2,-1,0,0,0,0,26392,23748,25154,24386,23460,22618,816,23748,4907,3114,5081,5281,1
150000,2,2,1,39,1,1,0,0,1,0,31795,28669,29260,30421,29760,31558,3685,2218,6588,6016,3517,6671,0
80000,2,2,2,32,0,0,0,-1,0,0,51609,55529,54963,47116,46500,45167,4427,11794,9151,47116,5968,5170,1
120000,2,2,1,38,-1,0,0,0,0,0,25046,25568,26506,26763,26498,26036,25046,6017,5571,2286,7052,6464,0
160000,2,1,2,27,0,-1,-1,-1,1,0,0,0,0,0,74141,72148,1008,853,2411,452,2488,10552,0
60000,1,3,1,25,0,-1,0,0,0,-1,14204,13112,11730,10603,11386,11878,4254,13112,2235,2101,2631,11878,0
100000,1,1,1,33,0,-1,3,0,-1,0,64309,73008,72533,65793,75970,84821,17951,73008,0,6349,75970,4941,0
150000,2,2,2,31,2,0,-1,-1,0,0,75448,80638,90025,95518,80638,93656,7342,4639,90025,95518,15356,18585,1
150000,2,1,2,46,1,1,0,1,0,0,112344,122031,117378,104491,96873,91594,0,5454,33641,12297,11390,18515,0
50000,2,2,3,34,-1,-1,-1,-2,-2,-2,14534,15169,16335,0,0,0,14534,15169,16335,0,0,0,0
90000,1,1,1,36,-1,-1,-1,0,-1,0,0,0,24218,23126,21855,20857,1649,2347,24218,4824,21855,1142,0
90000,2,3,2,26,1,1,-1,1,0,1,35317,35879,39333,38293,37009,33172,3884,0,39333,0,3594,1832,0
170000,2,3,2,45,1,1,1,0,0,0,92941,94112,98181,90517,78404,83053,4428,0,0,5996,14141,5608,1
210000,2,2,2,39,-2,0,0,-1,-1,0,0,0,0,0,0,0,0,117,1959,2817,878,1633,0
50000,2,1,2,33,1,0,-1,-1,0,0,19027,16482,15513,13514,13329,13232,1671,1562,15513,13514,3963,2004,0
200000,2,1,1,37,-1,0,-2,-2,0,1,0,0,277,0,0,0,2893,1408,0,0,1490,0,0
210000,2,3,1,49,-1,0,1,0,-2,-2,112738,125918,108023,107863,123,0,112738,4595,12212,22577,0,0,0
140000,2,3,2,31,3,3,1,2,2,0,104511,101481,102262,106774,92080,90184,8498,3382,11457,8993,9360,19736,1
230000,2,1,2,38,0,0,0,0,0,0,73380,78625,78638,73400,74008,68563,8774,21836,17654,21998,9775,17848,0
200000,2,2,1,34,3,-2,-2,-1,0,0,83249,0,87,77594,75397,77046,4773,0,0,77594,15495,13213,1
100000,1,2,2,21,0,2,0,-2,-2,0,0,0,68142,0,239,73937,1633,0,10545,0,0,6128,1
220000,2,2,2,23,-2,-1,-1,-1,-2,2,0,140036,136809,140437,0,151942,0,140036,136809,140437,0,13176,0
100000,1,2,2,38,2,2,2,2,0,0,61498,56766,64990,70680,67301,61839,6581,5168,7394,3809,5262,14420,1
90000,1,1,1,31,0,-2,2,0,-1,-1,80615,49,78531,70666,79653,80261,11092,0,0,20394,79653,80261,1
80000,1,1,1,31,0,1,1,1,0,0,41918,41878,44482,40669,44101,45622,11189,4707,0,2144,6995,12978,0
170000,2,2,2,28,1,0,1,-2,-1,-2,0,0,0,0,25482,0,0,1113,0,0,25482,0,0
20000,1,1,2,43,-1,-1,0,0,-1,1,0,6447,6673,5644,5505,6058,2327,6447,1419,393,5505,0,1
170000,2,2,1,26,1,0,-1,-1,-1,0,0,86777,80059,75903,72743,67606,0,5116,80059,75903,72743,16342,0
230000,2,1,1,39,1,0,-1,-1,0,-2,101263,101259,108002,99636,89690,0,0,22039,108002,99636,15875,0,0
370000,1,1,2,47,0,-1,1,1,3,0,197155,176402,183239,201406,190826,182786,44694,176402,18079,7359,19133,35412,1
50000,1,3,2,30,0,0,8,-1,-1,0,25575,28068,25208,25340,28472,31698,6176,8346,1672,25340,28472,4966,1
230000,1,2,2,36,0,0,-2,-1,0,1,109838,114500,0,109064,101791,92166,29441,3438,0,109064,26540,2219,0
50000,2,1,2,31,0,0,-2,-2,-2,-2,0,0,0,0,0,0,1816,1252,0,0,0,0,0
120000,1,1,1,45,-1,-1,0,0,0,0,80240,83495,78122,78301,75514,70525,80240,83495,19942,4031,18584,14201,0
50000,2,2,1,48,3,0,-1,0,0,-1,29544,27428,24018,24427,26501,27235,1050,2887,24018,1205,3251,27235,0
230000,2,1,2,28,-2,-1,1,-1,0,0,0,91213,91795,99847,107123,105747,0,91213,6587,99847,8673,23319,0
150000,1,1,2,31,0,0,0,1,0,-1,60045,60139,65964,67371,73444,68038,8703,14706,4667,0,15198,68038,0
370000,2,3,1,25,0,4,1,1,1,0,255076,227714,219018,191797,173441,188841,42409,10026,23198,2339,14078,48720,1
250000,1,3,1,21,-1,0,-1,-1,0,2,203916,180065,172031,165251,160466,137447,203916,14596,172031,165251,26871,0,0
180000,2,1,2,34,0,0,0,-1,0,0,65688,68590,69893,77436,88687,90563,3730,13790,10078,77436,25249,24309,1
30000,2,1,2,33,0,1,0,0,-1,0,7334,7386,7847,7632,7916,7002,1090,323,782,1801,7916,651,0
190000,1,1,2,22,-1,0,0,0,0,0,76555,68077,73405,64567,67257,57768,76555,14460,11836,18736,8958,4491,0
10000,2,1,2,38,1,0,0,0,-1,-2,2226,2295,2180,2168,2017,0,149,190,547,488,2176,0,0
200000,2,1,2,38,0,0,-1,0,2,2,0,0,0,0,0,116969,654,997,578,20,0,8104,1
180000,2,3,2,48,-1,-1,-1,-1,-1,-1,34032,32152,33880,31514,31928,28897,34032,32152,33880,31514,31928,28897,0
180000,1,2,2,49,0,-1,-2,-1,1,-1,126699,115191,0,112947,105365,95104,27753,115191,0,112947,1628,95104,0
150000,1,3,2,35,0,0,1,-1,-1,-1,35495,35558,31639,33119,33328,34057,3445,9557,560,33119,33328,34057,0
200000,2,2,1,34,0,-1,-1,-1,2,-1,98009,92517,100415,111338,101130,104741,9377,92517,100415,111338,11466,104741,0
100000,2,1,2,43,1,0,0,0,2,0,35556,38903,42625,47541,50760,51312,976,9249,8947,7783,4213,10623,0
130000,2,2,2,47,3,3,0,-2,0,-1,110245,99196,95116,0,79863,88735,3503,1208,26962,0,7806,88735,1
160000,2,2,1,33,-1,1,0,0,0,0,69522,70614,78572,81094,86055,99556,69522,6220,19212,9617,18582,5552,0
90000,2,1,1,26,0,-1,0,0,0,0,59381,60131,59241,56591,51533,53777,4382,60131,13336,8673,9615,4259,0
300000,1,4,2,21,-1,-1,-2,-1,2,1,124232,140143,0,147879,151891,174678,124232,140143,0,147879,5945,0,0
210000,2,2,2,37,-2,-2,0,1,1,0,0,0,131036,120499,129950,125336,0,0,15695,3185,6315,22342,0
80000,1,2,2,36,0,1,0,0,1,0,29958,28122,27886,31377,29721,29752,1253,0,6710,7975,1512,3762,0
170000,1,2,2,49,0,-1,0,2,2,1,91174,90558,92822,100406,95742,96225,25965,90558,19048,6502,8349,0,0
150000,2,2,1,38,0,-2,-2,0,-1,0,31379,0,0,31099,34944,38403,5267,0,0,6297,34944,5800,0
120000,1,2,2,48,-1,0,0,-1,-1,-1,0,0,0,0,0,49097,1666,911,1006,1601,2371,49097,0
410000,2,2,1,37,1,0,0,0,0,1,0,0,160966,148220,148433,160300,0,644,44274,19477,13568,11328,0
90000,2,2,2,25,0,-1,0,0,0,-1,-4213,-4303,-4427,-4021,-4095,53368,836,1733,1266,1581,1591,53368,0
180000,2,1,2,36,-1,-1,-1,0,1,0,0,0,0,0,0,0,2182,856,551,1886,0,814,1
300000,2,1,1,45,-1,-2,-2,-2,0,-1,46608,107,222,0,59056,64218,46608,0,0,0,16203,64218,0
150000,1,2,2,47,1,-1,-1,0,1,0,52805,50909,55417,56010,51162,52968,1842,50909,55417,3194,844,12522,0
500000,1,1,1,24,-1,0,-2,-1,0,0,226332,214322,104,198033,191365,185195,226332,49704,0,198033,29388,28743,0
100000,2,2,1,30,-1,-1,0,0,0,0,0,0,0,0,0,0,575,2218,1461,169,461,553,0
90000,2,3,2,49,0,0,3,2,1,0,93575,86500,79060,77605,75132,66794,12795,4545,4456,3319,1933,8399,1
10000,1,3,1,37,-2,1,-1,2,2,3,0,-4337,-4529,4742,4813,4483,0,0,2575,329,0,302,0
50000,2,3,2,22,0,0,1,1,0,0,26325,24301,23910,23194,26409,25987,1182,3327,639,744,2092,1382,0
200000,2,1,2,28,0,0,2,2,1,0,138404,136581,125992,111018,121236,130140,4263,23410,8951,1922,3753,27009,0
50000,2,1,1,37,0,-2,-1,0,0,0,32137,0,36097,34953,35260,35320,4954,0,36097,4873,3734,6072,0
50000,2,1,2,32,-2,2,-1,-1,-1,0,11,0,0,0,0,33223,0,0,454,2330,327,8310,0
70000,1,3,2,28,-1,1,-1,0,0,0,24131,22622,23461,24191,22864,22185,24131,426,23461,2304,1453,6079,0
200000,2,1,2,46,0,0,0,-2,1,1,77131,84068,84714,0,76206,73853,23139,18891,15240,0,2653,6392,0
90000,2,1,1,46,4,3,3,1,2,0,43260,50429,44884,44603,48012,45854,0,2002,0,2901,1114,10180,1
390000,2,3,1,39,2,2,-1,-2,-2,-2,176137,198806,215139,0,0,0,15257,0,215139,0,0,0,0
270000,1,2,1,35,0,-1,0,1,-1,0,108749,115174,122417,116780,124094,115360,31323,115174,5262,1485,124094,18206,0
70000,2,1,2,33,-1,3,3,3,-1,0,-4396,-5018,-5507,-5700,44117,42489,2920,0,0,0,44117,10403,0
130000,2,2,2,45,-1,-2,-2,-1,-1,-1,27590,159,0,22897,23383,24539,27590,0,0,22897,23383,24539,0
190000,2,1,2,39,-1,-1,1,-1,3,2,0,0,0,137910,132481,131952,936,763,0,137910,8680,0,0
50000,2,2,2,35,-1,0,0,0,-2,-2,33685,30035,27467,30953,75,0,33685,4943,7795,6094,0,0,0
120000,1,2,1,34,1,0,0,-2,0,0,66824,59173,51794,0,52461,53843,2365,9504,7802,0,5619,5904,0
50000,1,1,1,21,2,2,2,0,-2,-2,45224,42952,44535,42255,145,0,1368,1740,2256,6561,0,0,0
210000,2,2,2,44,0,0,1,1,2,2,0,0,0,0,0,0,676,1585,0,0,0,0,0
80000,1,3,2,29,-1,0,2,-1,-1,-2,0,0,0,0,0,0,2128,663,0,2743,1001,0,1
300000,2,2,2,39,-1,-1,-2,-2,0,-1,174488,154004,0,0,150694,143104,174488,154004,0,0,18844,143104,0
90000,2,2,2,49,0,0,0,0,0,-1,40978,37785,35564,38443,34194,30919,11724,7986,10018,10116,4870,30919,0
120000,2,2,1,31,0,1,-2,0,0,0,78442,68204,0,79113,74653,70932,5437,7062,0,19872,21224,4219,0
100000,1,1,1,28,2,1,1,0,-2,-1,69810,64945,65983,65254,0,64585,1321,6846,6481,14264,0,64585,0
200000,2,2,2,23,-1,2,-1,-1,-1,-2,0,176942,171290,164812,147640,0,484,11064,171290,164812,147640,0,0
80000,2,2,2,48,-2,-2,-2,-2,-1,0,0,0,0,0,25030,21919,0,0,0,0,25030,1046,1
100000,2,2,1,30,0,3,2,0,0,2,69081,66771,64762,71190,69353,61270,16840,4089,0,17466,4858,0,0
180000,1,2,2,45,2,2,0,0,0,0,84399,96603,100057,104925,92259,87104,0,6563,19308,25498,4399,16871,1
70000,2,2,2,39,2,-1,0,-1,-1,0,33970,35790,38898,35661,32343,31284,2868,35790,6911,35661,32343,6696,1
130000,2,2,1,32,0,0,0,0,0,-2,38795,35044,39309,42933,42818,0,1421,3455,3599,1996,4289,0,1
170000,1,1,1,21,1,-1,0,0,0,0,67339,63476,69356,67638,76536,76740,7278,63476,10358,2267,7677,3840,1
500000,2,1,2,21,0,2,0,0,0,0,340914,347294,392029,374748,366963,321840,39906,26421,14328,49972,103800,28203,0
60000,2,2,1,27,-2,-1,0,-2,-2,-1,1,11612,11751,0,0,11771,0,11612,902,0,0,11771,0
200000,2,2,2,44,0,-1,0,0,-1,0,32903,33188,35715,35675,32788,28854,8727,33188,1572,5380,32788,5500,0
100000,2,1,2,22,0,0,0,0,0,0,18777,18173,17151,18324,16858,14910,3487,1199,5083,1839,1449,743,0
160000,1,2,2,36,0,-2,-1,0,-1,0,38944,0,37750,37100,40785,44260,5539,0,37750,6107,40785,1621,0
100000,2,1,1,43,2,-1,-1,0,0,0,80196,77010,68973,64904,60609,55846,0,77010,68973,15488,2525,15370,1
90000,1,1,2,30,-1,0,-1,-1,0,0,0,0,0,0,0,48446,319,548,2150,1681,1066,12077,0
150000,1,3,1,23,1,1,2,1,-2,0,83734,78092,80795,87226,0,97531,6090,8424,7924,7700,0,26297,0
100000,2,2,2,28,5,4,1,1,0,0,37092,41529,42091,42109,43514,40678,674,1979,4181,3484,12204,7182,1
50000,2,2,2,36,1,0,0,0,0,0,0,0,0,13128,14476,14838,0,1489,1004,3758,2070,1913,0
200000,2,2,2,30,1,-2,0,-1,-1,0,57092,0,52180,48164,42757,43640,0,0,14961,48164,42757,9267,0
100000,2,2,1,37,0,0,-2,-2,0,0,29475,26331,184,0,24126,20975,8087,7256,0,0,5528,1688,0
20000,1,3,2,41,1,-1,1,0,1,2,13392,12434,12138,11827,11018,12058,745,12434,804,3034,745,1137,1
160000,1,2,1,32,0,0,-1,2,-2,-2,144344,136234,119960,112284,0,0,33097,18620,119960,1431,0,0,0
500000,2,1,2,41,1,1,0,1,-1,-1,358631,347026,341060,389428,348630,311649,0,17329,56688,29716,348630,311649,0
130000,2,2,2,30,0,0,2,2,1,0,136500,132839,136500,130722,115784,120144,30497,18572,6272,6441,1666,8084,1
130000,1,3,1,37,0,0,0,0,0,2,54625,59027,54873,61165,65790,69697,10819,2447,3080,10433,9029,8231,0
50000,2,2,1,47,-1,-2,-2,1,0,0,17757,0,282,17614,16751,17831,17757,0,0,0,3550,3862,0
30000,2,2,2,36,0,1,0,-1,0,2,20922,23480,25746,22766,25769,24812,2637,0,6556,22766,4976,1273,1
200000,1,2,2,31,1,-2,-2,-2,3,-2,165577,0,72,0,149273,0,0,0,0,0,0,0,0
160000,2,2,2,35,-1,0,1,0,1,0,32397,36032,32036,34405,36679,32166,32397,8467,0,8266,0,7851,0
130000,2,2,2,35,2,2,0,0,0,-2,93610,87061,91298,87850,94625,265,6487,7553,19592,23635,14536,0,1
20000,1,1,2,21,0,0,0,0,0,0,0,0,0,0,0,0,1832,805,303,122,1766,1261,0
90000,2,2,1,41,2,-2,-1,0,3,3,0,73,0,48012,42870,40989,0,0,1011,9233,0,3317,0
100000,1,1,1,44,-2,-2,-1,1,2,0,0,0,38295,37000,37838,41249,0,0,38295,812,1729,6052,1
80000,2,1,1,28,0,0,0,0,-1,2,46108,43122,47537,46706,51227,55368,8119,5668,4569,10939,51227,0,1
170000,2,1,1,27,2,0,1,-1,-2,-2,83092,85632,87405,95364,0,0,4329,8426,8383,95364,0,0,0
50000,1,2,1,44,2,0,-1,-1,1,1,0,0,0,0,0,30546,0,1942,530,1089,0,2163,1
100000,2,1,1,49,1,-1,-1,2,1,0,91433,100261,87867,76342,80854,77999,8310,100261,87867,3479,0,22162,0
70000,2,1,1,36,-1,0,0,0,0,0,18400,18739,17018,17866,17218,18843,18400,4889,1230,1818,777,786,0
30000,1,2,2,41,-1,0,1,0,0,2,0,0,0,0,0,0,733,1741,0,893,909,0,0
90000,2,2,2,26,0,-2,1,2,2,2,0,0,0,0,0,0,1218,0,0,0,0,0,1
240000,2,1,1,32,1,-2,-1,0,0,2,81602,185,81715,76621,75822,77184,0,0,81715,18048,14312,0,0
220000,1,2,2,29,-1,2,0,0,0,-2,125678,114329,115287,116829,100016,0,125678,1207,26828,34938,6965,0,0
100000,2,1,2,34,1,1,0,3,2,2,0,0,0,0,0,55705,0,0,46,0,0,764,1
100000,1,1,1,40,0,0,-1,-1,-1,-1,-1790,36641,35192,36490,34252,29787,666,1479,35192,36490,34252,29787,0
10000,2,1,1,29,-2,-2,0,-1,-1,0,0,0,1628,1412,1289,1446,0,0,143,1412,2132,83,0
80000,2,3,1,32,-1,0,2,2,2,2,53470,60800,61647,63787,58753,56615,53470,11783,7138,2856,0,0,0
130000,2,2,2,21,2,0,0,0,0,0,62772,65429,68050,75351,67202,70608,6830,13198,5808,3339,2367,4030,1
80000,1,1,1,39,-1,-1,0,0,0,0,30385,32198,32351,33279,31857,34857,30385,32198,5139,5717,7037,4576,0
130000,2,2,2,45,1,2,1,0,0,2,0,0,0,0,0,44661,0,0,0,1056,537,0,0
300000,1,3,2,41,1,1,-1,1,1,1,0,0,0,0,187504,175901,0,0,289,0,16868,16277,0
320000,2,2,1,24,2,2,-1,-1,0,1,234281,219565,238777,227127,241270,244280,9578,0,238777,227127,40841,0,0
500000,2,2,1,33,0,-2,-2,0,0,0,217214,0,0,202492,187032,173238,40019,0,0,18638,21116,47446,0
100000,2,1,1,41,0,0,0,0,-1,-1,47978,52616,46664,42449,46340,44077,5480,14293,9176,12505,46340,44077,0
190000,1,2,2,41,0,0,2,3,2,1,115089,119371,115179,121331,114131,118054,15950,3730,1540,13208,2960,12125,0
150000,2,1,2,46,1,0,-1,0,-2,-1,0,0,0,0,0,62526,0,456,2257,921,0,62526,0
110000,1,1,1,36,0,-2,-1,-1,0,-1,62197,0,48007,51379,52653,55147,10508,0,48007,51379,7615,55147,0
110000,2,4,2,39,-2,-2,0,-1,0,-2,0,0,35499,33642,34126,0,0,0,7504,33642,5103,0,0
70000,1,1,1,43,-2,-1,0,0,0,0,0,35462,35925,38663,43190,37690,0,35462,9669,8183,7084,8476,0
110000,2,1,2,42,0,0,1,0,2,0,85918,80514,80152,73497,64981,68050,10931,9441,0,16734,2538,15603,0
50000,1,1,2,48,-1,-1,-1,-2,5,0,0,0,0,0,41171,38033,339,1262,1962,0,766,8014,1
270000,2,1,1,53,-1,0,0,0,-2,-1,0,0,0,79298,0,89394,1964,686,698,4949,0,89394,0
110000,2,3,1,35,-1,0,0,0,-1,0,13564,13726,13942,15211,12841,13799,13564,3219,3947,1234,12841,504,1
150000,1,3,1,35,-1,0,0,0,0,-1,0,0,0,0,65370,60257,368,902,1822,754,10851,60257,0
100000,2,3,2,46,2,2,1,1,-1,-2,81135,70996,64158,66474,65392,0,2329,0,6469,6683,65392,0,0
160000,2,1,1,32,0,0,-1,0,0,0,28119,31983,31474,33859,30592,28700,2501,7745,31474,4129,1044,4420,0
30000,1,4,2,35,0,-2,-2,-1,1,0,23850,17,0,24546,22554,22259,6245,0,0,24546,0,1075,0
90000,2,1,2,38,-2,-2,-2,0,0,2,113,242,0,65784,59327,61078,0,0,0,17466,4835,0,0
100000,2,1,2,29,-2,0,-1,0,0,-1,0,50066,47847,49065,55228,48808,0,1506,47847,5490,11112,48808,0
40000,1,2,1,28,0,-1,0,0,0,-1,18007,19637,20623,17739,15326,16039,5360,19637,858,1174,1147,16039,0
170000,1,2,1,47,0,-1,0,1,-1,-1,89654,87184,77100,87438,81941,86271,3097,87184,8220,0,81941,86271,0
560000,2,2,1,43,0,2,0,0,-2,0,222453,218547,201771,212509,219,223110,53553,0,47917,28151,0,48820,0
200000,2,1,2,43,1,-1,-1,-1,0,0,32314,34810,36771,40655,46972,43403,788,34810,36771,40655,9725,7785,0
230000,1,1,1,47,-1,0,0,0,7,8,241500,237167,216851,214062,196280,175896,241500,11999,25502,62025,17214,5085,1
120000,1,1,1,23,-1,-2,1,1,0,0,45763,35,35737,34000,35155,33615,45763,0,2361,0,8348,3964,0
230000,2,2,2,29,1,1,0,1,1,-2,74095,77731,84422,76413,70500,0,4250,8030,7184,0,4459,0,0
200000,1,3,2,41,-1,2,1,1,0,0,144837,145790,148428,155901,156612,143163,144837,3414,4597,9443,18611,27643,1
150000,2,2,2,44,-1,-1,0,1,2,1,44999,48502,51665,58318,57709,66093,44999,48502,12835,4797,5870,2890,0
80000,2,2,1,24,0,0,-2,-2,1,0,40497,35611,0,246,37335,40143,3268,1451,0,0,1046,6114,0
90000,1,2,1,38,0,0,0,0,-1,-1,0,0,30898,28759,29381,30311,1463,185,7604,4166,29381,30311,0
80000,2,2,1,45,-1,-1,0,1,-1,2,52826,59928,65605,56468,56262,60585,52826,59928,5461,1993,56262,0,0
130000,1,1,1,21,2,-2,0,0,2,-2,69479,0,77854,75547,74140,0,5541,0,22039,12924,4152,0,0
150000,1,2,2,32,0,0,0,0,-1,-1,-200,34332,35809,37467,39722,41704,676,6391,6358,10981,39722,41704,0
330000,2,1,2,43,0,2,3,3,4,4,188450,194248,203175,201591,195462,170816,14348,0,0,5861,0,20415,0
80000,2,1,2,21,0,0,0,2,0,2,0,0,51649,51279,49281,54578,874,511,6410,6102,10050,3490,0
140000,1,1,1,39,-2,-1,-1,-1,-1,0,11,71539,76022,79867,79685,82920,0,71539,76022,79867,79685,6051,0
100000,2,2,1,26,1,1,0,0,0,0,34405,37650,38328,37043,38923,33484,802,0,10454,10435,2523,5464,0
60000,1,3,1,31,-1,0,0,-1,-1,0,0,0,0,21318,22860,23068,1885,71,252,21318,22860,1808,0
200000,2,1,1,40,-1,-2,-2,-2,3,2,97378,136,0,46,91454,89307,97378,0,0,0,9119,2268,1
70000,2,1,1,40,-2,1,0,-1,-1,-2,0,0,0,0,12932,263,0,0,1144,495,12932,0,0
240000,1,1,1,32,0,2,1,0,-1,1,150566,150188,144579,167641,165021,180454,44904,7207,6414,19527,165021,16622,0
30000,2,3,2,30,0,-2,-2,-1,-1,-1,0,219,137,0,0,0,807,0,0,2125,1054,2179,0
20000,2,2,2,35,0,1,0,0,1,0,0,0,0,0,3453,3692,640,0,567,486,310,393,0
50000,1,3,1,32,-1,0,-2,1,0,0,13682,12823,0,13161,12853,12901,13682,2961,0,580,1198,3327,1
250000,2,2,1,39,0,-2,-1,1,1,0,66774,0,66036,72076,72225,80203,12624,0,66036,955,0,2885,0
150000,1,2,1,31,-1,0,-1,-1,-1,0,14874,13699,14889,16518,18300,18543,14874,464,14889,16518,18300,5243,0
100000,1,2,2,33,0,0,1,-2,-2,-1,89164,82844,73397,0,0,71288,16222,23739,1863,0,0,71288,0
240000,1,3,2,43,0,0,0,-2,-2,0,0,0,92280,0,258,99241,1760,576,26929,0,0,15106,0
100000,1,2,1,28,-2,2,-1,-1,-1,-1,0,86302,84936,79216,69536,69744,0,9763,84936,79216,69536,69744,0
190000,1,1,1,21,-2,-1,-2,0,-2,-1,176,25826,96,27890,0,28880,0,25826,0,8352,0,28880,0
140000,2,2,2,27,-1,1,0,0,0,0,0,0,0,52643,46169,50851,2807,0,1680,11236,2932,9818,1
310000,2,1,2,35,0,0,0,1,0,0,133499,129682,147045,132873,125845,116474,6371,6491,36350,7427,18424,33452,0
160000,2,2,1,28,-1,-1,-1,-1,0,0,0,0,0,0,0,54098,2420,499,2546,960,394,13525,0
50000,1,1,1,33,1,-2,-1,-1,-1,-1,24761,0,21192,21219,19184,22191,263,0,21192,21219,19184,22191,0
110000,1,2,2,21,0,0,0,-1,0,0,33976,30727,27923,26097,25644,24850,4243,2760,6484,26097,5822,3973,0
230000,2,3,2,36,0,-1,0,0,1,2,153687,162757,142787,140446,147189,144516,16523,162757,40015,26326,1741,12330,1
160000,2,2,2,36,-1,2,0,-1,-1,2,72259,75653,82544,85259,92713,95860,72259,3483,9912,85259,92713,10985,0
100000,2,1,1,25,0,0,0,-1,-1,0,0,0,0,13545,12524,11701,524,912,1326,13545,12524,2947,0
120000,1,1,2,29,0,-1,0,1,1,0,81812,72171,63488,69187,66270,64392,14175,72171,6463,1826,0,7256,0
110000,2,2,1,39,-1,0,2,0,0,0,0,0,0,70636,69156,70896,1233,1603,0,5902,5734,12554,0
320000,1,1,2,37,2,-1,0,0,0,0,214968,203815,186535,192715,179549,174725,0,203815,15845,21981,7493,37041,1
120000,2,1,1,51,1,0,0,-1,1,0,22103,22258,25415,23823,22763,25811,2190,6238,2357,23823,754,7578,0
190000,2,3,2,24,2,0,-1,2,-2,-1,141785,134382,136497,125018,0,127090,7270,4726,136497,8047,0,127090,1
50000,2,2,1,41,-2,-2,-2,-1,-1,0,0,46,112,0,22380,21436,0,0,0,2954,22380,5787,0
50000,1,1,1,37,-2,-2,-1,1,0,-1,0,0,31275,31910,27329,28998,0,0,31275,2854,4129,28998,0
150000,1,1,2,41,1,-2,1,0,4,0,121568,0,114032,105100,103161,113010,0,0,0,9451,11301,7105,0
260000,1,3,2,43,-2,-2,-1,-2,1,-1,87,0,143176,0,147506,150283,0,0,143176,0,9801,150283,0
300000,2,2,2,55,2,2,2,2,2,2,274115,250333,221943,203112,172954,152640,29199,27412,18237,0,0,11108,0
50000,2,3,2,25,0,0,0,0,0,0,21902,19385,18241,16750,15143,15721,1324,902,3373,3241,4356,1804,1
200000,2,3,2,21,0,1,1,0,1,1,0,0,58050,53554,55000,59481,1910,0,0,9529,2421,874,0
90000,2,2,2,21,1,0,-2,2,1,0,45726,50642,0,58026,52719,48302,0,6961,0,6448,3594,2737,0
220000,2,1,1,23,0,1,0,0,0,1,90700,93810,92900,99246,86954,81785,5251,4218,22139,17536,3172,5762,0
10000,2,2,1,33,-1,-1,0,0,0,0,1631,1718,1640,1565,1759,1795,2487,1718,184,86,158,459,0
500000,1,3,2,40,0,0,-1,-2,-2,-2,334367,323602,295679,0,0,0,38464,35742,295679,0,0,0,0
50000,2,2,1,21,0,0,1,1,0,0,14839,13711,14245,15262,14891,15239,1996,3375,0,229,683,4298,0
120000,1,3,2,23,-2,-1,1,-1,1,0,0,14410,14438,15764,16234,16464,0,14410,1216,15764,950,705,0
190000,1,2,2,31,0,0,0,0,0,0,102188,109967,108034,110348,107244,100438,23891,18969,31436,13755,21719,20622,0
90000,2,2,2,31,0,0,0,0,0,0,40518,41833,40733,40211,40122,37746,7898,6532,6835,2677,8656,3857,0
130000,2,2,2,37,2,0,0,0,-2,0,93424,86504,91178,81107,245,82403,9964,13277,24026,11900,0,2594,0
50000,2,3,2,32,-2,-1,0,0,0,-1,197,0,24012,25485,22032,20049,0,758,3700,2167,5954,20049,0
240000,1,2,2,38,2,0,-1,0,0,0,106133,97621,86297,85761,86311,78492,0,5820,86297,8918,22685,17442,0
30000,1,3,1,22,1,-1,-1,0,0,0,9137,9995,9963,9191,8398,7925,433,9995,9963,1397,493,1610,1
50000,2,3,2,23,2,-2,-2,-1,-1,-1,40698,0,0,38128,36172,35610,1513,0,0,38128,36172,35610,1
120000,2,2,2,26,0,0,-2,-2,0,-2,46391,48025,0,166,38357,0,3869,9438,0,0,9978,0,0
100000,2,3,2,37,-1,0,-1,-1,0,-1,34726,35664,35087,34803,36506,32983,34726,2322,35087,34803,4707,32983,0
30000,1,4,1,27,-2,1,1,0,0,0,0,7753,8164,8212,7713,7552,0,643,139,1633,479,564,0
50000,2,3,1,45,1,1,-1,-1,-1,-1,21378,20374,19540,21356,20266,18923,1296,0,19540,21356,20266,18923,0
180000,2,2,1,23,2,2,1,0,0,0,189000,189000,170495,159641,151802,162739,21371,12364,19937,35308,21967,29518,0
110000,2,1,2,40,-2,2,1,2,0,0,0,0,49756,46326,42905,39504,0,0,5411,524,8405,5509,1
80000,2,3,2,35,1,-1,0,0,1,0,21048,20375,18624,19291,21095,23357,215,20375,5003,3188,1991,1014,0
100000,2,2,2,21,0,0,-2,0,0,0,36979,41603,0,34710,32160,32022,8178,4033,0,7916,6453,2214,0
150000,2,3,1,28,0,-1,0,0,0,2,114543,114581,99594,105020,109756,98448,16359,114581,12286,27400,29373,4836,0
200000,2,2,2,23,0,-1,-1,-1,0,1,53675,48309,42819,37931,36737,34319,12690,48309,42819,37931,1572,3328,0
140000,2,1,1,25,1,2,2,1,1,0,87627,94450,94480,100413,103447,102984,0,5567,7221,9969,5997,10758,0
270000,1,1,2,29,0,-1,-2,1,0,0,139030,128235,0,116673,124553,132583,36716,128235,0,9746,26847,34964,0
110000,2,2,2,50,-2,-2,-1,-1,-2,-1,0,0,18274,18423,0,16575,0,0,18274,18423,0,16575,0
200000,2,2,2,22,0,0,-1,-1,-1,-1,0,0,84498,83127,88974,96667,1475,1097,84498,83127,88974,96667,0
200000,2,3,2,38,0,0,0,-1,0,2,160744,143276,152208,143060,125332,123756,40406,35337,13110,143060,35031,0,0
220000,2,1,2,30,0,0,0,1,1,0,0,0,0,85361,78817,91881,807,1108,1209,0,0,25407,0
110000,1,2,2,39,0,-2,-2,1,0,0,0,84,0,0,0,85397,1677,0,0,0,1969,19967,0
340000,2,3,2,37,0,1,1,1,0,0,130837,118097,125517,128677,119288,130055,28915,10376,4559,12840,33794,11937,0
100000,2,2,1,35,-2,-1,2,0,-1,-1,249,36338,33153,33142,36310,38491,0,36338,474,4373,36310,38491,1
40000,1,1,2,35,0,-1,-1,0,1,1,16807,16450,16040,14816,15811,16270,1692,16450,16040,1149,1417,941,1
290000,2,1,2,30,0,-1,0,-2,0,0,78528,74878,77557,195,76290,83603,21874,74878,22532,0,8949,20370,0
190000,2,2,1,30,0,0,0,-2,0,0,0,0,0,0,60498,67925,1367,819,1307,0,14846,15607,0
190000,1,2,2,45,2,1,0,0,2,0,122474,111663,98615,93443,101818,94114,1469,8773,27467,16659,3130,22663,0
260000,2,3,2,27,2,1,2,2,3,0,0,201094,217647,212354,183801,168821,0,8737,15581,18444,19678,12383,0
180000,1,2,1,30,-1,2,2,-1,-1,-1,108734,116778,104451,90973,88682,87970,108734,1759,8623,90973,88682,87970,0
150000,2,2,1,45,2,2,1,0,0,0,0,66721,69789,69075,67128,75320,0,4925,4560,10618,4088,17714,1
150000,1,1,1,29,-1,-1,1,0,0,0,69864,69393,64154,61308,66207,73997,69864,69393,1014,8371,4117,5790,0
50000,1,2,1,21,4,0,0,1,0,-1,43706,38585,38858,37651,35992,36737,0,3024,6283,0,3249,36737,0
190000,2,1,1,33,0,0,0,1,1,0,38281,34145,32400,33297,33405,34085,4415,5906,1585,767,1389,8305,1
70000,1,3,1,32,-1,2,0,0,0,0,33049,38159,37505,42929,42386,44981,33049,0,8466,9646,5991,11252,1
260000,2,2,1,31,-2,1,0,0,0,1,0,72099,80699,82208,77855,73984,0,3528,7169,8879,4225,0,0
70000,1,2,2,32,4,0,0,-1,-1,7,48290,51673,45301,42130,38527,33947,1522,11418,12907,42130,38527,0,0
200000,2,2,1,32,-1,1,1,1,0,0,30343,29853,32328,31830,35739,36501,30343,342,854,1098,8459,9274,0
20000,2,2,1,35,0,3,3,0,1,1,0,0,0,0,0,7379,1344,0,0,59,0,230,1
120000,2,3,1,45,-1,-1,2,0,0,0,0,0,0,80760,75324,69812,1355,2324,0,2555,3563,17814,0
80000,1,2,2,22,1,0,0,1,0,0,41757,35416,36517,39927,37268,39660,4693,5852,3439,1716,3679,1558,0
100000,2,3,1,43,0,0,0,-1,-1,0,13696,12932,12588,12898,11358,12281,3269,1506,1105,12898,11358,696,0
80000,2,4,1,36,-2,-2,0,0,0,-1,0,0,31253,32268,30148,27740,0,0,6330,2587,6748,27740,0
150000,2,2,2,30,-1,0,0,1,0,0,0,0,0,23148,25431,24776,2553,1670,291,1591,5496,3888,0
180000,2,2,2,39,-2,-1,0,-1,0,2,0,83278,79287,72973,63722,59902,0,83278,20182,72973,9091,5105,1
90000,2,1,1,51,0,-1,0,-2,-2,0,70513,61067,56275,0,0,47921,6098,61067,11511,0,0,7065,1
210000,2,3,1,41,0,0,0,0,0,0,147033,156662,159458,136839,131166,129724,30183,27324,16219,4320,26779,24676,0
50000,2,3,2,42,0,2,2,1,0,-2,17434,19549,19759,22164,23225,0,3987,251,0,529,2523,0,1
130000,2,3,1,36,0,0,-1,0,0,0,30002,27332,24573,25087,24724,25484,4534,879,24573,4044,4760,2820,1
110000,1,1,1,24,1,0,1,0,-2,1,0,0,0,0,0,0,0,1144,0,1997,0,0,0
80000,2,2,2,42,-1,-1,-1,-2,-2,-2,12740,13974,14410,0,0,0,12740,13974,14410,0,0,0,0
80000,2,2,2,38,-1,0,-2,0,2,2,54028,51229,0,51764,53481,48492,54028,13078,0,9030,1241,0,0
150000,2,2,2,34,0,0,-1,-1,0,-1,39127,33652,35708,40120,42757,47644,1707,6787,35708,40120,9637,47644,0
90000,1,1,1,39,1,2,1,1,0,0,60135,55119,57304,51599,57205,60699,2531,1097,4128,1912,13532,12168,1
140000,2,2,1,38,1,1,0,-2,-1,0,45058,42492,44309,0,40439,43393,0,4184,9112,0,40439,8265,0
120000,1,3,1,39,0,0,0,-2,0,-1,52560,51166,54759,0,63875,67371,6359,8509,10867,0,13670,67371,0
100000,1,2,2,21,1,0,-1,-1,2,0,61098,57540,54853,48922,50250,54429,3212,16813,54853,48922,1133,12327,0
160000,2,2,3,42,-1,-1,1,0,0,-2,0,0,0,0,0,0,862,2560,0,1467,422,0,0
160000,1,2,2,25,-1,0,0,-1,0,2,132701,119614,124877,107565,118382,113552,132701,31497,34019,107565,19960,0,0
200000,1,2,1,27,0,0,0,2,2,1,52735,58252,54322,59835,62894,67058,12419,4671,9556,4249,3344,0,0
140000,1,2,2,27,0,-2,-1,1,-1,-1,39905,102,41331,45476,48901,54472,7735,0,41331,2144,48901,54472,0
290000,2,1,1,37,0,0,-1,-2,-2,-2,0,0,0,0,0,0,1137,525,1464,0,0,0,0
110000,1,2,2,46,1,-1,0,0,-1,0,12314,13010,13278,14264,14027,14908,476,13010,666,3414,14027,965,0
110000,1,1,2,48,-1,-1,1,1,-1,1,36758,34119,31342,32391,29722,29300,36758,34119,2001,1445,29722,524,0
200000,2,1,1,30,0,-2,0,1,0,0,0,0,72811,73423,66474,62318,1593,0,7336,6679,7506,2083,0
100000,2,1,1,50,0,0,0,-1,-2,-2,46672,46507,42243,39590,7,0,9238,7080,10915,39590,0,0,0
300000,2,2,2,36,-1,0,0,-1,1,0,0,0,0,0,0,0,2241,1343,1154,163,0,1075,1
20000,1,1,1,52,-1,1,1,0,0,3,-5482,-5250,-4886,-4369,-4340,-3799,2243,0,0,185,750,0,0
80000,2,2,2,40,2,-1,-1,-2,-2,-1,80574,77816,69596,0,0,62828,8891,77816,69596,0,0,62828,1
30000,2,2,2,29,-1,-1,1,0,-1,0,0,0,0,0,0,10338,495,1298,0,1251,2293,1038,0
170000,1,4,2,21,2,0,0,-1,2,0,90731,89948,95058,95093,96959,101750,9991,11048,27858,95093,9007,8838,0
150000,1,2,1,49,-1,0,0,1,0,0,0,0,0,27205,26785,24043,275,143,1605,0,5449,6136,0
30000,2,1,1,21,0,0,-2,-2,0,3,17517,16559,0,0,16815,17280,2781,3125,0,0,1675,208,1
200000,2,3,2,21,-2,2,0,0,0,-2,110,101157,92670,85322,92442,0,0,6826,3127,9646,20844,0,0
130000,2,2,2,21,-1,0,0,-1,0,0,25053,27779,26181,25441,23955,23949,25053,4218,3995,25441,4065,6141,0
90000,2,2,1,26,-1,0,1,-1,-1,1,13624,12410,13401,13125,14382,14789,13624,559,426,13125,14382,0,1
130000,1,3,1,21,-1,0,0,0,0,0,-2408,-2449,-2157,37660,34059,37004,2654,1495,693,7180,5318,9260,0
140000,2,1,2,34,0,0,0,0,0,0,55212,53785,58314,55893,57265,50779,5935,14158,9371,7398,12557,6112,0
150000,1,2,1,45,0,0,1,8,8,0,105349,103247,102451,105176,94833,101831,20472,16627,5751,2643,0,8401,1
220000,2,3,1,35,-2,0,0,0,0,-1,296,81736,74353,63667,69917,73038,0,6190,3193,5839,11404,73038,0
230000,1,2,2,26,-1,-2,2,1,0,1,172186,239,162879,175107,151078,143686,172186,0,0,4443,4715,15954,0
100000,1,2,1,45,0,1,1,-1,-1,2,58024,63805,62377,68447,60997,57287,6173,6468,0,68447,60997,3506,1
80000,1,2,2,31,-1,-2,0,0,0,2,56598,0,54855,57280,55749,58559,56598,0,1933,2722,1754,1965,1
100000,1,2,1,31,1,1,1,2,0,0,0,0,0,0,0,0,0,0,0,0,1178,406,0
170000,2,2,2,38,0,-1,1,-1,0,0,53458,58531,52689,54483,50083,51380,11061,58531,988,54483,2945,9406,0
120000,1,1,1,34,-1,2,2,2,-1,0,52891,48779,51343,52953,49850,48095,52891,621,3861,2943,49850,8271,1
140000,1,1,1,38,0,0,-1,-1,-1,0,43794,43203,39403,43689,46358,45468,12196,11156,39403,43689,46358,2036,0
210000,1,1,2,29,-1,-1,-2,-1,-1,-2,17388,16172,0,15262,15163,0,17388,16172,0,15262,15163,0,0
120000,2,2,2,34,0,0,1,1,0,-1,79603,78790,69363,63208,61495,61426,17948,5149,923,7549,15116,61426,1
100000,1,2,1,36,1,0,0,1,0,0,17117,17484,16210,15015,14345,13369,1736,2978,1894,1569,3247,1769,0
50000,2,1,2,36,0,0,1,1,0,0,27788,25700,23160,21622,20327,18343,2349,5371,555,999,688,1322,0
200000,2,2,2,32,-1,-1,0,0,0,0,65705,65604,69894,71675,71638,67398,65705,65604,18636,20662,18086,14308,1
80000,1,1,1,30,-2,-2,-2,2,0,0,0,0,0,-2942,60751,68023,0,0,0,0,8685,14900,0
230000,1,1,1,25,1,0,-1,1,-2,2,123282,111547,122186,118355,0,137006,13908,28494,122186,1977,0,10980,0
100000,2,2,1,39,1,1,0,1,0,-1,57396,59539,54442,49518,49619,47355,5259,5333,11019,1118,3665,47355,0
110000,1,1,1,24,0,0,-2,-1,-2,0,32701,30191,204,30282,0,30179,3280,2453,0,30282,0,5907,0
270000,1,2,1,21,2,0,2,2,1,1,178451,171782,155836,138644,153229,142829,9895,36111,11961,14960,0,16640,0
160000,2,2,2,37,-1,-1,-2,-2,-2,0,20255,21899,0,0,0,21946,20255,21899,0,0,0,5200,0
80000,2,1,2,54,0,0,0,0,0,-1,41300,37845,42458,38477,39273,40430,8986,7243,6043,2390,8214,40430,0
20000,1,3,1,25,0,1,0,1,2,2,20374,17618,18100,16874,15010,14053,2544,246,3318,256,1589,0,0
190000,1,3,2,42,0,-2,-1,-1,0,0,52532,0,45322,39179,36389,36506,12039,0,45322,39179,10087,5623,0
200000,2,2,2,41,0,0,2,1,-2,-2,74727,73913,83825,82635,122,0,20561,20801,0,9616,0,0,0
90000,2,3,1,25,-1,-1,-2,-1,-1,-1,14000,14876,0,15175,15738,16394,14000,14876,0,15175,15738,16394,0
120000,2,1,2,31,-1,-1,0,0,0,-1,30545,32228,31847,33997,37221,37789,30545,32228,6788,9481,1283,37789,1
110000,1,1,1,21,0,0,0,2,-1,-1,59424,61806,64650,72090,69826,64311,17732,10453,9624,6485,69826,64311,1
120000,1,1,1,38,2,2,0,0,0,0,50372,51112,53707,50544,51483,56751,0,6064,9826,14760,3793,8723,1
80000,2,2,1,42,2,1,0,-1,1,1,0,0,42865,43660,47973,42605,0,0,5917,43660,0,0,0
50000,2,2,2,34,0,2,-2,0,0,0,25480,24008,110,23061,21113,19519,4684,659,0,2617,4225,3598,0
270000,2,3,2,55,0,0,0,2,1,0,130804,123387,120085,127708,124536,117177,36782,13234,30928,0,6000,19648,0
120000,1,1,1,22,0,0,-1,-1,0,0,50820,49514,54921,50031,53056,54379,9969,8619,54921,50031,14600,4653,0
70000,2,3,2,33,2,0,0,0,-2,0,41874,40652,37527,33515,0,33482,2274,11666,6839,3589,0,3695,0
230000,1,2,2,35,0,3,2,0,0,0,0,0,0,0,228426,194590,1736,0,0,542,61352,18687,1
150000,1,1,1,44,2,2,-2,-1,1,-1,109933,108378,0,105725,93112,81734,0,3773,0,105725,5838,81734,0
60000,1,3,1,42,-1,-2,0,0,-2,-1,-498,202,22100,20404,255,18130,482,0,1868,4662,0,18130,0
160000,1,1,1,32,0,1,0,0,0,-1,93287,85646,79230,75352,76157,78160,8114,0,10385,16472,13838,78160,0
90000,2,3,2,56,0,0,1,1,2,0,55521,51798,57791,54870,53883,56150,7132,3322,4722,0,1770,8488,0
150000,1,3,2,49,-1,0,2,2,-1,-1,-1717,-1774,-1734,-1513,-1397,81147,1925,245,0,0,955,81147,0
350000,1,1,2,37,-1,0,0,-1,0,2,156303,150201,161890,166103,150601,154903,156303,44363,32622,166103,21594,2024,0
90000,1,2,1,30,2,2,1,0,0,0,79841,70605,68520,72078,64428,61270,0,2918,5047,4621,15646,14212,0
260000,1,1,1,24,0,-1,-1,-1,0,0,212619,215439,189943,194837,183297,169841,36468,215439,189943,194837,46850,13951,0
60000,1,1,1,30,-2,0,1,1,0,0,0,13021,13667,14184,13748,14154,0,2571,0,1607,2281,3447,0
270000,1,2,2,21,1,1,4,4,3,2,148229,160387,157984,175669,163795,155287,2746,12625,5744,5488,4368,0,0
120000,1,3,1,40,0,-1,-2,0,0,0,47139,48014,0,51785,46077,42383,10002,48014,0,5323,9135,7149,0
80000,1,2,1,32,0,1,1,1,1,0,38145,34755,36449,38811,43097,46609,9989,0,0,3072,3229,6391,0
10000,1,2,2,59,-1,1,1,0,-1,0,0,0,0,0,-4024,-3726,1538,0,0,260,245,1108,0
150000,2,1,1,35,0,0,0,-2,-1,1,26381,29734,29929,0,29654,31756,6524,1332,3574,0,29654,0,0
130000,2,1,2,33,0,0,-1,0,1,0,71514,64103,65545,64417,64439,67652,18550,15757,65545,13508,0,17113,0
180000,1,1,1,32,1,0,0,-1,1,0,92786,106221,108468,114778,114390,101166,0,22300,11650,114778,0,14769,0
30000,1,2,2,33,0,-1,0,1,1,-1,14498,14802,15081,13196,12243,11823,946,14802,4368,1528,520,11823,0
100000,1,1,1,23,-2,-1,-1,1,0,0,0,30866,32726,33754,36445,37356,0,30866,32726,2795,2417,4114,0
110000,2,2,1,37,1,-1,0,-2,2,3,53702,54615,52310,0,44176,48660,1201,54615,8397,0,3545,4437,0
10000,2,1,2,31,-2,-2,-2,0,0,0,262,0,0,2912,3332,3533,0,0,0,776,320,262,0
150000,2,1,2,26,0,2,1,1,1,0,57133,57351,49743,52856,54633,48721,8920,2697,736,2563,714,13811,0
150000,1,3,2,21,0,0,2,2,0,2,0,0,0,141868,124896,112657,386,766,0,9314,31407,5100,0
80000,1,1,1,27,-1,-2,0,-1,0,0,0,0,43592,47654,48772,41587,1334,0,2964,47654,2700,3928,0
230000,1,1,2,31,0,0,0,0,-2,-2,0,0,0,34179,0,0,113,277,1623,1997,0,0,0
140000,2,1,2,24,0,1,-2,0,-1,-1,38879,43692,0,41089,41785,44943,7113,0,0,9417,41785,44943,0
100000,2,2,2,43,0,-2,0,-1,0,0,17941,0,17403,16202,16157,15436,4815,0,4831,16202,1416,2156,0
110000,2,1,2,30,-1,-1,0,0,-1,0,78785,86501,78935,69210,74480,71906,78785,86501,17105,18624,74480,12176,0
60000,1,1,1,35,0,-1,-1,0,0,0,26445,23726,27530,28054,25428,25361,1818,23726,27530,2501,4784,5722,0
120000,2,3,2,29,-1,0,-2,-2,2,2,45616,41725,0,218,44665,47177,45616,1313,0,0,1282,3427,1
120000,1,1,2,33,-2,-1,2,-1,-2,-2,0,0,0,0,218,0,0,436,0,357,0,0,0
140000,1,1,2,38,0,0,-1,0,0,2,52589,47675,48921,51858,50693,54393,8446,5282,48921,13126,8070,0,0
80000,2,1,1,34,-1,-1,1,2,1,1,58755,54396,53166,49563,47644,45855,58755,54396,5222,1399,4025,1354,0
50000,2,3,1,24,0,-1,-1,-1,0,0,23708,23927,22505,21197,20363,19950,1450,23927,22505,21197,2725,4381,0
90000,2,2,2,21,0,0,0,0,-1,0,18330,15959,16816,15904,15475,15204,4784,2719,1608,4372,15475,2176,0
50000,2,2,2,45,2,-2,-2,1,0,1,49175,0,0,40509,38255,40240,2438,0,0,0,6248,2753,0
50000,1,3,1,22,-1,-2,0,0,3,2,29457,0,29613,33797,32637,29960,29457,0,6567,8895,3041,0,1
170000,2,2,2,45,1,1,0,-1,0,0,78359,75256,78710,82276,85220,77242,4307,6315,8908,82276,7773,15303,0
80000,2,2,2,42,0,1,1,0,1,-2,42289,46939,48465,46224,49442,0,1572,1934,0,6319,3414,0,1
130000,2,2,1,62,-1,-2,0,-1,0,0,31103,0,26584,25705,27613,28891,31103,0,1065,25705,1401,1346,0
160000,2,2,2,43,0,3,0,0,0,0,69061,75785,82537,78951,77430,85248,9624,0,22321,21702,6656,7615,1
140000,1,3,2,43,1,-1,-1,-1,0,1,78883,76072,72023,75320,70607,70585,4077,76072,72023,75320,4041,4120,0
50000,2,2,2,28,-1,-1,1,1,-2,0,0,0,0,0,0,16049,1986,2717,0,0,0,3162,0
200000,2,2,1,52,0,0,0,0,0,0,66621,60606,67341,69989,80133,72801,2319,9270,2158,12036,20535,6387,0
340000,2,1,2,44,0,0,1,0,0,-1,225547,211971,220274,232243,206923,226771,12965,39898,12378,39840,45836,226771,0
140000,1,1,2,30,-2,-2,-2,-2,-2,-1,14,0,238,90,0,12152,0,0,0,0,0,12152,1
200000,1,2,1,30,1,0,0,0,-2,-2,108741,103566,92980,93255,129,0,0,8740,27638,8457,0,0,0
100000,2,3,2,46,0,2,1,-2,-2,-2,65683,72266,66230,0,0,0,8591,0,4178,0,0,0,1
20000,2,3,1,45,2,-2,0,2,1,0,9577,50,8897,8650,7912,8389,652,0,334,571,523,1808,0
140000,1,1,2,24,-2,-2,-1,-2,0,0,0,0,23924,0,26468,25939,0,0,23924,0,2019,3500,0
200000,2,3,2,51,0,-2,-2,-2,-2,-2,0,0,15,0,0,0,547,0,0,0,0,0,0
100000,2,2,2,29,-1,-1,0,0,0,-2,38258,40958,37554,38376,42379,0,38258,40958,9482,2389,6245,0,0
210000,2,1,2,30,0,-2,4,4,4,4,129633,0,116758,101958,107951,104236,17067,0,0,9317,7229,1204,0
80000,1,2,2,33,1,1,3,3,-1,0,79219,75272,80061,72569,73112,65754,0,0,5337,6908,73112,12247,1
80000,2,3,1,38,-2,1,0,2,-2,-1,0,33718,32271,33532,0,33335,0,1247,8571,0,0,33335,0
110000,2,2,1,25,0,0,0,0,0,2,0,81029,90132,77700,85257,86439,1034,13002,19808,6905,18928,8929,0
230000,2,1,1,27,0,2,0,0,0,0,140668,134551,127545,136701,129235,132668,21151,3680,9021,12737,29160,36861,1
100000,1,2,2,43,-2,-2,2,1,0,0,0,256,0,0,0,0,0,0,0,0,1943,188,0
200000,1,2,1,40,-1,0,0,0,0,2,0,0,110542,124072,133917,142579,1864,1838,20655,13440,33875,1479,1
150000,2,2,1,38,0,0,0,0,0,0,52612,49772,54472,50082,49916,54785,9203,9004,6701,7859,11505,9492,0
70000,1,3,1,26,-1,-2,-1,0,2,-2,54169,273,53035,56497,60082,63,54169,0,53035,4224,0,0,0
150000,2,2,2,31,0,0,0,0,-1,0,0,0,0,0,0,71450,1991,1079,969,1340,1961,5520,0
130000,1,3,2,34,-2,-2,0,0,0,0,137,0,0,0,0,25116,0,0,321,1242,1993,6048,0
10000,2,2,1,29,0,0,1,1,0,2,4808,4948,4655,4875,4539,4422,333,662,0,0,264,241,0
50000,1,2,2,32,-1,-1,-2,1,2,2,33505,34882,97,37064,34959,31286,33505,34882,0,3424,0,992,1
230000,2,1,2,32,1,-1,2,-1,-1,-2,67143,60092,65970,75006,86024,0,5795,60092,7306,75006,86024,0,1
160000,1,2,1,41,2,2,1,0,0,-1,0,0,66419,64785,72155,63632,0,0,6367,15963,21386,63632,0
210000,2,2,2,31,1,0,-1,-2,-2,-2,74977,83176,84912,156,0,0,8325,9913,84912,0,0,0,0
90000,2,3,2,40,-2,-1,-1,-1,0,-2,0,22269,24142,23457,22903,0,0,22269,24142,23457,6005,0,0
240000,2,2,2,46,1,5,4,4,-2,0,135937,129412,141571,154981,0,167483,0,15373,6717,16904,0,28787,1
100000,2,1,2,38,0,0,0,2,1,0,0,0,0,0,0,61615,1510,524,1021,0,0,4684,1
350000,2,2,1,28,2,2,-1,-1,0,-2,260188,238987,209938,227384,210438,0,23304,0,209938,227384,43934,0,0
100000,2,2,1,27,1,0,0,-1,0,0,49616,44278,40106,42293,40758,42247,0,7083,2345,42293,1471,8335,0
150000,2,3,1,34,0,0,0,0,0,0,62787,61095,59233,57251,54696,51603,5762,6730,4788,10983,3934,12711,0
100000,1,3,1,23,0,0,0,-1,0,-1,0,0,0,0,0,0,1502,1980,464,2337,1488,2581,0
60000,2,1,2,44,2,2,2,2,0,0,34301,36925,36227,32832,30487,33469,862,1132,3917,0,3054,8863,0
70000,2,2,1,49,2,2,0,0,2,0,0,0,28208,27710,29022,28423,0,0,2201,4438,808,1470,0
520000,2,2,1,30,-2,-2,-2,1,0,0,228,137,0,142978,129967,122368,0,0,0,4203,29207,27500,0
180000,1,3,1,37,0,-1,-1,-2,-1,-1,29598,30155,28161,0,30312,32155,1383,30155,28161,0,30312,32155,0
160000,1,2,1,21,0,-1,1,3,3,2,145927,149850,146488,134588,133692,153045,13106,149850,3532,11755,0,15800,1
80000,2,2,2,26,0,-1,-1,-1,0,1,0,0,0,0,14443,15656,572,150,1855,970,4328,1538,1
100000,2,1,2,36,-1,-1,1,0,0,0,48991,48241,48614,46222,43795,40593,48991,48241,0,13472,7254,10023,0
110000,2,1,2,29,2,2,1,0,0,-2,99497,94285,81919,88317,92141,0,1847,1662,4244,5847,10707,0,0
170000,2,2,1,52,0,0,2,-1,-1,-2,0,0,0,0,0,102,1919,774,0,1399,320,0,0
140000,2,1,1,32,-1,0,-1,0,-1,0,94676,93537,93126,87021,81428,79531,94676,15072,93126,12429,81428,4486,0
130000,2,1,2,38,0,0,0,0,0,0,16431,14198,15289,15363,15629,14505,2195,3393,1999,2023,752,2838,0
290000,1,2,1,41,-2,-2,-2,0,0,0,0,0,124,208374,231018,201034,0,0,0,22355,58918,30481,0
160000,2,2,1,29,1,-1,-1,-1,2,1,0,0,102001,93335,89143,87506,0,2501,102001,93335,6979,0,0
130000,2,3,2,47,0,-1,-1,-1,1,0,22615,22830,25687,26739,30411,26780,4774,22830,25687,26739,1802,4329,1
150000,2,3,2,27,0,2,2,2,1,2,129319,133825,120822,127590,143424,130987,8554,15485,9084,6513,4584,0,0
210000,2,2,1,34,-2,-2,-2,0,0,0,149,0,0,32859,34834,37825,0,0,0,8615,1101,3968,0
280000,2,2,1,28,-1,-1,-1,0,-1,0,80232,71132,67587,60402,63131,67831,80232,71132,67587,11005,63131,7665,0
270000,1,2,2,30,0,-1,-1,0,1,1,95225,88736,93115,97333,99258,93515,5139,88736,93115,5893,11137,0,0
100000,2,2,2,35,1,-1,-2,0,-1,-1,34458,29963,0,28685,27823,31696,1407,29963,0,4744,27823,31696,0
300000,2,1,2,37,0,0,-1,0,0,0,0,0,180819,162625,146051,124592,873,1733,180819,15543,20841,36495,0
500000,2,2,2,34,-1,-1,-1,0,-1,0,87745,95518,88885,79319,85440,91581,87745,95518,88885,13572,85440,13748,0
30000,2,2,1,24,-1,0,3,2,3,3,26547,28419,25008,26910,31292,28276,26547,8148,832,0,0,3381,0
210000,1,2,2,26,0,0,0,-2,-1,0,47282,45005,49638,0,40390,37946,10202,10523,12786,0,40390,5996,0
170000,2,3,2,35,0,1,0,0,0,0,41952,46073,40220,40520,43263,45177,6794,1833,7803,3129,7161,5907,0
100000,2,1,2,56,-2,-2,-2,-2,-2,0,0,0,0,0,0,33237,0,0,0,0,0,3634,0
10000,1,2,2,25,-1,0,-2,0,1,-2,0,6586,0,6202,5856,11,1327,869,0,490,0,0,0
90000,2,2,2,48,-1,-1,-1,-2,-2,0,13626,15198,14073,24,196,15260,13626,15198,14073,0,0,1116,0
50000,1,2,1,30,-1,0,0,0,0,0,22240,20931,21000,20453,21164,20831,22240,3061,4168,637,6037,700,0
150000,1,2,1,35,1,0,0,0,0,-1,64029,61960,59165,51070,46894,42396,7664,6656,15408,9672,8057,42396,0
80000,1,2,2,23,3,3,1,-1,-1,-1,58872,55691,55729,59012,53511,46701,5766,1094,0,59012,53511,46701,0
80000,2,1,1,29,1,0,0,-2,-1,-1,31908,30887,31562,0,32515,30777,3474,4086,3343,0,32515,30777,1
310000,1,1,1,37,0,0,0,1,1,-1,0,0,0,0,123418,118200,642,1465,104,0,7468,118200,0
100000,1,1,2,25,-1,-1,0,0,0,0,37512,35768,39680,42794,47184,53632,37512,35768,2204,6823,11256,5497,0
140000,2,2,1,33,0,-1,-1,0,0,0,0,0,0,0,43353,41983,1587,1493,2370,1659,8453,5575,0
120000,2,1,2,37,0,0,0,0,1,0,126000,126000,111215,109320,94595,91065,24189,8829,15829,26517,5886,22451,0
30000,2,1,2,27,0,1,-1,-1,-1,-1,5322,4951,5302,4945,5165,5882,863,427,5302,4945,5165,5882,0
10000,1,2,1,28,2,3,1,-1,0,0,6483,6091,7039,7276,7749,8818,768,248,191,7276,1003,2072,0
10000,1,2,1,21,-1,-1,-1,0,1,1,0,0,0,4412,4161,3931,1921,106,2222,615,315,0,0
20000,1,3,1,28,-2,-2,-2,0,1,0,47,149,0,11468,11274,11191,0,0,0,2962,1081,889,0
120000,2,3,2,24,0,-1,0,0,-1,-1,60862,57663,54267,53032,49991,54871,5690,57663,5046,8020,49991,54871,0
90000,2,2,2,38,-1,-1,1,0,0,0,0,0,46046,41241,42907,42487,777,2917,1667,8204,9419,4749,0
100000,1,2,1,21,-2,-2,-2,0,0,0,0,11,88,32424,36460,34608,0,0,0,6765,6644,3535,0
200000,2,2,2,33,-2,-1,0,1,5,0,0,176657,172448,167490,166898,173494,0,176657,35938,0,16062,49833,0
50000,1,1,1,34,0,-2,-1,-1,-2,0,19998,268,18601,20717,213,17022,2639,0,18601,20717,0,613,0
80000,2,2,2,42,-2,-2,-2,-2,0,0,0,84,0,0,26651,28395,0,0,0,0,3304,2816,0
220000,2,2,2,37,1,0,0,2,-2,-2,175225,152030,135598,115952,0,0,14388,32570,28512,11344,0,0,0
50000,1,2,1,32,0,0,-1,-1,-1,-1,-1369,-1362,-1518,-1559,27127,28818,238,903,1969,188,27127,28818,0
300000,2,4,1,38,-1,0,0,1,0,1,79889,84232,88330,98711,107238,120497,79889,8791,8311,1934,9261,1262,0
70000,2,2,2,30,-1,0,5,5,0,0,31995,32072,29697,31728,30367,27382,31995,4020,1746,3336,4710,2957,1
250000,2,2,1,31,0,0,0,0,-1,-1,0,0,0,0,0,0,112,402,1059,44,1237,2486,0
290000,1,2,1,37,1,-2,-2,0,0,0,60613,0,0,57571,57794,59790,0,0,0,10704,5330,15042,0
140000,2,1,1,22,2,1,-1,-2,-2,0,95746,90605,94487,0,0,94515,4804,5971,94487,0,0,16547,0
120000,1,2,1,28,1,1,1,-2,-1,-1,28879,31798,34356,0,39036,42793,1439,0,2234,0,39036,42793,0
50000,1,2,1,27,0,0,0,-1,0,-1,25305,22989,23076,20894,19964,22477,4707,3500,1911,20894,3769,22477,0
130000,2,2,1,21,-1,2,0,2,2,0,101469,98713,93484,90184,82057,77713,101469,5089,15388,9793,4123,12803,1
100000,1,1,1,38,0,-1,-1,-2,0,0,0,0,0,0,31753,28630,135,995,1827,0,8417,4066,0
240000,2,4,2,28,0,1,0,0,0,0,0,0,0,44195,43965,41243,1598,0,235,11717,7302,11341,0
200000,2,2,2,32,-1,0,-1,-1,0,0,0,0,0,108054,109885,98387,254,1951,1784,108054,31111,15662,0
30000,1,2,2,35,0,0,4,0,1,1,14069,14931,15266,14695,13902,14814,2390,3258,660,3906,1628,372,1
190000,2,1,2,26,0,0,0,-1,0,0,81730,80995,76248,66559,62477,66453,8225,6540,8382,66559,17759,12323,0
260000,2,2,1,27,0,0,2,2,0,1,134541,131720,145767,129391,116208,105990,36198,17993,14152,4927,15669,3967,1
60000,1,2,2,29,1,-1,0,1,1,0,0,0,0,31237,31169,30786,0,1705,1224,0,525,5612,0
250000,2,2,2,32,-1,0,-1,-2,-1,0,-362,-358,-380,0,-300,-294,2947,1360,1036,0,2416,476,0
100000,1,4,1,39,0,0,0,1,0,-1,48841,48953,48354,53333,48316,43215,7525,2584,5635,671,6520,43215,1
220000,1,3,1,28,0,-1,-1,0,1,1,0,0,0,32849,33171,32073,1910,802,1525,1494,2217,474,0
130000,2,2,2,29,0,-1,1,-1,-1,0,98501,91979,92354,88855,100323,98763,28120,91979,9938,88855,100323,7052,0
300000,2,2,2,33,-2,0,0,0,1,0,59,0,0,151365,146014,141656,0,1584,714,26352,0,30496,1
40000,1,2,1,34,0,0,1,0,2,1,28320,26768,24894,25628,25459,22927,6998,2745,0,7233,566,0,0
120000,1,1,2,36,-1,-1,2,-2,0,0,0,0,0,0,0,0,2975,1577,0,0,1223,559,0
80000,2,2,2,33,0,0,1,1,0,0,55673,48634,47298,46513,47046,41957,15111,12573,1783,1477,7681,4523,0
160000,1,1,2,42,-2,-2,-2,-1,1,0,187,0,92,48525,51127,52635,0,0,0,48525,0,6052,1
40000,2,2,1,36,0,0,0,0,2,2,29963,28650,26521,27152,28007,25856,3193,8477,7186,7099,2736,2728,1
200000,1,2,2,63,-1,3,2,2,2,2,125110,126020,119747,127111,116607,125322,125110,14288,12949,0,0,6908,1
130000,2,1,2,35,0,-1,0,0,0,0,0,0,41812,36399,35167,33976,1992,2956,2412,8823,5525,8084,0
70000,1,2,1,45,-2,-2,-1,0,0,0,140,0,41142,37134,32034,31802,0,0,41142,2091,7507,5909,0
10000,2,2,2,31,-2,0,0,0,3,1,0,0,0,4220,4873,4316,0,1799,547,197,436,371,1
200000,1,2,1,45,1,2,-1,1,0,-1,0,0,133692,126112,124937,113781,0,0,133692,3685,9784,113781,0
10000,2,2,2,46,1,1,0,-1,0,0,0,0,0,0,0,0,0,0,1593,1952,1939,1529,0
150000,2,2,2,50,0,2,0,-1,2,1,157500,157500,137776,135786,118577,113183,19303,0,13847,135786,10580,0,1
200000,1,1,2,34,0,-2,-1,0,1,0,115003,0,117893,118847,105756,109469,32674,0,117893,15283,7801,12116,1
140000,2,1,1,55,-2,1,0,0,-1,0,18,56995,58038,62407,59209,58920,0,3968,7545,4974,59209,7399,0
150000,1,1,2,21,0,0,0,0,0,0,35915,35430,37508,32167,30438,28275,1276,9372,6518,3423,3391,4587,0
150000,2,2,1,37,2,2,1,0,0,0,51584,48230,50654,55338,50632,52770,0,544,5795,4157,12307,8801,1
100000,2,2,2,35,0,0,-1,-2,2,0,74828,71805,64132,0,55628,58403,13552,16029,64132,0,6170,14464,1
50000,1,1,2,47,0,-1,0,1,0,-2,28179,31163,28302,26186,22793,0,6206,31163,2675,479,3976,0,0
10000,2,3,2,33,-1,-1,-2,-2,-1,1,0,0,0,0,3655,3475,278,1713,0,0,3655,274,0
140000,2,2,2,35,2,-1,0,5,0,0,111857,109415,124122,126886,112332,116599,3034,109415,27359,11613,32783,34834,1
120000,1,1,2,38,-1,-1,-2,-1,0,-1,0,0,0,20415,20921,18058,2661,346,0,20415,2980,18058,0
150000,2,2,1,30,0,0,0,0,-1,-1,42271,42209,40701,34729,35797,36621,5161,11260,11853,8679,35797,36621,0
20000,1,3,2,30,0,-2,0,1,0,0,7627,0,8419,8769,7978,8270,357,0,2240,373,765,1457,0
140000,1,2,2,45,0,0,-1,-1,2,-2,118524,116409,105330,104239,111239,182,6788,21621,105330,104239,11284,0,0
90000,2,2,1,24,0,1,0,1,1,2,42527,39412,36651,38661,40542,40461,10462,4130,2153,0,1102,0,0
230000,1,1,1,25,0,-1,0,-1,2,2,-6065,-5424,-5079,-4522,125465,140210,1939,948,338,576,5244,0,0
320000,1,2,1,24,0,2,2,0,1,1,180386,168549,161984,161958,148113,134289,50157,19569,0,18325,9993,6799,0
100000,2,3,2,31,1,-1,-2,-1,-1,0,26669,24911,174,27883,26254,27311,0,24911,0,27883,26254,5006,0
130000,1,3,1,40,-1,0,2,0,-2,0,65395,66304,71093,76494,0,62847,65395,5115,2969,18442,0,2183,0
80000,1,1,2,33,2,-1,0,0,-1,0,35805,35673,33404,35503,38944,36205,1616,35673,4794,3401,38944,4543,1
300000,1,1,3,40,2,2,1,-1,1,1,258054,252495,225820,196289,189629,202900,9941,15705,21996,196289,8554,0,0
130000,1,2,2,38,1,0,0,0,1,0,-1313,-1377,102373,100982,92388,79614,0,42,11042,29329,0,19814,0
140000,1,2,2,43,0,4,-1,0,-1,-1,114247,113415,117300,116240,119603,117291,4185,8002,117300,4550,119603,117291,1
120000,2,1,1,33,1,2,1,2,0,0,100054,97294,93883,81425,84787,71962,0,7107,1268,4803,3679,10265,0
90000,1,2,1,51,0,0,1,0,-2,1,14030,15193,15561,13914,0,16200,425,817,322,4020,0,1671,0
60000,1,1,2,28,1,0,-1,0,1,0,25899,22990,25103,25049,26279,26832,2114,1815,25103,1693,981,4238,0
190000,1,2,2,25,0,0,0,-1,3,-2,-1693,-1838,-1839,0,0,0,71,522,1246,1641,0,0,0
110000,2,2,2,24,2,-1,0,-2,-1,-2,55852,50371,48987,51,53581,0,1797,50371,5407,0,53581,0,0
100000,1,1,1,41,0,-2,0,0,2,2,0,274,0,0,0,62452,733,0,542,644,0,0,0
120000,2,2,1,21,0,0,-1,0,2,2,66818,65934,59374,56391,55222,64024,12684,3216,59374,2881,3931,6238,0
80000,1,1,1,36,0,0,-2,2,2,0,54098,54854,0,54757,63031,64847,3423,15416,0,5426,1328,16465,1
50000,1,3,1,38,2,1,0,0,0,0,0,0,0,0,0,0,0,0,1511,63,318,1425,1
350000,2,1,2,33,1,0,2,2,0,-1,236093,267210,231729,217666,189032,172428,11914,36536,2893,12610,49494,172428,0
70000,2,2,2,33,0,-1,0,2,-1,0,0,35551,35151,35942,35373,36379,1486,35551,2095,1698,35373,5953,0
20000,1,3,2,29,0,0,-1,0,-1,0,0,0,0,3352,3110,2679,583,1323,662,525,3110,291,1
200000,2,1,2,31,0,-1,0,0,0,0,29873,31016,32657,32759,31972,31040,6117,31016,3183,1246,2334,7936,1
60000,2,3,2,50,-1,-1,-1,-2,-2,0,9993,8834,8941,0,37,7112,9993,8834,8941,0,0,428,0
300000,2,2,2,36,0,0,0,1,1,1,35210,36001,40368,46200,42768,47418,4251,2761,7051,1018,0,3094,0
120000,2,2,1,29,2,1,1,0,0,-2,44697,46693,40982,46496,46731,0,0,2086,0,8361,7993,0,1
100000,1,2,1,21,1,1,1,0,0,0,49959,49718,43150,45914,43613,38908,0,5930,1544,4767,8325,5090,1
20000,1,1,1,51,0,2,0,1,0,0,-2282,-2220,-1983,9615,9879,10700,313,0,1473,601,990,2651,0
130000,2,1,2,26,0,1,1,0,-2,2,64505,67503,68104,66950,0,77106,18322,3911,3786,19493,0,7903,0
170000,2,1,2,25,0,-2,-2,-1,1,0,-404,0,5,-474,58563,61105,1803,0,0,2055,6156,4912,0
40000,2,2,1,33,1,1,1,0,0,0,0,0,0,0,10728,10402,0,0,0,1426,2792,618,0
50000,2,2,1,40,-1,0,0,-1,0,1,15851,17595,20165,22133,22109,24188,15851,5132,2359,22133,1561,0,0
120000,2,1,1,31,-1,-1,1,0,0,0,-2536,45032,47182,44030,39680,36534,1383,45032,1079,9718,11376,1781,0
310000,2,3,1,53,0,0,0,0,-2,1,93230,87894,83514,81303,0,73804,8684,22763,24679,23893,0,6382,0
100000,2,2,1,35,1,0,-2,0,0,0,0,0,129,41196,39231,40180,0,899,0,10894,8921,11070,0
200000,2,4,2,53,-1,2,0,-2,-1,0,95181,108529,95084,0,100149,112935,95181,11550,20052,0,100149,18342,1
110000,1,3,2,42,0,-2,-2,-1,0,0,0,0,0,0,45659,46868,1624,0,0,760,13629,10911,0
70000,1,2,2,45,-1,-1,0,-1,0,0,0,0,24032,21148,21007,19684,2590,2811,3528,21148,2188,5075,0
100000,2,1,3,26,-1,0,0,4,-1,-1,0,0,0,0,43334,47744,1112,1841,711,0,43334,47744,1
60000,1,2,2,21,0,-1,0,0,0,0,23195,23211,23077,23985,25031,25289,1514,23211,4165,6405,3500,4466,0
100000,2,1,2,39,-2,0,-1,-2,-2,-1,0,38391,36334,0,0,40987,0,9509,36334,0,0,40987,0
160000,1,2,2,36,2,2,2,0,0,-2,-2692,-2618,117986,109246,103622,0,0,0,9435,31925,10325,0,0
190000,1,1,1,38,2,2,1,1,2,0,0,0,0,0,163244,149011,0,0,0,0,4120,8685,0
160000,2,2,1,21,0,0,1,-2,0,0,74882,70778,77607,0,62805,64215,10299,16094,0,0,6424,2208,0
190000,2,1,2,34,2,1,0,0,0,-2,54136,60618,55283,58850,61538,215,3901,685,13443,3208,8066,0,0
200000,2,1,2,35,0,0,1,1,0,-1,43608,43411,46915,43857,40058,38339,9064,10789,4389,1221,9757,38339,1
200000,2,1,2,28,0,0,0,-1,-1,0,92549,101754,103971,99849,92864,94198,11762,11341,23153,99849,92864,19753,0
340000,2,2,1,40,2,2,0,0,-1,2,301768,291059,315446,275093,292928,264746,21228,0,73534,78145,292928,0,0
10000,1,2,2,42,0,1,0,0,0,2,5499,5201,4692,4269,4104,4125,264,114,738,883,502,0,0
110000,2,3,2,40,0,1,1,2,2,2,53249,58936,57940,56216,59481,58210,2945,0,4997,1537,6329,6147,0
260000,2,2,2,33,0,1,0,0,-1,-2,0,0,0,113692,116766,0,707,0,655,28632,116766,0,0
230000,1,2,2,44,0,-2,-2,-1,0,0,68908,0,0,64942,63183,55653,17138,0,0,64942,7082,4664,1
500000,1,1,1,45,-1,0,0,0,0,-2,246594,257625,281741,284071,289472,0,246594,63119,22897,28780,49071,0,0
80000,1,2,2,34,0,-2,-2,-1,-1,-1,57933,57,0,52513,47457,43644,7121,0,0,52513,47457,43644,0
50000,2,2,1,21,-2,-1,-2,0,-1,0,53,15145,0,13223,13577,12212,0,15145,0,1290,13577,2207,0
100000,2,2,2,38,-2,0,0,-1,0,0,0,22701,24145,26639,24575,26862,0,6494,6476,26639,6146,3864,0
250000,1,2,1,30,0,0,1,1,1,1,161304,168801,160478,142137,156168,142206,5454,45070,9319,0,0,0,0
130000,1,2,1,36,1,1,2,2,-1,0,0,99066,90092,85002,80437,83719,0,8627,3330,8533,80437,15889,0
100000,2,1,2,28,2,1,2,-2,1,1,70266,73957,70405,0,70483,70314,7286,5645,0,0,7883,0,0
410000,2,2,1,25,-1,-1,-1,0,0,1,115656,103694,103294,106973,96696,110442,115656,103694,103294,18330,10643,0,0
50000,2,1,2,31,0,0,0,0,1,2,18074,16556,18269,19973,19621,18278,4619,3317,2302,788,1918,0,1
70000,2,2,1,38,0,0,-2,-1,0,0,32494,35541,0,35317,32510,34668,1462,4892,0,35317,5654,3680,0
110000,2,3,1,46,0,0,0,-1,0,-1,13685,12485,12791,13482,12919,12615,2023,1189,1933,13482,842,12615,0
20000,1,2,1,43,-2,1,-1,0,1,0,0,7535,7596,8586,8149,8119,0,0,7596,367,940,1480,0
100000,2,1,3,31,2,-1,-1,-1,0,3,52584,49114,52330,56772,55389,57749,3350,49114,52330,56772,1800,5772,1
170000,1,1,1,44,0,0,-1,-1,3,6,-887,-890,-823,-758,84152,75530,969,1463,318,2006,0,7266,1
100000,2,2,1,36,0,1,1,0,0,-1,0,0,0,29452,27183,26116,427,0,0,6827,4525,26116,0
100000,2,3,1,44,1,0,0,1,1,0,-3810,-3802,-3658,-3764,-4129,-3846,0,893,1494,0,0,412,0
50000,2,1,2,29,-1,0,0,0,0,0,0,0,0,0,39216,33457,1674,774,1340,979,7479,6202,0
160000,2,3,1,29,2,-1,3,-1,-1,-1,0,0,0,0,0,88252,0,2263,0,2181,2662,88252,1
40000,2,2,2,34,0,-2,-1,0,0,0,0,298,7588,7821,7291,7381,363,0,7588,2076,1469,308,0
100000,2,2,2,30,0,0,0,0,1,2,52104,48100,52823,55031,58977,53004,15413,11030,11559,15843,1372,5833,0
80000,2,3,2,45,0,0,-1,-1,0,-1,43957,42618,44190,44987,46545,43193,13095,10178,44190,44987,3525,43193,0
180000,2,2,2,49,-1,1,0,-1,-1,0,67932,72563,73550,67663,70641,66107,67932,0,19846,67663,70641,10835,0
120000,1,3,2,33,2,2,1,0,-1,-1,64151,61001,59115,60472,54527,58294,5725,5769,3666,9093,54527,58294,0
20000,1,1,2,49,-2,1,0,-2,-2,-2,64,7566,7099,0,0,225,0,0,1877,0,0,0,0
90000,2,2,1,33,0,-2,0,1,1,0,0,0,0,0,43515,44161,834,0,352,0,0,8150,0
150000,2,2,2,22,0,0,0,0,-1,1,24389,24618,22832,20476,22512,24945,2714,2763,6557,1324,22512,759,0
190000,2,2,2,26,0,-2,-2,-2,-2,2,70750,106,0,0,0,75503,2171,0,0,0,0,0,0
120000,1,3,1,37,0,0,3,-1,0,0,56888,60577,55817,55124,57475,54078,7307,3503,0,55124,6217,3020,1
240000,1,2,2,21,0,0,0,-1,-1,0,103157,93467,100148,94167,106160,103454,24541,27771,6182,94167,106160,16232,0
100000,2,2,1,25,-1,0,2,0,0,0,-2040,-2003,-2171,-1988,44260,42225,2934,791,0,1253,8595,6585,0
50000,1,2,1,33,0,0,0,0,0,0,17549,16953,16169,15764,15999,14078,651,4317,4382,4448,2049,1880,0
100000,2,2,1,33,0,0,-1,1,1,1,0,0,20356,21435,23300,20986,448,773,20356,1740,1549,806,0
190000,1,1,2,41,0,-2,-1,-1,-2,-2,28323,0,30763,27834,0,0,5510,0,30763,27834,0,0,0
220000,1,1,2,48,0,0,1,0,1,2,0,0,0,110764,106384,107641,26,1648,0,7489,10689,11033,0
50000,1,2,1,55,0,1,0,0,-1,0,0,0,-4378,19093,19093,20976,1302,0,759,1494,19093,3042,0
110000,2,1,1,37,0,2,2,1,1,2,0,0,0,40135,45248,47383,1411,0,0,2424,0,2918,0
100000,2,1,2,24,-1,1,1,1,0,0,42920,44790,48784,50002,52488,52260,42920,1291,1264,0,12699,11162,0
30000,1,2,2,50,-2,0,-1,-1,-1,-1,288,8299,7843,8208,8409,7552,0,2429,7843,8208,8409,7552,0
50000,2,1,2,42,1,2,0,3,2,2,0,0,0,0,0,0,0,0,223,0,0,0,0
100000,2,1,1,42,2,2,2,0,1,-1,63532,68825,66933,61688,62082,66662,3358,6202,7360,13045,0,66662,0
200000,2,3,1,31,1,2,2,1,2,2,121389,120941,119090,114952,115476,115515,0,11588,8805,7547,3603,9634,0
100000,1,2,1,35,0,-2,-2,1,0,0,0,0,0,0,0,53895,1964,0,0,0,1502,6532,0
100000,2,3,1,35,1,0,-2,0,0,0,17818,18986,0,17368,15810,14618,1140,2263,0,3453,635,1733,0
500000,1,3,2,45,-1,-1,0,-1,-1,-1,232286,220251,224099,242605,248937,236888,232286,220251,26529,242605,248937,236888,0
150000,2,3,2,21,0,-2,-2,-2,-1,-2,64065,89,0,0,71365,0,6213,0,0,0,71365,0,0
260000,2,2,2,34,0,-1,0,0,0,0,0,0,0,85846,81903,93519,1617,131,1671,18673,23212,22432,0
120000,2,4,1,30,2,1,0,-2,-1,-1,67077,69370,73522,0,70678,76808,0,931,10991,0,70678,76808,0
200000,1,4,1,41,0,0,-1,-1,-1,0,49195,49132,48176,51716,53707,58504,4657,1770,48176,51716,53707,6741,0
210000,2,1,2,21,0,-1,0,1,0,0,60413,54221,53646,56032,48279,50605,3528,54221,9932,0,13871,4293,0
120000,2,2,2,41,-1,0,0,1,0,0,0,0,0,0,59400,58259,2622,1660,1511,0,2202,8395,0
110000,1,1,1,33,-1,-1,-1,0,-2,-2,67219,73364,66942,65134,67,150,67219,73364,66942,11189,0,0,1
200000,2,2,1,31,-2,-2,-1,-1,-1,0,0,0,83177,76157,65797,71162,0,0,83177,76157,65797,3255,0
230000,2,1,2,30,-2,-2,-2,-2,-1,0,0,82,0,0,0,0,0,0,0,0,1634,1866,0
100000,2,2,1,33,0,-2,0,-2,-2,2,0,0,0,0,0,0,142,0,1160,0,0,0,1
140000,1,2,2,27,1,0,0,0,-2,-2,31962,29124,30849,29218,0,0,1755,6075,1617,8008,0,0,0
20000,2,1,2,49,0,-1,-1,-1,-1,0,4286,4177,4198,4424,4836,4994,770,4177,4198,4424,4836,884,0
640000,2,2,1,21,0,0,0,2,0,-1,465418,494100,455901,496639,435790,466637,35852,17891,26700,54131,103878,466637,0
200000,2,1,2,24,-1,3,2,2,0,0,153977,145148,141295,127825,129899,129951,153977,0,13320,8437,34402,32014,1
80000,2,2,2,49,0,0,0,0,0,2,-2213,-2158,-1959,-1744,42396,39125,630,673,1492,1054,8717,1611,0
80000,2,1,1,29,0,0,0,2,2,2,24847,25697,27219,29016,29038,32006,4366,931,4268,3157,0,546,0
210000,2,1,1,42,0,-1,-1,1,1,2,115800,108259,98420,105153,99521,109385,24319,108259,98420,0,10728,9143,0
180000,1,1,2,24,0,0,0,-1,0,0,116321,100327,103716,104192,106945,97745,16076,13223,14224,104192,23990,14977,0
130000,2,3,2,33,-1,1,0,-1,-1,-1,20485,22136,23635,24012,23289,21531,20485,930,2259,24012,23289,21531,0
170000,2,2,2,37,-2,-1,-1,-1,0,0,298,25314,23050,26833,23696,23698,0,25314,23050,26833,6087,3657,0
120000,2,3,1,24,0,0,-2,-2,-2,2,0,41392,0,0,17,42101,700,10629,0,0,0,0,0
50000,1,2,1,37,0,2,0,-2,-2,0,20386,22255,22323,0,0,24084,772,1704,6207,0,0,6440,1
230000,1,1,1,24,0,0,0,-2,-1,1,59949,65450,69929,0,69185,73262,14609,11326,4783,0,69185,3604,0
140000,1,1,1,25,0,0,-1,-1,1,-1,35508,33372,35012,32398,36920,38995,4076,2422,35012,32398,0,38995,0
350000,2,2,2,53,0,0,-2,-1,0,0,0,0,0,0,209632,179934,1046,1062,0,2413,10142,7707,0
160000,2,2,1,47,-2,0,1,1,0,0,0,50030,48876,52367,47091,44420,0,12788,0,1386,3864,6129,0
10000,1,2,1,37,-2,0,1,0,-1,1,6,0,0,0,0,5162,0,1720,0,582,1043,314,0
100000,2,2,2,52,2,-1,-1,0,0,0,66113,59435,58323,63716,64624,68606,1642,59435,58323,4167,5031,4991,0
120000,1,2,2,39,-1,-1,0,0,1,0,21093,20557,20845,19033,19920,19349,21093,20557,4973,2333,0,4969,0
110000,2,2,1,45,0,-2,2,2,1,-1,0,0,0,79193,72930,69767,1880,0,0,859,6250,69767,1
160000,1,1,1,24,-2,-2,-2,-2,-2,-2,0,0,0,0,191,157,0,0,0,0,0,0,0
180000,1,2,2,39,0,0,0,-1,1,-2,56613,52547,48691,46130,49956,0,3032,15092,9793,46130,2467,0,0
160000,2,3,2,21,0,-1,3,3,2,2,97700,92753,98698,102904,110802,96376,10251,92753,2831,9977,1830,6512,1
100000,2,2,1,36,0,0,1,0,0,1,0,0,0,0,0,55049,140,325,0,1025,1252,0,0
30000,2,2,2,21,0,-1,1,1,2,2,27806,25812,24614,24453,25577,23341,961,25812,2058,1727,2425,2075,0
70000,1,1,2,35,0,0,0,0,-1,-1,0,0,0,30072,30811,32323,237,1222,138,5770,30811,32323,0
160000,2,2,1,44,-1,-1,-1,0,-1,-1,53642,48151,42583,42594,38205,37437,53642,48151,42583,1706,38205,37437,0
160000,1,2,1,38,-1,-1,-1,-1,-1,-2,31143,27574,25917,27870,29636,146,31143,27574,25917,27870,29636,0,0
300000,1,3,2,46,0,1,1,0,0,1,58627,63259,71514,67101,64225,71252,3024,4963,5992,14577,3002,0,1
10000,2,1,1,21,0,0,-1,-1,0,0,0,5742,5409,5276,5518,5711,915,1099,5409,5276,1223,1102,0
70000,2,1,2,27,-1,-1,-2,-2,1,0,38671,35039,136,280,36461,38543,38671,35039,0,0,1774,9260,0
140000,1,2,2,37,0,2,-1,1,0,0,0,90280,97326,90926,81504,88040,1147,9106,97326,10208,21507,19492,1
50000,1,2,2,25,0,0,-1,0,0,0,18833,17661,20110,19271,19787,17768,1997,4446,20110,5289,2604,2506,0
50000,2,1,1,32,0,0,-2,-1,0,0,23955,20829,0,17799,19582,20620,2809,4091,0,17799,3327,795,0
100000,2,2,1,32,0,0,2,1,2,0,71681,69201,69088,62847,70266,61729,6146,5548,8233,7145,6950,12005,0
180000,2,2,2,41,0,0,-1,0,2,0,88893,86996,94125,87124,86296,81431,24295,23972,94125,4749,8300,23572,1
130000,2,2,1,46,0,0,-2,0,0,-1,53307,57821,0,49230,47239,43767,5242,3237,0,13753,13710,43767,0
100000,2,3,2,36,3,3,3,-2,-2,-1,64844,65968,63129,0,103,62765,1320,6071,0,0,0,62765,1
20000,2,2,2,32,0,-2,1,0,0,-1,10362,0,9867,9434,8193,8624,517,0,0,2695,2326,8624,0
270000,1,1,2,33,1,1,1,0,-1,0,73738,75253,76147,68305,67229,71672,6374,3037,0,14645,67229,18787,0
80000,2,2,2,21,1,-1,-2,-1,-1,-1,0,0,0,0,0,51568,0,2728,0,478,756,51568,0
50000,2,3,2,35,2,-1,-1,0,-2,2,17966,19494,19708,21182,0,20316,841,19494,19708,2531,0,847,1
110000,2,3,1,31,-1,0,-1,0,-1,0,79838,71867,81586,77434,73985,70459,79838,18119,81586,9676,73985,3548,0
140000,1,1,2,44,-1,0,-2,0,0,0,58843,55082,204,48898,48689,47820,58843,10975,0,6072,1962,7400,0
500000,2,1,2,28,0,0,-1,1,0,-2,249985,233766,246659,221921,205998,253,16351,15815,246659,10814,43630,0,0
130000,2,1,2,30,-1,0,-1,-1,1,2,136500,136500,135223,119738,111201,100858,136500,24399,135223,119738,8797,8233,0
100000,1,2,1,39,0,0,-1,-1,0,2,64130,65488,61222,68471,70983,63444,12480,8869,61222,68471,18639,0,1
200000,2,1,2,30,0,-1,0,1,1,0,117963,118085,115140,107792,123018,128848,4001,118085,17243,4041,11069,37278,0
120000,1,2,2,32,1,0,-1,-1,-1,-1,43239,40718,36180,36782,34758,34716,2984,9353,36180,36782,34758,34716,0
30000,2,2,1,28,0,1,-1,0,0,0,7368,6988,7011,6978,6640,6700,850,448,7011,682,1395,1920,0
80000,2,2,2,32,8,8,-2,-1,0,0,43410,39906,0,42252,41647,37849,0,3645,0,42252,1737,5274,1
180000,2,2,1,30,0,0,-1,-1,0,-1,74824,65899,63173,61474,66166,71060,17628,12954,63173,61474,16885,71060,0
220000,2,1,1,43,-1,-2,-2,-2,4,0,184064,0,45,0,200635,173061,184064,0,0,0,2743,11123,1
220000,2,2,1,45,0,2,-2,0,1,0,113534,108432,0,96440,110435,112523,27597,0,0,12830,12480,10465,1
190000,1,2,1,36,2,2,-1,1,0,0,105727,106392,104539,101984,94283,101916,5714,9129,104539,10430,7248,25362,0
220000,2,2,1,43,0,2,2,1,2,1,148093,154319,152919,140665,135070,137360,33095,15444,17644,0,3240,9728,0
50000,2,2,1,29,1,-1,0,-1,0,0,27670,26638,23735,22228,19817,17816,1753,26638,1821,22228,3584,5180,0
50000,2,1,3,34,0,0,0,0,0,0,44528,44105,48990,43489,44614,42264,2657,11325,3974,3902,2160,4157,0
150000,2,3,2,28,-1,-1,-1,0,0,-1,35900,40394,38940,38620,40074,35972,35900,40394,38940,4383,3316,35972,0
150000,2,2,2,28,0,-2,-2,1,0,3,103764,0,0,95636,101278,104965,6711,0,0,9078,20778,0,1
70000,1,3,1,28,1,0,2,2,2,2,52212,49595,43544,40340,43838,47090,0,4980,2718,1304,4878,5065,0
160000,2,3,2,49,-1,1,2,2,-1,0,0,0,120589,115320,101018,95534,1291,0,0,1196,101018,26024,1
100000,2,2,1,22,-2,0,0,0,-1,-2,0,35315,38085,40030,39808,0,0,10367,7071,5434,39808,0,0
90000,2,3,1,41,0,-2,-1,0,-1,-1,32645,254,29159,31101,32830,35246,7062,0,29159,3792,32830,35246,0
170000,2,3,1,23,0,0,0,1,1,0,148425,133243,123081,120691,107960,104170,12339,21204,27289,7249,0,28872,0
100000,1,1,1,35,-1,-1,2,-2,-1,-1,92328,81505,88476,185,73809,75149,92328,81505,0,0,73809,75149,1
30000,2,1,1,36,1,0,0,-1,0,0,20702,19159,20029,19481,18515,17454,1669,2216,5201,19481,3493,1740,0
100000,2,1,1,41,-1,0,-2,-2,-1,0,14513,15457,231,0,14157,14552,14513,2157,0,0,14157,2195,0
70000,1,1,2,46,1,0,0,0,0,0,9680,10196,9801,9984,10245,11298,876,2509,1755,962,1236,1511,0
60000,2,3,1,34,1,0,0,0,0,0,0,9510,10706,10424,11559,11685,0,1194,2242,2801,1329,813,0
100000,2,2,1,31,-2,-2,-2,-2,1,0,0,0,0,0,16748,18149,0,0,0,0,1160,809,1
300000,2,1,2,28,0,1,-1,0,1,1,47059,48802,52508,47525,43471,37752,13680,0,52508,3231,2525,3218,1
140000,2,2,1,38,-1,0,0,0,2,2,107710,99584,99852,96397,91435,91446,107710,5239,3672,10143,0,0,1
110000,2,2,1,37,-1,-1,-1,0,-1,0,85153,78200,74122,78286,67298,58722,85153,78200,74122,8551,67298,5998,0
400000,1,1,2,25,-2,2,2,0,0,0,0,339911,302430,326164,340788,322959,0,0,28199,58101,64509,51242,0
100000,1,1,1,34,2,1,1,-1,1,0,86319,89665,77276,75036,68903,63318,3784,1951,8180,75036,7768,14272,0
170000,2,2,2,42,0,0,0,0,0,1,22435,21510,20380,21776,24354,22897,1704,5874,2056,3239,6627,0,0
190000,1,2,2,27,0,-2,-2,1,-1,-1,0,0,0,0,-4114,-3949,196,0,0,0,2225,621,0
100000,1,3,1,30,0,-1,3,1,1,1,58553,61136,56200,52655,59380,57053,5960,61136,4463,0,1158,5377,0
140000,2,2,2,31,0,0,0,0,0,-2,36278,38794,42000,39559,34762,0,4114,1402,2912,6150,9593,0,0
50000,1,2,1,37,-1,0,2,0,2,0,20829,19760,18414,17104,18369,17161,20829,832,0,3961,1161,1912,0
100000,2,2,1,26,0,0,0,0,0,-2,-3248,-3264,-3496,-3409,-3695,0,927,1010,1762,789,167,0,0
160000,1,1,2,54,0,0,0,0,1,-1,67938,70987,64229,71998,78625,79667,10706,10308,14631,7122,1785,79667,0
260000,2,2,2,38,-1,-2,-2,0,4,0,228907,0,108,163943,148742,130206,228907,0,0,6334,8058,20650,1
100000,2,2,2,38,2,2,1,0,1,1,26905,27190,28711,26980,28504,31185,2216,1242,498,2631,0,1339,1
10000,1,1,1,29,1,0,0,0,-1,-1,7136,6500,6585,6828,6036,5742,276,1168,695,1587,6036,5742,0
160000,2,2,1,28,-1,0,1,1,1,3,0,0,0,86187,97948,100248,1309,1373,0,0,8065,1640,1
110000,1,3,2,30,-2,-1,0,0,-1,-1,0,29438,31958,32606,32349,30857,0,29438,7975,4567,32349,30857,0
50000,2,1,1,39,-2,0,0,0,0,0,0,20946,20859,21104,24109,26610,0,4184,3289,4524,7106,6559,1
150000,2,1,1,30,2,2,-1,0,-1,0,86669,90135,87347,75515,77170,66831,4135,8815,87347,14759,77170,14584,0
300000,1,2,1,46,0,1,1,-1,-1,0,0,0,0,0,0,0,1520,0,0,1912,1180,1322,0
80000,1,2,2,27,0,0,1,0,0,1,0,33116,37857,35513,36365,31412,1262,1860,1227,10576,3258,3149,0
300000,1,2,1,49,1,0,0,0,0,-2,55752,54831,53817,58031,51597,0,2517,13756,14597,16295,8717,0,0
100000,2,2,1,35,0,0,0,-2,-2,-2,-1652,30041,29264,0,0,273,369,2897,5173,0,0,0,0
100000,2,2,2,25,1,0,0,0,-1,0,16864,15214,14284,13812,14482,14659,0,4063,3145,3126,14482,2907,0
300000,2,2,2,24,1,1,2,1,-1,-1,284842,285999,253991,230106,215728,202745,3153,27048,5376,6091,215728,202745,0
60000,1,2,2,33,-2,-2,-1,0,0,0,177,0,10918,9712,9123,8504,0,0,10918,1585,454,2062,0
130000,2,2,2,35,0,2,2,4,-1,-1,62225,67758,64691,57055,64030,71798,3124,3346,5118,0,64030,71798,0
200000,2,2,2,42,2,0,2,2,0,1,210000,210000,203509,183981,176795,180819,0,42356,10013,18423,50651,0,1
150000,2,2,1,29,1,0,2,2,-1,2,89357,96429,107303,100058,98335,109151,0,25291,2251,0,98335,6481,0
90000,1,1,2,49,2,2,0,-1,0,-2,51896,50120,47437,50837,47568,0,5528,0,11854,50837,2094,0,0
100000,2,2,2,36,0,3,2,-1,0,0,50591,49182,53262,49933,49591,48358,3172,1918,0,49933,3830,4273,1
180000,2,3,1,26,0,0,0,-1,-2,-2,118680,125572,106991,114560,0,0,15761,29120,19457,114560,0,0,0
70000,2,2,2,41,-1,1,1,0,0,1,24224,26775,30694,32946,34952,34394,24224,1433,1018,4781,8399,1516,0
50000,2,2,2,29,0,-2,0,0,1,0,18348,290,16596,17347,15532,16106,1566,0,4935,1270,0,3480,1
200000,1,2,2,21,-1,-1,0,0,0,0,0,50082,43682,38825,42595,39274,1668,50082,6037,10518,10985,10759,0
20000,2,1,2,23,2,2,2,0,0,0,15502,13981,14399,14993,15917,14064,0,1115,430,4106,3475,2087,0
50000,2,2,2,22,-1,-1,1,-1,2,-1,48128,44357,40024,36160,34900,37928,48128,44357,4582,36160,3062,37928,1
130000,2,2,1,24,2,1,0,0,-2,0,104212,99411,96087,84346,0,71205,0,5553,6470,19868,0,5621,0
30000,1,1,2,55,-1,-1,0,0,0,0,22899,21092,19430,16755,16846,17562,22899,21092,660,4082,1143,1680,0
150000,1,1,2,43,-1,0,0,0,0,-1,57602,64587,55893,56848,50439,53957,57602,12231,8838,12137,1565,53957,0
230000,1,3,2,49,3,2,1,1,2,0,120245,127297,126106,115283,129309,141566,3142,9145,1279,1693,15352,40836,1
190000,2,2,2,28,0,0,1,1,1,-1,89821,92248,98631,104490,102647,92593,17716,24396,11496,2037,0,92593,0
70000,2,2,2,32,1,0,-2,-2,-2,0,0,0,0,0,0,40768,0,1622,0,0,0,6354,0
270000,1,1,1,47,2,2,1,2,0,1,0,0,0,0,140856,142954,0,0,0,0,8293,0,0
100000,2,2,2,30,0,-1,-1,-1,0,0,43397,44941,41284,43239,41372,35477,9875,44941,41284,43239,8557,5644,0
130000,2,1,3,23,0,-2,1,0,-1,0,50656,4,60584,66914,63363,55989,4426,0,0,11466,63363,13017,0
60000,2,2,1,41,0,0,0,-1,-2,0,28691,31694,33769,31974,99,34174,5949,3832,7334,31974,0,5136,0
210000,2,1,1,41,0,2,-1,-1,-1,-1,105892,108385,113841,126544,117470,108368,25928,10249,113841,126544,117470,108368,0
200000,1,3,1,34,2,2,-2,-2,1,0,108403,115007,0,0,127683,126852,9073,10533,0,0,12269,34032,0
240000,2,1,2,37,3,2,1,0,-1,1,0,0,0,161543,146110,150964,0,0,0,40799,146110,12311,0
140000,1,2,2,28,-1,-2,-2,-2,0,0,82755,0,0,0,84787,87163,82755,0,0,0,17138,21547,0
90000,2,2,1,51,-1,0,1,0,0,-1,36419,38526,41195,44180,41985,43780,36419,5753,2960,2888,7136,43780,0
80000,2,1,2,28,0,0,2,0,-1,1,0,0,0,39342,42514,37920,1451,1649,0,2282,42514,0,0
50000,1,1,1,39,1,1,1,1,-1,0,16361,15192,14725,15159,15297,13985,395,0,627,985,15297,588,0
160000,2,3,2,37,2,-1,-1,0,0,-2,0,0,0,100063,89399,20,0,2049,1737,19103,14586,0,0
150000,1,1,2,39,1,0,1,1,0,-1,26236,26850,27202,25932,27455,26522,0,2483,1864,0,1678,26522,0
50000,2,3,1,41,0,0,-2,-1,-1,0,0,0,19,0,23644,22829,1904,94,0,745,23644,6212,0
120000,2,1,2,34,3,4,-1,0,0,0,0,83317,71915,70356,67698,76252,0,6498,71915,10380,11121,11719,1
200000,2,2,2,35,-2,1,3,3,-1,0,0,146101,129989,142569,132366,134167,0,4213,3264,0,132366,9374,1
100000,1,1,2,46,0,-2,-2,-1,1,0,-2752,0,0,21502,20888,23514,1104,0,0,21502,990,1112,0
100000,1,2,2,43,-2,-2,-2,0,0,1,0,266,0,55089,57847,58794,0,0,0,11178,5222,3672,0
10000,2,2,2,24,0,-2,-1,0,-1,0,4805,272,4795,5012,4495,5067,563,0,4795,1015,4495,506,0
140000,2,3,1,30,0,2,-1,-1,-1,2,0,69479,72567,74189,71281,67345,122,1653,72567,74189,71281,0,0
100000,1,2,2,38,0,0,0,2,2,0,0,0,0,72170,62328,61250,1530,957,118,4078,3049,12118,0
60000,2,1,2,23,0,-1,-1,0,-1,1,0,0,0,0,0,18058,1422,2848,1375,1641,880,0,0
100000,2,1,1,26,-1,0,-2,-2,-2,-2,22343,24292,0,0,93,0,22343,5666,0,0,0,0,1
110000,1,2,1,36,0,0,-1,1,0,0,29979,31398,28201,29029,28902,28331,6599,2026,28201,1567,1781,5382,0
100000,2,2,2,37,0,-1,1,2,2,0,52449,52636,53970,48620,47494,43796,6920,52636,1075,0,534,5792,0
110000,2,1,2,21,1,0,0,0,0,0,57075,58814,59981,58113,54391,55382,0,9353,10053,16001,5887,12090,0
240000,2,2,2,28,2,2,1,2,1,0,0,0,0,178059,199153,203028,0,0,0,17759,12729,59068,1
80000,1,1,1,36,0,-1,0,0,0,0,0,0,0,42361,39556,39310,1413,2217,512,5710,5323,5868,0
110000,1,1,2,45,-2,-2,7,7,-2,-1,127,0,39994,44820,0,47513,0,0,3444,3136,0,47513,1
50000,2,1,2,32,0,1,1,1,1,2,41245,41983,36000,31417,34317,33305,7551,0,0,907,0,2222,0
50000,2,1,2,47,-1,0,0,2,2,-1,0,0,0,37835,35728,33853,405,1157,3,0,742,33853,0
70000,2,1,1,35,-2,-1,-2,-2,0,0,0,38107,0,0,35526,31394,0,38107,0,0,9406,1956,0
150000,2,4,1,26,1,0,-2,-1,0,1,22662,20753,0,23738,23319,23099,0,3580,0,23738,6629,0,0
110000,1,2,2,37,-1,-1,1,-1,-1,-1,11588,11041,11103,11049,11392,11848,11588,11041,780,11049,11392,11848,0
90000,1,2,1,43,2,0,-1,0,1,1,32709,35002,36982,42216,43519,44391,2328,8110,36982,2560,4857,4824,0
70000,1,1,1,21,-1,-1,0,-1,-1,0,29411,26588,30234,30642,31913,33769,29411,26588,1469,30642,31913,6170,0
10000,2,2,2,30,-2,-2,0,0,1,-1,0,70,1486,1668,1644,1732,0,0,58,256,65,2536,0
100000,1,1,2,26,0,0,0,-1,-2,0,39215,39637,37148,37884,100,40804,7565,6075,7293,37884,0,11242,0
240000,2,1,2,32,0,0,-1,0,-2,0,84739,83164,88200,84179,0,93365,3039,20365,88200,3364,0,24732,0
50000,2,2,3,48,1,1,2,0,2,0,37888,36719,41010,39371,41043,40566,3038,2662,3081,2342,491,10626,1
180000,2,1,1,34,-1,-1,0,1,0,0,37813,33608,35636,34063,35903,36237,37813,33608,3036,2151,8882,9886,0
90000,2,2,2,54,0,-2,-1,-1,-1,-1,17669,0,18274,16336,15037,15725,4300,0,18274,16336,15037,15725,0
300000,1,1,1,36,0,-1,0,0,1,0,194208,205223,185425,185269,159416,147204,12870,205223,16223,29960,7251,36489,0
180000,2,4,2,33,0,-1,-1,-1,-2,-2,22273,23123,20187,21348,0,14,3108,23123,20187,21348,0,0,1
160000,2,2,1,31,-1,0,0,0,0,0,-3661,-3920,-4013,-4327,-4735,47737,992,803,814,548,241,3400,0
100000,1,2,2,21,-2,1,1,1,1,-1,0,52202,55413,55139,48766,48186,0,0,0,1558,2184,48186,0
140000,2,1,1,21,0,0,0,0,1,1,76164,81178,76532,71596,68345,75333,16120,15410,3569,11483,4735,7222,1
50000,1,3,2,37,2,1,0,1,2,0,22251,20978,18774,19684,18877,18552,2219,531,3819,1143,0,5404,0
120000,2,2,2,22,0,-1,0,-1,-1,-1,-4253,-4353,-4137,27480,30618,34108,652,2337,766,27480,30618,34108,0
500000,2,1,2,34,-1,0,0,-2,-1,-2,152130,146657,139711,0,145701,258,152130,38608,17008,0,145701,0,0
240000,2,1,2,21,-1,-2,1,0,0,-1,166038,0,146880,136608,140083,129883,166038,0,8555,25533,18710,129883,0
40000,2,1,1,39,0,1,-1,0,0,0,10698,11038,11243,11300,12796,13023,1628,1317,11243,521,1390,2241,0
120000,2,2,1,30,0,1,1,2,0,0,48688,43728,37981,34721,39935,43961,13060,0,859,0,4169,12306,0
190000,1,2,2,23,0,0,0,0,0,1,48012,49666,50318,50660,46842,47983,3992,5033,6478,10618,2177,1218,0
210000,1,1,1,32,0,-1,0,0,2,0,192540,188031,174252,185488,180166,158630,45110,188031,17335,19223,0,45138,1
220000,2,3,1,35,1,0,-1,-1,-1,-1,0,0,86256,82818,85832,85961,0,350,86256,82818,85832,85961,0
110000,1,2,1,24,0,0,1,4,4,0,56685,57558,50422,55478,55908,54816,2608,4915,1157,1908,0,7108,1
200000,2,2,1,55,0,1,-2,1,-2,2,177732,175679,173,174609,0,141959,47778,9088,0,16655,0,0,1
100000,2,2,1,43,0,0,0,1,0,-1,19975,17922,20082,18636,19670,17823,1992,2401,2654,1335,2473,17823,1
80000,1,2,1,44,0,0,-2,-2,0,-1,40389,37335,64,0,38879,38846,7742,3097,0,0,10812,38846,0
70000,1,3,1,26,0,0,0,2,2,1,26725,24098,25719,25513,26567,27736,3821,2965,5269,2279,2031,330,0
190000,1,1,1,35,0,2,2,0,1,0,139892,136494,146611,127332,129856,122333,10475,5436,12565,25750,2279,34381,0
190000,1,2,2,38,0,-1,-1,-1,-2,-2,129900,124646,115608,109864,0,177,37831,124646,115608,109864,0,0,0
50000,1,2,2,21,0,-1,2,3,2,-1,19868,20308,18407,17346,18896,20205,3736,20308,2101,0,1363,20205,1
210000,1,2,1,40,2,-1,1,2,1,0,0,0,0,0,0,157325,0,2814,0,0,0,31685,0
100000,2,1,1,36,0,0,-1,-1,-1,0,50959,48941,46508,45500,46800,42806,12279,3002,46508,45500,46800,12799,1
240000,2,3,1,21,0,0,0,-1,-2,0,76113,79409,78578,72512,0,73683,12751,9163,16622,72512,0,19952,0
200000,2,1,1,57,-1,-1,1,0,-1,0,-1345,-1385,-1199,-1285,-1441,-1418,1890,2121,0,640,1608,924,0
160000,2,2,2,33,-1,0,0,1,2,2,0,0,0,57472,58378,60623,2249,995,1303,2990,6398,0,1
20000,2,1,2,43,0,0,-2,-1,-1,-1,8385,7392,0,7926,8724,9472,2136,774,0,7926,8724,9472,0
200000,2,1,2,36,0,-1,-1,1,0,0,63457,66075,59471,67390,76045,74883,19036,66075,59471,0,3493,3921,0
60000,2,1,2,49,-2,-2,-1,2,2,1,274,0,23396,23002,19901,20382,0,0,23396,986,1279,0,0
170000,2,3,1,32,-1,-1,-2,-1,-1,0,74546,70832,93,66438,68808,69333,74546,70832,0,66438,68808,9983,0
300000,1,2,2,31,0,0,2,2,0,-1,0,0,224023,201470,184790,203664,1408,1674,3398,19456,6575,203664,1
200000,1,2,1,43,0,0,0,-1,-2,-2,103549,96914,100505,98526,0,0,28270,16614,4768,98526,0,0,0
220000,2,1,2,50,0,0,0,-1,0,0,28631,25350,22360,20807,21312,21059,2826,7602,6091,20807,4508,4360,0
10000,1,2,1,39,3,2,2,1,0,0,0,4108,4323,3977,4128,4288,0,152,140,401,630,853,0
70000,1,2,2,29,0,0,0,1,0,2,38749,38401,41011,41358,37455,37998,11583,9128,7478,2566,6991,2944,0
130000,2,1,2,27,-2,-1,0,1,1,1,0,57152,52711,53995,62128,54343,0,57152,7983,0,0,0,0
80000,1,2,1,55,0,0,0,-2,2,-1,0,0,0,143,0,0,955,909,275,0,0,1139,0
100000,2,1,2,40,0,-1,0,-1,0,0,0,0,40642,43313,38503,40589,857,572,10298,43313,2585,9866,0
120000,2,3,1,25,-2,0,0,1,0,0,0,46516,50013,52491,53985,50901,0,8351,11262,3919,14297,10986,0
80000,2,1,1,24,0,0,3,2,1,-1,44074,42702,45249,38789,40925,39401,13064,5180,2067,1917,0,39401,0
230000,1,2,2,38,0,0,1,1,0,-1,0,140681,120389,107311,117672,107303,1035,17232,8654,2878,31388,107303,1
140000,2,2,1,51,0,0,-2,-1,0,0,57548,54308,75,49828,46181,51269,9928,2983,0,49828,5793,4997,0
180000,1,3,1,40,-1,-1,0,3,3,0,126991,143133,156605,141358,137375,129363,126991,143133,21654,12069,5266,11313,1
190000,2,2,2,42,-1,-2,0,0,0,0,40612,38,42361,42343,40997,37697,40612,0,1890,8875,12079,7186,0
90000,2,2,2,27,0,0,2,2,0,-1,54102,56521,51643,53330,56535,51776,12138,6357,0,3518,3172,51776,1
200000,2,1,1,29,2,2,-1,5,5,4,0,0,0,0,108056,105607,0,0,881,0,0,9353,1
80000,2,1,2,37,1,-1,-1,-1,-1,-1,25832,29414,32275,29407,27429,29157,1860,29414,32275,29407,27429,29157,0
140000,2,1,2,43,1,-2,0,0,-1,-1,31218,0,26260,25462,24206,20929,712,0,2485,4442,24206,20929,0
230000,1,1,2,42,-1,0,0,0,2,0,121635,141623,131447,130088,124744,135321,121635,6516,21731,17682,6785,40175,0
340000,2,1,2,41,0,-1,0,-2,-1,-2,125346,115830,107262,0,102759,264,37456,115830,5144,0,102759,0,0
80000,2,3,1,38,-1,-1,-1,0,0,1,0,0,0,0,0,0,1564,2026,1284,861,1169,0,0
400000,2,1,1,41,0,1,1,0,0,0,173943,181159,200397,183937,189642,188279,6520,13988,0,35531,7453,14900,0
130000,2,1,2,35,4,3,3,2,-2,0,136500,130216,115742,116447,187,114654,0,14431,0,0,0,28843,1
30000,2,2,2,39,1,-2,-2,-2,-2,-1,11401,0,0,179,0,11283,268,0,0,0,0,11283,0
210000,2,1,1,38,4,-1,-1,-2,-2,2,91666,100341,93769,195,0,93813,5107,100341,93769,0,0,5822,0
410000,2,2,1,36,0,0,0,0,0,4,145967,130312,136086,141551,139023,144638,24681,15693,21233,11099,11219,4345,1
170000,2,1,2,52,-1,-1,-1,0,0,0,0,0,63197,66206,60789,53921,2890,1202,63197,7828,17004,2917,0
160000,1,4,2,49,2,2,2,1,1,0,73426,77750,71595,71472,67970,70697,4384,0,7429,7603,0,9827,0
120000,1,3,2,26,1,1,0,0,-1,-1,0,0,0,0,0,72960,0,0,852,1589,625,72960,0
230000,2,2,2,41,0,-2,0,0,-1,-1,62580,0,60053,58100,55692,50121,12305,0,16921,14423,55692,50121,0
300000,2,2,2,44,-2,1,0,1,0,0,0,162858,177812,193259,166697,164974,0,0,36844,16666,49002,35193,0
140000,2,2,2,33,-1,-1,0,0,0,1,52954,51051,56526,54727,58582,63542,52954,51051,8765,13867,7048,6567,0
50000,1,3,2,38,-2,0,1,0,1,-1,0,0,32666,29223,26887,24319,0,1170,3671,8687,2191,24319,0
90000,1,1,2,55,0,1,0,0,1,0,20919,19172,21887,23938,26112,26737,3528,1667,998,5519,1900,5927,0
120000,2,3,2,26,0,0,0,2,8,8,55079,50764,49808,50968,54228,59035,2741,10811,14708,3385,2778,0,1
300000,1,1,2,47,-1,-1,0,0,-1,0,137625,125323,124268,124442,128179,128968,137625,125323,34258,13455,128179,22161,0
130000,1,3,1,21,-2,-2,-2,0,0,0,0,0,0,60456,52988,56662,0,0,0,10451,13235,13511,0
110000,2,3,1,30,0,0,1,1,1,-2,39639,39342,36915,37074,33081,0,10738,2563,1407,1561,3517,0,0
80000,2,2,2,38,0,0,0,0,-1,0,40573,37192,40017,35545,33992,36513,1842,10053,3087,7827,33992,3025,0
500000,1,2,1,37,-1,-1,-2,3,3,3,267944,241980,0,239167,210450,220847,267944,241980,0,0,13545,25375,0
210000,2,3,2,39,0,-1,0,-1,-1,-2,52443,58579,57791,55937,55398,0,6308,58579,16046,55937,55398,0,0
100000,2,1,1,44,1,-2,-2,-2,-2,-2,0,0,0,0,263,0,0,0,0,0,0,0,1
120000,1,3,1,24,1,-2,-1,-1,2,2,43078,0,51548,54075,57841,60853,4239,0,51548,54075,5538,0,0
100000,2,1,1,30,0,-1,6,1,0,0,63214,56901,50786,50383,53182,54562,14590,56901,3730,3353,7437,3179,1
190000,2,1,1,30,-1,-1,-1,0,0,0,161551,154609,143766,130392,123705,109377,161551,154609,143766,22799,21030,25522,0
100000,1,1,2,36,0,0,1,1,-2,0,38065,35603,37293,33573,240,32307,10507,6284,692,2214,0,6148,0
260000,2,2,2,39,0,0,-1,-1,-1,-1,83615,82089,88583,89317,82515,94164,11036,19951,88583,89317,82515,94164,0
160000,1,2,1,34,0,1,0,0,3,2,-882,-827,-849,-842,-882,148771,291,0,1345,448,0,12772,1
110000,2,2,2,37,0,-2,-2,1,0,0,0,208,0,0,62404,62295,1443,0,0,0,3402,13706,0
120000,2,2,2,31,0,2,0,-2,-1,1,96541,84575,79518,0,69069,77614,26603,3510,4732,0,69069,0,0
130000,2,2,1,34,0,-1,0,0,-1,0,0,0,0,0,0,0,1159,2129,610,132,2969,499,1
110000,2,2,1,42,3,1,2,-1,0,1,66780,76463,71554,75299,79205,78179,0,2879,0,75299,23025,0,1
20000,2,1,2,23,4,3,3,2,1,2,0,0,0,0,0,8456,0,0,0,0,0,759,1
400000,2,2,2,32,0,2,2,0,0,0,152757,150699,158985,171571,175062,188353,27446,7924,10784,7614,16228,13025,0
250000,2,1,1,36,0,-1,-1,-1,-1,-1,118840,116368,112263,105502,107192,111200,12760,116368,112263,105502,107192,111200,0
20000,1,2,2,25,-1,-1,-1,-1,0,0,8196,7568,6724,6131,6545,7010,8196,7568,6724,6131,720,699,0
130000,1,2,2,43,1,0,0,1,0,0,23257,25636,27912,26475,23352,21430,797,6245,2353,1425,2683,2720,0
220000,1,3,2,41,1,2,0,0,-1,0,151465,146402,127151,139110,145134,128844,7325,14441,25720,28229,145134,10017,1
90000,2,2,2,39,1,1,0,1,0,0,30828,28747,30056,29619,29164,28134,904,0,7763,1555,7693,4761,0
50000,2,1,1,46,-1,0,4,4,0,0,34250,36796,33201,31641,35759,34979,34250,2887,803,0,7671,10311,1
50000,2,2,2,35,2,1,0,2,1,0,35453,37036,36660,33322,32646,34123,2131,0,6554,861,3638,2583,0
80000,2,2,2,40,2,-2,0,1,2,2,43608,0,49939,46715,43588,42899,2540,0,4474,0,0,1019,0
230000,1,2,1,52,-1,0,0,0,0,0,79591,73908,67602,64469,65749,63401,79591,19638,2913,10426,10352,14928,0
140000,2,1,1,27,0,0,-2,-1,0,2,0,0,0,0,0,59775,1527,30,0,129,1825,6387,0
150000,1,4,1,50,-2,1,0,-2,0,0,51,64770,70112,0,61521,68450,0,5249,6393,0,4928,12040,1
270000,2,2,2,31,1,0,0,0,0,-1,0,0,0,78336,70888,67639,0,1049,1098,11859,18709,67639,0
90000,2,1,1,45,3,-1,-1,-1,0,0,0,0,0,0,0,0,0,2251,2099,1581,137,1068,1
270000,1,1,2,25,1,2,2,1,1,0,235436,253697,238519,251450,225011,196274,0,0,19817,19220,4429,40074,0
240000,2,3,1,33,0,0,0,-1,0,0,-3172,-2995,-3337,-3581,-3404,58292,1874,1949,1359,1372,1622,10829,0
140000,2,2,1,39,-1,2,2,2,2,2,104904,97226,101669,97279,90607,93183,104904,4064,0,10853,7206,0,0
410000,1,3,2,40,-1,2,-2,0,0,1,0,0,46,316857,327242,328371,907,0,0,13617,61704,0,0
50000,2,1,1,36,1,-1,-1,0,2,0,43904,45198,44250,38135,35996,38659,1835,45198,44250,11293,0,5690,1
10000,2,3,1,45,0,0,1,0,-1,-1,4835,4266,4489,4625,4184,3715,854,564,0,1072,4184,3715,1
220000,1,2,1,33,1,-2,-2,0,1,2,163045,0,0,139180,153932,147007,0,0,0,22981,13136,3235,0
100000,1,1,1,28,1,1,0,0,0,-2,74899,66970,64965,60749,58005,0,0,0,13052,7235,8797,0,0
30000,2,3,2,32,1,0,-1,0,2,-1,-2527,-2670,-2973,23909,22846,22479,0,1030,2908,2229,1844,22479,1
150000,2,1,2,31,0,-2,-2,2,2,1,0,0,0,0,0,0,70,0,0,0,0,0,0
150000,1,1,1,36,1,0,-1,-1,-1,0,0,0,0,72797,66938,62539,0,941,846,72797,66938,4173,0
50000,1,2,1,39,1,0,1,1,0,-2,11532,10582,10276,9765,9871,0,170,820,142,0,2944,0,0
130000,2,1,2,35,1,0,0,0,0,0,23672,25998,28063,32293,31561,27769,0,1848,6991,7625,1507,2191,0
80000,1,1,2,29,0,-2,1,1,-1,0,0,0,50003,52167,58276,62474,1657,0,1222,0,58276,14650,0
110000,2,2,2,41,-1,0,0,2,2,1,74918,68284,68027,61347,61208,64848,74918,17319,16770,3632,2261,0,0
100000,1,2,2,21,0,0,2,-2,-1,0,0,0,50347,250,44435,38729,279,1454,1650,0,44435,11256,0
250000,1,2,2,37,0,-1,0,0,-1,-1,148370,159560,173075,173053,166249,152155,10406,159560,9837,19072,166249,152155,1
240000,1,1,2,37,0,0,-2,1,0,-1,31260,35453,0,35101,34633,33957,5412,5471,0,0,8792,33957,0
100000,1,2,2,46,-1,0,-1,0,-1,0,51068,47024,44618,45325,50174,53349,51068,2982,44618,1899,50174,3700,0
260000,2,2,1,42,0,0,0,0,0,0,61592,62756,68723,69146,63483,69571,4479,10943,18267,15909,11918,13764,0
120000,2,1,2,57,0,-1,-1,-2,0,0,18968,16689,15469,247,16962,17350,2984,16689,15469,0,4918,1000,0
120000,1,2,2,41,0,-1,0,0,2,-2,53638,52275,55530,49137,52348,0,13982,52275,10049,9662,3274,0,1
190000,2,1,1,41,3,3,2,-2,-2,-2,158267,141246,127897,0,0,0,0,15363,6467,0,0,0,0
110000,2,1,2,40,0,3,0,0,0,6,0,0,0,0,56374,60888,1021,0,852,1946,2541,3679,1
140000,1,1,1,32,0,0,0,0,0,-1,25197,26986,24665,21133,21602,21557,4532,5944,1578,2258,5887,21557,0
220000,1,1,2,46,0,3,4,-1,0,0,134895,122304,126817,115753,107078,114562,27558,10273,5323,115753,6272,3563,1
80000,2,1,1,48,0,0,0,0,0,0,40570,37719,42025,42170,47742,42855,11382,4422,7284,4730,10153,3700,0
100000,2,2,2,35,-2,-2,0,0,0,0,0,0,36059,34155,30170,29108,0,0,9167,2441,1359,1971,0
110000,2,1,1,30,1,1,1,1,0,0,76765,86781,76977,73632,67610,66380,4049,8857,5416,0,18127,15430,0
170000,2,1,1,47,-2,-2,-1,-1,0,-1,0,0,77551,73322,67813,70284,0,0,77551,73322,15776,70284,0
130000,2,1,1,30,0,0,0,-1,0,1,48391,49355,46733,52144,50985,52783,9268,10416,9778,52144,14387,0,0
110000,1,3,1,29,-2,0,0,1,1,0,0,0,13591,13278,12024,10501,0,879,674,1224,0,2515,0
340000,1,2,1,46,1,1,0,0,1,0,59804,57379,55440,55412,59392,54986,0,5390,9090,2859,6013,16153,0
100000,1,2,1,40,-1,0,0,-1,0,0,37422,42092,47495,41486,39781,39261,37422,6732,12783,41486,1726,1425,1
370000,2,1,1,37,-1,-1,-1,-1,0,-1,103124,97895,99678,110040,125859,120981,103124,97895,99678,110040,16166,120981,0
170000,2,2,2,21,-1,0,0,0,2,2,-2048,-1815,-1585,-1734,135610,137680,1890,1906,1252,923,0,6937,0
170000,1,3,2,25,-1,0,0,2,2,2,90551,96376,91521,89947,85439,84679,90551,27044,3705,0,6745,9339,0
250000,2,1,2,46,-1,2,1,0,-2,-2,150828,140990,137527,133962,138,0,150828,11717,10027,4886,0,0,1
260000,2,1,1,32,-2,0,0,-2,3,2,299,163842,147039,0,129589,140725,0,38679,15568,0,7730,13153,1
100000,2,2,1,29,-1,-1,-1,-2,-2,0,-2765,-2968,-2584,133,275,30336,843,2287,619,0,0,2540,0
80000,2,2,1,38,0,0,2,-1,1,0,35130,34025,35698,35100,38085,37106,10172,3879,2602,35100,1266,10709,0
150000,2,2,1,27,0,0,1,-1,-1,0,74282,69483,68534,68195,65235,57379,17808,5551,2839,68195,65235,11893,0
200000,2,3,2,32,1,1,0,-1,0,0,0,0,0,0,0,0,0,0,1773,1462,223,1538,0
110000,1,2,1,28,0,0,0,0,0,0,12598,13087,13287,12261,12824,14521,529,2116,1032,3121,1632,4072,0
200000,2,3,2,36,0,-2,-1,0,0,0,0,0,62769,67030,72604,73431,953,0,62769,17875,12385,20724,0
160000,1,3,2,35,0,0,0,0,0,0,33966,32232,36523,35579,40944,42595,5540,4702,7200,1626,3982,1405,0
90000,2,3,2,45,-2,0,-1,0,0,2,0,76254,82903,75755,66708,63093,0,8734,82903,5927,3221,0,1
80000,2,2,2,25,0,-1,0,-1,0,0,-3585,-3675,-3792,12189,11813,12359,663,858,1688,12189,1676,3187,0
80000,2,2,2,25,-1,-1,0,0,-1,-1,17845,19043,18774,18308,18882,16944,17845,19043,1374,3343,18882,16944,0
50000,2,3,1,33,1,0,-1,0,0,-1,22990,20797,20064,21170,23588,21577,1899,2823,20064,1677,1878,21577,1
470000,1,2,2,39,0,0,0,0,2,0,280749,265474,290504,267952,243583,218442,42509,72427,83698,17019,11923,28353,0
240000,2,2,1,34,0,0,0,0,0,0,73092,80405,92784,90122,81879,73790,9456,18779,23230,5255,17128,2278,0
300000,2,3,1,45,-1,0,-2,-2,2,1,172045,197898,0,0,152372,151253,172045,23854,0,0,3010,15269,0
170000,1,1,2,37,0,-1,0,0,0,-1,28616,25843,24490,27148,29422,30100,4818,25843,4118,6598,7469,30100,0
310000,1,4,2,39,-1,-1,-1,0,0,-1,110972,96543,95715,87065,86065,93096,110972,96543,95715,15636,17656,93096,0
100000,2,1,2,42,0,-1,-1,0,0,-1,37987,40284,38589,39446,39873,40925,10605,40284,38589,8853,4212,40925,0
190000,2,1,1,30,0,1,0,-2,0,0,65518,61259,60082,0,48950,48280,4471,0,6494,0,10791,12723,0
150000,1,2,2,21,-1,2,0,-1,-1,0,71194,71626,66652,65090,67111,59858,71194,0,12230,65090,67111,3969,1
100000,1,3,1,21,1,1,0,0,0,-1,25318,24159,24370,22295,19006,21102,2665,0,7043,3784,1070,21102,1
130000,1,3,2,30,-1,-1,2,3,2,2,70579,73390,76996,69215,67782,70184,70579,73390,2980,7630,1306,4925,0
60000,1,3,2,32,-2,-1,-1,-1,-1,0,238,13680,13278,14138,15203,15848,0,13680,13278,14138,15203,2238,0
100000,2,1,2,56,-1,-1,0,-2,0,0,65869,68863,77932,0,73257,69416,65869,68863,9678,0,11880,11436,0
190000,2,1,2,40,0,0,0,0,-1,-1,73920,80372,82173,89424,89612,100228,20475,3760,7425,17982,89612,100228,0
140000,2,2,2,37,0,-1,-1,0,2,1,71455,80779,88155,85914,79215,81790,20675,80779,88155,3179,7772,5068,1
280000,1,2,1,43,-1,-2,-2,-2,-2,2,161537,0,58,147,28,193791,161537,0,0,0,0,0,0
220000,1,3,2,37,0,8,0,0,0,0,0,0,0,0,118221,127626,1610,0,508,1031,24391,30920,1
100000,2,2,1,21,-1,-1,-1,2,2,2,76534,84480,86797,93671,83692,79830,76534,84480,86797,8944,1411,6317,0
30000,1,2,1,25,2,3,3,0,1,1,22644,22067,19799,19181,16913,15203,1974,1795,1038,3706,899,204,1
100000,2,1,1,36,-1,-1,-1,0,0,1,15747,17325,17692,17082,17614,17693,15747,17325,17692,908,531,1029,0
200000,2,1,2,39,-2,-2,-1,1,1,0,0,16,0,87834,78680,75833,0,0,2047,4241,4541,3293,0
130000,2,2,2,34,0,0,0,-1,0,0,0,0,0,0,0,34466,1755,1659,1299,782,204,3091,0
50000,2,2,2,36,1,0,-1,-1,-1,-1,17817,19833,21222,18641,19984,19798,0,4799,21222,18641,19984,19798,0
80000,1,2,1,32,2,3,-1,-1,0,-2,59652,52210,59300,60334,53415,26,1208,0,59300,60334,3619,0,0
110000,1,3,1,44,0,1,1,0,-1,-1,0,0,0,0,44525,41626,1008,0,0,528,44525,41626,0
180000,1,1,1,43,-1,-1,1,0,-2,-2,0,0,0,0,0,0,2356,2086,0,229,0,0,0
150000,2,3,1,30,-1,-1,-2,-2,1,0,0,0,0,0,49828,46924,850,1903,0,0,3910,12995,0
100000,1,2,2,36,0,-1,-1,0,0,0,25440,25533,26660,26907,26972,28367,5220,25533,26660,3684,5865,3776,0
190000,2,2,1,36,-1,-1,-1,-1,-1,-1,10717,12496,13286,13790,13709,13856,10717,12496,13286,13790,13709,13856,0
250000,1,2,2,39,-1,-1,-1,0,-1,-1,173795,169228,146236,153665,134033,137457,173795,169228,146236,28815,134033,137457,0
130000,1,1,2,34,0,0,1,0,-1,0,21742,19796,20978,23137,21815,21356,2679,4136,2265,4947,21815,3994,0
70000,1,2,1,32,-1,-2,-1,-1,0,0,15695,0,16202,16898,16345,16948,15695,0,16202,16898,3431,4750,0
300000,2,3,1,27,0,1,0,0,0,0,148729,153349,137391,131535,137918,139562,17265,0,31057,16815,32902,5959,0
30000,1,1,2,30,0,-2,-2,-1,-1,-1,15778,0,234,14478,15115,15372,4225,0,0,14478,15115,15372,0
80000,2,1,1,52,0,0,0,0,0,1,13778,14298,14918,15725,17734,18214,3809,3747,2327,2590,723,1651,0
100000,1,4,2,40,1,1,0,0,0,0,57462,52515,54418,54923,57540,51944,2844,0,6673,12082,17244,13289,0
260000,2,2,1,44,-1,-1,-2,2,2,2,116453,114278,0,121187,116628,124324,116453,114278,0,1218,4513,8938,0
250000,2,2,2,34,3,1,0,0,-1,-1,0,0,0,0,132881,122858,0,0,920,102,132881,122858,0
790000,1,1,2,40,0,1,1,1,-1,-1,210542,201371,193135,181703,176426,192475,40564,5186,16780,8026,176426,192475,1
140000,1,2,2,35,-1,-1,-2,1,0,0,22066,22944,103,21392,19552,20229,22066,22944,0,794,4418,5802,1
110000,2,2,1,43,-1,-2,-2,2,3,2,89374,0,0,81401,70478,63896,89374,0,0,1914,1110,5618,0
60000,1,1,2,38,-1,0,5,2,-1,0,63000,63000,61347,56445,53283,52348,63000,17043,6913,2154,53283,7728,1
180000,1,3,1,29,0,0,0,0,0,1,20313,20486,22671,23832,20711,20837,623,1187,2749,903,4569,1171,0
110000,2,1,2,27,-1,-1,0,0,1,0,18089,18734,20654,18166,15693,15192,18089,18734,942,998,661,2114,0
70000,2,2,2,34,1,-1,0,-2,0,0,24460,22285,22191,296,26153,28727,0,22285,5986,0,5668,3534,0
130000,1,3,1,27,0,0,0,0,-1,-1,28995,29015,25626,23863,20963,21849,6298,3872,2765,6641,20963,21849,0
100000,2,3,1,33,-1,-1,2,2,1,0,83152,82485,83642,86698,93895,86982,83152,82485,2395,3752,9409,12261,0
210000,1,2,2,21,0,0,0,0,0,0,0,0,0,0,0,36576,660,797,275,1970,292,10754,0
180000,1,3,1,52,-1,-1,1,1,-1,0,37988,35269,39480,38017,36048,32312,37988,35269,3668,1139,36048,9097,0
100000,1,2,1,33,-1,0,1,0,0,0,22823,22127,23991,23767,23100,21048,22823,1114,1164,6996,3193,1667,1
180000,1,2,1,61,2,0,1,3,2,2,120213,127590,126995,119031,116538,117629,1919,33158,12594,1727,4239,0,1
120000,2,2,1,45,0,-1,-2,0,-2,-1,0,0,0,0,0,0,275,2834,0,1293,0,2563,0
40000,1,1,2,55,0,1,0,2,1,-1,28347,32044,34784,29635,29070,27204,1268,0,9778,549,565,27204,0
60000,2,2,2,37,1,0,0,-1,1,0,22436,24863,25590,23135,22649,23924,0,2872,1947,23135,1542,4312,0
60000,2,3,1,36,1,1,-2,2,2,2,24934,27103,0,26041,28517,30184,2198,788,0,1484,0,0,1
180000,1,4,2,54,-1,0,0,2,0,0,0,0,0,106943,109806,112681,2320,1123,530,7306,26366,13696,1
180000,2,1,1,31,1,1,0,2,1,0,134663,128658,127949,121605,119060,102457,5221,7912,17895,0,11284,17398,0
180000,2,2,1,25,1,0,-1,-1,0,0,73005,66327,67807,65449,64000,66938,0,14008,67807,65449,13162,10340,0
70000,2,2,1,34,-1,-1,1,0,0,0,17107,16938,16752,18440,18717,19695,17107,16938,1721,4749,5446,2703,0
300000,1,2,2,42,0,0,0,0,0,0,66733,60007,57655,51959,47995,42858,19135,4502,9044,8636,9258,7480,0
120000,2,2,1,40,0,0,0,0,0,1,98239,104529,100753,95936,90023,89583,16091,17494,14766,27121,3527,948,0
260000,1,1,2,27,0,0,-1,0,0,-1,101642,92468,88276,96524,88791,82399,8833,27133,88276,22590,2992,82399,0
30000,2,3,2,24,0,-1,0,-1,-1,0,12554,12108,11068,10105,10579,9601,1671,12108,469,10105,10579,1205,0
120000,2,1,2,40,0,0,-1,-1,-1,-1,46916,44429,40954,43878,38913,40149,13344,7723,40954,43878,38913,40149,0
100000,1,2,2,36,-1,0,0,0,0,0,9658,10223,10633,9281,9613,9493,9658,2447,671,1038,2272,2256,0
70000,2,2,1,33,0,0,0,0,2,2,60833,53284,47146,51536,48287,50281,10688,6382,8190,1943,3124,0,0
160000,2,1,1,29,1,0,0,0,0,0,61778,56802,59221,63709,58444,60873,6777,6900,13950,5521,5425,11198,0
100000,2,2,2,43,2,-1,-2,-1,-1,-1,64615,69707,0,61310,56116,55185,0,69707,0,61310,56116,55185,0
100000,1,2,1,49,1,0,1,0,0,0,22555,21238,22255,21613,19840,20009,237,5411,0,5088,1792,2174,0
50000,2,1,1,28,0,0,1,2,1,0,0,0,0,34326,38310,41873,183,871,0,1944,2368,7839,0
90000,2,1,2,39,0,-1,0,0,0,-1,45723,50445,51436,45852,47149,47065,13427,50445,3893,4139,2512,47065,0
50000,1,1,2,24,-2,-1,-1,0,0,-2,0,32882,33856,35042,32642,0,0,32882,33856,10325,2598,0,0
150000,2,2,1,29,4,0,1,0,0,0,0,0,0,0,0,75638,0,6,0,1727,1452,12861,1
240000,2,2,2,42,0,0,1,1,0,1,0,0,0,0,0,0,907,1337,0,0,1779,0,0
200000,1,1,1,31,-1,0,-2,-1,0,0,42499,41990,131,39111,42782,40624,42499,9435,0,39111,3643,8257,0
120000,1,2,1,29,0,0,1,-1,0,1,31778,29560,28563,26781,24790,25534,2719,2879,0,26781,4871,2639,0
200000,2,1,2,39,1,-1,0,1,0,4,127381,130977,126301,122011,118722,132684,7295,130977,17498,0,26907,13162,1
310000,1,2,1,34,3,-1,-1,0,0,-1,325500,322649,284113,256635,233860,241217,6191,322649,284113,50457,63312,241217,0
250000,2,3,2,32,1,1,2,2,1,1,198963,217766,189826,183926,181829,192024,10966,18227,12083,19707,0,0,0
210000,2,2,2,34,3,4,-1,-1,-1,0,116053,119923,113105,112871,109547,106996,0,9698,113105,112871,109547,13757,1
400000,2,2,2,37,0,0,0,-2,-1,0,136105,131817,140048,0,131031,137446,30738,22819,12659,0,131031,40409,0
50000,1,2,2,29,0,0,0,3,2,-1,36107,34266,37797,36954,35005,39448,4150,6722,9841,4385,1491,39448,0
