age,workclass,fnlwgt,education,education-num,marital-status,occupation,relationship,race,sex,capital-gain,capital-loss,hours-per-week,native-country,income
46,Private,179284,Some-college,10,Married-civ-spouse,Craft-repair,Husband,White,Male,0,0,45,United-States,<=50K
51,Private,152575,HS-grad,9,Married-civ-spouse,Tech-support,Husband,White,Male,0,0,20,United-States,<=50K
41,Private,205180,Some-college,10,Never-married,Sales,Own-child,White,Male,0,0,55,United-States,>50K
60,Private,157432,HS-grad,9,Married-civ-spouse,Sales,Husband,White,Male,0,0,43,El-Salvador,<=50K
37,Private,283652,Some-college,10,Married-civ-spouse,Prof-specialty,Husband,Black,Male,0,0,40,United-States,>50K
24,Federal-gov,253188,Assoc-acdm,12,Married-civ-spouse,Tech-support,Wife,White,Female,0,0,40,United-States,<=50K
39,Private,91936,Some-college,10,Married-civ-spouse,Other-service,Husband,White,Male,0,0,13,United-States,<=50K
48,Private,396200,HS-grad,9,Married-civ-spouse,Exec-managerial,Husband,White,Male,0,0,29,United-States,<=50K
26,State-gov,241673,HS-grad,9,Married-civ-spouse,Prof-specialty,Wife,White,Female,0,0,27,United-States,<=50K
29,Federal-gov,335785,HS-grad,9,Married-civ-spouse,Prof-specialty,Husband,Black,Male,0,0,40,United-States,<=50K
24,Private,197942,HS-grad,9,Married-civ-spouse,Craft-repair,Wife,White,Female,0,0,18,United-States,<=50K
27,State-gov,105834,10th,6,Married-civ-spouse,Farming-fishing,Husband,White,Male,0,0,38,United-States,<=50K
25,Private,325881,HS-grad,9,Divorced,Adm-clerical,Not-in-family,White,Male,0,0,46,United-States,<=50K
41,Private,90170,7th-8th,4,Married-civ-spouse,Prof-specialty,Husband,White,Male,0,0,40,United-States,>50K
46,Private,272885,Assoc-acdm,12,Married-civ-spouse,Exec-managerial,Husband,Asian-Pac-Islander,Male,0,0,32,United-States,<=50K
31,Private,283990,Some-college,10,Married-civ-spouse,Other-service,Wife,White,Female,7298,0,48,United-States,>50K
45,Local-gov,96354,Assoc-acdm,12,Never-married,Craft-repair,Own-child,White,Female,0,0,28,United-States,<=50K
45,Self-emp-not-inc,321877,HS-grad,9,Married-civ-spouse,Exec-managerial,Wife,White,Female,0,0,40,United-States,<=50K
37,Private,270291,Some-college,10,Married-civ-spouse,Sales,Husband,Asian-Pac-Islander,Male,0,0,40,United-States,<=50K
35,Private,137651,10th,6,Divorced,Craft-repair,Unmarried,White,Male,0,0,40,United-States,<=50K
37,Private,299628,Some-college,10,Married-civ-spouse,Adm-clerical,Husband,White,Male,0,0,40,United-States,>50K
54,Private,382685,Assoc-voc,11,Widowed,Prof-specialty,Not-in-family,White,Male,0,0,29,United-States,<=50K
49,Local-gov,337817,Some-college,10,Never-married,Exec-managerial,Not-in-family,White,Male,0,0,40,United-States,<=50K
33,Self-emp-inc,103113,9th,5,Never-married,Other-service,Not-in-family,White,Female,0,0,40,Mexico,<=50K
41,Local-gov,284217,HS-grad,9,Married-civ-spouse,Craft-repair,Husband,White,Male,0,0,28,United-States,>50K
36,Private,173592,Some-college,10,Divorced,Sales,Not-in-family,White,Female,0,0,40,United-States,>50K
40,Private,381023,Masters,14,Married-civ-spouse,Other-service,Husband,White,Male,0,0,35,United-States,<=50K
39,Private,117610,Some-college,10,Married-civ-spouse,Transport-moving,Wife,Black,Female,0,0,37,United-States,<=50K
21,Private,324851,Some-college,10,Never-married,Sales,Own-child,White,Male,0,0,20,United-States,<=50K
45,Private,338235,Bachelors,13,Never-married,Adm-clerical,Own-child,Black,Male,0,0,55,United-States,<=50K
21,Self-emp-inc,305627,Assoc-acdm,12,Married-civ-spouse,Sales,Husband,White,Male,0,0,40,United-States,<=50K
50,Private,370209,Some-college,10,Married-civ-spouse,Adm-clerical,Husband,White,Male,0,0,40,United-States,>50K
48,Private,139413,HS-grad,9,Married-civ-spouse,Exec-managerial,Husband,White,Male,0,0,44,United-States,<=50K
73,Private,201856,HS-grad,9,Never-married,Sales,Other-relative,White,Male,0,0,26,United-States,<=50K
44,Private,297497,Some-college,10,Married-civ-spouse,Exec-managerial,Husband,White,Male,0,0,37,United-States,<=50K
49,Self-emp-not-inc,371116,1st-4th,2,Never-married,Handlers-cleaners,Not-in-family,White,Male,0,0,60,United-States,<=50K
51,Private,340382,HS-grad,9,Never-married,Adm-clerical,Not-in-family,White,Female,0,0,22,United-States,<=50K
33,Private,81492,HS-grad,9,Never-married,Sales,Other-relative,White,Male,0,0,40,United-States,<=50K
54,Private,202628,Some-college,10,Never-married,Transport-moving,Not-in-family,White,Male,0,0,40,United-States,<=50K
26,Private,159461,12th,8,Married-civ-spouse,Exec-managerial,Husband,White,Male,0,0,55,United-States,>50K
38,Local-gov,269009,11th,7,Never-married,Other-service,Not-in-family,White,Male,0,0,40,United-States,<=50K
37,Private,237521,Masters,14,Never-married,Other-service,Not-in-family,White,Male,0,0,40,United-States,<=50K
25,Local-gov,229682,Bachelors,13,Never-married,Machine-op-inspct,Other-relative,White,Male,0,0,27,United-States,<=50K
66,Federal-gov,352228,11th,7,Married-civ-spouse,Farming-fishing,Wife,White,Female,0,0,40,United-States,>50K
48,Private,358857,Bachelors,13,Divorced,Exec-managerial,Not-in-family,White,Female,0,0,40,United-States,<=50K
39,Private,176056,11th,7,Married-civ-spouse,Adm-clerical,Wife,White,Female,0,0,18,United-States,<=50K
48,Federal-gov,197661,Bachelors,13,Separated,Prof-specialty,Unmarried,White,Male,0,0,29,Philippines,>50K
37,Private,374843,HS-grad,9,Never-married,Machine-op-inspct,Own-child,White,Female,0,0,60,United-States,<=50K
23,Private,146243,5th-6th,3,Married-civ-spouse,Craft-repair,Husband,White,Male,0,0,18,United-States,<=50K
22,Private,306848,HS-grad,9,Married-civ-spouse,Adm-clerical,Husband,White,Male,0,0,20,United-States,<=50K
53,Private,232165,HS-grad,9,Married-civ-spouse,Transport-moving,Husband,White,Male,0,0,40,United-States,<=50K
29,Local-gov,255389,HS-grad,9,Married-civ-spouse,Machine-op-inspct,Husband,White,Male,0,0,50,United-States,<=50K
76,Private,195800,HS-grad,9,Divorced,Sales,Not-in-family,White,Male,0,0,19,United-States,<=50K
34,Private,296451,Bachelors,13,Divorced,Sales,Unmarried,Asian-Pac-Islander,Male,0,0,45,United-States,<=50K
37,Private,212325,Some-college,10,Divorced,Adm-clerical,Unmarried,Black,Male,0,0,40,United-States,<=50K
51,Private,263732,9th,5,Married-civ-spouse,Sales,Husband,Black,Male,0,0,23,United-States,<=50K
47,State-gov,205045,Some-college,10,Divorced,Adm-clerical,Not-in-family,White,Male,0,0,24,United-States,<=50K
32,Self-emp-inc,119439,Some-college,10,Never-married,Craft-repair,Not-in-family,White,Female,3449,0,40,United-States,<=50K
37,Private,176211,Some-college,10,Married-civ-spouse,Craft-repair,Wife,White,Female,0,0,23,United-States,>50K
18,Private,221283,Some-college,10,Never-married,Adm-clerical,Own-child,Asian-Pac-Islander,Male,4609,0,39,United-States,<=50K
46,Private,253615,Some-college,10,Never-married,Sales,Not-in-family,White,Male,0,0,15,United-States,<=50K
26,Self-emp-inc,99535,HS-grad,9,Married-civ-spouse,Craft-repair,Husband,White,Male,27828,0,45,Mexico,>50K
51,Self-emp-inc,166534,HS-grad,9,Married-civ-spouse,Exec-managerial,Husband,White,Male,0,0,23,United-States,>50K
52,Private,201886,Bachelors,13,Never-married,Craft-repair,Not-in-family,White,Male,0,0,29,United-States,<=50K
37,Local-gov,113234,HS-grad,9,Married-civ-spouse,Prof-specialty,Wife,Asian-Pac-Islander,Female,0,0,40,United-States,<=50K
40,Federal-gov,196132,Bachelors,13,Married-civ-spouse,Adm-clerical,Wife,White,Female,0,0,26,United-States,<=50K
37,Self-emp-inc,165266,Bachelors,13,Never-married,Craft-repair,Own-child,White,Male,0,0,17,Dominican-Republic,>50K
35,Private,165793,9th,5,Never-married,Adm-clerical,Not-in-family,White,Male,0,0,60,United-States,<=50K
26,Federal-gov,197049,11th,7,Divorced,Machine-op-inspct,Not-in-family,White,Male,0,0,15,United-States,<=50K
39,Private,202863,HS-grad,9,Married-civ-spouse,Adm-clerical,Wife,Black,Female,0,0,40,United-States,<=50K
46,Private,261535,Bachelors,13,Married-civ-spouse,Prof-specialty,Wife,White,Female,0,0,40,United-States,>50K
23,Private,162086,Bachelors,13,Never-married,Transport-moving,Not-in-family,White,Male,0,0,40,United-States,<=50K
39,Private,186451,Some-college,10,Married-civ-spouse,Other-service,Wife,White,Female,0,0,15,United-States,<=50K
41,Private,260640,Some-college,10,Never-married,Prof-specialty,Not-in-family,White,Female,0,0,11,England,>50K
51,Private,120644,Some-college,10,Divorced,Adm-clerical,Not-in-family,Asian-Pac-Islander,Female,0,0,40,United-States,<=50K
39,Private,199694,HS-grad,9,Divorced,Other-service,Unmarried,White,Female,0,0,40,United-States,<=50K
24,Self-emp-not-inc,374412,Bachelors,13,Never-married,Adm-clerical,Own-child,White,Female,0,0,21,United-States,<=50K
35,Private,342757,Bachelors,13,Never-married,Adm-clerical,Other-relative,White,Male,0,0,40,United-States,<=50K
79,Private,137580,Some-college,10,Married-civ-spouse,Exec-managerial,Husband,White,Male,0,0,52,United-States,<=50K
78,Federal-gov,241159,11th,7,Married-civ-spouse,Other-service,Wife,White,Female,0,0,27,United-States,>50K
53,Private,167000,12th,8,Never-married,Handlers-cleaners,Other-relative,White,Female,0,0,42,United-States,<=50K
42,Private,157058,Bachelors,13,Never-married,Craft-repair,Not-in-family,White,Male,0,0,48,United-States,<=50K
21,Private,368702,7th-8th,4,Never-married,Other-service,Own-child,Black,Male,0,0,38,United-States,<=50K
53,Private,330118,HS-grad,9,Never-married,Protective-serv,Own-child,White,Male,0,0,40,United-States,<=50K
60,Private,232236,HS-grad,9,Never-married,Sales,Not-in-family,White,Male,0,0,40,United-States,<=50K
43,Private,388619,Bachelors,13,Married-civ-spouse,Exec-managerial,Husband,Black,Male,0,0,40,United-States,>50K
28,Private,365895,Some-college,10,Married-civ-spouse,Craft-repair,Husband,Black,Male,0,0,29,United-States,<=50K
17,Private,148981,Bachelors,13,Never-married,Prof-specialty,Own-child,White,Male,0,0,48,United-States,<=50K
44,Federal-gov,352789,HS-grad,9,Never-married,Transport-moving,Own-child,White,Male,0,1302,51,United-States,<=50K
41,Private,127643,5th-6th,3,Divorced,Machine-op-inspct,Unmarried,White,Female,0,0,40,United-States,<=50K
64,Self-emp-not-inc,207703,Assoc-voc,11,Widowed,Protective-serv,Not-in-family,White,Male,0,0,50,United-States,>50K
26,Private,324305,Some-college,10,Never-married,Adm-clerical,Not-in-family,White,Male,0,0,40,Taiwan,<=50K
23,Local-gov,270390,HS-grad,9,Married-civ-spouse,Transport-moving,Husband,White,Male,0,0,40,United-States,<=50K
63,Private,257929,HS-grad,9,Never-married,Exec-managerial,Not-in-family,Black,Male,99999,0,40,United-States,>50K
28,State-gov,241657,Bachelors,13,Divorced,Sales,Not-in-family,White,Male,0,0,16,United-States,<=50K
30,Self-emp-not-inc,397258,Some-college,10,Married-civ-spouse,Machine-op-inspct,Husband,White,Male,0,0,40,El-Salvador,>50K
42,Private,158097,11th,7,Married-civ-spouse,Farming-fishing,Wife,White,Female,5734,0,35,United-States,<=50K
24,Private,89403,Some-college,10,Never-married,Handlers-cleaners,Not-in-family,Black,Male,0,0,40,United-States,<=50K
22,Private,311785,HS-grad,9,Married-civ-spouse,Exec-managerial,Wife,White,Female,0,0,40,United-States,>50K
18,Local-gov,345364,Bachelors,13,Never-married,Farming-fishing,Own-child,White,Male,0,0,40,United-States,<=50K
43,Self-emp-inc,284002,Some-college,10,Divorced,Tech-support,Not-in-family,White,Male,0,0,40,United-States,<=50K
25,Private,167881,HS-grad,9,Never-married,Other-service,Not-in-family,White,Female,0,0,40,United-States,<=50K
36,Private,97864,HS-grad,9,Never-married,Farming-fishing,Not-in-family,White,Male,0,0,40,United-States,<=50K
23,Private,340123,Assoc-acdm,12,Never-married,Priv-house-serv,Not-in-family,Black,Male,0,0,35,United-States,<=50K
37,Private,153913,10th,6,Never-married,Sales,Not-in-family,White,Female,0,0,15,United-States,<=50K
22,Private,98064,Some-college,10,Never-married,Adm-clerical,Own-child,White,Female,0,0,40,United-States,<=50K
45,Private,234389,10th,6,Married-spouse-absent,Transport-moving,Not-in-family,White,Male,0,0,39,United-States,<=50K
39,Private,86045,HS-grad,9,Widowed,Transport-moving,Not-in-family,White,Male,0,0,18,United-States,<=50K
35,Private,303308,HS-grad,9,Never-married,Craft-repair,Other-relative,White,Male,0,0,40,United-States,<=50K
49,Private,93797,Masters,14,Married-civ-spouse,Prof-specialty,Husband,White,Male,0,0,40,United-States,>50K
33,Self-emp-not-inc,123186,Some-college,10,Married-civ-spouse,Protective-serv,Husband,Other,Male,0,0,47,United-States,<=50K
33,Local-gov,135841,HS-grad,9,Never-married,Adm-clerical,Own-child,Black,Male,0,0,40,United-States,<=50K
31,Private,287728,HS-grad,9,Married-civ-spouse,Machine-op-inspct,Wife,White,Female,0,0,37,United-States,<=50K
26,Private,193081,12th,8,Married-civ-spouse,Farming-fishing,Wife,White,Female,0,0,40,United-States,<=50K
30,Private,86857,10th,6,Never-married,Craft-repair,Other-relative,White,Male,0,0,40,United-States,<=50K
57,Self-emp-not-inc,175034,Some-college,10,Married-civ-spouse,Prof-specialty,Wife,White,Female,0,0,13,United-States,<=50K
44,Self-emp-inc,341250,Bachelors,13,Married-civ-spouse,Craft-repair,Husband,White,Male,0,0,40,United-States,<=50K
41,Private,354521,Bachelors,13,Never-married,Exec-managerial,Own-child,White,Female,0,0,29,United-States,>50K
42,Private,349056,10th,6,Married-civ-spouse,Adm-clerical,Husband,White,Male,0,0,15,Philippines,>50K
43,Private,261014,Some-college,10,Never-married,Machine-op-inspct,Own-child,Black,Male,0,0,30,United-States,>50K
35,Private,254658,HS-grad,9,Divorced,Exec-managerial,Not-in-family,White,Female,0,0,50,United-States,>50K
24,Private,87877,Assoc-voc,11,Married-civ-spouse,Adm-clerical,Wife,White,Female,0,0,40,Mexico,<=50K
26,Private,131043,Assoc-acdm,12,Separated,Craft-repair,Unmarried,White,Female,0,0,40,United-States,<=50K
48,Private,176284,Some-college,10,Married-civ-spouse,Sales,Husband,White,Male,0,0,40,United-States,<=50K
25,Private,113603,HS-grad,9,Never-married,Adm-clerical,Own-child,White,Male,0,0,40,United-States,<=50K
23,Private,157496,Assoc-acdm,12,Divorced,Sales,Not-in-family,White,Male,0,0,50,United-States,<=50K
31,Private,349138,Some-college,10,Never-married,Other-service,Own-child,White,Male,0,0,49,United-States,<=50K
24,Private,193118,Assoc-voc,11,Married-civ-spouse,Handlers-cleaners,Wife,White,Female,0,0,40,United-States,<=50K
48,Private,270975,Bachelors,13,Married-civ-spouse,Craft-repair,Wife,Other,Female,0,0,55,United-States,<=50K
29,Private,155009,5th-6th,3,Divorced,Transport-moving,Unmarried,White,Male,3332,0,45,United-States,<=50K
23,Federal-gov,273923,Bachelors,13,Married-civ-spouse,Craft-repair,Husband,White,Male,0,0,40,United-States,<=50K
49,Private,382099,HS-grad,9,Married-civ-spouse,Other-service,Husband,White,Male,0,0,11,United-States,<=50K
26,Self-emp-inc,173110,HS-grad,9,Never-married,Adm-clerical,Not-in-family,White,Male,0,0,40,United-States,<=50K
37,Private,363869,HS-grad,9,Married-civ-spouse,Other-service,Wife,White,Female,0,0,40,United-States,<=50K
27,Private,304206,Some-college,10,Married-civ-spouse,Exec-managerial,Husband,Asian-Pac-Islander,Male,0,0,21,United-States,<=50K
19,Private,327202,HS-grad,9,Never-married,Exec-managerial,Other-relative,White,Female,0,0,44,United-States,<=50K
35,Private,302316,11th,7,Married-civ-spouse,Machine-op-inspct,Husband,White,Male,0,0,45,United-States,<=50K
41,Federal-gov,342391,Some-college,10,Married-civ-spouse,Handlers-cleaners,Husband,White,Male,0,0,41,United-States,<=50K
28,Private,164324,HS-grad,9,Married-civ-spouse,Other-service,Husband,White,Male,0,0,16,United-States,>50K
70,Private,328970,11th,7,Married-civ-spouse,Craft-repair,Husband,White,Male,0,0,48,United-States,<=50K
19,Private,95196,Some-college,10,Married-civ-spouse,Machine-op-inspct,Wife,White,Female,0,0,40,United-States,<=50K
46,Local-gov,298769,9th,5,Married-civ-spouse,Farming-fishing,Wife,White,Female,0,0,45,United-States,<=50K
45,Self-emp-not-inc,217172,Bachelors,13,Married-civ-spouse,Adm-clerical,Husband,White,Male,0,0,40,Mexico,>50K
51,Private,331093,7th-8th,4,Married-civ-spouse,Handlers-cleaners,Husband,White,Male,0,0,40,United-States,<=50K
76,Private,116258,10th,6,Married-civ-spouse,Adm-clerical,Husband,White,Male,0,0,40,United-States,<=50K
29,Private,106412,Some-college,10,Never-married,Sales,Not-in-family,White,Female,0,0,44,United-States,<=50K
40,Private,366153,Bachelors,13,Never-married,Other-service,Other-relative,White,Female,10520,1848,40,Dominican-Republic,>50K
43,Private,182603,HS-grad,9,Married-civ-spouse,Other-service,Husband,White,Male,0,0,48,United-States,<=50K
48,Private,213620,HS-grad,9,Married-civ-spouse,Craft-repair,Husband,Black,Male,0,0,55,United-States,<=50K
42,Private,258771,HS-grad,9,Never-married,Prof-specialty,Not-in-family,White,Male,0,0,40,United-States,>50K
42,Private,110906,Some-college,10,Widowed,Craft-repair,Not-in-family,White,Male,0,0,15,United-States,<=50K
31,Private,81551,12th,8,Married-civ-spouse,Transport-moving,Husband,Black,Male,0,0,52,United-States,<=50K
20,Private,146428,Assoc-acdm,12,Never-married,Adm-clerical,Own-child,White,Female,0,0,40,United-States,<=50K
38,Self-emp-not-inc,265245,HS-grad,9,Married-civ-spouse,Other-service,Wife,White,Female,0,0,15,United-States,>50K
39,Federal-gov,343427,HS-grad,9,Widowed,Other-service,Unmarried,White,Male,0,0,40,United-States,<=50K
17,Private,341877,11th,7,Never-married,Adm-clerical,Own-child,White,Male,0,0,52,United-States,<=50K
42,Private,233219,Some-college,10,Divorced,Exec-managerial,Unmarried,White,Male,0,0,40,United-States,<=50K
31,Private,286893,HS-grad,9,Married-civ-spouse,Craft-repair,Husband,White,Male,0,0,39,United-States,<=50K
55,Self-emp-not-inc,260270,Masters,14,Never-married,Other-service,Not-in-family,Other,Male,0,0,55,United-States,>50K
36,Private,379671,Some-college,10,Married-civ-spouse,Handlers-cleaners,Husband,White,Male,0,0,40,Guatemala,<=50K
53,Private,291558,HS-grad,9,Never-married,Prof-specialty,Other-relative,White,Female,0,0,40,Italy,>50K
24,Private,124250,Some-college,10,Separated,Protective-serv,Not-in-family,White,Female,0,0,50,United-States,>50K
26,Private,308884,HS-grad,9,Married-civ-spouse,Exec-managerial,Husband,White,Male,0,0,41,United-States,<=50K
28,Private,100193,Some-college,10,Married-civ-spouse,Other-service,Husband,White,Male,0,0,40,United-States,<=50K
28,Private,158387,9th,5,Married-civ-spouse,Other-service,Wife,White,Female,0,0,17,United-States,<=50K
29,Private,356657,7th-8th,4,Married-civ-spouse,Adm-clerical,Wife,White,Female,0,0,40,United-States,<=50K
22,Private,228059,Assoc-voc,11,Separated,Machine-op-inspct,Not-in-family,White,Male,0,0,48,United-States,<=50K
23,Private,321324,Assoc-voc,11,Never-married,Transport-moving,Own-child,Black,Female,0,0,16,United-States,<=50K
38,Private,260634,HS-grad,9,Never-married,Craft-repair,Not-in-family,Asian-Pac-Islander,Male,0,0,40,United-States,<=50K
38,Private,389195,Some-college,10,Never-married,Transport-moving,Other-relative,White,Male,0,0,40,United-States,<=50K
66,Private,224108,Some-college,10,Married-civ-spouse,Craft-repair,Wife,White,Female,0,0,40,United-States,<=50K
48,Private,321221,Some-college,10,Divorced,Exec-managerial,Not-in-family,White,Male,0,0,40,El-Salvador,>50K
35,Private,183587,HS-grad,9,Never-married,Farming-fishing,Not-in-family,White,Male,0,0,48,United-States,<=50K
42,Local-gov,341048,Bachelors,13,Separated,Adm-clerical,Not-in-family,White,Male,0,0,40,United-States,<=50K
39,Private,275683,Assoc-voc,11,Never-married,Craft-repair,Not-in-family,White,Male,0,0,40,United-States,<=50K
32,Private,347315,HS-grad,9,Married-civ-spouse,Machine-op-inspct,Husband,White,Male,0,0,47,United-States,<=50K
37,Local-gov,292525,HS-grad,9,Divorced,Other-service,Not-in-family,White,Male,0,0,40,United-States,<=50K
43,Private,270419,Masters,14,Divorced,Craft-repair,Not-in-family,White,Male,0,0,32,United-States,>50K
39,Private,211261,HS-grad,9,Married-civ-spouse,Sales,Husband,White,Male,0,0,40,United-States,<=50K
49,Local-gov,105273,HS-grad,9,Never-married,Adm-clerical,Not-in-family,Black,Male,0,0,40,United-States,<=50K
54,Private,185499,Assoc-acdm,12,Married-civ-spouse,Exec-managerial,Husband,White,Male,0,0,40,United-States,>50K
36,Self-emp-inc,153634,11th,7,Never-married,Tech-support,Not-in-family,White,Male,0,0,40,United-States,<=50K
30,Self-emp-not-inc,194511,Some-college,10,Married-civ-spouse,Exec-managerial,Wife,White,Female,0,0,40,United-States,<=50K
60,Private,337377,HS-grad,9,Separated,Exec-managerial,Unmarried,Black,Male,0,0,36,United-States,<=50K
37,Private,105005,11th,7,Never-married,Sales,Other-relative,White,Female,0,0,40,United-States,<=50K
32,Private,251910,Some-college,10,Never-married,Craft-repair,Own-child,White,Male,0,0,30,United-States,<=50K
25,Private,277223,Bachelors,13,Never-married,Craft-repair,Other-relative,White,Female,0,0,40,Mexico,<=50K
37,Self-emp-inc,122801,HS-grad,9,Married-civ-spouse,Exec-managerial,Husband,Black,Male,0,0,20,United-States,>50K
61,State-gov,280424,Doctorate,16,Never-married,Prof-specialty,Other-relative,White,Female,0,0,40,Cuba,<=50K
23,Private,329362,7th-8th,4,Never-married,Craft-repair,Other-relative,Asian-Pac-Islander,Female,0,0,24,United-States,<=50K
20,Private,334176,11th,7,Never-married,Other-service,Own-child,White,Male,0,0,18,United-States,<=50K
50,Private,151894,Bachelors,13,Never-married,Craft-repair,Not-in-family,White,Female,0,0,11,United-States,>50K
62,Private,165298,Bachelors,13,Divorced,Protective-serv,Unmarried,Black,Male,7688,0,40,United-States,>50K
42,Private,118069,Assoc-voc,11,Never-married,Exec-managerial,Not-in-family,White,Male,0,0,40,Mexico,>50K
19,Self-emp-not-inc,371665,HS-grad,9,Never-married,Handlers-cleaners,Not-in-family,White,Male,0,0,23,United-States,<=50K
34,Private,117667,10th,6,Never-married,Craft-repair,Other-relative,Black,Male,0,0,40,United-States,<=50K
43,State-gov,103754,HS-grad,9,Married-civ-spouse,Prof-specialty,Husband,White,Male,0,0,40,United-States,<=50K
31,Private,166090,Assoc-acdm,12,Divorced,Other-service,Not-in-family,White,Female,0,0,37,Poland,<=50K
22,Private,175917,HS-grad,9,Divorced,Sales,Not-in-family,Black,Male,0,0,40,United-States,<=50K
44,Private,208219,HS-grad,9,Married-civ-spouse,Farming-fishing,Husband,White,Male,0,0,40,India,<=50K
52,Private,291004,Some-college,10,Married-civ-spouse,Transport-moving,Wife,White,Female,0,0,40,United-States,>50K
23,Private,134466,Some-college,10,Married-civ-spouse,Machine-op-inspct,Wife,White,Female,0,1280,40,United-States,<=50K
29,Local-gov,339242,HS-grad,9,Married-civ-spouse,Transport-moving,Husband,White,Male,0,0,52,United-States,<=50K
25,Private,83958,Bachelors,13,Divorced,Prof-specialty,Not-in-family,White,Male,0,0,37,United-States,<=50K
34,Private,179647,Some-college,10,Widowed,Tech-support,Unmarried,White,Male,0,0,36,Germany,>50K
48,Private,181356,HS-grad,9,Never-married,Machine-op-inspct,Own-child,Black,Male,0,0,31,United-States,<=50K
22,Private,251892,HS-grad,9,Married-civ-spouse,Prof-specialty,Husband,White,Male,0,0,40,United-States,>50K
41,Federal-gov,336902,Bachelors,13,Divorced,Sales,Not-in-family,White,Female,0,0,40,United-States,<=50K
24,Private,178883,HS-grad,9,Divorced,Adm-clerical,Not-in-family,White,Male,0,0,40,United-States,<=50K
30,Private,136644,HS-grad,9,Married-civ-spouse,Transport-moving,Wife,White,Female,0,0,40,United-States,<=50K
60,Private,269472,Some-college,10,Married-civ-spouse,Adm-clerical,Husband,White,Male,0,0,45,United-States,<=50K
34,Private,222621,Some-college,10,Divorced,Other-service,Unmarried,White,Male,0,0,25,United-States,<=50K
40,Private,319899,Some-college,10,Married-civ-spouse,Exec-managerial,Husband,Other,Male,0,0,24,United-States,<=50K
35,Private,144163,Bachelors,13,Never-married,Exec-managerial,Own-child,White,Female,5013,0,25,United-States,>50K
19,Self-emp-inc,327317,HS-grad,9,Never-married,Other-service,Not-in-family,White,Male,0,0,36,United-States,<=50K
41,Private,316224,Bachelors,13,Never-married,Adm-clerical,Not-in-family,White,Female,0,0,40,United-States,>50K
31,Local-gov,389176,Bachelors,13,Married-civ-spouse,Machine-op-inspct,Husband,White,Male,0,0,40,United-States,<=50K
42,Private,133517,HS-grad,9,Married-civ-spouse,Sales,Husband,White,Male,0,0,13,United-States,<=50K
48,Private,279592,Masters,14,Separated,Sales,Unmarried,White,Male,0,0,40,United-States,<=50K
48,Private,143575,Assoc-acdm,12,Married-civ-spouse,Craft-repair,Husband,Asian-Pac-Islander,Male,0,0,40,United-States,>50K
45,Private,398099,11th,7,Divorced,Sales,Not-in-family,Black,Male,0,0,40,United-States,<=50K
52,Private,364210,HS-grad,9,Divorced,Exec-managerial,Not-in-family,White,Male,0,0,40,Mexico,>50K
32,Private,214202,Some-college,10,Never-married,Handlers-cleaners,Own-child,White,Female,0,0,40,United-States,<=50K
18,Private,220748,Assoc-voc,11,Divorced,Other-service,Not-in-family,White,Male,0,0,40,United-States,<=50K
41,Private,309223,HS-grad,9,Divorced,Craft-repair,Unmarried,White,Male,0,0,40,United-States,<=50K
17,Self-emp-inc,245409,HS-grad,9,Never-married,Adm-clerical,Other-relative,White,Male,0,0,40,United-States,<=50K
44,Private,385754,HS-grad,9,Divorced,Machine-op-inspct,Unmarried,White,Female,0,0,40,United-States,>50K
22,Private,193164,11th,7,Never-married,Adm-clerical,Not-in-family,Asian-Pac-Islander,Male,0,0,40,United-States,<=50K
55,Private,287282,Bachelors,13,Widowed,Other-service,Not-in-family,Asian-Pac-Islander,Female,0,0,40,United-States,<=50K
40,Private,152405,HS-grad,9,Never-married,Craft-repair,Not-in-family,Black,Male,0,0,40,United-States,<=50K
22,Self-emp-inc,323401,Assoc-voc,11,Never-married,Adm-clerical,Own-child,White,Male,5011,0,40,United-States,<=50K
32,Private,159190,Some-college,10,Married-civ-spouse,Machine-op-inspct,Husband,White,Male,0,0,40,United-States,<=50K
35,Private,330511,11th,7,Married-civ-spouse,Other-service,Wife,White,Female,0,0,10,United-States,>50K
52,Private,332361,Masters,14,Never-married,Exec-managerial,Own-child,White,Male,4386,0,40,United-States,>50K
21,Private,139833,Some-college,10,Never-married,Farming-fishing,Own-child,White,Male,0,0,40,Cuba,<=50K
50,State-gov,204463,Some-college,10,Never-married,Handlers-cleaners,Other-relative,Black,Male,0,0,48,United-States,<=50K
49,Local-gov,305515,HS-grad,9,Married-civ-spouse,Craft-repair,Husband,White,Male,0,0,40,United-States,>50K
38,Private,155318,Assoc-voc,11,Never-married,Adm-clerical,Own-child,White,Male,0,0,16,United-States,<=50K
55,State-gov,236424,Doctorate,16,Married-civ-spouse,Craft-repair,Husband,White,Male,0,0,40,United-States,>50K
32,Private,290867,Bachelors,13,Married-civ-spouse,Craft-repair,Husband,White,Male,0,0,48,United-States,>50K
31,Private,108226,5th-6th,3,Never-married,Craft-repair,Own-child,White,Male,0,0,33,United-States,<=50K
52,Local-gov,322439,12th,8,Never-married,Craft-repair,Not-in-family,White,Male,0,0,40,United-States,<=50K
52,Self-emp-not-inc,286436,Masters,14,Never-married,Craft-repair,Own-child,White,Male,0,1848,40,United-States,>50K
42,Private,308385,Some-college,10,Married-civ-spouse,Exec-managerial,Husband,White,Male,0,0,40,United-States,>50K
30,Private,190627,Bachelors,13,Divorced,Prof-specialty,Unmarried,White,Male,0,0,10,United-States,>50K
33,Private,144609,Some-college,10,Married-civ-spouse,Farming-fishing,Wife,Black,Female,0,2174,10,United-States,>50K
42,Private,233428,Some-college,10,Married-civ-spouse,Craft-repair,Husband,White,Male,0,0,29,United-States,<=50K
24,Local-gov,121465,Bachelors,13,Never-married,Transport-moving,Own-child,White,Male,0,0,10,United-States,<=50K
50,Private,119397,HS-grad,9,Married-civ-spouse,Handlers-cleaners,Husband,White,Male,0,0,27,United-States,<=50K
49,Private,205170,11th,7,Divorced,Craft-repair,Unmarried,White,Male,0,0,40,United-States,<=50K
39,Private,131001,HS-grad,9,Married-civ-spouse,Exec-managerial,Wife,White,Female,0,0,40,United-States,<=50K
42,Private,183168,11th,7,Never-married,Craft-repair,Not-in-family,White,Male,0,0,40,United-States,<=50K
30,Local-gov,197786,Some-college,10,Never-married,Tech-support,Not-in-family,White,Male,0,0,40,United-States,<=50K
36,Private,176216,Bachelors,13,Widowed,Other-service,Not-in-family,White,Female,5013,0,41,United-States,>50K
38,Private,295240,HS-grad,9,Divorced,Machine-op-inspct,Unmarried,White,Female,0,0,22,United-States,<=50K
62,Federal-gov,334261,Some-college,10,Never-married,Prof-specialty,Own-child,Black,Male,0,0,40,United-States,<=50K
43,Private,171896,HS-grad,9,Married-civ-spouse,Machine-op-inspct,Husband,White,Male,0,0,40,United-States,<=50K
19,Private,109721,11th,7,Never-married,Other-service,Not-in-family,White,Male,0,0,40,United-States,<=50K
35,Local-gov,343141,Bachelors,13,Married-civ-spouse,Adm-clerical,Husband,White,Male,0,0,40,United-States,<=50K
42,Private,351109,11th,7,Never-married,Adm-clerical,Other-relative,White,Female,0,0,40,United-States,<=50K
20,Private,150664,Bachelors,13,Never-married,Other-service,Own-child,White,Male,0,0,55,United-States,<=50K
40,Private,398167,Some-college,10,Married-civ-spouse,Other-service,Wife,White,Female,0,0,30,United-States,<=50K
30,Self-emp-inc,250277,Some-college,10,Never-married,Exec-managerial,Own-child,White,Male,0,0,37,United-States,<=50K
24,Local-gov,212587,Some-college,10,Separated,Farming-fishing,Unmarried,White,Female,0,0,50,United-States,<=50K
18,Private,165980,Bachelors,13,Never-married,Adm-clerical,Own-child,White,Male,0,0,40,United-States,<=50K
40,Private,291231,Bachelors,13,Never-married,Craft-repair,Not-in-family,White,Male,0,0,52,United-States,>50K
29,Private,360437,Some-college,10,Married-civ-spouse,Prof-specialty,Wife,White,Female,0,0,17,United-States,>50K
61,Private,235980,HS-grad,9,Never-married,Sales,Own-child,White,Female,0,0,40,United-States,<=50K
33,Private,227876,Assoc-acdm,12,Married-civ-spouse,Prof-specialty,Husband,Black,Male,0,0,52,United-States,<=50K
43,Private,189022,11th,7,Never-married,Protective-serv,Own-child,White,Female,0,0,40,United-States,<=50K
24,Private,180609,Bachelors,13,Married-civ-spouse,Prof-specialty,Husband,White,Male,0,0,40,Canada,>50K
31,Local-gov,370222,10th,6,Married-civ-spouse,Sales,Wife,White,Female,0,0,40,United-States,<=50K
32,Private,370936,Bachelors,13,Never-married,Adm-clerical,Not-in-family,Other,Female,0,0,40,Philippines,<=50K
43,Local-gov,360415,Some-college,10,Never-married,Transport-moving,Own-child,White,Male,0,0,55,United-States,<=50K
52,Private,225673,Bachelors,13,Married-civ-spouse,Sales,Husband,Black,Male,0,0,40,United-States,>50K
65,Private,209187,Bachelors,13,Separated,Machine-op-inspct,Unmarried,White,Male,0,0,40,United-States,<=50K
24,Federal-gov,319607,Some-college,10,Never-married,Farming-fishing,Not-in-family,White,Male,0,0,41,United-States,<=50K
28,Private,194953,HS-grad,9,Divorced,Prof-specialty,Not-in-family,White,Male,0,0,40,United-States,<=50K
30,Federal-gov,127256,HS-grad,9,Divorced,Craft-repair,Not-in-family,White,Male,0,0,37,Cuba,<=50K
36,Private,94463,HS-grad,9,Never-married,Adm-clerical,Own-child,White,Male,0,0,40,United-States,<=50K
34,Private,351369,HS-grad,9,Married-civ-spouse,Other-service,Wife,White,Female,0,0,40,United-States,<=50K
45,Private,109154,HS-grad,9,Married-civ-spouse,Craft-repair,Husband,White,Male,0,0,40,United-States,<=50K
35,Private,82640,10th,6,Never-married,Other-service,Own-child,Black,Male,0,0,11,United-States,<=50K
56,Private,229852,HS-grad,9,Divorced,Adm-clerical,Not-in-family,White,Male,0,0,20,United-States,<=50K
32,Self-emp-not-inc,113940,Bachelors,13,Widowed,Prof-specialty,Unmarried,Black,Female,0,0,40,United-States,<=50K
59,Private,214861,Bachelors,13,Never-married,Exec-managerial,Not-in-family,White,Male,0,0,48,United-States,<=50K
23,Private,148092,Bachelors,13,Married-civ-spouse,Sales,Husband,Amer-Indian-Eskimo,Male,0,2231,40,United-States,>50K
59,Private,389378,Doctorate,16,Married-civ-spouse,Adm-clerical,Husband,White,Male,0,0,40,United-States,>50K
40,Private,173313,9th,5,Never-married,Sales,Not-in-family,White,Female,0,0,18,United-States,<=50K
51,Private,89082,HS-grad,9,Married-civ-spouse,Prof-specialty,Husband,White,Male,0,0,12,United-States,<=50K
30,Private,221041,HS-grad,9,Never-married,Protective-serv,Not-in-family,White,Male,0,0,21,United-States,<=50K
37,Private,333174,Masters,14,Married-civ-spouse,Sales,Husband,White,Male,0,0,50,United-States,<=50K
46,Private,219148,12th,8,Never-married,Priv-house-serv,Own-child,White,Male,0,0,40,Mexico,<=50K
43,Private,198562,HS-grad,9,Married-civ-spouse,Craft-repair,Husband,White,Male,0,0,40,United-States,<=50K
24,Local-gov,121500,HS-grad,9,Married-civ-spouse,Prof-specialty,Wife,White,Female,0,0,40,United-States,<=50K
56,Private,246758,Bachelors,13,Married-civ-spouse,Exec-managerial,Wife,White,Female,0,0,40,United-States,>50K
26,Private,386021,HS-grad,9,Never-married,Craft-repair,Own-child,White,Male,0,0,45,United-States,<=50K
19,Private,101830,Masters,14,Never-married,Craft-repair,Own-child,White,Female,0,0,30,United-States,<=50K
44,Private,289779,Some-college,10,Married-civ-spouse,Adm-clerical,Husband,White,Male,0,0,40,United-States,>50K
42,Private,309916,HS-grad,9,Married-civ-spouse,Machine-op-inspct,Husband,White,Male,0,0,40,United-States,<=50K
61,Private,271547,11th,7,Married-civ-spouse,Machine-op-inspct,Husband,Black,Male,0,0,50,United-States,<=50K
17,Private,230920,HS-grad,9,Divorced,Prof-specialty,Not-in-family,White,Male,0,0,48,United-States,<=50K
23,Private,399931,Assoc-voc,11,Never-married,Tech-support,Own-child,White,Male,0,0,11,United-States,<=50K
24,Private,266382,HS-grad,9,Married-civ-spouse,Craft-repair,Husband,White,Male,0,0,40,United-States,<=50K
46,Private,335146,Assoc-voc,11,Never-married,Handlers-cleaners,Own-child,Asian-Pac-Islander,Male,0,0,40,United-States,>50K
28,Federal-gov,160739,Bachelors,13,Married-civ-spouse,Sales,Husband,White,Male,0,0,40,United-States,<=50K
23,State-gov,346901,Prof-school,15,Never-married,Transport-moving,Not-in-family,White,Female,0,0,40,United-States,<=50K
53,Private,265959,HS-grad,9,Separated,Handlers-cleaners,Not-in-family,White,Female,0,0,10,United-States,<=50K
58,Private,334030,HS-grad,9,Divorced,Adm-clerical,Not-in-family,White,Male,0,0,40,China,<=50K
36,Private,162920,Some-college,10,Separated,Craft-repair,Unmarried,White,Female,0,0,14,United-States,<=50K
41,Private,243984,Assoc-voc,11,Married-civ-spouse,Other-service,Husband,White,Male,0,0,37,United-States,<=50K
25,Self-emp-inc,99259,HS-grad,9,Never-married,Adm-clerical,Other-relative,White,Female,0,0,25,United-States,<=50K
22,Private,113547,HS-grad,9,Never-married,Other-service,Not-in-family,White,Male,0,0,42,United-States,<=50K
58,Private,122757,Assoc-voc,11,Married-civ-spouse,Craft-repair,Husband,Black,Male,0,0,21,United-States,<=50K
28,Private,388741,HS-grad,9,Never-married,Sales,Not-in-family,White,Female,0,0,39,United-States,<=50K
20,Private,313889,Bachelors,13,Never-married,Adm-clerical,Own-child,Asian-Pac-Islander,Male,0,0,45,United-States,>50K
43,Self-emp-not-inc,263096,11th,7,Never-married,Other-service,Not-in-family,White,Male,0,0,47,Philippines,<=50K
27,Local-gov,347644,Assoc-acdm,12,Married-civ-spouse,Adm-clerical,Husband,White,Male,0,0,14,United-States,<=50K
22,Private,237703,Some-college,10,Married-civ-spouse,Adm-clerical,Husband,Black,Male,0,0,17,United-States,<=50K
26,Private,120297,11th,7,Married-civ-spouse,Exec-managerial,Husband,White,Male,0,0,40,United-States,<=50K
69,Private,261131,Masters,14,Married-civ-spouse,Handlers-cleaners,Husband,White,Male,0,0,38,Mexico,<=50K
42,Private,340361,Bachelors,13,Married-civ-spouse,Prof-specialty,Husband,Black,Male,0,0,40,United-States,>50K
53,Private,309487,Assoc-voc,11,Married-civ-spouse,Other-service,Husband,White,Male,0,0,50,United-States,>50K
50,Private,89094,HS-grad,9,Married-civ-spouse,Other-service,Husband,White,Male,0,0,45,United-States,<=50K
29,Private,357753,HS-grad,9,Married-civ-spouse,Exec-managerial,Husband,White,Male,0,0,43,United-States,<=50K
46,Private,281501,Some-college,10,Never-married,Prof-specialty,Own-child,White,Male,0,0,22,United-States,<=50K
22,Private,363159,HS-grad,9,Never-married,Other-service,Other-relative,White,Male,0,0,40,El-Salvador,<=50K
60,Private,182733,HS-grad,9,Never-married,Prof-specialty,Other-relative,Black,Male,0,0,12,United-States,>50K
22,Private,347968,Prof-school,15,Married-civ-spouse,Sales,Husband,White,Male,0,0,40,United-States,<=50K
38,Private,107918,HS-grad,9,Separated,Prof-specialty,Not-in-family,White,Male,0,0,40,Italy,<=50K
36,Private,99509,HS-grad,9,Never-married,Handlers-cleaners,Own-child,White,Male,0,0,38,United-States,<=50K
34,Private,368763,7th-8th,4,Never-married,Exec-managerial,Not-in-family,White,Female,0,0,15,United-States,<=50K
26,Federal-gov,313275,10th,6,Married-civ-spouse,Sales,Wife,White,Female,0,0,40,United-States,<=50K
42,Private,331208,Bachelors,13,Married-civ-spouse,Farming-fishing,Husband,White,Male,0,0,40,United-States,<=50K
23,Local-gov,170512,Bachelors,13,Divorced,Prof-specialty,Not-in-family,Amer-Indian-Eskimo,Male,0,0,40,United-States,>50K
43,Private,212887,Masters,14,Separated,Prof-specialty,Not-in-family,White,Male,0,0,32,Mexico,<=50K
36,Private,194542,HS-grad,9,Divorced,Sales,Not-in-family,White,Male,0,0,40,United-States,>50K
29,Private,213055,10th,6,Widowed,Other-service,Not-in-family,White,Female,0,0,48,United-States,<=50K
45,Private,245195,HS-grad,9,Never-married,Protective-serv,Not-in-family,White,Female,0,0,40,United-States,<=50K
50,Private,387821,Some-college,10,Never-married,Machine-op-inspct,Own-child,White,Female,0,0,40,United-States,<=50K
58,Self-emp-inc,159315,Some-college,10,Never-married,Protective-serv,Not-in-family,White,Male,0,0,40,Columbia,<=50K
36,Private,219339,Bachelors,13,Married-civ-spouse,Other-service,Wife,White,Female,0,0,48,United-States,>50K
39,Private,336811,Bachelors,13,Widowed,Exec-managerial,Not-in-family,White,Male,0,0,20,United-States,<=50K
24,Private,245869,Bachelors,13,Married-civ-spouse,Machine-op-inspct,Wife,White,Female,0,0,15,Canada,<=50K
21,Self-emp-not-inc,230159,Bachelors,13,Never-married,Machine-op-inspct,Own-child,White,Female,0,0,40,United-States,<=50K
65,Private,381640,Some-college,10,Separated,Sales,Other-relative,White,Female,0,0,37,Cuba,<=50K
41,Self-emp-not-inc,178791,Bachelors,13,Divorced,Sales,Unmarried,Amer-Indian-Eskimo,Female,0,0,45,United-States,>50K
58,Private,380445,HS-grad,9,Married-civ-spouse,Sales,Wife,White,Female,0,0,40,United-States,>50K
26,Private,124068,Some-college,10,Married-civ-spouse,Machine-op-inspct,Husband,White,Male,0,0,49,United-States,<=50K
37,Private,345097,Bachelors,13,Married-civ-spouse,Sales,Wife,White,Female,27828,0,45,United-States,>50K
24,Local-gov,306689,Bachelors,13,Never-married,Adm-clerical,Not-in-family,White,Male,0,0,32,United-States,<=50K
28,Private,314142,HS-grad,9,Married-civ-spouse,Sales,Wife,White,Female,0,0,38,United-States,<=50K
32,State-gov,364481,Bachelors,13,Never-married,Adm-clerical,Not-in-family,Black,Female,27828,0,40,United-States,>50K
22,Private,309753,Masters,14,Never-married,Adm-clerical,Own-child,White,Female,0,0,40,United-States,<=50K
19,Private,301414,Some-college,10,Never-married,Craft-repair,Own-child,White,Male,0,0,36,United-States,<=50K
31,Private,145823,HS-grad,9,Married-civ-spouse,Other-service,Husband,White,Male,0,0,40,Haiti,>50K
44,Local-gov,277718,Some-college,10,Married-civ-spouse,Adm-clerical,Wife,White,Female,0,0,40,United-States,<=50K
26,Private,313412,11th,7,Never-married,Farming-fishing,Own-child,White,Male,0,0,40,United-States,<=50K
51,Private,190211,Assoc-voc,11,Married-civ-spouse,Sales,Husband,White,Male,0,0,46,United-States,<=50K
30,Private,372329,HS-grad,9,Married-civ-spouse,Other-service,Husband,White,Male,0,0,28,United-States,>50K
40,Local-gov,249062,HS-grad,9,Married-civ-spouse,Craft-repair,Wife,White,Female,0,0,40,United-States,<=50K
37,Private,370869,11th,7,Never-married,Other-service,Not-in-family,Black,Male,0,0,40,Italy,<=50K
29,Self-emp-not-inc,238585,HS-grad,9,Divorced,Adm-clerical,Not-in-family,White,Male,0,0,40,United-States,<=50K
40,Self-emp-not-inc,131675,5th-6th,3,Divorced,Adm-clerical,Not-in-family,White,Female,0,0,40,United-States,<=50K
45,Private,264914,11th,7,Married-civ-spouse,Adm-clerical,Husband,White,Male,0,0,40,United-States,<=50K
38,Private,331421,HS-grad,9,Married-civ-spouse,Craft-repair,Husband,White,Male,4386,0,29,United-States,>50K
21,Private,331896,HS-grad,9,Never-married,Other-service,Own-child,White,Female,0,0,22,United-States,<=50K
28,Private,183843,HS-grad,9,Married-civ-spouse,Other-service,Husband,White,Male,0,0,30,United-States,<=50K
38,Self-emp-inc,128404,Some-college,10,Never-married,Machine-op-inspct,Other-relative,Asian-Pac-Islander,Male,0,0,14,United-States,<=50K
23,Private,245280,HS-grad,9,Divorced,Machine-op-inspct,Not-in-family,White,Female,0,0,52,United-States,<=50K
41,Federal-gov,129493,HS-grad,9,Divorced,Craft-repair,Not-in-family,White,Female,0,0,40,United-States,<=50K
69,Private,106128,Some-college,10,Married-civ-spouse,Other-service,Husband,White,Male,0,0,32,United-States,<=50K
26,Private,90278,11th,7,Never-married,Exec-managerial,Own-child,White,Male,0,0,40,Canada,<=50K
28,Private,154609,Doctorate,16,Never-married,Machine-op-inspct,Not-in-family,White,Female,0,0,39,United-States,<=50K
52,Private,295963,Some-college,10,Divorced,Sales,Not-in-family,White,Male,0,0,40,United-States,>50K
79,Self-emp-inc,289709,HS-grad,9,Never-married,Protective-serv,Not-in-family,White,Female,0,0,29,United-States,<=50K
44,Private,160606,HS-grad,9,Married-civ-spouse,Other-service,Wife,White,Female,0,0,40,United-States,<=50K
29,Private,103932,Some-college,10,Married-civ-spouse,Exec-managerial,Husband,White,Male,14084,0,43,United-States,>50K
23,Private,165982,HS-grad,9,Married-civ-spouse,Craft-repair,Wife,Amer-Indian-Eskimo,Female,0,2559,40,United-States,>50K
23,Private,356466,Doctorate,16,Never-married,Farming-fishing,Own-child,White,Male,0,0,40,United-States,<=50K
48,Private,247519,HS-grad,9,Divorced,Other-service,Not-in-family,Black,Male,0,0,40,United-States,<=50K
47,Private,265903,HS-grad,9,Divorced,Machine-op-inspct,Not-in-family,White,Female,0,0,40,United-States,<=50K
27,Private,285964,Bachelors,13,Married-civ-spouse,Farming-fishing,Husband,White,Male,0,0,44,United-States,<=50K
23,Private,268997,HS-grad,9,Divorced,Sales,Not-in-family,White,Male,0,0,40,United-States,<=50K
24,Private,246559,HS-grad,9,Divorced,Adm-clerical,Unmarried,White,Female,0,0,13,Mexico,<=50K
49,Private,398893,HS-grad,9,Divorced,Craft-repair,Not-in-family,Asian-Pac-Islander,Male,0,0,30,United-States,<=50K
29,Private,385621,HS-grad,9,Divorced,Other-service,Not-in-family,White,Male,0,0,11,United-States,<=50K
19,Private,293590,7th-8th,4,Never-married,Other-service,Own-child,White,Male,0,0,40,United-States,<=50K
23,Private,200693,Some-college,10,Divorced,Adm-clerical,Not-in-family,White,Female,0,0,40,United-States,<=50K
23,Private,164750,Some-college,10,Separated,Exec-managerial,Not-in-family,White,Male,0,0,50,United-States,<=50K
49,Self-emp-not-inc,103440,HS-grad,9,Married-civ-spouse,Craft-repair,Wife,White,Female,0,0,28,United-States,<=50K
37,Self-emp-inc,228472,11th,7,Married-civ-spouse,Farming-fishing,Husband,White,Male,0,0,40,United-States,>50K
51,Private,228947,Some-college,10,Married-civ-spouse,Adm-clerical,Husband,White,Male,0,0,40,United-States,<=50K
31,Private,364823,Some-college,10,Never-married,Sales,Not-in-family,White,Male,0,0,40,United-States,<=50K
45,Private,361077,Some-college,10,Never-married,Protective-serv,Own-child,White,Male,0,0,48,United-States,<=50K
35,Self-emp-not-inc,87314,Bachelors,13,Never-married,Sales,Not-in-family,Black,Male,0,0,24,Philippines,<=50K
35,Private,312343,11th,7,Married-civ-spouse,Machine-op-inspct,Wife,White,Female,0,0,44,United-States,<=50K
61,Private,145438,Bachelors,13,Never-married,Exec-managerial,Not-in-family,White,Male,0,0,40,United-States,<=50K
59,Federal-gov,242131,HS-grad,9,Married-civ-spouse,Prof-specialty,Wife,White,Female,0,0,15,United-States,>50K
52,Federal-gov,220068,Bachelors,13,Divorced,Prof-specialty,Not-in-family,White,Male,0,0,40,Philippines,<=50K
26,Private,144585,HS-grad,9,Divorced,Protective-serv,Not-in-family,White,Male,0,0,15,United-States,<=50K
24,Private,292329,Some-college,10,Never-married,Craft-repair,Not-in-family,White,Male,0,0,50,United-States,<=50K
28,Self-emp-inc,320461,Bachelors,13,Married-civ-spouse,Other-service,Husband,White,Male,0,0,40,United-States,>50K
53,Private,137143,Assoc-acdm,12,Never-married,Machine-op-inspct,Not-in-family,White,Male,0,0,32,United-States,<=50K
52,Private,108009,HS-grad,9,Divorced,Other-service,Not-in-family,Amer-Indian-Eskimo,Female,0,0,40,United-States,<=50K
40,Private,360497,HS-grad,9,Divorced,Adm-clerical,Not-in-family,White,Male,0,0,40,United-States,<=50K
27,Private,184150,Some-college,10,Married-civ-spouse,Transport-moving,Husband,White,Male,0,0,21,United-States,<=50K
39,Private,80654,HS-grad,9,Married-civ-spouse,Machine-op-inspct,Husband,White,Male,0,0,40,United-States,<=50K
29,Private,157990,Some-college,10,Never-married,Machine-op-inspct,Own-child,White,Male,0,0,40,United-States,<=50K
31,Private,132057,HS-grad,9,Never-married,Machine-op-inspct,Own-child,White,Male,0,0,25,United-States,<=50K
49,Private,186582,11th,7,Married-civ-spouse,Handlers-cleaners,Husband,White,Male,0,0,32,United-States,<=50K
45,Private,320524,Some-college,10,Never-married,Craft-repair,Own-child,White,Female,0,0,40,United-States,<=50K
31,Private,233659,Assoc-voc,11,Married-civ-spouse,Transport-moving,Wife,White,Female,0,0,40,United-States,<=50K
39,Self-emp-inc,83680,Some-college,10,Married-civ-spouse,Adm-clerical,Husband,White,Male,0,0,60,United-States,>50K
39,Private,213980,Bachelors,13,Never-married,Adm-clerical,Not-in-family,White,Male,0,1848,40,United-States,>50K
51,Self-emp-not-inc,286717,Bachelors,13,Separated,Exec-managerial,Unmarried,White,Female,5244,0,48,United-States,<=50K
20,Federal-gov,148258,Some-college,10,Never-married,Sales,Own-child,White,Male,0,0,50,El-Salvador,<=50K
54,Private,118852,HS-grad,9,Divorced,Exec-managerial,Not-in-family,White,Male,0,0,25,United-States,>50K
51,Private,181069,Masters,14,Never-married,Tech-support,Not-in-family,White,Male,0,0,14,United-States,>50K
58,Private,171419,Some-college,10,Married-civ-spouse,Tech-support,Wife,White,Female,0,0,40,Japan,<=50K
42,Private,181810,HS-grad,9,Never-married,Exec-managerial,Not-in-family,White,Male,0,0,48,United-States,<=50K
23,Private,353327,Assoc-voc,11,Married-civ-spouse,Sales,Husband,White,Male,0,0,45,United-States,<=50K
57,Private,154715,HS-grad,9,Divorced,Sales,Unmarried,Black,Male,0,0,48,United-States,>50K
42,Private,171620,HS-grad,9,Never-married,Adm-clerical,Own-child,White,Male,0,0,39,United-States,<=50K
30,Private,301967,Masters,14,Married-civ-spouse,Prof-specialty,Husband,White,Male,0,0,40,United-States,<=50K
26,Private,331333,HS-grad,9,Married-civ-spouse,Adm-clerical,Wife,White,Female,0,0,40,United-States,<=50K
19,Self-emp-not-inc,149349,10th,6,Never-married,Sales,Own-child,White,Female,0,0,40,United-States,<=50K
39,Private,237192,Bachelors,13,Married-civ-spouse,Other-service,Husband,White,Male,0,2231,40,Mexico,>50K
36,Private,109055,Some-college,10,Never-married,Transport-moving,Not-in-family,White,Female,0,0,40,United-States,<=50K
44,Private,303689,Some-college,10,Separated,Exec-managerial,Not-in-family,White,Female,0,0,11,United-States,<=50K
28,Private,300453,Bachelors,13,Married-civ-spouse,Craft-repair,Wife,White,Female,0,0,41,United-States,<=50K
26,Private,219248,HS-grad,9,Divorced,Prof-specialty,Not-in-family,White,Male,0,0,40,United-States,<=50K
31,Private,100528,HS-grad,9,Married-civ-spouse,Sales,Wife,White,Female,0,0,55,United-States,>50K
49,Private,351731,Bachelors,13,Never-married,Prof-specialty,Own-child,Other,Female,0,0,52,United-States,>50K
47,Private,111819,HS-grad,9,Married-civ-spouse,Sales,Husband,White,Male,0,0,27,Jamaica,<=50K
37,Private,173860,Masters,14,Never-married,Transport-moving,Not-in-family,White,Male,0,0,12,United-States,>50K
31,Private,271398,Preschool,1,Married-civ-spouse,Sales,Husband,White,Male,0,0,40,United-States,<=50K
64,Private,326614,HS-grad,9,Married-civ-spouse,Exec-managerial,Wife,White,Female,0,0,40,India,>50K
46,Private,131914,Bachelors,13,Never-married,Exec-managerial,Not-in-family,White,Female,0,0,30,United-States,<=50K
54,State-gov,106423,10th,6,Married-civ-spouse,Transport-moving,Husband,White,Male,0,0,55,Columbia,<=50K
30,Private,363088,Bachelors,13,Never-married,Adm-clerical,Not-in-family,White,Female,0,0,45,Columbia,>50K
42,Self-emp-not-inc,137173,HS-grad,9,Widowed,Handlers-cleaners,Not-in-family,White,Male,0,0,11,United-States,<=50K
38,Private,272911,Bachelors,13,Divorced,Prof-specialty,Not-in-family,Other,Male,0,0,46,United-States,<=50K
31,Private,276518,HS-grad,9,Never-married,Transport-moving,Not-in-family,White,Male,0,0,40,United-States,<=50K
24,Private,113285,5th-6th,3,Divorced,Protective-serv,Not-in-family,White,Male,0,0,40,United-States,<=50K
77,Private,185972,12th,8,Never-married,Adm-clerical,Own-child,White,Female,0,0,16,United-States,<=50K
38,Local-gov,398966,12th,8,Never-married,Sales,Own-child,White,Male,0,0,40,Mexico,<=50K
40,Self-emp-not-inc,183500,HS-grad,9,Never-married,Prof-specialty,Own-child,White,Male,5178,0,36,United-States,>50K
24,State-gov,395184,Bachelors,13,Divorced,Protective-serv,Not-in-family,White,Female,0,0,22,United-States,<=50K
23,Private,227976,Bachelors,13,Never-married,Machine-op-inspct,Other-relative,Black,Female,0,0,31,United-States,<=50K
53,Private,281273,Bachelors,13,Never-married,Machine-op-inspct,Not-in-family,White,Male,0,0,51,United-States,>50K
79,Private,138046,HS-grad,9,Married-civ-spouse,Handlers-cleaners,Husband,White,Male,0,0,40,United-States,<=50K
35,Private,323991,Some-college,10,Married-civ-spouse,Prof-specialty,Husband,White,Male,0,0,40,Iran,<=50K
38,Private,187223,Some-college,10,Married-civ-spouse,Exec-managerial,Husband,White,Male,0,0,45,United-States,<=50K
44,Private,138431,HS-grad,9,Married-civ-spouse,Prof-specialty,Wife,White,Female,0,0,40,United-States,<=50K
26,Private,338566,Bachelors,13,Divorced,Sales,Unmarried,White,Female,0,0,50,United-States,<=50K
28,Private,228232,Masters,14,Married-civ-spouse,Craft-repair,Husband,White,Male,0,1977,20,United-States,>50K
58,Private,173292,HS-grad,9,Divorced,Machine-op-inspct,Not-in-family,Amer-Indian-Eskimo,Male,0,0,40,United-States,<=50K
20,Self-emp-inc,307746,Masters,14,Never-married,Machine-op-inspct,Own-child,White,Male,0,0,40,United-States,<=50K
60,Private,355053,10th,6,Married-civ-spouse,Other-service,Husband,Asian-Pac-Islander,Male,0,0,15,United-States,<=50K
30,Private,194145,Bachelors,13,Married-civ-spouse,Machine-op-inspct,Husband,White,Male,0,0,40,United-States,>50K
24,Private,307184,9th,5,Married-civ-spouse,Transport-moving,Husband,White,Male,0,1223,13,United-States,>50K
35,Private,129706,Masters,14,Divorced,Adm-clerical,Not-in-family,White,Male,0,2231,30,United-States,>50K
25,Federal-gov,136892,HS-grad,9,Married-civ-spouse,Machine-op-inspct,Wife,Black,Female,0,0,40,United-States,<=50K
38,Private,121395,Some-college,10,Divorced,Sales,Not-in-family,White,Male,0,0,12,United-States,<=50K
24,Private,263880,HS-grad,9,Never-married,Machine-op-inspct,Other-relative,White,Male,0,0,32,United-States,<=50K
34,Private,344792,HS-grad,9,Married-civ-spouse,Machine-op-inspct,Wife,White,Female,0,0,40,United-States,<=50K
21,Private,228381,HS-grad,9,Never-married,Sales,Own-child,White,Male,0,0,35,United-States,<=50K
44,Private,332172,HS-grad,9,Never-married,Exec-managerial,Other-relative,White,Female,0,0,40,United-States,<=50K
47,Private,178435,Some-college,10,Never-married,Handlers-cleaners,Not-in-family,White,Female,0,0,40,United-States,<=50K
24,Local-gov,117824,Some-college,10,Never-married,Craft-repair,Not-in-family,Other,Male,0,0,40,United-States,<=50K
22,Private,260476,Some-college,10,Never-married,Sales,Not-in-family,White,Male,0,0,41,United-States,<=50K
30,Self-emp-not-inc,121463,Bachelors,13,Married-civ-spouse,Craft-repair,Wife,White,Female,0,0,10,United-States,<=50K
39,Private,171953,Masters,14,Married-civ-spouse,Craft-repair,Wife,White,Female,0,0,60,Germany,<=50K
28,Private,333139,11th,7,Married-civ-spouse,Sales,Wife,White,Female,0,0,40,United-States,<=50K
32,Local-gov,80545,HS-grad,9,Never-married,Handlers-cleaners,Own-child,White,Male,0,0,48,Portugal,<=50K
23,Private,153337,HS-grad,9,Never-married,Adm-clerical,Not-in-family,White,Female,0,0,12,Poland,<=50K
46,Private,356952,Bachelors,13,Never-married,Exec-managerial,Not-in-family,Black,Female,0,0,49,United-States,>50K
43,Private,147780,Bachelors,13,Married-civ-spouse,Handlers-cleaners,Wife,White,Female,0,0,12,India,>50K
35,Private,195070,Assoc-acdm,12,Married-civ-spouse,Prof-specialty,Husband,White,Male,0,0,21,United-States,<=50K
24,Private,90466,Assoc-voc,11,Married-civ-spouse,Machine-op-inspct,Husband,White,Male,27828,1848,40,United-States,>50K
64,Private,289020,Bachelors,13,Never-married,Craft-repair,Own-child,White,Female,0,0,40,United-States,<=50K
34,Private,231750,Some-college,10,Never-married,Prof-specialty,Other-relative,White,Male,0,0,40,United-States,<=50K
57,Private,163706,HS-grad,9,Married-civ-spouse,Exec-managerial,Husband,White,Male,5178,0,39,United-States,>50K
32,Self-emp-not-inc,333334,Some-college,10,Married-civ-spouse,Exec-managerial,Wife,Black,Female,0,0,29,United-States,>50K
39,Private,294777,Some-college,10,Divorced,Handlers-cleaners,Not-in-family,White,Male,0,0,55,United-States,<=50K
32,Private,266357,HS-grad,9,Married-civ-spouse,Craft-repair,Husband,White,Male,0,0,40,United-States,<=50K
45,Private,256751,HS-grad,9,Never-married,Exec-managerial,Not-in-family,White,Female,0,0,52,United-States,>50K
25,Local-gov,245823,HS-grad,9,Never-married,Adm-clerical,Not-in-family,White,Male,0,0,48,Mexico,<=50K
42,Private,232889,11th,7,Married-civ-spouse,Farming-fishing,Husband,White,Male,0,0,40,India,<=50K
32,Private,393096,Doctorate,16,Separated,Machine-op-inspct,Unmarried,Black,Male,0,0,40,Greece,<=50K
22,State-gov,198510,Assoc-voc,11,Separated,Sales,Unmarried,White,Male,0,0,40,United-States,<=50K
39,Local-gov,90604,HS-grad,9,Married-civ-spouse,Adm-clerical,Wife,White,Female,0,0,40,United-States,<=50K
37,Private,243196,Bachelors,13,Married-civ-spouse,Tech-support,Husband,Asian-Pac-Islander,Male,0,0,40,Philippines,<=50K
40,Private,277360,Bachelors,13,Never-married,Farming-fishing,Not-in-family,Asian-Pac-Islander,Female,0,0,13,United-States,>50K
26,Private,275828,HS-grad,9,Widowed,Craft-repair,Not-in-family,White,Male,0,0,40,United-States,<=50K
43,Private,272951,Some-college,10,Never-married,Exec-managerial,Own-child,White,Female,0,0,26,Guatemala,>50K
44,Private,137794,Assoc-acdm,12,Never-married,Exec-managerial,Not-in-family,Asian-Pac-Islander,Female,0,0,55,United-States,<=50K
24,Private,99368,Prof-school,15,Married-civ-spouse,Handlers-cleaners,Husband,White,Male,0,0,24,United-States,<=50K
45,Private,147050,Bachelors,13,Married-civ-spouse,Adm-clerical,Husband,Other,Male,0,0,55,United-States,<=50K
24,Private,316733,Doctorate,16,Never-married,Sales,Not-in-family,Black,Male,0,0,40,United-States,<=50K
38,Local-gov,211537,Some-college,10,Married-civ-spouse,Other-service,Husband,Black,Male,0,0,45,United-States,<=50K
41,Private,350959,Some-college,10,Married-civ-spouse,Transport-moving,Husband,White,Male,0,0,12,United-States,<=50K
36,Private,83804,Some-college,10,Married-civ-spouse,Tech-support,Wife,White,Female,0,0,20,United-States,<=50K
25,Self-emp-inc,382809,HS-grad,9,Never-married,Protective-serv,Not-in-family,White,Female,0,0,26,United-States,<=50K
38,Private,154785,Some-college,10,Married-civ-spouse,Other-service,Husband,White,Male,4386,0,40,United-States,>50K
22,Private,104598,5th-6th,3,Married-civ-spouse,Other-service,Husband,White,Male,0,0,22,United-States,<=50K
36,Private,251944,Bachelors,13,Divorced,Prof-specialty,Not-in-family,White,Male,0,0,40,Mexico,<=50K
23,Private,270886,Masters,14,Divorced,Sales,Not-in-family,White,Male,0,0,40,United-States,<=50K
25,Private,260118,5th-6th,3,Married-civ-spouse,Adm-clerical,Husband,White,Male,0,0,22,Vietnam,<=50K
35,Private,117921,Assoc-voc,11,Divorced,Craft-repair,Not-in-family,Black,Male,0,0,40,United-States,<=50K
24,State-gov,159170,Some-college,10,Never-married,Transport-moving,Other-relative,White,Male,0,0,40,United-States,<=50K
48,Private,370608,Assoc-acdm,12,Married-civ-spouse,Tech-support,Husband,White,Male,0,0,40,United-States,<=50K
18,Private,204640,Some-college,10,Never-married,Handlers-cleaners,Own-child,White,Male,0,0,40,United-States,<=50K
33,Private,214829,HS-grad,9,Never-married,Sales,Own-child,White,Male,0,0,42,United-States,<=50K
43,Private,279795,Some-college,10,Married-civ-spouse,Exec-managerial,Husband,White,Male,0,0,30,United-States,<=50K
46,Federal-gov,343547,Some-college,10,Separated,Machine-op-inspct,Not-in-family,White,Male,0,0,40,United-States,<=50K
44,Private,393136,HS-grad,9,Divorced,Adm-clerical,Not-in-family,White,Male,0,0,21,United-States,<=50K
35,Private,267295,Some-college,10,Married-civ-spouse,Prof-specialty,Wife,White,Female,0,0,40,United-States,>50K
21,Private,227844,Preschool,1,Never-married,Tech-support,Own-child,White,Male,0,0,13,United-States,<=50K
24,Without-pay,198100,Assoc-voc,11,Married-civ-spouse,Prof-specialty,Wife,White,Female,0,0,60,United-States,<=50K
55,Federal-gov,330980,Assoc-acdm,12,Married-civ-spouse,Prof-specialty,Husband,White,Male,0,0,40,El-Salvador,<=50K
29,Self-emp-not-inc,170742,HS-grad,9,Married-civ-spouse,Adm-clerical,Husband,White,Male,0,0,55,United-States,>50K
59,Private,115464,Assoc-voc,11,Married-civ-spouse,Craft-repair,Husband,White,Male,5016,0,40,United-States,<=50K
39,Private,291275,HS-grad,9,Separated,Exec-managerial,Unmarried,White,Female,0,0,38,United-States,<=50K
25,Private,385162,HS-grad,9,Never-married,Other-service,Other-relative,White,Male,0,0,40,United-States,<=50K
27,Private,195806,Some-college,10,Married-civ-spouse,Protective-serv,Husband,Asian-Pac-Islander,Male,0,0,40,United-States,<=50K
36,Private,309926,Bachelors,13,Married-civ-spouse,Adm-clerical,Husband,White,Male,0,0,50,United-States,<=50K
33,Self-emp-inc,381906,HS-grad,9,Never-married,Handlers-cleaners,Own-child,White,Male,0,0,40,United-States,<=50K
37,Private,157181,Bachelors,13,Married-civ-spouse,Adm-clerical,Husband,Black,Male,0,0,40,United-States,>50K
25,Private,359543,Bachelors,13,Never-married,Prof-specialty,Not-in-family,White,Male,0,0,40,United-States,<=50K
37,Private,306101,HS-grad,9,Never-married,Other-service,Own-child,White,Female,0,1485,45,United-States,>50K
19,Private,267125,Some-college,10,Never-married,Adm-clerical,Own-child,White,Male,0,0,40,United-States,<=50K
47,Private,160166,Doctorate,16,Married-civ-spouse,Adm-clerical,Wife,White,Female,0,0,24,United-States,<=50K
53,State-gov,343145,7th-8th,4,Married-civ-spouse,Prof-specialty,Wife,White,Female,0,0,29,United-States,>50K
77,Private,310572,HS-grad,9,Married-civ-spouse,Craft-repair,Husband,White,Male,0,0,40,United-States,<=50K
20,Private,320453,Bachelors,13,Married-civ-spouse,Adm-clerical,Wife,White,Female,0,0,40,United-States,<=50K
22,Private,147240,Prof-school,15,Divorced,Machine-op-inspct,Not-in-family,Black,Female,0,1902,40,United-States,>50K
46,State-gov,187014,Bachelors,13,Separated,Craft-repair,Not-in-family,White,Male,0,0,41,United-States,<=50K
54,Self-emp-inc,239955,HS-grad,9,Never-married,Transport-moving,Own-child,White,Male,0,0,40,United-States,<=50K
26,Private,219543,HS-grad,9,Never-married,Other-service,Not-in-family,White,Male,0,0,50,United-States,<=50K
27,Private,297375,HS-grad,9,Divorced,Handlers-cleaners,Unmarried,Black,Female,0,0,40,United-States,<=50K
50,Private,247621,Masters,14,Never-married,Adm-clerical,Not-in-family,White,Male,0,0,10,United-States,<=50K
39,Local-gov,350529,Some-college,10,Married-civ-spouse,Adm-clerical,Wife,White,Female,0,0,40,United-States,<=50K
43,Self-emp-inc,236544,Masters,14,Never-married,Machine-op-inspct,Not-in-family,White,Male,0,0,50,United-States,>50K
66,Private,347189,Bachelors,13,Divorced,Other-service,Not-in-family,White,Male,0,0,40,United-States,>50K
32,Private,265581,Bachelors,13,Married-civ-spouse,Transport-moving,Wife,White,Female,0,0,40,United-States,<=50K
32,Private,207582,HS-grad,9,Married-civ-spouse,Other-service,Husband,Black,Male,0,0,40,United-States,<=50K
26,Private,105386,Bachelors,13,Never-married,Exec-managerial,Not-in-family,White,Female,0,0,44,United-States,<=50K
35,Local-gov,184253,9th,5,Never-married,Prof-specialty,Not-in-family,White,Male,0,0,40,United-States,<=50K
43,Federal-gov,220713,HS-grad,9,Never-married,Adm-clerical,Not-in-family,White,Male,0,0,50,United-States,<=50K
44,Private,392431,Bachelors,13,Never-married,Craft-repair,Not-in-family,White,Male,0,0,10,United-States,<=50K
52,Private,250354,Some-college,10,Married-civ-spouse,Craft-repair,Husband,White,Male,0,0,40,United-States,<=50K
26,Private,294609,Masters,14,Never-married,Sales,Not-in-family,White,Male,0,0,21,United-States,<=50K
31,Private,301554,Bachelors,13,Married-civ-spouse,Protective-serv,Husband,Black,Male,0,0,38,United-States,>50K
20,Private,247316,Masters,14,Never-married,Prof-specialty,Own-child,White,Female,0,0,12,United-States,<=50K
29,Local-gov,195318,10th,6,Never-married,Prof-specialty,Own-child,Other,Male,0,0,40,United-States,<=50K
37,Self-emp-not-inc,269501,11th,7,Never-married,Sales,Not-in-family,White,Female,0,0,18,United-States,<=50K
36,Private,244795,HS-grad,9,Never-married,Craft-repair,Own-child,Black,Male,0,2368,40,United-States,<=50K
39,Self-emp-not-inc,185243,9th,5,Married-civ-spouse,Craft-repair,Husband,White,Male,0,0,40,United-States,<=50K
30,Self-emp-inc,288844,5th-6th,3,Widowed,Craft-repair,Not-in-family,White,Female,0,0,19,United-States,<=50K
23,Private,189384,HS-grad,9,Never-married,Other-service,Own-child,White,Male,0,0,15,United-States,<=50K
32,Private,265493,Bachelors,13,Married-civ-spouse,Tech-support,Husband,White,Male,0,0,40,United-States,<=50K
44,Private,121628,HS-grad,9,Divorced,Craft-repair,Unmarried,White,Male,0,0,45,United-States,>50K
60,Private,211060,Assoc-voc,11,Married-civ-spouse,Tech-support,Wife,White,Female,0,0,40,Canada,<=50K
26,Private,320660,10th,6,Married-civ-spouse,Machine-op-inspct,Husband,White,Male,0,0,50,United-States,<=50K
50,Self-emp-not-inc,360415,11th,7,Divorced,Adm-clerical,Not-in-family,White,Female,0,0,40,United-States,>50K
46,Local-gov,186734,Masters,14,Married-civ-spouse,Prof-specialty,Wife,White,Female,0,0,40,United-States,>50K
52,Local-gov,370824,Masters,14,Married-civ-spouse,Craft-repair,Wife,White,Female,0,0,47,United-States,>50K
32,Private,149704,HS-grad,9,Never-married,Prof-specialty,Own-child,White,Female,0,0,39,United-States,<=50K
30,State-gov,223034,HS-grad,9,Married-civ-spouse,Transport-moving,Wife,White,Female,0,0,23,United-States,<=50K
22,Private,133381,11th,7,Never-married,Prof-specialty,Other-relative,White,Female,0,0,40,United-States,<=50K
30,Self-emp-inc,325686,Masters,14,Never-married,Exec-managerial,Own-child,Black,Female,0,0,45,United-States,<=50K
38,Self-emp-not-inc,357342,Bachelors,13,Widowed,Machine-op-inspct,Unmarried,White,Female,0,0,28,Philippines,<=50K
38,Private,165452,Bachelors,13,Divorced,Exec-managerial,Not-in-family,White,Female,5355,0,40,United-States,<=50K
44,Private,148931,11th,7,Divorced,Adm-clerical,Not-in-family,White,Male,0,0,18,United-States,>50K
30,Private,135304,5th-6th,3,Married-civ-spouse,Other-service,Wife,Black,Female,0,0,32,United-States,<=50K
58,Private,267683,Some-college,10,Never-married,Machine-op-inspct,Not-in-family,White,Male,0,0,28,United-States,<=50K
17,Federal-gov,325564,HS-grad,9,Never-married,Exec-managerial,Own-child,White,Male,0,0,45,United-States,<=50K
27,Private,133747,Assoc-voc,11,Married-civ-spouse,Other-service,Husband,Other,Male,0,0,36,United-States,>50K
64,Private,270349,Some-college,10,Married-civ-spouse,Transport-moving,Husband,White,Male,0,0,31,United-States,<=50K
33,Private,201016,Bachelors,13,Married-civ-spouse,Prof-specialty,Husband,White,Male,0,0,39,United-States,<=50K
43,Private,94975,10th,6,Married-civ-spouse,Adm-clerical,Husband,White,Male,0,0,40,United-States,<=50K
59,Self-emp-inc,231413,10th,6,Never-married,Adm-clerical,Own-child,Black,Male,0,0,47,United-States,<=50K
41,Private,201607,Some-college,10,Never-married,Craft-repair,Own-child,White,Male,0,0,40,United-States,<=50K
26,Private,270935,Bachelors,13,Married-civ-spouse,Sales,Husband,Asian-Pac-Islander,Male,0,0,40,United-States,>50K
49,Private,142708,Some-college,10,Widowed,Sales,Not-in-family,Black,Male,0,0,37,United-States,<=50K
27,Private,394352,Bachelors,13,Married-civ-spouse,Sales,Husband,White,Male,0,0,35,United-States,>50K
24,Private,323122,Some-college,10,Divorced,Handlers-cleaners,Not-in-family,Black,Male,0,0,47,United-States,<=50K
30,Local-gov,203635,Some-college,10,Divorced,Craft-repair,Unmarried,White,Female,0,0,40,Mexico,<=50K
50,Federal-gov,226655,Bachelors,13,Divorced,Other-service,Not-in-family,White,Male,0,2415,40,United-States,>50K
37,Private,318901,HS-grad,9,Never-married,Adm-clerical,Not-in-family,White,Female,0,0,39,United-States,<=50K
36,Private,335437,HS-grad,9,Never-married,Machine-op-inspct,Not-in-family,White,Male,0,0,49,United-States,<=50K
35,Local-gov,236466,5th-6th,3,Never-married,Craft-repair,Not-in-family,White,Female,0,0,40,United-States,<=50K
52,Private,220062,HS-grad,9,Married-civ-spouse,Protective-serv,Wife,White,Female,8614,0,31,United-States,>50K
44,Self-emp-not-inc,238028,Bachelors,13,Never-married,Prof-specialty,Not-in-family,White,Male,10520,0,40,United-States,>50K
43,Private,91259,HS-grad,9,Widowed,Protective-serv,Not-in-family,White,Male,0,0,40,United-States,>50K
45,Private,88274,HS-grad,9,Married-civ-spouse,Craft-repair,Wife,White,Female,0,0,40,United-States,<=50K
33,Private,243566,HS-grad,9,Separated,Sales,Not-in-family,White,Male,0,0,34,United-States,<=50K
25,Private,124691,Assoc-acdm,12,Married-civ-spouse,Handlers-cleaners,Wife,White,Female,0,0,10,United-States,>50K
33,State-gov,200700,Assoc-voc,11,Married-civ-spouse,Other-service,Husband,White,Male,0,0,45,Guatemala,<=50K
41,Private,314803,HS-grad,9,Married-civ-spouse,Sales,Husband,White,Male,0,0,33,United-States,>50K
26,Self-emp-not-inc,254942,HS-grad,9,Never-married,Machine-op-inspct,Own-child,Black,Male,0,0,40,United-States,<=50K
22,Local-gov,279752,HS-grad,9,Married-civ-spouse,Sales,Husband,Black,Male,0,0,40,United-States,<=50K
28,Federal-gov,94973,Bachelors,13,Married-civ-spouse,Machine-op-inspct,Wife,Black,Female,0,0,15,United-States,>50K
41,Private,130907,Doctorate,16,Married-civ-spouse,Craft-repair,Husband,White,Male,0,1740,25,United-States,>50K
43,Private,124759,Bachelors,13,Never-married,Prof-specialty,Own-child,White,Male,0,0,49,United-States,<=50K
33,Self-emp-inc,240355,Assoc-voc,11,Never-married,Adm-clerical,Own-child,White,Female,0,0,24,United-States,<=50K
55,Self-emp-not-inc,295043,Some-college,10,Married-civ-spouse,Sales,Husband,Other,Male,0,0,40,United-States,>50K
43,Local-gov,89106,Bachelors,13,Married-civ-spouse,Sales,Husband,White,Male,0,0,12,United-States,<=50K
28,Private,193117,Bachelors,13,Married-civ-spouse,Transport-moving,Husband,Black,Male,0,0,40,United-States,<=50K
23,State-gov,225397,10th,6,Married-civ-spouse,Craft-repair,Wife,White,Female,0,0,26,United-States,<=50K
23,Self-emp-not-inc,229700,Bachelors,13,Married-civ-spouse,Sales,Wife,White,Female,0,0,25,United-States,<=50K
24,Private,308089,11th,7,Married-civ-spouse,Machine-op-inspct,Husband,White,Male,0,0,12,Mexico,>50K
25,Private,219271,Some-college,10,Never-married,Prof-specialty,Not-in-family,White,Male,0,0,40,Jamaica,<=50K
45,Private,213270,HS-grad,9,Never-married,Adm-clerical,Not-in-family,White,Male,0,0,40,China,<=50K
49,Private,221011,HS-grad,9,Separated,Prof-specialty,Not-in-family,White,Male,0,0,42,United-States,>50K
25,Private,382962,10th,6,Never-married,Prof-specialty,Other-relative,Black,Male,0,0,44,United-States,>50K
44,Private,346461,Bachelors,13,Never-married,Sales,Other-relative,White,Female,0,0,40,United-States,<=50K
17,Private,349957,1st-4th,2,Never-married,Sales,Own-child,White,Male,0,0,14,United-States,<=50K
25,Private,173578,HS-grad,9,Never-married,Machine-op-inspct,Not-in-family,White,Female,0,0,27,United-States,<=50K
39,Private,184086,HS-grad,9,Divorced,Prof-specialty,Unmarried,White,Male,0,0,39,United-States,>50K
31,Private,324813,Bachelors,13,Never-married,Other-service,Own-child,Black,Male,0,0,40,United-States,<=50K
47,Private,294762,Bachelors,13,Never-married,Prof-specialty,Own-child,White,Male,0,0,40,United-States,>50K
41,Private,353658,HS-grad,9,Divorced,Prof-specialty,Not-in-family,White,Male,0,0,40,United-States,<=50K
41,Private,368552,Bachelors,13,Married-civ-spouse,Farming-fishing,Husband,White,Male,0,0,12,United-States,<=50K
69,Private,94004,Assoc-voc,11,Never-married,Armed-Forces,Not-in-family,Black,Male,0,0,40,United-States,<=50K
38,Private,189214,9th,5,Never-married,Handlers-cleaners,Not-in-family,White,Female,0,0,60,United-States,>50K
45,Private,346624,HS-grad,9,Married-civ-spouse,Prof-specialty,Wife,White,Female,0,0,36,United-States,<=50K
38,Local-gov,277213,Masters,14,Divorced,Craft-repair,Not-in-family,White,Male,0,0,29,United-States,<=50K
28,Private,256734,11th,7,Married-civ-spouse,Sales,Husband,Black,Male,0,0,40,Italy,<=50K
29,Private,366740,Bachelors,13,Married-civ-spouse,Machine-op-inspct,Wife,White,Female,0,0,39,Philippines,>50K
58,Private,304208,HS-grad,9,Married-civ-spouse,Machine-op-inspct,Husband,White,Male,0,0,47,United-States,>50K
39,Private,104873,Bachelors,13,Never-married,Prof-specialty,Not-in-family,White,Male,0,0,40,United-States,<=50K
18,Private,276915,7th-8th,4,Never-married,Craft-repair,Own-child,White,Male,0,0,36,United-States,<=50K
20,Private,334128,Some-college,10,Married-civ-spouse,Exec-managerial,Husband,White,Male,0,0,40,United-States,<=50K
38,Private,93048,HS-grad,9,Never-married,Exec-managerial,Other-relative,Black,Male,0,2231,21,United-States,>50K
51,Private,175268,5th-6th,3,Married-civ-spouse,Adm-clerical,Husband,Black,Male,0,0,33,United-States,<=50K
24,Federal-gov,128158,11th,7,Never-married,Exec-managerial,Not-in-family,White,Male,0,0,47,United-States,>50K
25,Private,286521,Bachelors,13,Never-married,Exec-managerial,Other-relative,White,Female,0,1138,40,United-States,>50K
25,Private,236631,HS-grad,9,Never-married,Handlers-cleaners,Other-relative,White,Female,0,0,40,United-States,<=50K
25,Private,337680,HS-grad,9,Married-civ-spouse,Craft-repair,Husband,White,Male,0,0,40,United-States,<=50K
52,State-gov,318797,Some-college,10,Never-married,Tech-support,Not-in-family,White,Female,0,0,40,England,<=50K
44,Private,236498,HS-grad,9,Married-civ-spouse,Adm-clerical,Husband,White,Male,0,0,50,United-States,>50K
18,Private,178577,Bachelors,13,Never-married,Other-service,Own-child,White,Male,0,0,40,United-States,>50K
25,Private,380448,HS-grad,9,Married-civ-spouse,Exec-managerial,Husband,White,Male,0,0,22,United-States,<=50K
44,Private,227435,Some-college,10,Never-married,Craft-repair,Not-in-family,White,Male,0,0,40,United-States,<=50K
44,Private,239745,Bachelors,13,Separated,Exec-managerial,Not-in-family,White,Female,0,0,39,United-States,>50K
28,Local-gov,108202,12th,8,Divorced,Handlers-cleaners,Not-in-family,White,Female,0,0,40,Germany,<=50K
44,Federal-gov,112626,Bachelors,13,Married-civ-spouse,Prof-specialty,Wife,White,Female,0,0,37,India,<=50K
31,Private,171185,Some-college,10,Married-civ-spouse,Handlers-cleaners,Wife,White,Female,0,0,40,United-States,<=50K
44,Private,213494,HS-grad,9,Divorced,Machine-op-inspct,Unmarried,White,Male,0,0,40,United-States,<=50K
53,Private,369744,HS-grad,9,Divorced,Sales,Not-in-family,White,Male,0,0,22,United-States,<=50K
22,Private,254205,HS-grad,9,Married-civ-spouse,Prof-specialty,Husband,White,Male,0,0,37,United-States,<=50K
27,Private,399094,Some-college,10,Never-married,Adm-clerical,Own-child,White,Male,0,0,44,United-States,<=50K
29,Private,147216,Some-college,10,Divorced,Adm-clerical,Not-in-family,Black,Male,0,0,18,United-States,<=50K
46,Local-gov,83133,HS-grad,9,Never-married,Adm-clerical,Not-in-family,White,Female,0,0,45,United-States,>50K
43,Private,355215,HS-grad,9,Divorced,Handlers-cleaners,Unmarried,Black,Female,0,0,40,United-States,<=50K
44,Private,340773,5th-6th,3,Never-married,Prof-specialty,Own-child,White,Female,0,0,40,United-States,<=50K
37,Private,385012,Some-college,10,Married-civ-spouse,Sales,Husband,White,Male,7298,0,60,United-States,>50K
38,Private,331870,HS-grad,9,Never-married,Exec-managerial,Not-in-family,Black,Female,0,0,30,United-States,<=50K
22,Private,357617,Bachelors,13,Married-civ-spouse,Machine-op-inspct,Wife,White,Female,0,0,40,United-States,<=50K
54,Private,216212,HS-grad,9,Divorced,Prof-specialty,Not-in-family,White,Male,0,0,15,United-States,>50K
34,State-gov,112219,Some-college,10,Never-married,Craft-repair,Not-in-family,White,Female,0,0,40,United-States,<=50K
38,Private,162346,Doctorate,16,Married-civ-spouse,Transport-moving,Wife,White,Female,0,0,44,United-States,<=50K
22,Private,305881,Some-college,10,Never-married,Machine-op-inspct,Own-child,White,Male,0,0,25,United-States,<=50K
44,Private,329614,Some-college,10,Married-civ-spouse,Sales,Husband,White,Male,0,0,37,United-States,<=50K
47,Private,262081,HS-grad,9,Married-civ-spouse,Adm-clerical,Wife,White,Female,0,0,10,United-States,>50K
75,Private,84443,11th,7,Married-civ-spouse,Machine-op-inspct,Husband,White,Male,0,0,40,United-States,>50K
46,Private,307344,Bachelors,13,Married-civ-spouse,Transport-moving,Husband,White,Male,0,0,40,United-States,>50K
29,Private,288464,Bachelors,13,Married-civ-spouse,Sales,Husband,White,Male,0,0,40,United-States,>50K
71,Private,391127,5th-6th,3,Divorced,Handlers-cleaners,Not-in-family,White,Female,0,0,40,United-States,<=50K
41,Private,215444,HS-grad,9,Married-civ-spouse,Protective-serv,Wife,White,Female,0,0,32,United-States,>50K
25,Local-gov,89154,Some-college,10,Never-married,Prof-specialty,Own-child,White,Male,0,0,40,United-States,<=50K
51,Private,308441,HS-grad,9,Never-married,Other-service,Own-child,White,Male,3413,0,34,United-States,<=50K
32,Private,392180,Assoc-voc,11,Never-married,Adm-clerical,Own-child,White,Male,0,0,40,United-States,<=50K
25,Federal-gov,287251,Some-college,10,Never-married,Prof-specialty,Not-in-family,Asian-Pac-Islander,Male,0,0,43,United-States,<=50K
27,Private,384873,HS-grad,9,Married-civ-spouse,Craft-repair,Husband,White,Male,0,0,40,United-States,<=50K
28,Private,399235,Masters,14,Married-civ-spouse,Adm-clerical,Husband,White,Male,0,0,40,United-States,>50K
20,Private,223318,Some-college,10,Never-married,Sales,Other-relative,White,Male,0,0,31,United-States,<=50K
24,Private,113148,Bachelors,13,Never-married,Craft-repair,Own-child,White,Female,0,0,40,United-States,>50K
62,Private,213746,Bachelors,13,Never-married,Prof-specialty,Other-relative,White,Male,0,0,23,United-States,>50K
30,Private,210079,Assoc-voc,11,Married-civ-spouse,Adm-clerical,Husband,White,Male,0,0,11,United-States,>50K
31,Private,103979,Some-college,10,Never-married,Handlers-cleaners,Own-child,White,Male,0,0,48,Cuba,<=50K
39,Private,175925,Some-college,10,Married-civ-spouse,Adm-clerical,Husband,White,Male,0,1091,49,United-States,<=50K
79,Private,350503,Some-college,10,Married-civ-spouse,Farming-fishing,Husband,White,Male,0,0,40,United-States,<=50K
23,Self-emp-not-inc,142967,7th-8th,4,Married-civ-spouse,Craft-repair,Wife,White,Female,0,0,13,United-States,>50K
40,Private,126335,HS-grad,9,Married-civ-spouse,Exec-managerial,Wife,White,Female,0,0,51,United-States,<=50K
52,Self-emp-not-inc,356630,HS-grad,9,Widowed,Prof-specialty,Not-in-family,White,Female,0,0,46,United-States,<=50K
46,Private,390138,Masters,14,Never-married,Craft-repair,Not-in-family,White,Male,99999,0,10,United-States,>50K
23,Private,350457,Some-college,10,Married-civ-spouse,Exec-managerial,Wife,Black,Female,0,0,18,United-States,<=50K
38,Private,376874,9th,5,Divorced,Handlers-cleaners,Unmarried,White,Female,0,0,40,United-States,>50K
25,Federal-gov,204094,HS-grad,9,Never-married,Sales,Not-in-family,White,Male,0,0,37,United-States,<=50K
27,Private,342637,9th,5,Divorced,Farming-fishing,Unmarried,White,Female,0,0,40,United-States,<=50K
54,Private,204763,Some-college,10,Married-civ-spouse,Other-service,Husband,White,Male,0,0,49,United-States,<=50K
42,Private,364835,HS-grad,9,Married-civ-spouse,Prof-specialty,Wife,Asian-Pac-Islander,Female,0,0,40,United-States,>50K
29,Private,258884,Bachelors,13,Married-civ-spouse,Machine-op-inspct,Husband,Black,Male,0,0,40,United-States,>50K
43,Self-emp-not-inc,195771,Bachelors,13,Never-married,Farming-fishing,Not-in-family,White,Male,0,0,40,United-States,>50K
51,Private,275280,Bachelors,13,Never-married,Other-service,Own-child,White,Male,0,0,40,United-States,>50K
38,State-gov,268545,HS-grad,9,Married-civ-spouse,Tech-support,Husband,White,Male,0,0,40,United-States,<=50K
54,Private,245882,HS-grad,9,Married-civ-spouse,Farming-fishing,Husband,White,Male,0,0,55,United-States,<=50K
17,Private,344165,HS-grad,9,Never-married,Machine-op-inspct,Not-in-family,Black,Male,0,0,40,United-States,<=50K
37,Private,386945,Assoc-voc,11,Never-married,Adm-clerical,Not-in-family,White,Female,0,0,40,United-States,<=50K
56,Private,253262,Masters,14,Never-married,Exec-managerial,Own-child,Black,Female,7298,0,12,United-States,>50K
44,Private,375979,10th,6,Married-civ-spouse,Transport-moving,Husband,Asian-Pac-Islander,Male,0,0,40,United-States,<=50K
22,Private,233066,Bachelors,13,Never-married,Adm-clerical,Not-in-family,White,Male,0,0,40,United-States,>50K
25,Local-gov,332575,Some-college,10,Divorced,Sales,Unmarried,White,Male,0,0,40,United-States,<=50K
39,Private,233867,10th,6,Married-civ-spouse,Sales,Husband,White,Male,0,0,45,United-States,<=50K
31,Private,107011,HS-grad,9,Never-married,Other-service,Not-in-family,White,Female,0,0,28,United-States,<=50K
51,Private,138411,Masters,14,Married-civ-spouse,Exec-managerial,Husband,Black,Male,0,0,50,United-States,>50K
49,Local-gov,229920,10th,6,Never-married,Craft-repair,Not-in-family,White,Male,0,0,40,Dominican-Republic,<=50K
36,Self-emp-not-inc,177354,9th,5,Married-civ-spouse,Adm-clerical,Wife,White,Female,0,0,33,United-States,<=50K
37,Self-emp-inc,178477,10th,6,Married-civ-spouse,Craft-repair,Wife,White,Female,0,0,31,United-States,>50K
48,Self-emp-not-inc,270766,Bachelors,13,Married-civ-spouse,Farming-fishing,Wife,White,Female,0,0,27,United-States,<=50K
44,State-gov,157391,HS-grad,9,Never-married,Adm-clerical,Other-relative,White,Male,0,0,40,United-States,<=50K
56,Self-emp-inc,393191,Masters,14,Married-civ-spouse,Adm-clerical,Husband,White,Male,0,0,17,United-States,<=50K
42,Private,139268,7th-8th,4,Married-civ-spouse,Protective-serv,Wife,White,Female,0,0,26,United-States,>50K
41,Private,322914,Assoc-voc,11,Never-married,Adm-clerical,Own-child,White,Male,0,0,40,United-States,<=50K
42,Private,254234,Some-college,10,Married-civ-spouse,Handlers-cleaners,Husband,Black,Male,0,0,40,United-States,<=50K
23,Private,108556,Some-college,10,Divorced,Other-service,Not-in-family,Black,Female,0,0,17,United-States,<=50K
21,Self-emp-not-inc,291148,HS-grad,9,Never-married,Adm-clerical,Not-in-family,White,Female,0,0,25,United-States,<=50K
47,Private,269889,Bachelors,13,Married-civ-spouse,Prof-specialty,Wife,White,Female,0,0,40,United-States,>50K
35,Local-gov,284328,Bachelors,13,Widowed,Other-service,Not-in-family,White,Male,0,0,48,United-States,>50K
38,Private,162642,HS-grad,9,Never-married,Craft-repair,Not-in-family,White,Male,0,0,40,United-States,<=50K
52,Private,147930,Assoc-voc,11,Married-civ-spouse,Transport-moving,Wife,White,Female,0,1740,24,United-States,>50K
65,Private,308248,Assoc-voc,11,Married-civ-spouse,Adm-clerical,Husband,White,Male,0,0,40,United-States,<=50K
21,Private,111426,Some-college,10,Never-married,Machine-op-inspct,Own-child,Other,Female,0,0,36,United-States,>50K
39,Private,295204,11th,7,Divorced,Other-service,Not-in-family,White,Female,0,0,48,United-States,<=50K
22,Local-gov,142122,Bachelors,13,Divorced,Adm-clerical,Not-in-family,Asian-Pac-Islander,Female,0,1976,40,United-States,<=50K
23,Local-gov,217696,Some-college,10,Never-married,Sales,Not-in-family,White,Female,0,0,40,United-States,<=50K
44,Self-emp-not-inc,332814,Assoc-voc,11,Married-civ-spouse,Other-service,Wife,White,Female,0,0,39,United-States,<=50K
28,Private,167115,HS-grad,9,Married-civ-spouse,Handlers-cleaners,Wife,White,Female,0,0,50,United-States,<=50K
21,Private,120283,HS-grad,9,Never-married,Exec-managerial,Own-child,White,Male,0,0,40,Philippines,>50K
42,Private,294124,HS-grad,9,Never-married,Other-service,Own-child,White,Female,0,0,40,United-States,<=50K
36,Private,331644,Assoc-acdm,12,Never-married,Prof-specialty,Own-child,White,Female,0,0,40,United-States,<=50K
33,Private,160764,Some-college,10,Never-married,Farming-fishing,Own-child,White,Male,0,0,50,United-States,<=50K
36,Private,228447,Some-college,10,Never-married,Adm-clerical,Own-child,White,Male,0,0,28,United-States,<=50K
46,Private,265821,HS-grad,9,Married-civ-spouse,Transport-moving,Wife,Black,Female,4386,1902,52,United-States,>50K
50,Self-emp-not-inc,81053,HS-grad,9,Never-married,Prof-specialty,Not-in-family,White,Male,0,0,13,United-States,>50K
66,Self-emp-not-inc,229951,Bachelors,13,Married-civ-spouse,Handlers-cleaners,Husband,White,Male,0,0,12,United-States,>50K
35,Private,302802,Assoc-acdm,12,Never-married,Sales,Not-in-family,White,Male,0,0,40,United-States,>50K
39,Private,162824,HS-grad,9,Separated,Exec-managerial,Other-relative,White,Female,0,0,40,United-States,<=50K
50,Private,396901,HS-grad,9,Never-married,Machine-op-inspct,Not-in-family,White,Male,3804,0,40,United-States,<=50K
33,Private,91221,Bachelors,13,Married-civ-spouse,Machine-op-inspct,Husband,White,Male,0,0,28,United-States,>50K
38,Private,328689,Some-college,10,Divorced,Machine-op-inspct,Not-in-family,White,Male,0,0,40,United-States,<=50K
50,Private,345152,HS-grad,9,Separated,Craft-repair,Unmarried,White,Male,0,0,40,United-States,<=50K
63,Private,215676,9th,5,Married-civ-spouse,Exec-managerial,Wife,White,Female,0,0,40,United-States,<=50K
39,Private,131028,Bachelors,13,Divorced,Exec-managerial,Not-in-family,White,Male,0,0,40,United-States,>50K
28,Private,162400,HS-grad,9,Married-civ-spouse,Exec-managerial,Wife,White,Female,7688,0,45,United-States,>50K
49,Private,278018,Some-college,10,Separated,Adm-clerical,Unmarried,White,Male,0,0,40,United-States,<=50K
23,Private,217214,Bachelors,13,Never-married,Prof-specialty,Not-in-family,White,Male,0,0,28,United-States,<=50K
41,Private,385698,Assoc-voc,11,Married-civ-spouse,Craft-repair,Wife,White,Female,0,0,40,United-States,<=50K
41,Private,396366,Some-college,10,Never-married,Sales,Own-child,Asian-Pac-Islander,Female,0,0,37,United-States,<=50K
38,Private,199488,HS-grad,9,Married-civ-spouse,Handlers-cleaners,Husband,Black,Male,0,0,40,United-States,<=50K
27,Private,293132,Masters,14,Married-civ-spouse,Prof-specialty,Wife,White,Female,0,0,40,Guatemala,>50K
44,Private,314587,Some-college,10,Married-civ-spouse,Sales,Wife,White,Female,0,0,40,United-States,<=50K
24,Local-gov,226854,Bachelors,13,Never-married,Machine-op-inspct,Other-relative,White,Female,0,0,40,India,<=50K
45,Private,238298,Some-college,10,Married-civ-spouse,Prof-specialty,Husband,White,Male,0,0,30,United-States,>50K
25,State-gov,226162,Some-college,10,Separated,Sales,Unmarried,White,Male,0,0,32,United-States,<=50K
43,Private,293110,Some-college,10,Married-civ-spouse,Handlers-cleaners,Husband,White,Male,5020,0,40,United-States,<=50K
24,Self-emp-not-inc,357406,Some-college,10,Married-civ-spouse,Handlers-cleaners,Husband,White,Male,0,0,40,United-States,<=50K
37,Private,271227,Prof-school,15,Never-married,Craft-repair,Not-in-family,White,Female,3298,0,40,United-States,<=50K
74,Private,92664,HS-grad,9,Married-civ-spouse,Craft-repair,Husband,White,Male,0,0,40,United-States,<=50K
36,Private,292111,HS-grad,9,Never-married,Machine-op-inspct,Not-in-family,White,Female,0,0,40,United-States,<=50K
80,Private,396692,Masters,14,Married-civ-spouse,Exec-managerial,Husband,White,Male,0,0,40,United-States,<=50K
36,Private,364720,HS-grad,9,Never-married,Sales,Not-in-family,White,Male,0,0,40,United-States,<=50K
80,Self-emp-not-inc,396313,1st-4th,2,Divorced,Protective-serv,Not-in-family,White,Male,0,0,40,United-States,<=50K
69,Private,141056,10th,6,Never-married,Craft-repair,Own-child,White,Male,0,0,16,United-States,<=50K
40,Self-emp-not-inc,158798,HS-grad,9,Widowed,Craft-repair,Not-in-family,White,Male,0,0,45,United-States,<=50K
35,State-gov,155528,HS-grad,9,Married-civ-spouse,Sales,Husband,White,Male,0,0,49,United-States,<=50K
45,Self-emp-not-inc,89758,1st-4th,2,Never-married,Tech-support,Own-child,Black,Male,0,0,40,United-States,<=50K
44,Private,279033,Bachelors,13,Married-civ-spouse,Prof-specialty,Husband,Black,Male,0,0,40,United-States,>50K
24,Private,379133,Bachelors,13,Married-civ-spouse,Craft-repair,Wife,White,Female,0,0,34,United-States,>50K
42,Self-emp-not-inc,225111,Some-college,10,Separated,Transport-moving,Not-in-family,White,Male,0,0,40,United-States,<=50K
49,Private,110246,Some-college,10,Married-civ-spouse,Sales,Husband,White,Male,0,0,50,United-States,>50K
42,Private,235319,5th-6th,3,Married-civ-spouse,Prof-specialty,Husband,White,Male,0,0,43,United-States,<=50K
49,Self-emp-inc,171296,Prof-school,15,Married-civ-spouse,Prof-specialty,Husband,White,Male,0,0,55,United-States,>50K
71,Self-emp-not-inc,102716,Bachelors,13,Married-civ-spouse,Farming-fishing,Husband,Black,Male,0,0,39,United-States,>50K
44,Private,99770,Bachelors,13,Married-civ-spouse,Craft-repair,Husband,White,Male,0,0,40,United-States,<=50K
43,Federal-gov,233351,Some-college,10,Married-civ-spouse,Adm-clerical,Husband,White,Male,8614,0,45,United-States,>50K
38,Private,303068,Bachelors,13,Never-married,Farming-fishing,Own-child,Black,Male,0,0,40,United-States,<=50K
47,Private,373579,Bachelors,13,Married-civ-spouse,Exec-managerial,Husband,White,Male,0,0,40,United-States,<=50K
30,Private,225809,HS-grad,9,Married-civ-spouse,Other-service,Husband,Black,Male,0,0,40,United-States,<=50K
47,Private,335762,HS-grad,9,Married-civ-spouse,Machine-op-inspct,Husband,White,Male,0,0,40,United-States,<=50K
54,Private,103361,Some-college,10,Married-civ-spouse,Machine-op-inspct,Wife,White,Female,0,0,43,United-States,>50K
30,Private,265491,Doctorate,16,Separated,Machine-op-inspct,Not-in-family,White,Female,0,0,40,United-States,>50K
21,Private,220573,HS-grad,9,Never-married,Other-service,Own-child,White,Male,0,0,40,United-States,<=50K
77,Private,382559,Some-college,10,Married-civ-spouse,Craft-repair,Husband,Black,Male,0,0,40,United-States,<=50K
37,Self-emp-not-inc,325887,Bachelors,13,Married-civ-spouse,Machine-op-inspct,Husband,White,Male,0,0,40,United-States,>50K
75,Self-emp-not-inc,187752,HS-grad,9,Married-civ-spouse,Handlers-cleaners,Husband,White,Male,0,0,20,United-States,<=50K
58,Federal-gov,177809,HS-grad,9,Never-married,Adm-clerical,Own-child,White,Female,0,0,40,United-States,<=50K
66,Self-emp-not-inc,131482,Some-college,10,Widowed,Sales,Not-in-family,White,Female,0,0,25,United-States,<=50K
24,Private,269526,Masters,14,Never-married,Protective-serv,Other-relative,White,Female,0,0,40,United-States,>50K
51,Private,125648,Masters,14,Never-married,Exec-managerial,Own-child,White,Male,27828,0,44,Portugal,>50K
53,Private,180368,Some-college,10,Never-married,Machine-op-inspct,Other-relative,White,Male,0,0,39,United-States,<=50K
50,Private,184028,11th,7,Married-civ-spouse,Machine-op-inspct,Husband,White,Male,0,0,48,United-States,<=50K
53,Private,188502,Masters,14,Married-spouse-absent,Sales,Not-in-family,Other,Male,0,0,27,United-States,<=50K
26,Private,159138,7th-8th,4,Married-civ-spouse,Sales,Husband,White,Male,0,0,40,United-States,<=50K
24,Private,326923,1st-4th,2,Married-civ-spouse,Adm-clerical,Husband,White,Male,0,1887,40,United-States,>50K
44,State-gov,397048,HS-grad,9,Divorced,Other-service,Not-in-family,White,Male,0,0,45,United-States,<=50K
22,Private,260923,HS-grad,9,Divorced,Transport-moving,Not-in-family,White,Male,0,0,23,United-States,<=50K
32,Private,337590,1st-4th,2,Married-civ-spouse,Craft-repair,Wife,White,Female,0,0,40,United-States,<=50K
31,Private,110564,HS-grad,9,Never-married,Adm-clerical,Other-relative,White,Male,0,0,15,United-States,<=50K
61,Private,265968,Bachelors,13,Divorced,Farming-fishing,Not-in-family,White,Male,0,0,40,El-Salvador,<=50K
56,Private,168291,Doctorate,16,Married-civ-spouse,Prof-specialty,Husband,Asian-Pac-Islander,Male,0,0,52,United-States,<=50K
43,Private,171941,Masters,14,Never-married,Sales,Own-child,White,Male,0,0,60,United-States,<=50K
17,Private,88024,HS-grad,9,Never-married,Machine-op-inspct,Own-child,White,Male,0,0,40,United-States,<=50K
23,Private,351070,HS-grad,9,Married-civ-spouse,Transport-moving,Husband,White,Male,0,0,60,United-States,<=50K
22,Self-emp-not-inc,168624,10th,6,Never-married,Machine-op-inspct,Other-relative,White,Female,0,0,50,United-States,<=50K
75,Private,335105,Some-college,10,Divorced,Craft-repair,Not-in-family,White,Female,0,0,40,United-States,<=50K
32,Private,264179,Some-college,10,Never-married,Tech-support,Not-in-family,White,Male,0,0,40,United-States,<=50K
58,Federal-gov,211280,HS-grad,9,Widowed,Prof-specialty,Not-in-family,White,Male,0,1740,40,United-States,>50K
43,Private,202986,10th,6,Never-married,Exec-managerial,Not-in-family,Black,Female,0,1902,21,India,>50K
42,Private,106075,Bachelors,13,Never-married,Other-service,Other-relative,White,Male,0,0,40,United-States,<=50K
47,Self-emp-not-inc,284621,12th,8,Married-civ-spouse,Adm-clerical,Wife,White,Female,0,0,40,United-States,<=50K
41,Private,262375,HS-grad,9,Married-civ-spouse,Sales,Husband,White,Male,0,0,14,United-States,<=50K
63,Private,147956,Bachelors,13,Married-civ-spouse,Craft-repair,Husband,White,Male,0,0,40,United-States,<=50K
23,Private,188966,Assoc-acdm,12,Never-married,Exec-managerial,Own-child,White,Female,0,0,40,United-States,<=50K
60,Self-emp-not-inc,139578,Some-college,10,Married-civ-spouse,Farming-fishing,Husband,White,Male,0,0,35,United-States,<=50K
63,Private,190991,Assoc-voc,11,Married-civ-spouse,Other-service,Husband,White,Male,0,0,40,United-States,<=50K
27,Local-gov,364795,Bachelors,13,Married-spouse-absent,Adm-clerical,Not-in-family,White,Male,0,2231,50,United-States,>50K
39,Self-emp-inc,207464,Some-college,10,Divorced,Sales,Not-in-family,White,Male,0,0,40,United-States,<=50K
36,Private,336441,HS-grad,9,Married-civ-spouse,Protective-serv,Husband,White,Male,0,0,35,United-States,<=50K
30,Private,309709,Bachelors,13,Married-civ-spouse,Tech-support,Wife,White,Female,0,0,40,United-States,<=50K
18,Private,327842,Bachelors,13,Never-married,Sales,Own-child,Asian-Pac-Islander,Male,0,0,34,United-States,<=50K
49,Private,173625,Prof-school,15,Married-civ-spouse,Prof-specialty,Husband,Asian-Pac-Islander,Male,0,0,55,India,>50K
29,Private,161254,Masters,14,Divorced,Adm-clerical,Not-in-family,White,Female,0,0,16,United-States,>50K
44,Private,198545,HS-grad,9,Married-civ-spouse,Farming-fishing,Wife,White,Female,0,0,40,United-States,<=50K
55,Local-gov,268925,Assoc-acdm,12,Widowed,Craft-repair,Unmarried,White,Female,0,0,20,United-States,>50K
58,Private,192213,Assoc-acdm,12,Married-civ-spouse,Exec-managerial,Husband,Black,Male,0,2178,40,United-States,>50K
23,Private,250894,10th,6,Married-civ-spouse,Adm-clerical,Husband,White,Male,0,0,60,United-States,<=50K
39,Private,192506,1st-4th,2,Never-married,Transport-moving,Own-child,White,Female,0,0,42,United-States,<=50K
57,Private,247264,Prof-school,15,Separated,Prof-specialty,Unmarried,Black,Male,5068,0,40,United-States,>50K
24,Local-gov,150523,10th,6,Married-civ-spouse,Craft-repair,Husband,White,Male,0,0,20,Japan,<=50K
52,Local-gov,125770,Bachelors,13,Married-civ-spouse,Adm-clerical,Husband,White,Male,0,0,40,United-States,>50K
30,Private,195542,HS-grad,9,Married-civ-spouse,Prof-specialty,Husband,Black,Male,0,0,40,United-States,<=50K
27,Private,156251,Some-college,10,Married-civ-spouse,Machine-op-inspct,Wife,White,Female,0,0,40,United-States,<=50K
43,Local-gov,301690,12th,8,Married-civ-spouse,Armed-Forces,Wife,White,Female,0,0,36,Philippines,<=50K
38,Private,389648,Preschool,1,Married-civ-spouse,Machine-op-inspct,Husband,White,Male,0,0,40,United-States,<=50K
49,Private,126519,HS-grad,9,Never-married,Tech-support,Not-in-family,White,Female,0,2559,34,United-States,>50K
46,State-gov,277962,Prof-school,15,Never-married,Exec-managerial,Other-relative,White,Female,0,0,27,United-States,<=50K
19,Self-emp-not-inc,218842,HS-grad,9,Never-married,Sales,Own-child,White,Male,0,0,13,United-States,<=50K
48,Private,202937,HS-grad,9,Married-civ-spouse,Craft-repair,Husband,White,Male,0,0,40,United-States,<=50K
45,Private,169976,Some-college,10,Married-civ-spouse,Protective-serv,Husband,White,Male,0,0,40,United-States,<=50K
47,Self-emp-inc,332972,HS-grad,9,Divorced,Sales,Not-in-family,Amer-Indian-Eskimo,Female,0,0,50,United-States,<=50K
61,State-gov,184540,HS-grad,9,Never-married,Other-service,Own-child,White,Male,0,0,40,United-States,<=50K
37,Private,269905,Some-college,10,Never-married,Prof-specialty,Not-in-family,Black,Male,0,0,40,United-States,<=50K
49,Self-emp-inc,232926,HS-grad,9,Married-civ-spouse,Adm-clerical,Husband,White,Male,0,0,40,United-States,<=50K
50,Private,314680,HS-grad,9,Married-civ-spouse,Prof-specialty,Husband,White,Male,0,0,27,United-States,<=50K
19,Private,267505,HS-grad,9,Never-married,Adm-clerical,Own-child,White,Male,0,0,40,United-States,<=50K
25,Private,320489,Some-college,10,Married-civ-spouse,Craft-repair,Husband,Other,Male,0,0,40,United-States,<=50K
57,Private,175378,Bachelors,13,Married-civ-spouse,Craft-repair,Husband,White,Male,99999,0,39,United-States,>50K
48,Self-emp-inc,299916,9th,5,Widowed,Other-service,Unmarried,White,Female,0,0,40,United-States,<=50K
57,State-gov,152201,Assoc-voc,11,Married-civ-spouse,Craft-repair,Wife,White,Female,0,0,40,United-States,<=50K
79,Self-emp-not-inc,97456,HS-grad,9,Divorced,Exec-managerial,Not-in-family,White,Male,0,0,39,United-States,<=50K
50,Private,272933,Bachelors,13,Never-married,Protective-serv,Not-in-family,White,Female,0,0,40,United-States,<=50K
39,Private,103488,Some-college,10,Married-civ-spouse,Sales,Wife,Other,Female,0,0,40,United-States,<=50K
22,Self-emp-inc,87469,Bachelors,13,Separated,Exec-managerial,Not-in-family,White,Male,0,0,40,India,<=50K
25,Self-emp-not-inc,81683,Some-college,10,Never-married,Handlers-cleaners,Not-in-family,White,Male,0,0,29,United-States,<=50K
47,Local-gov,294178,Bachelors,13,Separated,Adm-clerical,Unmarried,White,Male,0,0,40,United-States,>50K
29,Private,113956,Bachelors,13,Never-married,Craft-repair,Own-child,White,Male,0,0,23,United-States,>50K
21,Private,321588,Assoc-acdm,12,Never-married,Sales,Not-in-family,Black,Male,0,0,34,United-States,<=50K
31,Private,150368,Bachelors,13,Married-civ-spouse,Prof-specialty,Husband,White,Male,0,0,40,United-States,<=50K
44,Private,392687,HS-grad,9,Married-civ-spouse,Craft-repair,Wife,White,Female,0,0,28,United-States,>50K
30,Local-gov,388900,HS-grad,9,Divorced,Prof-specialty,Not-in-family,White,Male,0,0,41,United-States,<=50K
36,Private,237187,HS-grad,9,Married-civ-spouse,Prof-specialty,Husband,White,Male,0,0,27,United-States,<=50K
66,Private,238442,HS-grad,9,Married-civ-spouse,Prof-specialty,Husband,White,Male,0,0,40,United-States,<=50K
62,Private,258032,HS-grad,9,Married-civ-spouse,Sales,Husband,White,Male,0,0,50,United-States,>50K
23,Private,388784,Bachelors,13,Never-married,Transport-moving,Not-in-family,White,Male,0,0,40,United-States,<=50K
36,Private,311227,Assoc-acdm,12,Never-married,Exec-managerial,Not-in-family,White,Male,0,0,40,United-States,<=50K
17,Private,190291,Bachelors,13,Divorced,Other-service,Not-in-family,White,Female,99999,0,44,United-States,>50K
38,Private,127412,Some-college,10,Married-civ-spouse,Exec-managerial,Husband,White,Male,0,0,48,United-States,>50K
27,Self-emp-inc,201648,HS-grad,9,Married-civ-spouse,Exec-managerial,Husband,White,Male,0,0,47,Mexico,<=50K
39,Private,214697,Assoc-voc,11,Married-civ-spouse,Craft-repair,Husband,White,Male,0,0,40,United-States,<=50K
23,Private,222540,HS-grad,9,Separated,Handlers-cleaners,Unmarried,White,Female,0,0,26,United-States,<=50K
46,Private,294717,Doctorate,16,Married-civ-spouse,Prof-specialty,Wife,White,Female,0,0,40,United-States,>50K
49,Self-emp-not-inc,246393,Bachelors,13,Married-civ-spouse,Sales,Husband,White,Male,0,0,38,United-States,<=50K
36,Private,320461,HS-grad,9,Married-civ-spouse,Transport-moving,Husband,White,Male,0,0,40,United-States,<=50K
32,Self-emp-not-inc,387574,HS-grad,9,Married-civ-spouse,Other-service,Husband,White,Male,0,0,40,United-States,<=50K
28,Self-emp-inc,290294,Some-college,10,Married-civ-spouse,Transport-moving,Wife,White,Female,0,0,38,United-States,<=50K
32,Private,94495,Bachelors,13,Never-married,Farming-fishing,Not-in-family,White,Male,3103,0,40,United-States,>50K
21,Private,344351,HS-grad,9,Never-married,Exec-managerial,Own-child,White,Female,0,0,40,United-States,<=50K
26,Private,231613,Some-college,10,Never-married,Handlers-cleaners,Not-in-family,White,Male,0,0,37,United-States,<=50K
38,Private,370789,HS-grad,9,Never-married,Craft-repair,Own-child,White,Female,0,0,40,United-States,<=50K
51,Private,127282,Some-college,10,Married-civ-spouse,Prof-specialty,Wife,White,Female,0,0,14,United-States,<=50K
60,Self-emp-inc,335006,Masters,14,Never-married,Transport-moving,Not-in-family,White,Female,0,0,48,Mexico,>50K
53,State-gov,124659,Assoc-acdm,12,Separated,Sales,Unmarried,White,Male,0,0,29,United-States,<=50K
31,Private,292411,HS-grad,9,Married-civ-spouse,Prof-specialty,Husband,White,Male,0,0,60,United-States,<=50K
53,Private,106612,Doctorate,16,Married-civ-spouse,Adm-clerical,Wife,White,Female,0,0,50,United-States,<=50K
35,Private,359074,10th,6,Never-married,Other-service,Other-relative,White,Male,0,0,40,United-States,<=50K
22,Federal-gov,135998,Bachelors,13,Married-civ-spouse,Prof-specialty,Wife,Black,Female,0,0,40,United-States,<=50K
39,Private,389851,Bachelors,13,Divorced,Protective-serv,Not-in-family,White,Male,0,0,52,United-States,<=50K
40,Private,294763,Some-college,10,Divorced,Prof-specialty,Not-in-family,White,Male,27828,0,40,United-States,>50K
38,Private,142297,Some-college,10,Never-married,Craft-repair,Not-in-family,White,Male,0,0,23,United-States,<=50K
43,Private,289652,9th,5,Married-civ-spouse,Priv-house-serv,Husband,White,Male,0,0,30,United-States,<=50K
42,Private,140702,Prof-school,15,Married-civ-spouse,Other-service,Husband,White,Male,0,0,40,United-States,<=50K
31,Private,354617,Bachelors,13,Never-married,Sales,Own-child,Black,Female,4386,0,48,United-States,>50K
32,Self-emp-inc,131898,HS-grad,9,Married-civ-spouse,Farming-fishing,Husband,White,Male,0,0,40,United-States,<=50K
38,Private,313826,Bachelors,13,Never-married,Protective-serv,Own-child,White,Female,0,0,22,Philippines,<=50K
30,Private,122744,12th,8,Divorced,Other-service,Not-in-family,White,Male,3535,0,48,United-States,<=50K
29,Private,101865,Bachelors,13,Never-married,Handlers-cleaners,Not-in-family,White,Male,0,0,40,United-States,<=50K
28,Private,368494,Some-college,10,Never-married,Adm-clerical,Own-child,Asian-Pac-Islander,Female,0,0,33,United-States,<=50K
36,Local-gov,133286,Some-college,10,Never-married,Sales,Not-in-family,Other,Female,0,0,40,United-States,>50K
22,Private,211060,Bachelors,13,Never-married,Other-service,Other-relative,White,Male,0,0,40,United-States,<=50K
78,Private,249556,HS-grad,9,Never-married,Prof-specialty,Own-child,Other,Male,5178,0,40,United-States,>50K
33,Self-emp-not-inc,317436,Some-college,10,Married-civ-spouse,Tech-support,Husband,Black,Male,0,0,47,United-States,<=50K
42,State-gov,203549,Doctorate,16,Never-married,Exec-managerial,Not-in-family,White,Male,5292,0,40,United-States,>50K
31,Local-gov,390732,HS-grad,9,Never-married,Prof-specialty,Own-child,White,Male,0,2174,40,United-States,>50K
62,Private,395066,HS-grad,9,Divorced,Exec-managerial,Not-in-family,White,Male,0,0,40,United-States,<=50K
47,Private,258676,HS-grad,9,Never-married,Sales,Other-relative,Black,Male,0,0,40,United-States,<=50K
35,Private,121798,Assoc-acdm,12,Never-married,Other-service,Not-in-family,White,Male,0,0,23,United-States,<=50K
47,Private,326773,Bachelors,13,Married-civ-spouse,Farming-fishing,Husband,White,Male,0,0,40,United-States,>50K
37,Private,375292,HS-grad,9,Never-married,Prof-specialty,Other-relative,White,Male,0,0,40,United-States,>50K
24,Private,81242,Assoc-voc,11,Married-civ-spouse,Machine-op-inspct,Husband,White,Male,0,1264,25,El-Salvador,<=50K
47,Private,374994,HS-grad,9,Married-civ-spouse,Exec-managerial,Husband,Black,Male,0,0,40,United-States,>50K
61,Private,370927,Assoc-acdm,12,Never-married,Exec-managerial,Own-child,Asian-Pac-Islander,Female,0,0,55,United-States,<=50K
22,Federal-gov,106851,Assoc-voc,11,Married-civ-spouse,Prof-specialty,Husband,White,Male,0,0,38,United-States,>50K
34,Local-gov,274749,Assoc-acdm,12,Married-civ-spouse,Tech-support,Husband,Black,Male,0,0,40,United-States,<=50K
36,Private,242160,Masters,14,Never-married,Protective-serv,Own-child,White,Male,0,0,49,United-States,<=50K
31,Private,378683,HS-grad,9,Married-civ-spouse,Craft-repair,Husband,White,Male,0,0,21,United-States,<=50K
44,Private,218830,HS-grad,9,Never-married,Craft-repair,Not-in-family,White,Male,0,0,40,United-States,<=50K
55,Private,285659,HS-grad,9,Separated,Tech-support,Unmarried,White,Male,0,0,40,United-States,<=50K
35,Private,326901,HS-grad,9,Divorced,Adm-clerical,Not-in-family,White,Male,0,0,14,United-States,<=50K
24,Self-emp-not-inc,104216,Bachelors,13,Married-civ-spouse,Craft-repair,Wife,White,Female,0,0,40,United-States,>50K
40,Federal-gov,256894,HS-grad,9,Never-married,Adm-clerical,Own-child,White,Male,0,0,40,United-States,<=50K
34,Local-gov,158114,Prof-school,15,Never-married,Sales,Not-in-family,White,Female,0,0,13,United-States,>50K
52,Self-emp-not-inc,263717,Some-college,10,Never-married,Machine-op-inspct,Not-in-family,White,Female,0,0,40,United-States,<=50K
49,Private,272402,Bachelors,13,Never-married,Exec-managerial,Not-in-family,White,Male,0,0,40,United-States,>50K
34,Private,359331,Some-college,10,Married-civ-spouse,Adm-clerical,Husband,Black,Male,0,0,48,United-States,>50K
49,Without-pay,139313,Some-college,10,Married-civ-spouse,Prof-specialty,Husband,White,Male,0,0,40,United-States,<=50K
26,Private,245475,7th-8th,4,Married-civ-spouse,Sales,Wife,White,Female,8614,0,34,United-States,>50K
17,Private,104188,HS-grad,9,Never-married,Other-service,Own-child,White,Female,0,0,40,Guatemala,<=50K
25,Private,331221,HS-grad,9,Married-civ-spouse,Adm-clerical,Wife,Amer-Indian-Eskimo,Female,0,0,34,United-States,<=50K
34,Self-emp-not-inc,323589,Bachelors,13,Married-civ-spouse,Exec-managerial,Husband,Black,Male,0,0,47,United-States,>50K
42,Private,83611,10th,6,Divorced,Craft-repair,Not-in-family,White,Male,0,0,45,Vietnam,<=50K
38,Private,396657,1st-4th,2,Never-married,Machine-op-inspct,Not-in-family,Other,Male,0,0,40,United-States,<=50K
48,Private,189455,HS-grad,9,Married-spouse-absent,Prof-specialty,Not-in-family,White,Female,0,0,50,United-States,<=50K
60,Private,124032,Masters,14,Married-civ-spouse,Other-service,Wife,White,Female,27828,0,40,United-States,>50K
39,Private,215027,HS-grad,9,Divorced,Protective-serv,Not-in-family,White,Male,0,0,40,United-States,<=50K
22,Self-emp-not-inc,172890,Some-college,10,Divorced,Sales,Not-in-family,Asian-Pac-Islander,Female,0,0,31,United-States,<=50K
42,Private,163486,Bachelors,13,Never-married,Adm-clerical,Not-in-family,White,Male,0,0,40,United-States,>50K
35,Private,365111,Some-college,10,Separated,Farming-fishing,Other-relative,White,Male,0,0,11,United-States,<=50K
23,Self-emp-not-inc,318355,HS-grad,9,Married-civ-spouse,Machine-op-inspct,Wife,White,Female,0,0,26,United-States,<=50K
47,Private,335816,12th,8,Married-civ-spouse,Handlers-cleaners,Wife,White,Female,0,0,28,United-States,<=50K
22,Private,104483,7th-8th,4,Married-civ-spouse,Other-service,Husband,White,Male,0,0,60,United-States,<=50K
29,Self-emp-not-inc,120440,Some-college,10,Married-civ-spouse,Transport-moving,Husband,White,Male,0,0,28,United-States,<=50K
42,Private,130395,Some-college,10,Never-married,Transport-moving,Not-in-family,White,Male,0,0,31,Japan,<=50K
37,Private,295610,Assoc-voc,11,Never-married,Exec-managerial,Not-in-family,White,Male,0,0,40,United-States,<=50K
47,Private,112304,Bachelors,13,Divorced,Prof-specialty,Not-in-family,White,Female,7298,0,40,Germany,>50K
77,Private,329422,HS-grad,9,Married-civ-spouse,Farming-fishing,Wife,Black,Female,0,0,40,United-States,<=50K
40,Private,310482,HS-grad,9,Never-married,Prof-specialty,Not-in-family,White,Female,0,0,34,United-States,>50K
29,State-gov,117257,HS-grad,9,Never-married,Sales,Own-child,White,Male,0,0,40,United-States,>50K
25,Private,162979,HS-grad,9,Never-married,Adm-clerical,Own-child,White,Male,0,0,40,United-States,<=50K
64,Private,368994,10th,6,Married-civ-spouse,Armed-Forces,Husband,White,Male,0,0,20,United-States,<=50K
22,Private,315992,HS-grad,9,Never-married,Adm-clerical,Own-child,White,Male,0,0,14,United-States,<=50K
51,Private,291748,Assoc-voc,11,Never-married,Other-service,Not-in-family,White,Female,0,0,48,United-States,<=50K
27,Private,234398,Some-college,10,Married-civ-spouse,Craft-repair,Husband,White,Male,0,0,48,United-States,<=50K
45,Private,356482,9th,5,Married-civ-spouse,Handlers-cleaners,Husband,White,Male,0,0,40,Cuba,>50K
41,Private,155504,Assoc-acdm,12,Never-married,Sales,Not-in-family,White,Female,0,0,55,United-States,<=50K
75,Private,228097,HS-grad,9,Married-civ-spouse,Other-service,Wife,White,Female,0,0,45,United-States,<=50K
29,Self-emp-not-inc,269307,HS-grad,9,Separated,Craft-repair,Not-in-family,White,Female,0,0,26,United-States,<=50K
30,Federal-gov,273984,Bachelors,13,Married-civ-spouse,Sales,Husband,White,Male,0,0,48,United-States,>50K
40,State-gov,158886,Some-college,10,Never-married,Handlers-cleaners,Other-relative,White,Male,0,1521,40,England,<=50K
26,Local-gov,267738,Some-college,10,Never-married,Machine-op-inspct,Not-in-family,White,Male,0,0,15,United-States,<=50K
29,Private,225781,Assoc-voc,11,Married-civ-spouse,Handlers-cleaners,Husband,White,Male,0,0,38,United-States,<=50K
63,Private,269330,Bachelors,13,Married-civ-spouse,Adm-clerical,Husband,White,Male,0,0,40,United-States,>50K
44,Private,310598,Some-college,10,Married-civ-spouse,Sales,Husband,White,Male,0,0,40,United-States,<=50K
35,Private,318200,Some-college,10,Married-civ-spouse,Sales,Husband,White,Male,0,0,60,Germany,>50K
44,Private,182934,10th,6,Married-civ-spouse,Other-service,Wife,White,Female,0,0,40,United-States,<=50K
40,Private,297798,Bachelors,13,Married-civ-spouse,Transport-moving,Wife,White,Female,0,0,47,United-States,<=50K
45,Private,177409,HS-grad,9,Married-civ-spouse,Sales,Husband,White,Male,0,0,28,United-States,>50K
32,Federal-gov,369167,Bachelors,13,Never-married,Prof-specialty,Own-child,White,Female,0,0,25,United-States,<=50K
38,Private,125438,Assoc-acdm,12,Never-married,Machine-op-inspct,Own-child,White,Female,0,0,14,United-States,<=50K
22,Local-gov,366054,Some-college,10,Married-civ-spouse,Machine-op-inspct,Husband,White,Male,0,0,40,United-States,<=50K
18,Private,387771,Bachelors,13,Never-married,Craft-repair,Own-child,White,Female,0,0,21,United-States,<=50K
18,Private,207448,Some-college,10,Never-married,Transport-moving,Own-child,White,Male,0,0,40,United-States,<=50K
44,Private,351755,7th-8th,4,Married-civ-spouse,Adm-clerical,Husband,White,Male,0,0,18,United-States,>50K
54,Private,249537,HS-grad,9,Married-civ-spouse,Craft-repair,Husband,White,Male,0,0,23,United-States,<=50K
46,Private,135111,HS-grad,9,Widowed,Adm-clerical,Not-in-family,White,Male,0,0,24,United-States,<=50K
35,Private,377083,HS-grad,9,Married-civ-spouse,Exec-managerial,Wife,Asian-Pac-Islander,Female,0,0,45,United-States,<=50K
19,Private,204621,Some-college,10,Divorced,Farming-fishing,Not-in-family,Black,Female,0,0,40,United-States,<=50K
29,Private,385836,HS-grad,9,Widowed,Other-service,Not-in-family,Amer-Indian-Eskimo,Female,0,0,40,United-States,<=50K
37,Self-emp-not-inc,183599,Some-college,10,Married-civ-spouse,Sales,Wife,White,Female,0,0,40,United-States,<=50K
52,Private,152180,Assoc-acdm,12,Married-civ-spouse,Adm-clerical,Husband,Asian-Pac-Islander,Male,0,0,34,United-States,<=50K
38,Private,349666,Bachelors,13,Married-civ-spouse,Prof-specialty,Wife,White,Female,0,0,40,United-States,<=50K
74,Self-emp-inc,314866,11th,7,Never-married,Adm-clerical,Not-in-family,White,Female,0,1118,40,United-States,<=50K
59,Private,178254,HS-grad,9,Married-civ-spouse,Prof-specialty,Wife,White,Female,0,0,40,United-States,<=50K
18,Private,217085,Some-college,10,Never-married,Sales,Own-child,White,Male,0,0,40,United-States,<=50K
47,Private,316178,Some-college,10,Separated,Transport-moving,Unmarried,White,Male,0,0,40,United-States,<=50K
42,Self-emp-not-inc,196721,HS-grad,9,Married-civ-spouse,Protective-serv,Wife,White,Female,0,0,43,United-States,<=50K
47,Private,88070,HS-grad,9,Married-civ-spouse,Adm-clerical,Wife,White,Female,0,0,13,United-States,>50K
71,Private,148800,HS-grad,9,Never-married,Sales,Own-child,White,Male,0,0,40,United-States,<=50K
41,Private,120912,9th,5,Never-married,Adm-clerical,Own-child,White,Male,0,0,17,United-States,<=50K
30,Private,373186,9th,5,Never-married,Machine-op-inspct,Own-child,White,Male,0,0,45,United-States,<=50K
41,Private,394618,Some-college,10,Never-married,Exec-managerial,Not-in-family,White,Male,0,0,45,United-States,<=50K
46,Private,288992,Bachelors,13,Widowed,Exec-managerial,Not-in-family,White,Male,0,0,40,United-States,>50K
28,Private,164515,HS-grad,9,Never-married,Farming-fishing,Other-relative,White,Male,0,0,40,United-States,<=50K
25,State-gov,279453,Some-college,10,Married-civ-spouse,Farming-fishing,Husband,White,Male,0,0,13,United-States,<=50K
33,Private,224271,Some-college,10,Separated,Tech-support,Not-in-family,White,Male,0,0,38,United-States,<=50K
33,Self-emp-inc,260779,7th-8th,4,Never-married,Craft-repair,Not-in-family,White,Male,0,0,40,United-States,<=50K
47,Private,143540,Bachelors,13,Married-civ-spouse,Craft-repair,Wife,White,Female,0,0,13,United-States,<=50K
62,Private,101395,Bachelors,13,Divorced,Prof-specialty,Not-in-family,White,Male,4386,0,40,United-States,>50K
24,Local-gov,220393,Some-college,10,Divorced,Handlers-cleaners,Not-in-family,Black,Female,0,1010,40,United-States,<=50K
57,Private,385140,Assoc-voc,11,Married-civ-spouse,Handlers-cleaners,Husband,White,Male,0,0,40,United-States,<=50K
49,State-gov,348185,Some-college,10,Divorced,Adm-clerical,Not-in-family,White,Female,0,0,40,India,<=50K
23,Private,378928,HS-grad,9,Never-married,Craft-repair,Not-in-family,White,Male,0,0,40,Mexico,<=50K
43,Private,266429,Doctorate,16,Never-married,Craft-repair,Not-in-family,Asian-Pac-Islander,Male,0,0,40,United-States,<=50K
76,Private,173213,11th,7,Married-civ-spouse,Other-service,Husband,White,Male,0,0,13,United-States,<=50K
46,Private,378490,HS-grad,9,Divorced,Adm-clerical,Not-in-family,White,Male,0,0,51,United-States,<=50K
43,Private,320243,Some-college,10,Married-civ-spouse,Sales,Husband,White,Male,0,0,40,United-States,<=50K
29,Private,326401,10th,6,Married-civ-spouse,Machine-op-inspct,Husband,White,Male,0,0,40,United-States,<=50K
24,Private,339940,Doctorate,16,Divorced,Protective-serv,Unmarried,White,Male,0,0,34,South,<=50K
40,Private,175954,Assoc-acdm,12,Married-civ-spouse,Sales,Husband,White,Male,0,0,40,United-States,<=50K
54,Private,360933,Assoc-acdm,12,Never-married,Other-service,Not-in-family,Black,Male,0,0,21,United-States,<=50K
62,Private,268773,Some-college,10,Married-civ-spouse,Exec-managerial,Husband,Black,Male,0,0,40,United-States,<=50K
56,Private,164697,12th,8,Married-civ-spouse,Craft-repair,Husband,White,Male,0,0,40,United-States,>50K
49,Private,349649,HS-grad,9,Never-married,Adm-clerical,Other-relative,White,Male,0,0,44,United-States,<=50K
18,Private,120817,HS-grad,9,Divorced,Other-service,Not-in-family,White,Male,0,0,40,United-States,<=50K
47,Private,154972,Assoc-voc,11,Divorced,Other-service,Not-in-family,White,Male,0,0,40,United-States,<=50K
43,Private,156277,12th,8,Never-married,Transport-moving,Other-relative,White,Male,0,0,29,United-States,<=50K
46,Local-gov,91645,HS-grad,9,Married-civ-spouse,Craft-repair,Wife,White,Female,0,0,40,United-States,<=50K
19,Private,167471,HS-grad,9,Never-married,Exec-managerial,Own-child,White,Male,0,0,13,United-States,>50K
17,Private,181641,Some-college,10,Never-married,Tech-support,Not-in-family,White,Male,0,0,40,United-States,<=50K
24,Private,399363,9th,5,Never-married,Adm-clerical,Other-relative,White,Female,0,0,40,United-States,<=50K
33,Private,284174,Bachelors,13,Married-civ-spouse,Exec-managerial,Husband,Black,Male,0,0,19,United-States,<=50K
68,State-gov,170522,Assoc-acdm,12,Divorced,Sales,Not-in-family,White,Female,0,0,48,United-States,<=50K
28,Private,200903,HS-grad,9,Never-married,Prof-specialty,Own-child,White,Female,0,0,55,United-States,<=50K
61,State-gov,150553,Bachelors,13,Divorced,Other-service,Unmarried,White,Female,0,0,40,United-States,<=50K
26,Private,304215,Bachelors,13,Never-married,Tech-support,Not-in-family,Asian-Pac-Islander,Male,0,0,40,India,<=50K
29,Private,261347,HS-grad,9,Divorced,Tech-support,Not-in-family,White,Female,0,0,40,Germany,<=50K
36,Private,115306,Some-college,10,Never-married,Craft-repair,Other-relative,White,Male,0,0,40,United-States,<=50K
42,Private,398550,Bachelors,13,Divorced,Prof-specialty,Not-in-family,White,Female,0,0,45,El-Salvador,>50K
58,Federal-gov,337736,HS-grad,9,Married-civ-spouse,Exec-managerial,Husband,White,Male,0,0,48,United-States,<=50K
23,Private,259535,HS-grad,9,Married-civ-spouse,Other-service,Husband,Other,Male,0,0,55,United-States,>50K
30,Private,234366,HS-grad,9,Divorced,Adm-clerical,Not-in-family,White,Female,0,0,40,United-States,<=50K
26,Private,351154,Doctorate,16,Married-civ-spouse,Craft-repair,Husband,White,Male,0,0,50,United-States,<=50K
36,Private,306164,Bachelors,13,Divorced,Other-service,Not-in-family,White,Male,0,0,40,United-States,<=50K
38,Private,292014,HS-grad,9,Never-married,Farming-fishing,Not-in-family,White,Male,0,0,40,United-States,>50K
42,Private,312959,Masters,14,Married-civ-spouse,Exec-managerial,Husband,White,Male,0,0,12,United-States,>50K
21,Private,275581,Some-college,10,Never-married,Prof-specialty,Own-child,White,Male,0,0,27,United-States,<=50K
28,Private,363219,Prof-school,15,Married-civ-spouse,Tech-support,Wife,White,Female,0,0,40,United-States,<=50K
44,Private,207818,HS-grad,9,Married-civ-spouse,Prof-specialty,Wife,White,Female,0,1740,50,United-States,>50K
41,Private,275902,Some-college,10,Divorced,Protective-serv,Not-in-family,White,Male,0,0,30,United-States,<=50K
22,Private,222375,HS-grad,9,Never-married,Exec-managerial,Own-child,White,Male,0,0,43,Italy,<=50K
58,Private,175295,Some-college,10,Never-married,Adm-clerical,Not-in-family,White,Male,0,0,40,United-States,<=50K
44,Private,124082,Masters,14,Never-married,Craft-repair,Not-in-family,White,Male,0,0,40,United-States,>50K
34,Private,296169,Bachelors,13,Widowed,Exec-managerial,Unmarried,White,Male,0,0,40,United-States,<=50K
69,Private,282798,Some-college,10,Widowed,Adm-clerical,Not-in-family,White,Male,0,0,23,United-States,<=50K
40,Private,345375,Assoc-voc,11,Married-civ-spouse,Craft-repair,Wife,White,Female,0,0,51,United-States,<=50K
38,Private,109424,Bachelors,13,Never-married,Craft-repair,Not-in-family,White,Male,0,0,40,United-States,<=50K
28,Local-gov,228693,1st-4th,2,Separated,Craft-repair,Unmarried,White,Male,0,0,40,United-States,<=50K
48,Private,356824,HS-grad,9,Married-civ-spouse,Prof-specialty,Husband,White,Male,0,0,20,United-States,>50K
42,Private,188400,Bachelors,13,Never-married,Craft-repair,Own-child,White,Female,0,0,22,United-States,<=50K
40,Private,339845,Assoc-voc,11,Never-married,Machine-op-inspct,Own-child,Black,Female,0,0,40,United-States,<=50K
55,Private,112488,HS-grad,9,Married-civ-spouse,Adm-clerical,Husband,White,Male,0,0,40,United-States,>50K
29,Private,363876,HS-grad,9,Never-married,Machine-op-inspct,Own-child,White,Male,3040,0,40,United-States,<=50K
27,Private,157341,Some-college,10,Married-civ-spouse,Craft-repair,Wife,White,Female,0,0,38,United-States,<=50K
39,Private,291399,Some-college,10,Never-married,Adm-clerical,Not-in-family,White,Male,0,0,40,United-States,<=50K
29,Private,210946,Some-college,10,Married-civ-spouse,Other-service,Husband,White,Male,0,0,28,United-States,<=50K
66,Private,210436,Bachelors,13,Married-civ-spouse,Tech-support,Husband,White,Male,0,0,48,United-States,<=50K
25,Federal-gov,124005,HS-grad,9,Married-civ-spouse,Tech-support,Wife,White,Female,0,0,40,United-States,<=50K
21,Private,93572,Bachelors,13,Never-married,Prof-specialty,Other-relative,White,Female,0,0,38,United-States,<=50K
39,Local-gov,87158,HS-grad,9,Divorced,Adm-clerical,Not-in-family,White,Male,0,0,13,United-States,<=50K
24,Private,143951,HS-grad,9,Married-civ-spouse,Exec-managerial,Husband,White,Male,0,0,50,United-States,<=50K
63,Private,393591,Bachelors,13,Never-married,Handlers-cleaners,Own-child,White,Male,0,0,40,United-States,<=50K
50,Private,239643,10th,6,Divorced,Transport-moving,Not-in-family,White,Female,0,0,40,United-States,<=50K
46,Private,336425,HS-grad,9,Divorced,Craft-repair,Not-in-family,White,Male,0,0,40,United-States,<=50K
28,Private,275223,Bachelors,13,Never-married,Craft-repair,Not-in-family,White,Male,0,0,40,United-States,<=50K
29,Private,274002,Some-college,10,Married-civ-spouse,Transport-moving,Husband,White,Male,0,0,40,United-States,<=50K
42,Private,304339,Some-college,10,Never-married,Craft-repair,Not-in-family,White,Male,0,0,14,United-States,<=50K
41,Private,137234,Doctorate,16,Married-civ-spouse,Adm-clerical,Wife,White,Female,0,2559,36,United-States,>50K
25,Private,271991,HS-grad,9,Divorced,Prof-specialty,Not-in-family,White,Male,0,0,31,United-States,>50K
36,Private,344210,Some-college,10,Never-married,Prof-specialty,Not-in-family,White,Male,0,0,38,Dominican-Republic,>50K
61,Private,167119,Bachelors,13,Never-married,Transport-moving,Not-in-family,White,Male,0,0,31,United-States,<=50K
37,State-gov,346835,HS-grad,9,Married-civ-spouse,Adm-clerical,Wife,White,Female,0,0,20,United-States,>50K
27,Private,217650,HS-grad,9,Divorced,Exec-managerial,Not-in-family,Black,Female,0,0,40,United-States,>50K
21,Private,81904,Some-college,10,Never-married,Tech-support,Not-in-family,Black,Male,0,0,37,United-States,<=50K
51,Private,149875,Bachelors,13,Divorced,Machine-op-inspct,Not-in-family,White,Female,10520,0,29,United-States,>50K
79,Private,390317,9th,5,Married-civ-spouse,Transport-moving,Wife,White,Female,0,0,47,United-States,<=50K
38,Private,310170,Bachelors,13,Married-civ-spouse,Other-service,Husband,White,Male,0,0,18,United-States,>50K
45,Local-gov,124140,11th,7,Never-married,Craft-repair,Not-in-family,White,Male,0,0,52,United-States,<=50K
76,Private,102635,Some-college,10,Married-civ-spouse,Adm-clerical,Husband,Other,Male,0,0,48,United-States,<=50K
43,Private,168345,Some-college,10,Married-civ-spouse,Other-service,Wife,White,Female,0,0,55,United-States,<=50K
29,Self-emp-not-inc,229042,Some-college,10,Never-married,Adm-clerical,Own-child,White,Female,0,0,40,United-States,<=50K
22,Private,148044,Some-college,10,Married-civ-spouse,Adm-clerical,Wife,White,Female,0,0,17,United-States,<=50K
53,Private,85265,Assoc-voc,11,Never-married,Exec-managerial,Own-child,White,Male,0,0,40,United-States,<=50K
35,Private,287758,Bachelors,13,Married-civ-spouse,Protective-serv,Husband,White,Male,0,0,12,United-States,<=50K
28,Self-emp-inc,299688,HS-grad,9,Married-civ-spouse,Exec-managerial,Husband,White,Male,0,0,36,United-States,>50K
77,Federal-gov,130010,11th,7,Never-married,Machine-op-inspct,Not-in-family,White,Female,0,0,27,United-States,<=50K
22,Federal-gov,235217,Some-college,10,Married-civ-spouse,Craft-repair,Husband,White,Male,0,0,25,United-States,<=50K
41,Local-gov,385888,Preschool,1,Married-civ-spouse,Handlers-cleaners,Wife,White,Female,0,0,40,United-States,<=50K
31,Private,219198,HS-grad,9,Never-married,Transport-moving,Not-in-family,White,Male,0,0,40,United-States,<=50K
33,Private,81402,Some-college,10,Never-married,Prof-specialty,Own-child,White,Male,0,0,21,United-States,<=50K
32,Private,204459,Bachelors,13,Never-married,Prof-specialty,Own-child,Black,Male,0,0,36,United-States,<=50K
21,Local-gov,337173,HS-grad,9,Married-civ-spouse,Craft-repair,Husband,White,Male,0,0,40,India,<=50K
31,Private,166851,Some-college,10,Married-civ-spouse,Craft-repair,Husband,Black,Male,0,0,17,United-States,<=50K
53,Private,176548,Bachelors,13,Married-civ-spouse,Adm-clerical,Husband,White,Male,0,0,13,United-States,>50K
26,Private,380054,Assoc-voc,11,Divorced,Other-service,Unmarried,White,Male,0,0,40,United-States,<=50K
25,Private,393202,Assoc-acdm,12,Married-civ-spouse,Handlers-cleaners,Husband,Asian-Pac-Islander,Male,0,0,32,United-States,<=50K
34,Private,191266,HS-grad,9,Separated,Exec-managerial,Unmarried,White,Male,27828,0,40,Cuba,>50K
48,Private,190526,7th-8th,4,Never-married,Farming-fishing,Own-child,White,Female,0,0,19,United-States,<=50K
43,Private,396124,HS-grad,9,Divorced,Exec-managerial,Unmarried,White,Male,0,0,40,United-States,<=50K
51,Private,160775,Assoc-acdm,12,Married-civ-spouse,Other-service,Husband,White,Male,0,0,33,United-States,<=50K
52,Self-emp-inc,194870,10th,6,Never-married,Sales,Own-child,Black,Female,0,0,40,United-States,<=50K
39,Private,223878,Some-college,10,Married-civ-spouse,Other-service,Husband,Black,Male,0,0,40,United-States,<=50K
73,Private,275083,HS-grad,9,Married-civ-spouse,Exec-managerial,Husband,White,Male,0,0,40,United-States,>50K
37,Private,338873,Assoc-acdm,12,Married-civ-spouse,Sales,Wife,White,Female,0,1740,40,United-States,>50K
73,Local-gov,290367,12th,8,Married-civ-spouse,Other-service,Wife,White,Female,0,0,40,United-States,<=50K
41,Private,363436,Masters,14,Married-civ-spouse,Other-service,Husband,White,Male,0,0,17,United-States,>50K
53,Private,144788,HS-grad,9,Never-married,Craft-repair,Not-in-family,White,Male,0,0,33,England,<=50K
45,Private,249836,Bachelors,13,Never-married,Prof-specialty,Own-child,Black,Male,0,0,46,United-States,>50K
42,Federal-gov,126546,Some-college,10,Married-civ-spouse,Transport-moving,Wife,White,Female,0,0,40,United-States,<=50K
17,Private,215513,HS-grad,9,Never-married,Adm-clerical,Own-child,Black,Male,0,0,35,United-States,<=50K
21,Private,326738,Some-college,10,Married-spouse-absent,Sales,Not-in-family,White,Female,0,0,60,United-States,>50K
40,Private,156476,7th-8th,4,Married-civ-spouse,Adm-clerical,Husband,White,Male,0,0,40,United-States,>50K
34,Private,377617,Some-college,10,Married-civ-spouse,Transport-moving,Wife,White,Female,3948,0,40,United-States,<=50K
30,Private,194400,Doctorate,16,Married-civ-spouse,Tech-support,Wife,Black,Female,5013,0,55,United-States,>50K
78,Private,241983,Some-college,10,Married-civ-spouse,Tech-support,Husband,White,Male,0,0,20,United-States,<=50K
54,Private,261644,Bachelors,13,Never-married,Adm-clerical,Other-relative,White,Female,0,0,41,United-States,<=50K
19,Private,179718,Masters,14,Never-married,Machine-op-inspct,Own-child,White,Male,0,0,29,United-States,<=50K
45,Private,128332,HS-grad,9,Never-married,Tech-support,Not-in-family,White,Male,0,0,45,United-States,<=50K
32,Private,181510,HS-grad,9,Never-married,Adm-clerical,Not-in-family,Black,Male,0,0,40,United-States,<=50K
53,Private,147787,HS-grad,9,Never-married,Other-service,Not-in-family,White,Female,0,0,26,United-States,<=50K
31,Private,189708,Masters,14,Married-civ-spouse,Craft-repair,Wife,Black,Female,0,0,48,United-States,>50K
35,Private,258552,HS-grad,9,Married-civ-spouse,Craft-repair,Wife,White,Female,0,0,40,United-States,<=50K
36,Private,236272,Bachelors,13,Never-married,Craft-repair,Own-child,Amer-Indian-Eskimo,Male,0,0,60,United-States,<=50K
25,Private,385638,HS-grad,9,Married-civ-spouse,Prof-specialty,Husband,White,Male,0,0,41,United-States,<=50K
19,Private,255934,Assoc-voc,11,Never-married,Priv-house-serv,Own-child,White,Male,0,0,36,United-States,<=50K
28,Private,150796,Bachelors,13,Married-civ-spouse,Exec-managerial,Husband,White,Male,99999,1740,40,United-States,>50K
49,Private,134893,11th,7,Married-civ-spouse,Machine-op-inspct,Husband,White,Male,0,0,21,United-States,<=50K
37,Private,254892,Bachelors,13,Divorced,Adm-clerical,Not-in-family,White,Male,0,1740,40,Germany,>50K
51,Private,152676,Assoc-acdm,12,Married-civ-spouse,Exec-managerial,Husband,White,Male,0,0,40,United-States,>50K
66,Federal-gov,386162,Some-college,10,Married-civ-spouse,Adm-clerical,Husband,Black,Male,0,0,40,United-States,<=50K
22,Private,183685,10th,6,Married-civ-spouse,Machine-op-inspct,Husband,White,Male,0,0,28,United-States,<=50K
35,Private,153358,Some-college,10,Never-married,Prof-specialty,Own-child,White,Female,0,0,38,United-States,>50K
37,State-gov,154342,Assoc-voc,11,Married-civ-spouse,Adm-clerical,Husband,White,Male,0,0,45,El-Salvador,<=50K
26,State-gov,221634,Some-college,10,Never-married,Other-service,Not-in-family,White,Male,0,0,12,United-States,<=50K
29,Private,373196,Bachelors,13,Married-civ-spouse,Sales,Wife,White,Female,0,0,26,Poland,<=50K
47,Private,271687,Some-college,10,Married-civ-spouse,Adm-clerical,Husband,White,Male,0,2394,40,United-States,<=50K
36,Private,282968,Bachelors,13,Divorced,Transport-moving,Not-in-family,White,Male,0,0,40,United-States,>50K
30,Private,312972,HS-grad,9,Married-civ-spouse,Sales,Husband,White,Male,0,0,49,Guatemala,<=50K
41,Private,179446,Bachelors,13,Never-married,Sales,Not-in-family,White,Female,14084,0,40,United-States,>50K
28,Private,178747,12th,8,Divorced,Machine-op-inspct,Not-in-family,White,Male,0,0,45,Philippines,<=50K
22,Self-emp-not-inc,322341,Some-college,10,Never-married,Adm-clerical,Not-in-family,White,Male,0,0,40,United-States,<=50K
26,Private,117520,Bachelors,13,Never-married,Sales,Own-child,White,Male,0,0,30,Italy,<=50K
29,Private,264798,Bachelors,13,Never-married,Prof-specialty,Other-relative,Black,Male,0,0,60,United-States,<=50K
59,Private,177592,Some-college,10,Never-married,Transport-moving,Own-child,White,Male,0,0,44,United-States,<=50K
70,Private,342391,Some-college,10,Married-civ-spouse,Prof-specialty,Husband,White,Male,0,0,17,United-States,>50K
20,Private,330219,Masters,14,Never-married,Prof-specialty,Other-relative,Black,Male,0,0,41,United-States,<=50K
27,Local-gov,192871,Doctorate,16,Never-married,Other-service,Own-child,White,Female,0,0,60,United-States,>50K
24,Private,227407,HS-grad,9,Separated,Exec-managerial,Other-relative,Asian-Pac-Islander,Male,0,0,40,United-States,<=50K
33,Federal-gov,236136,Some-college,10,Separated,Adm-clerical,Unmarried,White,Male,0,0,49,United-States,<=50K
49,Private,207348,HS-grad,9,Divorced,Craft-repair,Not-in-family,White,Male,0,0,40,United-States,>50K
35,Federal-gov,193679,HS-grad,9,Married-civ-spouse,Machine-op-inspct,Husband,White,Male,0,0,40,United-States,<=50K
36,Federal-gov,205776,HS-grad,9,Divorced,Other-service,Not-in-family,White,Male,0,0,23,United-States,<=50K
42,Private,359006,HS-grad,9,Married-civ-spouse,Machine-op-inspct,Husband,White,Male,0,0,33,United-States,<=50K
25,Private,353262,Masters,14,Married-civ-spouse,Exec-managerial,Husband,White,Male,0,0,32,United-States,>50K
39,Private,146583,HS-grad,9,Never-married,Sales,Other-relative,White,Female,0,0,40,United-States,>50K
63,Private,260777,HS-grad,9,Never-married,Other-service,Not-in-family,White,Male,0,0,40,United-States,<=50K
34,Private,304917,Some-college,10,Married-civ-spouse,Tech-support,Wife,White,Female,0,1485,45,Philippines,>50K
44,Private,343381,HS-grad,9,Divorced,Adm-clerical,Not-in-family,White,Male,0,0,23,United-States,<=50K
33,Private,105948,Some-college,10,Married-civ-spouse,Adm-clerical,Husband,Asian-Pac-Islander,Male,2366,0,37,United-States,<=50K
24,State-gov,165127,Some-college,10,Divorced,Machine-op-inspct,Not-in-family,White,Male,0,0,27,United-States,<=50K
24,Local-gov,357855,HS-grad,9,Never-married,Prof-specialty,Own-child,White,Male,0,0,40,United-States,<=50K
37,Private,168541,11th,7,Married-civ-spouse,Sales,Wife,White,Female,0,0,21,United-States,<=50K
53,Self-emp-not-inc,282585,Bachelors,13,Married-civ-spouse,Machine-op-inspct,Wife,White,Female,0,0,29,United-States,<=50K
50,Private,202569,HS-grad,9,Married-civ-spouse,Other-service,Husband,Black,Male,0,0,26,United-States,<=50K
47,Private,199039,HS-grad,9,Married-civ-spouse,Other-service,Husband,White,Male,0,0,35,United-States,<=50K
23,Self-emp-not-inc,370589,Masters,14,Never-married,Exec-managerial,Not-in-family,White,Male,0,0,49,Columbia,<=50K
33,Self-emp-not-inc,102939,Some-college,10,Married-civ-spouse,Handlers-cleaners,Husband,White,Male,0,0,34,United-States,<=50K
63,Private,143333,7th-8th,4,Never-married,Other-service,Own-child,White,Male,0,0,27,United-States,<=50K
32,Private,367867,10th,6,Married-civ-spouse,Sales,Husband,White,Male,0,0,49,United-States,<=50K
27,Private,327821,10th,6,Never-married,Sales,Not-in-family,White,Male,5608,0,40,United-States,<=50K
58,Private,250385,Some-college,10,Married-spouse-absent,Other-service,Not-in-family,White,Male,0,0,50,United-States,<=50K
23,Self-emp-inc,395161,Assoc-voc,11,Never-married,Craft-repair,Own-child,Other,Male,0,0,40,United-States,<=50K
25,Private,116188,HS-grad,9,Widowed,Transport-moving,Not-in-family,Black,Male,0,0,41,United-States,<=50K
24,Private,273001,Bachelors,13,Never-married,Adm-clerical,Own-child,White,Female,2383,0,40,United-States,<=50K
43,Private,146961,Masters,14,Divorced,Other-service,Unmarried,White,Male,0,0,30,United-States,<=50K
40,Private,308094,HS-grad,9,Married-civ-spouse,Machine-op-inspct,Wife,White,Female,0,0,40,United-States,<=50K
28,Private,238605,Bachelors,13,Married-civ-spouse,Sales,Wife,White,Female,3103,0,38,United-States,>50K
27,Private,250993,Some-college,10,Divorced,Adm-clerical,Not-in-family,White,Male,0,0,40,United-States,<=50K
50,State-gov,373525,HS-grad,9,Divorced,Prof-specialty,Not-in-family,White,Male,0,0,45,China,<=50K
32,Private,259177,9th,5,Never-married,Other-service,Own-child,White,Male,0,0,40,United-States,<=50K
53,Private,86399,HS-grad,9,Divorced,Exec-managerial,Unmarried,Black,Female,0,0,40,United-States,<=50K
44,Private,275582,Some-college,10,Married-civ-spouse,Adm-clerical,Wife,White,Female,0,0,21,United-States,<=50K
27,Private,284809,12th,8,Married-civ-spouse,Handlers-cleaners,Wife,Amer-Indian-Eskimo,Female,1676,0,28,United-States,<=50K
53,Private,378008,Some-college,10,Divorced,Other-service,Unmarried,Black,Male,0,0,40,United-States,<=50K
53,Private,240539,HS-grad,9,Never-married,Machine-op-inspct,Not-in-family,White,Female,0,0,18,United-States,<=50K
35,Private,194850,Some-college,10,Divorced,Other-service,Not-in-family,White,Male,0,0,24,United-States,<=50K
38,Private,136570,Some-college,10,Married-civ-spouse,Exec-managerial,Husband,Black,Male,0,0,40,United-States,>50K
37,Private,232012,Bachelors,13,Never-married,Adm-clerical,Own-child,White,Female,0,0,40,United-States,<=50K
20,Private,308393,HS-grad,9,Never-married,Craft-repair,Own-child,White,Male,0,0,40,United-States,<=50K
37,Self-emp-not-inc,324169,Preschool,1,Married-civ-spouse,Farming-fishing,Wife,Black,Female,0,0,13,Jamaica,<=50K
19,Private,284729,HS-grad,9,Married-civ-spouse,Adm-clerical,Husband,White,Male,0,0,34,India,<=50K
50,Local-gov,252709,HS-grad,9,Widowed,Craft-repair,Not-in-family,White,Male,0,0,40,United-States,<=50K
34,Private,380547,Bachelors,13,Married-civ-spouse,Craft-repair,Wife,White,Female,0,2174,42,United-States,>50K
20,Private,269040,Some-college,10,Never-married,Adm-clerical,Own-child,White,Male,0,0,40,United-States,<=50K
31,Private,300465,Bachelors,13,Married-civ-spouse,Adm-clerical,Husband,White,Male,0,1740,55,United-States,>50K
23,Private,198734,Masters,14,Never-married,Other-service,Not-in-family,White,Female,0,0,15,United-States,>50K
70,Private,359599,HS-grad,9,Married-civ-spouse,Other-service,Husband,White,Male,0,0,40,El-Salvador,<=50K
36,Private,296263,Bachelors,13,Married-civ-spouse,Prof-specialty,Wife,White,Female,0,0,14,Philippines,>50K
43,Private,264323,Bachelors,13,Never-married,Craft-repair,Not-in-family,White,Female,5013,0,44,United-States,>50K
61,Private,144955,Some-college,10,Married-civ-spouse,Exec-managerial,Husband,Asian-Pac-Islander,Male,0,0,40,United-States,<=50K
23,Private,267422,HS-grad,9,Never-married,Sales,Own-child,White,Male,0,0,40,United-States,<=50K
41,Local-gov,358627,10th,6,Never-married,Sales,Other-relative,White,Male,0,0,49,United-States,<=50K
49,Private,174079,HS-grad,9,Never-married,Prof-specialty,Own-child,White,Male,0,0,17,United-States,>50K
42,Private,137142,HS-grad,9,Never-married,Adm-clerical,Own-child,White,Male,0,0,40,Philippines,<=50K
39,Private,86482,Assoc-voc,11,Never-married,Adm-clerical,Not-in-family,White,Male,0,0,42,Philippines,<=50K
44,Private,183049,HS-grad,9,Never-married,Sales,Own-child,White,Male,0,0,45,United-States,<=50K
34,Private,296122,11th,7,Married-civ-spouse,Sales,Wife,White,Female,0,0,20,United-States,<=50K
31,Private,191978,HS-grad,9,Never-married,Adm-clerical,Own-child,White,Male,0,0,21,United-States,<=50K
22,Private,258890,Some-college,10,Divorced,Exec-managerial,Not-in-family,White,Female,0,0,40,United-States,<=50K
51,Self-emp-inc,94759,Some-college,10,Married-civ-spouse,Other-service,Wife,White,Female,0,0,12,United-States,>50K
52,Private,164462,10th,6,Married-civ-spouse,Handlers-cleaners,Wife,White,Female,0,0,40,United-States,<=50K
18,Private,309774,HS-grad,9,Separated,Machine-op-inspct,Not-in-family,White,Male,0,0,27,United-States,<=50K
39,Private,312743,1st-4th,2,Married-civ-spouse,Handlers-cleaners,Husband,White,Male,0,0,48,United-States,>50K
45,State-gov,80063,Some-college,10,Married-civ-spouse,Machine-op-inspct,Husband,White,Male,0,0,41,United-States,<=50K
24,Private,198789,HS-grad,9,Married-civ-spouse,Prof-specialty,Wife,White,Female,0,0,40,Germany,<=50K
45,Private,226946,HS-grad,9,Never-married,Exec-managerial,Not-in-family,Amer-Indian-Eskimo,Female,0,0,21,United-States,>50K
49,Private,115096,HS-grad,9,Married-civ-spouse,Handlers-cleaners,Wife,White,Female,0,0,33,United-States,>50K
78,Private,387970,Some-college,10,Married-civ-spouse,Adm-clerical,Husband,White,Male,0,0,32,Mexico,<=50K
22,Private,237189,HS-grad,9,Never-married,Sales,Own-child,White,Male,0,0,55,United-States,<=50K
40,Private,337180,Assoc-acdm,12,Married-civ-spouse,Craft-repair,Husband,Black,Male,0,0,50,United-States,<=50K
21,Private,87350,Some-college,10,Married-civ-spouse,Prof-specialty,Husband,White,Male,0,1902,15,United-States,>50K
40,Private,367232,Bachelors,13,Never-married,Prof-specialty,Own-child,White,Male,0,0,40,United-States,>50K
51,Federal-gov,300236,Some-college,10,Married-civ-spouse,Exec-managerial,Husband,White,Male,5281,0,26,United-States,<=50K
52,Federal-gov,236479,Assoc-acdm,12,Never-married,Other-service,Own-child,White,Male,0,0,50,United-States,<=50K
53,Private,240378,Some-college,10,Married-civ-spouse,Tech-support,Husband,White,Male,5420,0,15,United-States,<=50K
27,Private,243004,HS-grad,9,Married-civ-spouse,Craft-repair,Husband,White,Male,0,0,40,United-States,<=50K
47,Private,308698,Assoc-voc,11,Married-civ-spouse,Other-service,Husband,White,Male,7688,0,51,United-States,>50K
18,Local-gov,233019,9th,5,Never-married,Farming-fishing,Own-child,White,Male,0,0,40,United-States,<=50K
25,Federal-gov,247342,Bachelors,13,Married-civ-spouse,Exec-managerial,Husband,White,Male,0,0,45,Dominican-Republic,>50K
41,Private,319998,Some-college,10,Never-married,Other-service,Own-child,White,Male,0,0,40,United-States,<=50K
55,Self-emp-inc,81357,HS-grad,9,Married-civ-spouse,Machine-op-inspct,Husband,White,Male,0,0,46,United-States,<=50K
22,Self-emp-not-inc,143822,HS-grad,9,Never-married,Craft-repair,Own-child,Black,Male,0,0,40,United-States,<=50K
47,Private,104487,HS-grad,9,Never-married,Adm-clerical,Own-child,White,Male,0,0,44,United-States,<=50K
20,Private,299571,Some-college,10,Married-civ-spouse,Other-service,Husband,Black,Male,0,0,43,Poland,<=50K
31,Private,211375,HS-grad,9,Married-civ-spouse,Craft-repair,Husband,Asian-Pac-Islander,Male,0,0,35,United-States,<=50K
34,Private,171287,Masters,14,Divorced,Other-service,Not-in-family,White,Male,0,0,29,Mexico,<=50K
26,Local-gov,389385,HS-grad,9,Separated,Prof-specialty,Not-in-family,White,Male,0,0,28,United-States,<=50K
35,Private,300774,Masters,14,Widowed,Handlers-cleaners,Unmarried,White,Female,0,0,40,United-States,<=50K
57,Self-emp-inc,261170,Bachelors,13,Married-civ-spouse,Sales,Wife,White,Female,0,0,45,United-States,<=50K
47,Self-emp-not-inc,92436,Some-college,10,Married-civ-spouse,Prof-specialty,Husband,White,Male,0,0,40,United-States,<=50K
64,Private,395826,HS-grad,9,Never-married,Adm-clerical,Not-in-family,White,Female,0,0,40,United-States,<=50K
51,Private,225205,HS-grad,9,Never-married,Adm-clerical,Not-in-family,White,Male,0,0,10,Vietnam,<=50K
47,Self-emp-not-inc,270631,7th-8th,4,Divorced,Handlers-cleaners,Unmarried,White,Female,0,0,48,United-States,<=50K
23,Private,367237,Bachelors,13,Never-married,Prof-specialty,Own-child,White,Male,0,1977,24,United-States,>50K
53,Local-gov,157284,Bachelors,13,Never-married,Adm-clerical,Not-in-family,White,Male,0,0,12,United-States,<=50K
23,Private,105248,Bachelors,13,Married-civ-spouse,Sales,Wife,White,Female,0,0,40,United-States,>50K
20,State-gov,372978,7th-8th,4,Never-married,Exec-managerial,Not-in-family,White,Male,0,0,48,United-States,<=50K
37,Private,245117,Masters,14,Married-civ-spouse,Transport-moving,Wife,White,Female,0,2086,28,United-States,>50K
43,State-gov,143318,Bachelors,13,Never-married,Prof-specialty,Own-child,White,Male,0,0,13,United-States,<=50K
54,Private,208006,Doctorate,16,Married-civ-spouse,Adm-clerical,Husband,White,Male,0,0,10,United-States,<=50K
26,Self-emp-inc,364048,HS-grad,9,Married-civ-spouse,Prof-specialty,Husband,White,Male,0,0,40,United-States,<=50K
29,Private,234421,Bachelors,13,Never-married,Craft-repair,Own-child,White,Female,0,0,26,United-States,<=50K
37,Private,228729,Bachelors,13,Married-civ-spouse,Craft-repair,Husband,White,Male,0,0,40,England,<=50K
25,Private,374338,9th,5,Married-civ-spouse,Sales,Husband,White,Male,0,0,40,United-States,<=50K
38,Private,157400,Assoc-voc,11,Never-married,Prof-specialty,Not-in-family,Black,Male,0,0,40,United-States,<=50K
42,Self-emp-inc,255368,5th-6th,3,Married-civ-spouse,Farming-fishing,Wife,White,Female,0,0,40,United-States,<=50K
22,Private,114140,HS-grad,9,Married-civ-spouse,Other-service,Husband,White,Male,0,0,40,United-States,<=50K
24,Self-emp-inc,236925,Bachelors,13,Never-married,Exec-managerial,Other-relative,White,Female,0,0,45,United-States,<=50K
46,Self-emp-not-inc,264041,Some-college,10,Never-married,Farming-fishing,Other-relative,White,Female,0,0,48,United-States,<=50K
36,Private,204114,Some-college,10,Married-civ-spouse,Craft-repair,Wife,White,Female,0,0,34,United-States,>50K
48,Private,135889,HS-grad,9,Divorced,Adm-clerical,Not-in-family,White,Male,0,0,46,United-States,<=50K
39,Local-gov,96380,HS-grad,9,Never-married,Sales,Own-child,Asian-Pac-Islander,Male,0,0,40,United-States,<=50K
64,Private,346640,9th,5,Married-civ-spouse,Transport-moving,Husband,White,Male,0,0,40,United-States,>50K
30,Federal-gov,288423,11th,7,Married-civ-spouse,Craft-repair,Husband,White,Male,0,0,33,United-States,<=50K
24,Self-emp-inc,120363,Bachelors,13,Divorced,Craft-repair,Not-in-family,White,Male,0,0,40,United-States,<=50K
50,Private,97188,Assoc-acdm,12,Married-civ-spouse,Machine-op-inspct,Husband,White,Male,0,0,45,United-States,<=50K
25,Self-emp-not-inc,156628,Assoc-acdm,12,Never-married,Adm-clerical,Own-child,Black,Female,2899,0,50,United-States,<=50K
25,Private,317020,Masters,14,Widowed,Adm-clerical,Not-in-family,Black,Female,0,0,40,United-States,>50K
62,Local-gov,162378,HS-grad,9,Never-married,Tech-support,Own-child,White,Male,0,0,40,United-States,<=50K
22,Private,168110,HS-grad,9,Never-married,Craft-repair,Not-in-family,White,Male,0,0,11,United-States,<=50K
34,Self-emp-not-inc,341539,Masters,14,Widowed,Craft-repair,Unmarried,White,Female,0,0,40,United-States,<=50K
40,Private,353068,Masters,14,Never-married,Handlers-cleaners,Own-child,White,Male,0,0,40,United-States,<=50K
60,Local-gov,91036,Masters,14,Divorced,Craft-repair,Not-in-family,White,Male,0,0,25,United-States,<=50K
29,Private,347407,HS-grad,9,Married-civ-spouse,Sales,Wife,White,Female,0,0,40,United-States,<=50K
23,Self-emp-not-inc,296093,Prof-school,15,Married-civ-spouse,Adm-clerical,Wife,White,Female,0,0,40,United-States,>50K
32,Private,303260,Masters,14,Married-civ-spouse,Craft-repair,Husband,Black,Male,0,0,60,United-States,<=50K
53,Self-emp-not-inc,105204,Bachelors,13,Married-civ-spouse,Exec-managerial,Husband,Asian-Pac-Islander,Male,0,0,43,United-States,<=50K
60,Private,140009,Some-college,10,Never-married,Craft-repair,Other-relative,White,Male,0,0,40,United-States,<=50K
41,Self-emp-not-inc,189049,Doctorate,16,Widowed,Craft-repair,Not-in-family,Asian-Pac-Islander,Female,0,0,40,United-States,>50K
34,Private,375536,Some-college,10,Married-civ-spouse,Exec-managerial,Husband,White,Male,0,1214,40,United-States,<=50K
49,Local-gov,326966,HS-grad,9,Never-married,Sales,Own-child,White,Female,0,0,25,United-States,<=50K
75,Private,273699,Some-college,10,Divorced,Transport-moving,Not-in-family,White,Male,0,1887,42,United-States,>50K
46,Private,244409,Some-college,10,Divorced,Other-service,Not-in-family,White,Male,0,0,50,United-States,<=50K
32,Private,389876,Some-college,10,Married-civ-spouse,Exec-managerial,Husband,White,Male,99999,0,48,United-States,>50K
39,Private,338681,Bachelors,13,Never-married,Protective-serv,Own-child,White,Male,0,0,40,United-States,>50K
58,Private,355633,HS-grad,9,Never-married,Other-service,Own-child,Black,Female,0,0,18,United-States,<=50K
36,Private,253054,Masters,14,Divorced,Craft-repair,Not-in-family,Black,Female,0,0,40,United-States,<=50K
48,Self-emp-not-inc,151435,HS-grad,9,Married-civ-spouse,Other-service,Wife,White,Female,27828,0,46,United-States,>50K
34,Private,129027,HS-grad,9,Never-married,Farming-fishing,Not-in-family,Black,Female,0,0,40,United-States,<=50K
43,Private,226641,Bachelors,13,Married-civ-spouse,Prof-specialty,Husband,White,Male,5178,0,39,United-States,>50K
29,Private,146832,Bachelors,13,Married-civ-spouse,Prof-specialty,Husband,White,Male,0,0,40,United-States,>50K
26,Private,97420,Doctorate,16,Married-civ-spouse,Priv-house-serv,Husband,White,Male,0,0,40,United-States,<=50K
43,Private,130441,Some-college,10,Married-civ-spouse,Prof-specialty,Wife,White,Female,0,0,42,United-States,<=50K
33,Self-emp-not-inc,283060,Bachelors,13,Married-civ-spouse,Exec-managerial,Husband,White,Male,0,0,40,United-States,<=50K
27,Local-gov,334287,Bachelors,13,Married-civ-spouse,Exec-managerial,Wife,White,Female,0,1152,40,Germany,<=50K
27,Private,116693,HS-grad,9,Married-civ-spouse,Exec-managerial,Husband,White,Male,0,0,32,Mexico,<=50K
42,Private,187434,Some-college,10,Married-civ-spouse,Handlers-cleaners,Wife,White,Female,0,0,36,Germany,<=50K
60,Private,314900,HS-grad,9,Married-civ-spouse,Farming-fishing,Wife,White,Female,0,0,48,United-States,<=50K
51,Self-emp-not-inc,142856,10th,6,Never-married,Other-service,Not-in-family,Black,Female,0,0,17,United-States,<=50K
54,Private,239870,HS-grad,9,Never-married,Prof-specialty,Own-child,Black,Male,3177,0,40,United-States,<=50K
30,Private,327319,5th-6th,3,Divorced,Other-service,Not-in-family,White,Male,0,0,28,United-States,<=50K
45,Private,254672,Assoc-voc,11,Married-civ-spouse,Prof-specialty,Husband,White,Male,0,0,30,United-States,<=50K
19,Self-emp-not-inc,295856,Assoc-acdm,12,Never-married,Machine-op-inspct,Own-child,Black,Male,0,0,40,United-States,<=50K
33,Private,177431,Masters,14,Married-civ-spouse,Exec-managerial,Wife,White,Female,0,0,40,United-States,>50K
26,Private,220871,Bachelors,13,Married-civ-spouse,Transport-moving,Husband,White,Male,0,0,40,United-States,>50K
36,Private,342490,HS-grad,9,Married-civ-spouse,Adm-clerical,Husband,White,Male,0,0,20,United-States,<=50K
63,Private,332629,Some-college,10,Never-married,Exec-managerial,Other-relative,White,Male,0,0,60,United-States,<=50K
29,Private,306234,Masters,14,Married-civ-spouse,Craft-repair,Husband,Asian-Pac-Islander,Male,0,0,10,United-States,<=50K
52,Local-gov,171834,HS-grad,9,Never-married,Other-service,Not-in-family,White,Male,0,0,40,United-States,<=50K
42,Local-gov,312808,HS-grad,9,Married-civ-spouse,Other-service,Husband,White,Male,0,0,16,United-States,<=50K
31,Private,196232,7th-8th,4,Widowed,Other-service,Unmarried,White,Male,0,0,40,England,<=50K
18,Private,287831,Assoc-voc,11,Never-married,Machine-op-inspct,Own-child,White,Male,0,0,31,United-States,<=50K
30,Private,290258,HS-grad,9,Married-civ-spouse,Exec-managerial,Husband,White,Male,0,0,20,United-States,>50K
21,Federal-gov,167952,7th-8th,4,Divorced,Craft-repair,Unmarried,White,Female,0,0,34,United-States,<=50K
26,Private,272788,HS-grad,9,Married-civ-spouse,Prof-specialty,Husband,White,Male,0,0,40,United-States,<=50K
33,Self-emp-not-inc,202643,Prof-school,15,Never-married,Prof-specialty,Other-relative,Black,Male,0,0,40,United-States,<=50K
38,Private,303464,Bachelors,13,Never-married,Sales,Other-relative,White,Male,0,0,40,United-States,>50K
37,Private,186019,11th,7,Never-married,Machine-op-inspct,Own-child,White,Male,0,0,28,United-States,>50K
46,Private,365933,HS-grad,9,Never-married,Craft-repair,Not-in-family,Amer-Indian-Eskimo,Male,0,0,12,United-States,<=50K
77,Private,171024,Assoc-acdm,12,Never-married,Craft-repair,Own-child,White,Male,0,0,60,United-States,<=50K
28,Private,241810,Doctorate,16,Married-civ-spouse,Prof-specialty,Husband,White,Male,0,0,40,United-States,>50K
42,Private,337368,Masters,14,Married-civ-spouse,Craft-repair,Wife,Black,Female,0,0,40,United-States,<=50K
27,Private,206630,HS-grad,9,Never-married,Prof-specialty,Own-child,Asian-Pac-Islander,Female,0,0,46,United-States,>50K
37,Private,162903,Some-college,10,Never-married,Exec-managerial,Other-relative,White,Male,0,0,32,United-States,<=50K
27,Private,242755,Masters,14,Married-spouse-absent,Sales,Not-in-family,White,Female,0,0,40,United-States,<=50K
46,Federal-gov,237688,Masters,14,Married-civ-spouse,Exec-managerial,Wife,White,Female,0,0,46,United-States,<=50K
52,Private,197800,Assoc-voc,11,Divorced,Adm-clerical,Not-in-family,White,Female,0,0,40,United-States,<=50K
24,Private,270089,Some-college,10,Married-civ-spouse,Craft-repair,Wife,White,Female,0,0,40,United-States,<=50K
39,Private,300507,12th,8,Never-married,Other-service,Not-in-family,White,Male,0,0,16,United-States,<=50K
28,Private,299242,HS-grad,9,Married-civ-spouse,Adm-clerical,Wife,White,Female,0,0,38,United-States,<=50K
72,Private,236080,HS-grad,9,Married-civ-spouse,Sales,Wife,White,Female,0,0,40,United-States,>50K
18,Self-emp-inc,128990,HS-grad,9,Never-married,Other-service,Own-child,Black,Male,0,0,47,Poland,<=50K
29,Private,293211,Some-college,10,Married-civ-spouse,Exec-managerial,Husband,White,Male,0,0,40,United-States,>50K
60,Local-gov,287869,Some-college,10,Never-married,Prof-specialty,Not-in-family,White,Male,0,0,40,United-States,<=50K
44,Private,356295,Bachelors,13,Married-civ-spouse,Sales,Husband,White,Male,14084,0,31,United-States,>50K
43,Private,133470,Some-college,10,Married-civ-spouse,Prof-specialty,Husband,Black,Male,0,0,40,United-States,<=50K
37,Private,328699,HS-grad,9,Married-civ-spouse,Adm-clerical,Wife,White,Female,0,0,45,United-States,>50K
33,Private,95980,Bachelors,13,Separated,Transport-moving,Other-relative,White,Female,0,0,40,United-States,<=50K
35,Private,327411,HS-grad,9,Never-married,Sales,Own-child,Black,Male,0,0,12,United-States,<=50K
30,Private,166694,7th-8th,4,Married-civ-spouse,Machine-op-inspct,Husband,White,Male,0,0,41,United-States,<=50K
30,Private,355074,5th-6th,3,Divorced,Farming-fishing,Not-in-family,White,Male,0,0,31,United-States,<=50K
28,Private,300515,Assoc-voc,11,Never-married,Adm-clerical,Own-child,White,Male,0,0,48,United-States,<=50K
17,Private,346551,7th-8th,4,Married-civ-spouse,Adm-clerical,Husband,White,Male,0,0,38,United-States,<=50K
48,Private,183475,HS-grad,9,Married-civ-spouse,Adm-clerical,Husband,White,Male,0,0,45,United-States,>50K
44,Self-emp-not-inc,356956,Some-college,10,Married-civ-spouse,Handlers-cleaners,Husband,White,Male,0,0,14,United-States,<=50K
38,Private,251600,Some-college,10,Never-married,Transport-moving,Other-relative,White,Male,0,0,40,United-States,<=50K
42,Private,113133,HS-grad,9,Married-civ-spouse,Craft-repair,Husband,White,Male,0,0,40,United-States,<=50K
52,Private,359009,Bachelors,13,Married-civ-spouse,Adm-clerical,Husband,White,Male,0,0,40,United-States,>50K
50,Private,177838,Some-college,10,Married-civ-spouse,Adm-clerical,Husband,White,Male,0,0,12,United-States,>50K
32,State-gov,325441,HS-grad,9,Married-civ-spouse,Machine-op-inspct,Husband,Black,Male,0,0,40,United-States,<=50K
70,Private,138965,Bachelors,13,Married-civ-spouse,Prof-specialty,Husband,Black,Male,5178,0,51,United-States,>50K
46,Private,273581,HS-grad,9,Married-civ-spouse,Other-service,Wife,White,Female,0,0,40,El-Salvador,<=50K
21,Federal-gov,207830,7th-8th,4,Never-married,Machine-op-inspct,Own-child,Black,Male,0,0,40,United-States,<=50K
74,Private,196650,Bachelors,13,Never-married,Adm-clerical,Other-relative,Black,Female,0,0,40,United-States,<=50K
63,Private,217156,9th,5,Married-civ-spouse,Machine-op-inspct,Wife,White,Female,3751,0,60,United-States,<=50K
40,Private,113372,HS-grad,9,Never-married,Sales,Not-in-family,White,Male,0,0,40,Mexico,<=50K
24,Local-gov,369328,Bachelors,13,Never-married,Prof-specialty,Own-child,White,Female,0,0,30,United-States,>50K
39,Private,397251,Bachelors,13,Married-civ-spouse,Adm-clerical,Husband,White,Male,0,0,37,United-States,<=50K
39,Private,287620,HS-grad,9,Married-civ-spouse,Adm-clerical,Husband,White,Male,0,0,40,United-States,<=50K
71,Private,359921,Doctorate,16,Married-civ-spouse,Transport-moving,Wife,White,Female,0,0,40,England,>50K
23,Self-emp-not-inc,319900,Some-college,10,Married-civ-spouse,Sales,Wife,White,Female,0,0,51,United-States,>50K
27,Private,304589,Prof-school,15,Divorced,Prof-specialty,Not-in-family,White,Male,0,0,42,United-States,<=50K
24,Private,266000,Some-college,10,Separated,Prof-specialty,Other-relative,White,Male,0,0,41,United-States,<=50K
44,Private,154513,HS-grad,9,Married-civ-spouse,Adm-clerical,Husband,Black,Male,0,0,44,United-States,<=50K
52,Private,82676,HS-grad,9,Married-civ-spouse,Prof-specialty,Husband,White,Male,0,0,11,United-States,>50K
32,State-gov,179049,Bachelors,13,Married-civ-spouse,Prof-specialty,Husband,Other,Male,0,0,40,United-States,>50K
31,Private,206883,HS-grad,9,Married-civ-spouse,Prof-specialty,Husband,White,Male,0,0,40,Mexico,<=50K
26,Private,194041,HS-grad,9,Married-civ-spouse,Machine-op-inspct,Husband,White,Male,0,0,40,United-States,<=50K
36,Private,130217,Doctorate,16,Married-civ-spouse,Exec-managerial,Wife,White,Female,0,2231,40,United-States,>50K
35,Private,262139,Assoc-voc,11,Never-married,Prof-specialty,Own-child,Black,Male,0,0,45,United-States,>50K
28,Local-gov,348794,HS-grad,9,Never-married,Other-service,Not-in-family,White,Female,0,0,40,United-States,<=50K
30,Private,351798,Some-college,10,Never-married,Adm-clerical,Own-child,White,Female,0,0,40,United-States,<=50K
42,Private,133977,Bachelors,13,Married-spouse-absent,Other-service,Not-in-family,White,Male,0,0,40,United-States,<=50K
61,Private,209626,Masters,14,Separated,Adm-clerical,Other-relative,White,Female,0,0,12,United-States,>50K
38,Private,277611,Some-college,10,Married-civ-spouse,Prof-specialty,Husband,Black,Male,0,0,40,United-States,>50K
44,Private,92564,Some-college,10,Married-civ-spouse,Adm-clerical,Wife,White,Female,0,0,40,United-States,<=50K
66,Self-emp-inc,323745,Prof-school,15,Never-married,Transport-moving,Not-in-family,White,Female,0,0,23,United-States,>50K
47,Private,102211,Some-college,10,Married-civ-spouse,Machine-op-inspct,Husband,White,Male,0,0,29,United-States,<=50K
30,Private,300653,HS-grad,9,Divorced,Exec-managerial,Not-in-family,White,Female,0,0,30,United-States,>50K
54,Private,195676,Doctorate,16,Divorced,Tech-support,Not-in-family,White,Male,0,0,40,United-States,<=50K
35,Private,250909,Bachelors,13,Married-civ-spouse,Sales,Husband,Black,Male,0,0,34,United-States,<=50K
28,Local-gov,121431,HS-grad,9,Never-married,Transport-moving,Not-in-family,White,Male,0,0,40,United-States,<=50K
37,Private,260919,HS-grad,9,Married-civ-spouse,Prof-specialty,Wife,White,Female,0,0,55,United-States,<=50K
45,Private,198601,Doctorate,16,Separated,Craft-repair,Unmarried,White,Male,0,0,40,United-States,<=50K
24,Self-emp-inc,164642,Bachelors,13,Married-civ-spouse,Exec-managerial,Husband,White,Male,0,0,46,United-States,<=50K
28,Private,377089,Bachelors,13,Married-civ-spouse,Sales,Husband,White,Male,0,0,40,United-States,<=50K
40,Private,80620,Bachelors,13,Widowed,Machine-op-inspct,Unmarried,White,Female,0,0,31,United-States,>50K
31,Private,373688,Some-college,10,Married-civ-spouse,Prof-specialty,Husband,Asian-Pac-Islander,Male,0,0,23,United-States,>50K
31,Private,241256,1st-4th,2,Never-married,Protective-serv,Not-in-family,Other,Male,0,0,50,China,<=50K
40,Private,224552,HS-grad,9,Divorced,Other-service,Not-in-family,White,Female,0,0,40,United-States,<=50K
50,Private,387563,Prof-school,15,Widowed,Machine-op-inspct,Not-in-family,White,Male,0,0,40,United-States,<=50K
17,Local-gov,129556,Some-college,10,Never-married,Prof-specialty,Own-child,White,Male,0,0,40,United-States,>50K
45,Private,381532,11th,7,Never-married,Handlers-cleaners,Own-child,White,Male,0,0,14,United-States,<=50K
25,Private,312564,Bachelors,13,Never-married,Prof-specialty,Not-in-family,Asian-Pac-Islander,Female,0,0,40,Philippines,<=50K
40,Private,321435,Bachelors,13,Married-civ-spouse,Prof-specialty,Husband,White,Male,0,0,38,United-States,>50K
34,State-gov,190184,Bachelors,13,Married-civ-spouse,Craft-repair,Wife,White,Female,15024,0,40,United-States,>50K
58,Private,138453,Bachelors,13,Married-civ-spouse,Prof-specialty,Husband,White,Male,0,0,45,United-States,<=50K
28,Private,281306,10th,6,Divorced,Other-service,Unmarried,Asian-Pac-Islander,Male,0,0,40,United-States,<=50K
46,Federal-gov,365840,HS-grad,9,Widowed,Sales,Not-in-family,White,Female,0,0,37,United-States,<=50K
29,Private,155395,Assoc-acdm,12,Married-civ-spouse,Exec-managerial,Husband,White,Male,0,0,40,United-States,<=50K
51,Private,99191,Bachelors,13,Divorced,Machine-op-inspct,Not-in-family,White,Male,0,0,48,United-States,<=50K
67,Private,362643,Some-college,10,Married-civ-spouse,Farming-fishing,Husband,White,Male,0,0,60,United-States,<=50K
40,Private,352145,HS-grad,9,Married-civ-spouse,Other-service,Husband,White,Male,0,0,40,Poland,>50K
61,Self-emp-inc,278527,11th,7,Married-civ-spouse,Craft-repair,Wife,White,Female,0,0,40,United-States,<=50K
27,Federal-gov,120079,HS-grad,9,Never-married,Adm-clerical,Not-in-family,White,Male,0,0,40,United-States,<=50K
20,Local-gov,147319,11th,7,Never-married,Craft-repair,Own-child,Black,Female,0,0,40,England,<=50K
21,Private,287238,Bachelors,13,Never-married,Adm-clerical,Own-child,White,Male,0,0,41,United-States,<=50K
35,Private,266730,Some-college,10,Divorced,Other-service,Unmarried,White,Male,0,0,40,United-States,<=50K
75,Private,317914,Some-college,10,Never-married,Farming-fishing,Not-in-family,White,Male,0,0,40,Portugal,<=50K
73,Private,167968,Assoc-voc,11,Divorced,Exec-managerial,Not-in-family,White,Female,0,0,33,United-States,<=50K
42,Private,135774,HS-grad,9,Divorced,Prof-specialty,Not-in-family,Black,Male,0,0,40,Philippines,<=50K
40,Private,173017,11th,7,Never-married,Machine-op-inspct,Other-relative,White,Female,0,0,45,United-States,>50K
23,Private,334398,HS-grad,9,Never-married,Machine-op-inspct,Not-in-family,Black,Male,0,0,52,United-States,<=50K
63,Private,288073,Assoc-voc,11,Never-married,Machine-op-inspct,Other-relative,White,Male,0,0,37,United-States,<=50K
52,Private,156429,Some-college,10,Married-civ-spouse,Transport-moving,Husband,White,Male,0,0,40,United-States,<=50K
29,Self-emp-not-inc,201479,Some-college,10,Never-married,Adm-clerical,Own-child,White,Male,0,0,40,United-States,<=50K
42,Private,293518,HS-grad,9,Never-married,Craft-repair,Not-in-family,White,Female,0,0,18,United-States,<=50K
52,Self-emp-not-inc,298265,Some-college,10,Married-civ-spouse,Exec-managerial,Husband,White,Male,0,0,41,United-States,<=50K
35,Private,94715,Bachelors,13,Married-civ-spouse,Adm-clerical,Wife,White,Female,0,0,26,United-States,>50K
75,Private,229398,Masters,14,Never-married,Adm-clerical,Own-child,White,Male,0,0,40,United-States,>50K
19,Private,320792,Doctorate,16,Never-married,Adm-clerical,Own-child,White,Female,0,0,21,United-States,<=50K
20,Private,356446,11th,7,Never-married,Other-service,Own-child,White,Female,0,0,40,United-States,<=50K
27,Private,111848,Some-college,10,Never-married,Machine-op-inspct,Own-child,White,Male,0,0,16,United-States,<=50K
47,Private,239954,Some-college,10,Married-civ-spouse,Machine-op-inspct,Husband,White,Male,0,0,40,United-States,>50K
33,Private,328690,Bachelors,13,Married-civ-spouse,Exec-managerial,Husband,White,Male,0,0,40,United-States,>50K
40,Private,286277,Some-college,10,Never-married,Prof-specialty,Own-child,White,Male,0,0,40,United-States,>50K
41,Private,298020,Bachelors,13,Married-civ-spouse,Sales,Husband,White,Male,0,0,25,United-States,<=50K
36,Private,246908,Assoc-voc,11,Married-civ-spouse,Transport-moving,Wife,Asian-Pac-Islander,Female,0,0,40,United-States,<=50K
35,Private,289246,Some-college,10,Married-civ-spouse,Machine-op-inspct,Husband,White,Male,0,0,55,United-States,<=50K
40,Private,298091,HS-grad,9,Married-civ-spouse,Adm-clerical,Husband,White,Male,0,0,40,United-States,<=50K
33,Private,334569,Some-college,10,Never-married,Craft-repair,Own-child,White,Female,0,0,36,United-States,<=50K
45,Private,308935,HS-grad,9,Married-civ-spouse,Adm-clerical,Husband,Black,Male,0,0,14,United-States,<=50K
42,Private,162141,12th,8,Never-married,Craft-repair,Not-in-family,White,Male,0,0,40,United-States,<=50K
35,Private,236642,HS-grad,9,Married-civ-spouse,Sales,Husband,White,Male,0,0,40,United-States,<=50K
27,Private,240145,Bachelors,13,Divorced,Exec-managerial,Not-in-family,White,Male,0,0,40,United-States,<=50K
34,Self-emp-not-inc,226890,11th,7,Never-married,Craft-repair,Own-child,White,Male,0,0,10,United-States,<=50K
27,Self-emp-not-inc,167604,Some-college,10,Never-married,Transport-moving,Not-in-family,White,Male,0,0,51,United-States,<=50K
25,Federal-gov,298099,Bachelors,13,Never-married,Sales,Not-in-family,White,Male,0,0,49,United-States,<=50K
28,Private,340455,HS-grad,9,Never-married,Transport-moving,Own-child,White,Male,0,0,50,United-States,<=50K
47,Private,176249,Some-college,10,Married-civ-spouse,Craft-repair,Husband,White,Male,0,0,15,United-States,<=50K
67,Private,269630,HS-grad,9,Married-civ-spouse,Adm-clerical,Husband,White,Male,3103,0,55,South,>50K
27,Self-emp-not-inc,290234,Some-college,10,Married-civ-spouse,Prof-specialty,Husband,White,Male,0,0,26,United-States,>50K
22,Private,172580,Bachelors,13,Married-civ-spouse,Farming-fishing,Husband,White,Male,0,0,40,United-States,<=50K
35,Private,186097,Assoc-voc,11,Married-civ-spouse,Exec-managerial,Husband,Black,Male,0,0,40,South,<=50K
36,Self-emp-not-inc,247979,Some-college,10,Never-married,Prof-specialty,Own-child,Black,Female,0,0,40,United-States,>50K
27,Private,220680,12th,8,Married-civ-spouse,Craft-repair,Husband,Black,Male,0,0,60,United-States,>50K
47,Federal-gov,295880,7th-8th,4,Married-civ-spouse,Sales,Wife,White,Female,0,0,40,United-States,>50K
31,Private,231510,HS-grad,9,Married-civ-spouse,Sales,Husband,White,Male,0,0,19,United-States,<=50K
35,Self-emp-not-inc,280727,HS-grad,9,Married-civ-spouse,Sales,Husband,White,Male,0,0,40,United-States,<=50K
27,Local-gov,254247,Some-college,10,Married-civ-spouse,Craft-repair,Husband,White,Male,0,0,40,United-States,<=50K
69,Private,368770,HS-grad,9,Divorced,Exec-managerial,Not-in-family,White,Female,0,0,40,United-States,>50K
45,Private,200008,11th,7,Never-married,Transport-moving,Own-child,White,Male,0,0,21,United-States,<=50K
38,Private,179317,Some-college,10,Married-civ-spouse,Adm-clerical,Husband,White,Male,0,1902,11,United-States,>50K
40,Never-worked,313336,Masters,14,Married-civ-spouse,Craft-repair,Husband,White,Male,0,0,37,United-States,>50K
30,Private,261519,Some-college,10,Never-married,Adm-clerical,Own-child,White,Female,0,0,43,United-States,<=50K
42,Self-emp-inc,144498,Bachelors,13,Never-married,Exec-managerial,Own-child,White,Male,0,0,24,United-States,<=50K
42,Private,195673,Bachelors,13,Never-married,Sales,Other-relative,White,Male,0,0,60,United-States,>50K
35,Private,182469,HS-grad,9,Married-civ-spouse,Prof-specialty,Husband,White,Male,0,0,29,United-States,>50K
17,Private,160154,Doctorate,16,Divorced,Prof-specialty,Not-in-family,White,Female,0,0,39,United-States,>50K
23,Local-gov,374688,Masters,14,Married-civ-spouse,Machine-op-inspct,Husband,White,Male,0,1902,17,United-States,>50K
50,Private,271569,Assoc-voc,11,Married-civ-spouse,Farming-fishing,Husband,White,Male,0,0,11,United-States,>50K
26,Private,140309,HS-grad,9,Never-married,Exec-managerial,Not-in-family,White,Male,0,0,40,United-States,<=50K
22,Private,322808,1st-4th,2,Never-married,Transport-moving,Not-in-family,White,Male,0,0,40,United-States,<=50K
43,Private,262474,HS-grad,9,Never-married,Craft-repair,Own-child,White,Male,1776,1536,48,United-States,<=50K
30,Private,177281,Some-college,10,Widowed,Exec-managerial,Not-in-family,White,Male,0,0,39,Mexico,<=50K
34,Private,299253,Assoc-acdm,12,Never-married,Farming-fishing,Not-in-family,White,Male,0,0,36,United-States,<=50K
37,Private,169380,Prof-school,15,Married-civ-spouse,Craft-repair,Wife,White,Female,0,0,50,United-States,<=50K
51,Private,239744,Bachelors,13,Married-civ-spouse,Machine-op-inspct,Wife,White,Female,0,1403,40,United-States,>50K
49,Private,242895,Assoc-voc,11,Married-civ-spouse,Transport-moving,Wife,White,Female,0,0,40,United-States,<=50K
29,Private,311755,Some-college,10,Married-civ-spouse,Sales,Wife,Asian-Pac-Islander,Female,0,0,40,Vietnam,<=50K
71,Private,139309,11th,7,Never-married,Handlers-cleaners,Own-child,White,Female,0,0,27,United-States,<=50K
29,Private,172744,Assoc-voc,11,Married-civ-spouse,Prof-specialty,Husband,White,Male,0,0,40,United-States,>50K
52,Private,187018,Some-college,10,Never-married,Craft-repair,Own-child,White,Male,0,0,40,United-States,<=50K
61,Private,148814,HS-grad,9,Married-civ-spouse,Handlers-cleaners,Wife,White,Female,0,0,48,United-States,>50K
34,Federal-gov,152841,Bachelors,13,Never-married,Exec-managerial,Not-in-family,White,Male,0,0,40,Mexico,>50K
25,State-gov,308628,Bachelors,13,Never-married,Transport-moving,Other-relative,Other,Female,0,0,40,United-States,<=50K
42,Private,311845,Some-college,10,Divorced,Sales,Not-in-family,White,Male,0,0,40,Germany,<=50K
25,Private,249093,5th-6th,3,Married-civ-spouse,Craft-repair,Wife,White,Female,0,0,40,United-States,<=50K
27,Private,219783,Bachelors,13,Married-civ-spouse,Craft-repair,Husband,White,Male,0,0,23,United-States,>50K
25,Private,279189,Bachelors,13,Married-civ-spouse,Exec-managerial,Husband,White,Male,0,0,25,Germany,>50K
46,Private,218558,Bachelors,13,Married-civ-spouse,Prof-specialty,Husband,White,Male,0,0,15,United-States,<=50K
39,Private,141354,HS-grad,9,Married-civ-spouse,Tech-support,Husband,White,Male,2138,0,20,United-States,<=50K
25,Private,275420,Assoc-acdm,12,Married-civ-spouse,Tech-support,Husband,White,Male,0,0,40,Iran,<=50K
56,Private,117584,Some-college,10,Never-married,Transport-moving,Own-child,White,Male,0,0,14,United-States,<=50K
63,Private,334804,HS-grad,9,Divorced,Exec-managerial,Not-in-family,Asian-Pac-Islander,Female,0,0,45,United-States,<=50K
50,Private,220284,Assoc-voc,11,Married-civ-spouse,Protective-serv,Husband,White,Male,0,0,40,Mexico,<=50K
46,State-gov,237411,Masters,14,Never-married,Prof-specialty,Not-in-family,White,Female,0,0,45,United-States,<=50K
28,Private,232981,11th,7,Married-civ-spouse,Machine-op-inspct,Husband,White,Male,3913,0,34,United-States,>50K
53,Private,150688,Some-college,10,Married-civ-spouse,Adm-clerical,Wife,White,Female,0,0,60,United-States,<=50K
26,Self-emp-inc,281542,Some-college,10,Separated,Adm-clerical,Unmarried,White,Male,0,0,40,El-Salvador,<=50K
32,Private,184742,Prof-school,15,Married-civ-spouse,Exec-managerial,Husband,Amer-Indian-Eskimo,Male,0,0,40,Germany,>50K
35,Private,351796,9th,5,Separated,Adm-clerical,Not-in-family,White,Male,0,0,21,United-States,<=50K
43,Private,388668,Assoc-voc,11,Married-civ-spouse,Sales,Wife,White,Female,0,0,39,United-States,<=50K
39,Private,164896,Bachelors,13,Married-civ-spouse,Exec-managerial,Wife,White,Female,0,0,35,United-States,<=50K
43,Private,276061,HS-grad,9,Separated,Exec-managerial,Unmarried,White,Female,0,0,35,United-States,<=50K
37,Private,290218,Prof-school,15,Never-married,Sales,Other-relative,White,Male,0,0,23,United-States,<=50K
32,Private,89316,HS-grad,9,Married-civ-spouse,Prof-specialty,Husband,White,Male,0,0,50,United-States,<=50K
34,Private,309859,HS-grad,9,Divorced,Adm-clerical,Not-in-family,White,Male,0,0,40,United-States,<=50K
27,Private,305819,HS-grad,9,Never-married,Adm-clerical,Not-in-family,White,Female,0,0,40,United-States,<=50K
53,Private,317308,HS-grad,9,Married-civ-spouse,Craft-repair,Wife,White,Female,0,0,40,Japan,>50K
52,Private,353817,Doctorate,16,Never-married,Craft-repair,Not-in-family,White,Male,3103,0,40,United-States,>50K
52,State-gov,342401,HS-grad,9,Never-married,Prof-specialty,Not-in-family,White,Male,0,0,36,United-States,<=50K
59,Private,263474,Bachelors,13,Married-civ-spouse,Adm-clerical,Husband,White,Male,0,0,10,United-States,<=50K
44,Self-emp-not-inc,341543,Bachelors,13,Never-married,Prof-specialty,Other-relative,White,Male,0,0,55,United-States,>50K
38,Private,152336,HS-grad,9,Married-civ-spouse,Craft-repair,Husband,White,Male,0,0,40,United-States,<=50K
39,Private,340182,HS-grad,9,Never-married,Machine-op-inspct,Own-child,White,Female,0,0,48,United-States,<=50K
35,Private,116682,HS-grad,9,Married-civ-spouse,Craft-repair,Husband,White,Male,0,0,55,United-States,<=50K
28,Private,362052,HS-grad,9,Never-married,Sales,Other-relative,White,Male,0,0,37,United-States,<=50K
49,Private,189901,HS-grad,9,Married-civ-spouse,Craft-repair,Husband,White,Male,0,0,40,Canada,<=50K
29,Local-gov,249554,HS-grad,9,Never-married,Exec-managerial,Own-child,White,Female,0,0,40,United-States,<=50K
42,Federal-gov,328910,Masters,14,Married-civ-spouse,Craft-repair,Wife,White,Female,0,0,40,United-States,>50K
46,Private,380921,Bachelors,13,Separated,Protective-serv,Other-relative,White,Male,0,0,40,United-States,>50K
23,Self-emp-not-inc,315834,HS-grad,9,Divorced,Other-service,Not-in-family,White,Female,0,0,40,United-States,<=50K
64,Private,223483,Doctorate,16,Never-married,Other-service,Other-relative,White,Male,0,0,52,United-States,<=50K
25,Private,378160,Bachelors,13,Never-married,Prof-specialty,Own-child,White,Male,0,0,13,United-States,>50K
33,Self-emp-not-inc,280742,HS-grad,9,Never-married,Transport-moving,Not-in-family,White,Male,0,0,40,Mexico,<=50K
35,Private,261003,5th-6th,3,Never-married,Transport-moving,Not-in-family,White,Female,0,0,40,United-States,<=50K
26,Self-emp-inc,353832,Bachelors,13,Married-civ-spouse,Sales,Husband,Black,Male,0,0,16,United-States,<=50K
51,Private,229206,Some-college,10,Married-civ-spouse,Exec-managerial,Husband,Asian-Pac-Islander,Male,0,0,40,United-States,<=50K
44,Private,84257,11th,7,Married-civ-spouse,Handlers-cleaners,Wife,White,Female,0,0,13,United-States,<=50K
36,Self-emp-not-inc,207475,5th-6th,3,Never-married,Sales,Not-in-family,White,Male,0,0,40,United-States,<=50K
42,Private,247555,Some-college,10,Married-civ-spouse,Protective-serv,Husband,White,Male,0,0,32,United-States,<=50K
31,Private,293323,Some-college,10,Married-civ-spouse,Prof-specialty,Husband,White,Male,0,0,36,United-States,>50K
33,Private,280032,HS-grad,9,Never-married,Adm-clerical,Own-child,White,Male,0,0,28,United-States,<=50K
33,Private,150771,Doctorate,16,Never-married,Adm-clerical,Not-in-family,White,Male,0,0,40,United-States,<=50K
54,Private,122817,Some-college,10,Never-married,Adm-clerical,Own-child,White,Female,0,0,48,United-States,<=50K
23,Private,364145,10th,6,Never-married,Transport-moving,Own-child,White,Male,0,0,40,United-States,<=50K
22,Private,129123,HS-grad,9,Never-married,Craft-repair,Not-in-family,White,Male,0,0,12,United-States,<=50K
32,Private,140917,HS-grad,9,Divorced,Handlers-cleaners,Unmarried,White,Female,0,0,34,United-States,<=50K
23,Private,200455,HS-grad,9,Never-married,Adm-clerical,Own-child,White,Male,0,0,10,United-States,<=50K
43,Private,258016,Bachelors,13,Never-married,Prof-specialty,Not-in-family,White,Male,0,0,40,United-States,<=50K
68,Private,213798,Some-college,10,Never-married,Prof-specialty,Own-child,White,Female,0,0,40,India,<=50K
62,Private,353208,Masters,14,Married-civ-spouse,Other-service,Husband,White,Male,0,0,40,United-States,<=50K
39,Private,158259,HS-grad,9,Never-married,Adm-clerical,Own-child,Black,Male,0,0,60,India,<=50K
27,Private,380057,Bachelors,13,Married-civ-spouse,Adm-clerical,Wife,White,Female,0,0,40,United-States,<=50K
41,Private,285642,5th-6th,3,Never-married,Machine-op-inspct,Not-in-family,White,Male,0,0,48,United-States,<=50K
38,Self-emp-not-inc,106899,Masters,14,Married-civ-spouse,Sales,Husband,Other,Male,0,0,40,United-States,>50K
42,Local-gov,352306,Masters,14,Never-married,Farming-fishing,Other-relative,White,Male,0,0,12,United-States,<=50K
61,Private,243961,10th,6,Never-married,Adm-clerical,Not-in-family,Black,Female,0,0,40,Mexico,<=50K
28,Federal-gov,274692,Bachelors,13,Never-married,Adm-clerical,Not-in-family,White,Male,0,0,23,United-States,<=50K
32,Private,399012,Some-college,10,Married-civ-spouse,Exec-managerial,Husband,White,Male,0,0,12,Cuba,<=50K
33,Private,391137,Assoc-acdm,12,Never-married,Craft-repair,Not-in-family,White,Male,0,0,23,United-States,<=50K
37,Private,268601,HS-grad,9,Married-civ-spouse,Craft-repair,Husband,White,Male,0,0,40,United-States,<=50K
50,Local-gov,144606,Assoc-acdm,12,Widowed,Prof-specialty,Not-in-family,White,Male,0,0,12,United-States,>50K
23,State-gov,273854,Prof-school,15,Never-married,Other-service,Own-child,White,Female,0,0,48,United-States,<=50K
29,Local-gov,387068,Bachelors,13,Married-civ-spouse,Exec-managerial,Husband,White,Male,0,0,35,United-States,<=50K
48,Private,101362,Some-college,10,Never-married,Other-service,Own-child,Black,Female,0,0,40,United-States,<=50K
31,Self-emp-inc,322052,Assoc-acdm,12,Married-civ-spouse,Prof-specialty,Husband,White,Male,0,0,35,United-States,>50K
37,Private,115459,HS-grad,9,Never-married,Other-service,Own-child,White,Male,4844,0,40,United-States,<=50K
53,Self-emp-not-inc,249866,Doctorate,16,Married-civ-spouse,Handlers-cleaners,Husband,White,Male,0,0,40,United-States,<=50K
22,Private,334496,HS-grad,9,Married-civ-spouse,Sales,Wife,White,Female,0,0,26,United-States,>50K
37,Federal-gov,288184,Some-college,10,Divorced,Adm-clerical,Not-in-family,White,Female,0,0,40,United-States,<=50K
49,Private,266067,Bachelors,13,Never-married,Other-service,Other-relative,White,Male,0,0,40,United-States,>50K
35,Private,333634,HS-grad,9,Never-married,Protective-serv,Own-child,White,Male,0,0,35,United-States,<=50K
35,Private,170400,Some-college,10,Never-married,Sales,Other-relative,Amer-Indian-Eskimo,Male,0,0,40,United-States,<=50K
28,Self-emp-not-inc,339760,HS-grad,9,Separated,Exec-managerial,Unmarried,White,Male,0,0,40,United-States,<=50K
32,Private,304231,Bachelors,13,Married-civ-spouse,Other-service,Wife,White,Female,0,0,40,United-States,<=50K
35,Private,134867,HS-grad,9,Divorced,Craft-repair,Not-in-family,White,Female,0,0,30,United-States,<=50K
45,Private,92518,HS-grad,9,Widowed,Sales,Unmarried,White,Female,0,0,27,South,>50K
25,Self-emp-not-inc,109435,HS-grad,9,Married-civ-spouse,Adm-clerical,Husband,White,Male,0,0,19,United-States,>50K
37,Private,363080,Bachelors,13,Married-civ-spouse,Other-service,Wife,Amer-Indian-Eskimo,Female,0,1740,40,United-States,>50K
49,Private,383845,Some-college,10,Divorced,Prof-specialty,Unmarried,White,Female,0,0,37,United-States,>50K
47,Private,160872,HS-grad,9,Divorced,Machine-op-inspct,Not-in-family,White,Female,0,0,40,United-States,<=50K
45,Local-gov,196544,12th,8,Married-civ-spouse,Handlers-cleaners,Wife,Amer-Indian-Eskimo,Female,0,0,27,United-States,<=50K
27,Private,134596,Some-college,10,Never-married,Sales,Not-in-family,White,Female,0,0,40,United-States,<=50K
31,Self-emp-not-inc,151114,Bachelors,13,Divorced,Adm-clerical,Not-in-family,White,Male,0,0,34,United-States,<=50K
23,Private,113287,HS-grad,9,Divorced,Adm-clerical,Not-in-family,White,Male,0,0,60,United-States,<=50K
60,Private,353120,12th,8,Married-civ-spouse,Prof-specialty,Husband,White,Male,0,0,11,United-States,<=50K
25,Private,258040,HS-grad,9,Never-married,Exec-managerial,Own-child,White,Male,0,0,40,United-States,<=50K
37,Federal-gov,120127,Prof-school,15,Married-civ-spouse,Farming-fishing,Husband,Other,Male,0,0,55,United-States,<=50K
40,Private,346533,Some-college,10,Married-civ-spouse,Sales,Husband,White,Male,0,0,40,United-States,<=50K
68,Local-gov,207420,Some-college,10,Married-civ-spouse,Machine-op-inspct,Wife,White,Female,0,0,41,Iran,<=50K
43,Private,234128,Some-college,10,Never-married,Adm-clerical,Own-child,White,Male,0,0,40,United-States,>50K
47,Self-emp-not-inc,159510,HS-grad,9,Married-civ-spouse,Machine-op-inspct,Wife,White,Female,0,0,24,United-States,<=50K
23,Private,149739,Preschool,1,Never-married,Handlers-cleaners,Own-child,White,Female,0,0,35,United-States,<=50K
44,Private,104138,Masters,14,Married-civ-spouse,Farming-fishing,Husband,White,Male,0,0,40,United-States,>50K
22,Private,181777,Assoc-acdm,12,Married-civ-spouse,Adm-clerical,Husband,Asian-Pac-Islander,Male,0,0,14,United-States,<=50K
37,Private,238461,HS-grad,9,Divorced,Craft-repair,Not-in-family,White,Male,0,0,40,United-States,<=50K
64,Private,249743,9th,5,Divorced,Craft-repair,Not-in-family,White,Male,0,0,40,United-States,<=50K
22,Federal-gov,255217,HS-grad,9,Never-married,Machine-op-inspct,Own-child,White,Male,0,0,21,United-States,<=50K
59,Private,307608,Assoc-acdm,12,Divorced,Protective-serv,Not-in-family,White,Male,0,0,43,United-States,<=50K
30,Private,167612,Prof-school,15,Married-civ-spouse,Sales,Husband,Black,Male,0,0,40,United-States,<=50K
52,Private,325038,Bachelors,13,Married-civ-spouse,Prof-specialty,Husband,Asian-Pac-Islander,Male,0,0,40,United-States,>50K
40,Local-gov,356587,HS-grad,9,Married-civ-spouse,Adm-clerical,Husband,Black,Male,0,0,29,United-States,>50K
60,Private,105826,12th,8,Never-married,Adm-clerical,Own-child,White,Female,0,0,21,United-States,<=50K
43,Private,382190,Bachelors,13,Never-married,Other-service,Not-in-family,White,Male,0,0,40,China,<=50K
36,Self-emp-not-inc,330482,Some-college,10,Married-civ-spouse,Exec-managerial,Husband,White,Male,0,0,45,United-States,>50K
26,Local-gov,89878,HS-grad,9,Never-married,Other-service,Own-child,Black,Female,0,0,40,United-States,<=50K
37,Private,313539,Some-college,10,Married-civ-spouse,Prof-specialty,Husband,White,Male,0,0,40,El-Salvador,<=50K
36,Private,276031,1st-4th,2,Never-married,Sales,Not-in-family,White,Male,0,0,22,United-States,<=50K
24,Private,370466,11th,7,Married-civ-spouse,Adm-clerical,Husband,Black,Male,0,0,40,United-States,<=50K
44,Private,345301,HS-grad,9,Divorced,Craft-repair,Not-in-family,White,Male,0,0,40,United-States,>50K
22,Federal-gov,212023,11th,7,Married-civ-spouse,Handlers-cleaners,Wife,White,Female,0,0,40,United-States,<=50K
27,Private,192329,Prof-school,15,Divorced,Tech-support,Not-in-family,White,Male,0,0,17,United-States,>50K
28,Private,185119,HS-grad,9,Married-civ-spouse,Farming-fishing,Husband,Asian-Pac-Islander,Male,0,0,39,United-States,<=50K
38,Private,331561,Bachelors,13,Married-civ-spouse,Sales,Husband,White,Male,0,0,40,United-States,<=50K
36,Self-emp-not-inc,309878,HS-grad,9,Never-married,Sales,Not-in-family,White,Male,0,0,40,United-States,<=50K
58,Private,104121,11th,7,Married-civ-spouse,Sales,Husband,White,Male,0,0,40,China,<=50K
22,Local-gov,389090,Some-college,10,Never-married,Machine-op-inspct,Not-in-family,White,Male,0,0,40,United-States,<=50K
26,Private,285246,Some-college,10,Married-civ-spouse,Sales,Husband,Amer-Indian-Eskimo,Male,0,0,17,United-States,<=50K
36,Private,383800,Masters,14,Separated,Protective-serv,Unmarried,White,Male,0,0,40,United-States,<=50K
28,Private,372011,HS-grad,9,Never-married,Adm-clerical,Not-in-family,White,Male,0,0,29,United-States,<=50K
25,Private,185738,Some-college,10,Separated,Exec-managerial,Not-in-family,White,Female,0,0,40,United-States,<=50K
22,Private,156298,Some-college,10,Never-married,Sales,Not-in-family,White,Female,0,0,48,United-States,<=50K
39,Private,295844,Some-college,10,Never-married,Craft-repair,Own-child,White,Female,0,0,38,United-States,<=50K
26,Private,256246,11th,7,Divorced,Machine-op-inspct,Not-in-family,White,Male,0,0,40,United-States,<=50K
41,Private,327828,Some-college,10,Married-civ-spouse,Handlers-cleaners,Husband,White,Male,0,0,42,United-States,<=50K
28,Self-emp-not-inc,286136,Bachelors,13,Never-married,Exec-managerial,Not-in-family,White,Female,0,0,50,Poland,<=50K
50,Private,200535,Some-college,10,Separated,Machine-op-inspct,Unmarried,White,Male,0,0,40,United-States,<=50K
52,Private,248635,Assoc-voc,11,Married-civ-spouse,Adm-clerical,Husband,White,Male,0,0,55,United-States,>50K
33,Private,257852,11th,7,Married-civ-spouse,Protective-serv,Husband,White,Male,0,0,55,United-States,<=50K
76,Local-gov,123683,HS-grad,9,Separated,Craft-repair,Not-in-family,Black,Male,3399,0,36,United-States,<=50K
34,Private,92555,9th,5,Never-married,Transport-moving,Own-child,White,Male,0,0,23,United-States,<=50K
74,Private,320705,HS-grad,9,Never-married,Adm-clerical,Own-child,White,Male,0,0,17,United-States,<=50K
40,Private,186806,11th,7,Married-civ-spouse,Other-service,Wife,White,Female,4386,0,40,Poland,>50K
19,Local-gov,131009,Some-college,10,Never-married,Prof-specialty,Not-in-family,White,Female,0,0,26,United-States,<=50K
24,Private,336841,HS-grad,9,Married-civ-spouse,Other-service,Husband,White,Male,0,0,40,United-States,<=50K
34,Federal-gov,162815,Some-college,10,Married-civ-spouse,Craft-repair,Husband,White,Male,0,0,47,United-States,<=50K
53,Self-emp-not-inc,207689,HS-grad,9,Divorced,Exec-managerial,Not-in-family,White,Male,0,0,40,Poland,<=50K
70,Self-emp-inc,195031,10th,6,Married-civ-spouse,Other-service,Husband,White,Male,0,0,43,United-States,<=50K
47,Private,109492,HS-grad,9,Married-civ-spouse,Prof-specialty,Husband,Asian-Pac-Islander,Male,0,0,40,United-States,<=50K
33,Private,362439,Assoc-voc,11,Widowed,Sales,Not-in-family,White,Female,0,0,48,United-States,<=50K
46,Private,222881,Some-college,10,Married-civ-spouse,Sales,Wife,White,Female,0,0,23,United-States,>50K
39,Federal-gov,131681,HS-grad,9,Divorced,Craft-repair,Unmarried,White,Female,0,0,40,United-States,<=50K
27,Private,327178,HS-grad,9,Married-civ-spouse,Craft-repair,Wife,Black,Female,0,0,40,United-States,<=50K
42,Private,308237,HS-grad,9,Married-civ-spouse,Other-service,Husband,White,Male,0,0,40,United-States,<=50K
33,Private,356374,11th,7,Divorced,Craft-repair,Not-in-family,Black,Male,0,0,48,United-States,<=50K
44,Private,337178,HS-grad,9,Never-married,Sales,Other-relative,White,Male,0,0,41,United-States,>50K
18,Local-gov,187058,Some-college,10,Never-married,Prof-specialty,Own-child,Black,Female,0,0,13,United-States,<=50K
35,Private,183213,HS-grad,9,Married-civ-spouse,Machine-op-inspct,Wife,Asian-Pac-Islander,Female,0,0,48,United-States,<=50K
40,Private,94799,12th,8,Never-married,Prof-specialty,Not-in-family,White,Female,0,0,40,United-States,>50K
34,Private,386625,HS-grad,9,Never-married,Craft-repair,Own-child,White,Male,0,0,40,United-States,<=50K
79,Private,235726,HS-grad,9,Married-civ-spouse,Craft-repair,Husband,White,Male,0,0,40,Dominican-Republic,<=50K
40,Private,117410,HS-grad,9,Married-spouse-absent,Sales,Not-in-family,White,Female,0,0,49,United-States,<=50K
34,Private,375605,Some-college,10,Never-married,Exec-managerial,Other-relative,Black,Male,0,0,17,United-States,<=50K
38,Private,132843,HS-grad,9,Never-married,Machine-op-inspct,Own-child,White,Male,0,0,40,United-States,<=50K
22,Local-gov,146138,Some-college,10,Never-married,Protective-serv,Other-relative,White,Male,0,0,40,United-States,<=50K
72,Private,142979,11th,7,Married-civ-spouse,Transport-moving,Wife,White,Female,0,0,40,United-States,<=50K
38,Private,192794,Masters,14,Married-civ-spouse,Tech-support,Wife,White,Female,0,0,40,United-States,<=50K
24,Private,116985,Some-college,10,Married-civ-spouse,Machine-op-inspct,Husband,White,Male,0,0,40,United-States,<=50K
39,Private,149307,Bachelors,13,Married-civ-spouse,Craft-repair,Wife,White,Female,0,0,50,United-States,<=50K
32,Private,99185,Assoc-acdm,12,Never-married,Craft-repair,Other-relative,White,Female,0,0,40,England,<=50K
50,Private,347509,Masters,14,Married-civ-spouse,Handlers-cleaners,Wife,White,Female,0,0,13,India,>50K
54,Private,364890,Some-college,10,Divorced,Transport-moving,Not-in-family,White,Female,0,0,49,United-States,<=50K
31,Federal-gov,106631,Bachelors,13,Never-married,Prof-specialty,Not-in-family,White,Female,0,0,17,United-States,>50K
41,Private,139592,Bachelors,13,Married-civ-spouse,Adm-clerical,Husband,White,Male,0,0,48,United-States,<=50K
25,Private,134837,10th,6,Married-civ-spouse,Machine-op-inspct,Husband,White,Male,0,0,45,United-States,<=50K
25,Private,181060,Masters,14,Never-married,Tech-support,Not-in-family,White,Male,27828,1485,27,United-States,>50K
46,State-gov,82435,Doctorate,16,Married-civ-spouse,Sales,Husband,White,Male,0,0,40,United-States,>50K
45,Private,294847,HS-grad,9,Married-civ-spouse,Exec-managerial,Wife,White,Female,0,0,13,United-States,>50K
42,Private,162413,Some-college,10,Divorced,Craft-repair,Unmarried,White,Male,0,0,40,United-States,<=50K
23,Private,192299,Some-college,10,Never-married,Craft-repair,Own-child,White,Female,0,0,45,United-States,<=50K
49,Private,271197,Masters,14,Never-married,Other-service,Not-in-family,White,Female,0,0,60,United-States,<=50K
71,Private,259047,HS-grad,9,Married-civ-spouse,Adm-clerical,Wife,Black,Female,0,0,40,United-States,<=50K
40,Private,94161,Assoc-acdm,12,Married-spouse-absent,Sales,Not-in-family,White,Male,0,0,45,Portugal,>50K
30,Private,309458,Some-college,10,Never-married,Exec-managerial,Not-in-family,White,Female,0,0,50,United-States,<=50K
27,Private,321453,Bachelors,13,Married-civ-spouse,Prof-specialty,Husband,White,Male,0,0,26,United-States,<=50K
44,Private,137020,11th,7,Never-married,Exec-managerial,Own-child,White,Male,0,0,40,United-States,<=50K
52,Private,222693,7th-8th,4,Never-married,Craft-repair,Not-in-family,White,Male,0,2174,29,United-States,>50K
56,Local-gov,274487,10th,6,Never-married,Machine-op-inspct,Not-in-family,Asian-Pac-Islander,Male,0,0,50,United-States,<=50K
54,Private,102780,Masters,14,Never-married,Exec-managerial,Not-in-family,White,Female,0,0,46,United-States,<=50K
48,Private,293526,12th,8,Never-married,Other-service,Not-in-family,White,Male,0,0,40,United-States,<=50K
22,Private,157944,Some-college,10,Married-civ-spouse,Craft-repair,Husband,White,Male,0,0,40,United-States,<=50K
36,Private,81595,12th,8,Married-civ-spouse,Other-service,Wife,White,Female,0,0,15,United-States,<=50K
41,Private,129981,Some-college,10,Married-civ-spouse,Craft-repair,Husband,White,Male,0,0,40,United-States,>50K
58,Private,345292,HS-grad,9,Married-civ-spouse,Adm-clerical,Husband,White,Male,0,0,40,Dominican-Republic,<=50K
40,Private,280959,HS-grad,9,Married-spouse-absent,Exec-managerial,Not-in-family,White,Male,0,1439,45,United-States,<=50K
34,Private,393866,Assoc-acdm,12,Never-married,Tech-support,Own-child,Black,Female,0,0,40,United-States,<=50K
23,Federal-gov,131594,HS-grad,9,Married-civ-spouse,Exec-managerial,Husband,White,Male,0,0,40,United-States,<=50K
41,Local-gov,335034,Some-college,10,Married-civ-spouse,Protective-serv,Husband,White,Male,0,0,40,United-States,<=50K
56,Private,149267,HS-grad,9,Married-spouse-absent,Handlers-cleaners,Not-in-family,White,Female,0,0,38,United-States,<=50K
51,Self-emp-inc,111787,Some-college,10,Married-civ-spouse,Transport-moving,Husband,White,Male,0,0,40,United-States,<=50K
40,Private,158482,HS-grad,9,Never-married,Sales,Other-relative,White,Female,0,0,38,United-States,<=50K
40,Private,114738,Assoc-voc,11,Married-civ-spouse,Other-service,Husband,Black,Male,0,0,40,United-States,<=50K
46,Self-emp-not-inc,243591,HS-grad,9,Never-married,Adm-clerical,Not-in-family,White,Male,0,0,27,United-States,<=50K
43,Private,153269,HS-grad,9,Never-married,Exec-managerial,Own-child,White,Male,0,0,40,United-States,>50K
53,Private,166239,HS-grad,9,Never-married,Sales,Not-in-family,White,Male,5178,0,40,United-States,>50K
17,Federal-gov,268356,Bachelors,13,Never-married,Other-service,Not-in-family,White,Male,0,0,40,United-States,<=50K
41,Self-emp-not-inc,391289,HS-grad,9,Divorced,Sales,Unmarried,White,Male,0,0,27,United-States,>50K
44,Private,279050,Some-college,10,Married-civ-spouse,Prof-specialty,Wife,White,Female,0,0,38,United-States,>50K
43,Private,373896,HS-grad,9,Married-civ-spouse,Adm-clerical,Husband,White,Male,0,0,40,United-States,<=50K
24,Private,327558,Bachelors,13,Separated,Protective-serv,Unmarried,White,Male,0,0,40,United-States,<=50K
58,Private,249586,HS-grad,9,Divorced,Exec-managerial,Not-in-family,White,Female,0,0,60,United-States,<=50K
36,Private,171051,HS-grad,9,Married-civ-spouse,Prof-specialty,Wife,White,Female,0,0,40,United-States,>50K
24,Private,229293,HS-grad,9,Married-civ-spouse,Prof-specialty,Husband,White,Male,0,0,50,United-States,<=50K
55,Private,263977,Some-college,10,Never-married,Sales,Own-child,White,Female,0,0,37,United-States,<=50K
48,State-gov,291423,Bachelors,13,Divorced,Transport-moving,Unmarried,White,Male,0,0,40,United-States,>50K
42,Private,241103,Bachelors,13,Divorced,Other-service,Not-in-family,White,Male,0,0,40,United-States,>50K
52,Private,347966,Masters,14,Never-married,Exec-managerial,Not-in-family,White,Male,0,0,60,United-States,<=50K
56,Private,395689,Some-college,10,Married-AF-spouse,Craft-repair,Husband,White,Male,0,0,40,United-States,<=50K
24,Local-gov,293458,Bachelors,13,Married-civ-spouse,Machine-op-inspct,Wife,White,Female,0,0,40,United-States,<=50K
51,Private,237112,Some-college,10,Never-married,Sales,Own-child,White,Female,0,0,40,United-States,>50K
36,Local-gov,218186,Masters,14,Married-civ-spouse,Transport-moving,Wife,White,Female,0,0,21,United-States,>50K
43,Private,244448,HS-grad,9,Separated,Other-service,Not-in-family,White,Male,0,0,40,United-States,<=50K
38,Private,231365,11th,7,Never-married,Adm-clerical,Own-child,White,Male,0,0,40,United-States,<=50K
26,Private,397225,HS-grad,9,Divorced,Sales,Not-in-family,White,Female,0,0,40,United-States,<=50K
34,Federal-gov,203674,Some-college,10,Married-civ-spouse,Craft-repair,Husband,White,Male,0,0,40,United-States,<=50K
39,Private,92419,12th,8,Married-civ-spouse,Adm-clerical,Husband,White,Male,0,0,40,United-States,<=50K
50,Private,238276,HS-grad,9,Married-civ-spouse,Exec-managerial,Husband,Other,Male,0,0,16,United-States,<=50K
39,Self-emp-inc,300404,9th,5,Never-married,Exec-managerial,Not-in-family,White,Male,0,0,40,United-States,>50K
28,Private,253444,Bachelors,13,Divorced,Exec-managerial,Not-in-family,White,Male,0,0,40,United-States,<=50K
45,Private,309406,Some-college,10,Married-civ-spouse,Other-service,Wife,White,Female,0,0,40,United-States,<=50K
62,Private,389005,HS-grad,9,Never-married,Transport-moving,Other-relative,White,Male,0,0,55,United-States,<=50K
34,Private,260201,HS-grad,9,Married-spouse-absent,Sales,Not-in-family,White,Male,0,0,39,United-States,<=50K
28,Private,396985,Prof-school,15,Divorced,Prof-specialty,Not-in-family,White,Male,0,0,19,United-States,<=50K
42,Private,379602,11th,7,Never-married,Sales,Not-in-family,White,Male,0,0,40,United-States,<=50K
33,Private,236293,HS-grad,9,Married-civ-spouse,Handlers-cleaners,Husband,White,Male,0,0,40,United-States,<=50K
23,Federal-gov,292585,9th,5,Married-civ-spouse,Sales,Husband,White,Male,0,0,48,United-States,<=50K
32,Local-gov,174087,Masters,14,Married-spouse-absent,Adm-clerical,Not-in-family,White,Male,0,0,40,United-States,<=50K
35,Private,110513,Masters,14,Married-civ-spouse,Prof-specialty,Husband,White,Male,0,0,16,United-States,<=50K
34,Private,190797,Some-college,10,Never-married,Other-service,Own-child,White,Male,0,0,40,United-States,<=50K
23,State-gov,287335,HS-grad,9,Separated,Machine-op-inspct,Not-in-family,White,Male,2231,0,40,United-States,<=50K
21,Self-emp-not-inc,307179,Some-college,10,Never-married,Craft-repair,Own-child,White,Male,0,0,40,United-States,<=50K
26,Private,132424,Masters,14,Married-civ-spouse,Sales,Husband,White,Male,0,0,40,United-States,<=50K
45,Private,339028,12th,8,Married-civ-spouse,Other-service,Wife,White,Female,0,0,60,United-States,>50K
28,Private,370055,Prof-school,15,Divorced,Other-service,Not-in-family,White,Male,0,0,11,United-States,<=50K
26,Private,356435,HS-grad,9,Married-civ-spouse,Farming-fishing,Husband,White,Male,0,0,40,United-States,<=50K
34,State-gov,159684,Some-college,10,Divorced,Other-service,Not-in-family,White,Female,0,0,40,United-States,<=50K
37,Private,227762,Masters,14,Married-civ-spouse,Craft-repair,Wife,Asian-Pac-Islander,Female,0,0,40,United-States,<=50K
40,Private,142524,HS-grad,9,Never-married,Craft-repair,Other-relative,White,Male,0,0,48,United-States,<=50K
18,Private,235501,12th,8,Never-married,Sales,Own-child,White,Female,2174,0,51,United-States,<=50K
42,Private,225833,Prof-school,15,Married-civ-spouse,Other-service,Wife,White,Female,0,0,40,United-States,<=50K
47,Private,113265,HS-grad,9,Married-civ-spouse,Handlers-cleaners,Wife,White,Female,5013,0,40,United-States,>50K
33,Private,246657,HS-grad,9,Married-civ-spouse,Craft-repair,Husband,Black,Male,0,0,40,United-States,<=50K
34,Private,258496,HS-grad,9,Divorced,Adm-clerical,Not-in-family,White,Female,0,0,40,United-States,<=50K
22,Private,362394,Bachelors,13,Married-spouse-absent,Prof-specialty,Not-in-family,White,Female,0,0,40,United-States,<=50K
50,Private,158574,Assoc-acdm,12,Married-civ-spouse,Sales,Husband,White,Male,0,0,40,United-States,<=50K
27,Private,353237,HS-grad,9,Never-married,Adm-clerical,Other-relative,White,Male,0,0,25,United-States,<=50K
26,Private,230949,Assoc-acdm,12,Married-civ-spouse,Adm-clerical,Husband,White,Male,0,0,40,United-States,>50K
74,Federal-gov,353692,7th-8th,4,Married-civ-spouse,Sales,Husband,Black,Male,0,0,40,United-States,<=50K
78,Private,107569,Some-college,10,Married-civ-spouse,Adm-clerical,Husband,White,Male,0,0,40,El-Salvador,<=50K
42,Private,328791,Some-college,10,Married-civ-spouse,Farming-fishing,Husband,White,Male,0,0,18,United-States,<=50K
24,Self-emp-inc,267684,Some-college,10,Never-married,Sales,Not-in-family,White,Female,0,0,40,United-States,<=50K
35,Self-emp-not-inc,348859,Assoc-voc,11,Never-married,Sales,Own-child,White,Female,0,0,40,United-States,<=50K
40,Private,154578,11th,7,Never-married,Protective-serv,Own-child,White,Female,0,0,40,United-States,<=50K
48,Private,109066,Some-college,10,Married-civ-spouse,Other-service,Husband,White,Male,0,0,35,United-States,<=50K
68,Private,175261,HS-grad,9,Married-civ-spouse,Prof-specialty,Husband,White,Male,0,0,40,United-States,>50K
30,Self-emp-not-inc,80853,Bachelors,13,Never-married,Other-service,Other-relative,White,Male,0,0,50,United-States,>50K
37,Private,372809,HS-grad,9,Never-married,Prof-specialty,Own-child,White,Male,0,0,40,United-States,>50K
44,State-gov,330741,HS-grad,9,Married-civ-spouse,Adm-clerical,Wife,White,Female,0,0,40,United-States,<=50K
38,Private,349073,Prof-school,15,Never-married,Tech-support,Own-child,White,Male,0,0,30,United-States,>50K
18,Self-emp-inc,383717,Some-college,10,Married-civ-spouse,Tech-support,Wife,White,Female,0,0,18,United-States,<=50K
38,Self-emp-not-inc,346901,Some-college,10,Divorced,Craft-repair,Not-in-family,White,Male,0,0,40,India,<=50K
55,Private,234255,Prof-school,15,Married-civ-spouse,Machine-op-inspct,Husband,White,Male,0,0,40,United-States,>50K
33,Private,262627,Some-college,10,Never-married,Prof-specialty,Own-child,White,Male,99999,0,16,El-Salvador,>50K
36,Private,115409,7th-8th,4,Married-civ-spouse,Craft-repair,Wife,Asian-Pac-Islander,Female,0,0,29,United-States,<=50K
51,Private,302068,Doctorate,16,Married-civ-spouse,Sales,Husband,Black,Male,0,0,40,United-States,>50K
26,Private,124420,HS-grad,9,Widowed,Tech-support,Unmarried,White,Male,0,0,40,United-States,<=50K
26,Private,152574,Doctorate,16,Married-civ-spouse,Exec-managerial,Wife,White,Female,0,0,40,United-States,<=50K
25,Private,383203,Some-college,10,Married-civ-spouse,Sales,Husband,White,Male,0,0,55,United-States,<=50K
56,Self-emp-inc,349628,Some-college,10,Married-civ-spouse,Other-service,Wife,White,Female,0,0,31,United-States,<=50K
35,Private,187497,HS-grad,9,Never-married,Handlers-cleaners,Own-child,Black,Male,0,0,55,United-States,<=50K
42,Private,173811,HS-grad,9,Married-civ-spouse,Other-service,Husband,White,Male,0,0,40,Guatemala,<=50K
35,Private,378672,Some-college,10,Married-civ-spouse,Prof-specialty,Husband,White,Male,0,0,40,United-States,<=50K
22,Private,200799,Some-college,10,Never-married,Exec-managerial,Not-in-family,Asian-Pac-Islander,Male,0,0,13,United-States,<=50K
38,Self-emp-not-inc,372881,Doctorate,16,Married-civ-spouse,Transport-moving,Wife,Black,Female,0,0,40,England,<=50K
46,Private,311764,Masters,14,Never-married,Other-service,Own-child,White,Female,0,0,51,United-States,<=50K
44,Private,278065,Some-college,10,Never-married,Craft-repair,Not-in-family,White,Female,0,0,23,United-States,<=50K
42,Federal-gov,312261,Some-college,10,Never-married,Prof-specialty,Not-in-family,White,Male,10520,0,40,United-States,>50K
31,Private,278212,HS-grad,9,Separated,Prof-specialty,Unmarried,White,Female,0,0,41,United-States,<=50K
44,Private,98196,Some-college,10,Married-civ-spouse,Prof-specialty,Husband,White,Male,0,0,50,United-States,>50K
56,Private,156433,Bachelors,13,Married-civ-spouse,Other-service,Husband,White,Male,0,0,40,United-States,>50K
55,Private,96871,10th,6,Never-married,Sales,Own-child,Asian-Pac-Islander,Male,0,0,35,United-States,>50K
22,Private,220650,HS-grad,9,Married-civ-spouse,Prof-specialty,Husband,White,Male,0,0,40,United-States,>50K
34,Private,220346,Assoc-acdm,12,Separated,Sales,Unmarried,White,Male,0,0,40,United-States,<=50K
49,Private,322422,Assoc-acdm,12,Married-civ-spouse,Craft-repair,Wife,White,Female,0,0,40,United-States,<=50K
35,Private,94311,Some-college,10,Never-married,Exec-managerial,Own-child,Black,Female,14084,0,40,Columbia,>50K
43,Private,134960,Some-college,10,Separated,Prof-specialty,Unmarried,Black,Male,0,0,47,United-States,<=50K
40,Self-emp-inc,329466,Some-college,10,Married-civ-spouse,Machine-op-inspct,Wife,White,Female,8614,2415,40,United-States,>50K
35,Federal-gov,353966,Some-college,10,Never-married,Exec-managerial,Own-child,Black,Male,0,0,10,United-States,<=50K
33,Private,121401,Some-college,10,Divorced,Other-service,Not-in-family,White,Male,0,0,10,Cuba,<=50K
25,Private,227931,Assoc-voc,11,Never-married,Handlers-cleaners,Not-in-family,White,Male,0,0,40,United-States,<=50K
35,Federal-gov,132790,HS-grad,9,Married-civ-spouse,Prof-specialty,Husband,White,Male,0,0,37,United-States,<=50K
41,Local-gov,390785,HS-grad,9,Married-civ-spouse,Adm-clerical,Husband,White,Male,0,0,30,United-States,>50K
34,Local-gov,224148,HS-grad,9,Married-civ-spouse,Sales,Husband,White,Male,14084,0,21,United-States,>50K
22,Private,172002,10th,6,Never-married,Adm-clerical,Own-child,White,Male,0,0,40,United-States,<=50K
30,Private,99596,Assoc-voc,11,Married-civ-spouse,Craft-repair,Husband,White,Male,10520,0,40,Germany,>50K
39,Private,163044,Doctorate,16,Married-civ-spouse,Machine-op-inspct,Wife,Black,Female,0,0,40,United-States,>50K
40,Private,207972,HS-grad,9,Separated,Exec-managerial,Not-in-family,White,Male,0,0,11,Philippines,>50K
43,Self-emp-inc,396305,Some-college,10,Married-civ-spouse,Sales,Wife,White,Female,0,0,40,United-States,>50K
57,Private,226345,Doctorate,16,Never-married,Prof-specialty,Other-relative,White,Male,0,0,40,United-States,<=50K
72,Self-emp-not-inc,224952,Some-college,10,Separated,Craft-repair,Unmarried,White,Female,0,0,15,United-States,<=50K
42,Private,266903,Masters,14,Married-civ-spouse,Tech-support,Husband,White,Male,0,0,21,United-States,<=50K
40,Private,356582,Assoc-acdm,12,Divorced,Prof-specialty,Not-in-family,Black,Male,0,0,40,United-States,<=50K
31,Self-emp-not-inc,366573,9th,5,Never-married,Craft-repair,Own-child,White,Male,0,0,40,El-Salvador,<=50K
27,Private,340280,HS-grad,9,Married-civ-spouse,Prof-specialty,Wife,White,Female,0,0,46,United-States,<=50K
50,Private,379005,HS-grad,9,Widowed,Exec-managerial,Unmarried,White,Female,0,0,40,United-States,<=50K
53,Private,323953,Bachelors,13,Married-civ-spouse,Other-service,Husband,White,Male,0,0,45,United-States,<=50K
22,Without-pay,146166,HS-grad,9,Divorced,Exec-managerial,Unmarried,White,Male,0,0,40,United-States,>50K
36,Private,266465,HS-grad,9,Married-civ-spouse,Adm-clerical,Wife,White,Female,0,0,36,United-States,>50K
24,Private,362917,Doctorate,16,Never-married,Machine-op-inspct,Not-in-family,White,Male,0,0,45,United-States,>50K
21,Private,179354,HS-grad,9,Never-married,Prof-specialty,Own-child,White,Female,0,0,45,United-States,<=50K
22,Private,198693,HS-grad,9,Divorced,Sales,Not-in-family,White,Male,0,0,40,England,<=50K
30,Private,280724,Bachelors,13,Divorced,Adm-clerical,Not-in-family,White,Female,0,0,40,United-States,<=50K
56,Private,334077,11th,7,Married-civ-spouse,Other-service,Husband,Black,Male,0,0,19,United-States,<=50K
46,Self-emp-inc,100664,Some-college,10,Married-civ-spouse,Transport-moving,Wife,White,Female,7688,0,55,United-States,>50K
25,Private,313435,11th,7,Widowed,Adm-clerical,Unmarried,Asian-Pac-Islander,Male,0,0,50,Philippines,<=50K
33,State-gov,102183,HS-grad,9,Married-civ-spouse,Adm-clerical,Husband,Black,Male,0,0,40,United-States,<=50K
34,Private,391254,HS-grad,9,Married-civ-spouse,Prof-specialty,Husband,White,Male,0,0,40,United-States,<=50K
36,Federal-gov,241375,Bachelors,13,Married-civ-spouse,Adm-clerical,Husband,White,Male,0,0,40,United-States,<=50K
24,Local-gov,368732,HS-grad,9,Married-civ-spouse,Exec-managerial,Husband,White,Male,0,0,40,United-States,>50K
33,Private,254358,Some-college,10,Never-married,Sales,Not-in-family,White,Male,0,0,28,United-States,<=50K
33,Private,276218,7th-8th,4,Married-civ-spouse,Adm-clerical,Husband,White,Male,0,0,60,United-States,<=50K
39,Self-emp-not-inc,141399,Some-college,10,Never-married,Machine-op-inspct,Not-in-family,White,Female,0,0,37,United-States,<=50K
31,Private,153598,Bachelors,13,Married-civ-spouse,Prof-specialty,Husband,White,Male,0,0,48,United-States,>50K
24,Federal-gov,313590,Bachelors,13,Married-civ-spouse,Handlers-cleaners,Husband,Black,Male,0,0,19,United-States,>50K
58,Private,112284,Masters,14,Never-married,Prof-specialty,Not-in-family,White,Female,0,0,40,United-States,>50K
64,Private,143357,Some-college,10,Never-married,Prof-specialty,Own-child,White,Male,0,0,40,United-States,<=50K
52,Private,221857,10th,6,Never-married,Other-service,Not-in-family,Other,Male,0,0,40,United-States,<=50K
43,Private,238805,Masters,14,Never-married,Prof-specialty,Not-in-family,White,Male,0,0,28,United-States,<=50K
40,Local-gov,173937,HS-grad,9,Divorced,Exec-managerial,Not-in-family,White,Male,0,0,19,United-States,<=50K
26,Self-emp-inc,152610,Bachelors,13,Married-civ-spouse,Craft-repair,Husband,White,Male,0,0,40,Mexico,<=50K
44,Private,375774,Prof-school,15,Never-married,Sales,Own-child,White,Female,0,0,40,United-States,<=50K
48,Private,91686,HS-grad,9,Married-civ-spouse,Sales,Wife,White,Female,0,0,47,United-States,>50K
31,Private,295432,Some-college,10,Married-civ-spouse,Machine-op-inspct,Husband,White,Male,0,0,29,United-States,<=50K
32,Private,397157,Bachelors,13,Never-married,Tech-support,Other-relative,White,Male,1004,0,40,United-States,<=50K
33,Self-emp-not-inc,351841,9th,5,Married-civ-spouse,Exec-managerial,Husband,White,Male,0,0,40,United-States,<=50K
74,Private,115770,Some-college,10,Never-married,Priv-house-serv,Own-child,White,Male,0,1089,40,United-States,<=50K
23,State-gov,183446,Some-college,10,Married-civ-spouse,Other-service,Wife,White,Female,5283,0,40,United-States,>50K
25,Private,325814,HS-grad,9,Married-civ-spouse,Handlers-cleaners,Husband,White,Male,0,0,28,United-States,<=50K
23,Private,381327,9th,5,Never-married,Other-service,Not-in-family,White,Male,0,0,29,Jamaica,<=50K
36,Private,250834,9th,5,Married-civ-spouse,Sales,Wife,White,Female,0,0,48,United-States,<=50K
36,Private,303086,HS-grad,9,Never-married,Exec-managerial,Own-child,White,Female,0,0,40,United-States,<=50K
30,Federal-gov,288517,Some-college,10,Never-married,Adm-clerical,Not-in-family,White,Female,0,0,55,United-States,<=50K
51,Without-pay,194281,Some-college,10,Married-civ-spouse,Adm-clerical,Wife,White,Female,0,0,25,United-States,>50K
26,Private,85976,Prof-school,15,Divorced,Handlers-cleaners,Unmarried,White,Male,0,0,22,United-States,<=50K
31,Private,225637,Bachelors,13,Married-spouse-absent,Handlers-cleaners,Not-in-family,White,Male,0,0,40,Japan,<=50K
43,Local-gov,93486,HS-grad,9,Married-civ-spouse,Prof-specialty,Husband,White,Male,0,0,40,United-States,>50K
32,Private,372269,HS-grad,9,Never-married,Craft-repair,Not-in-family,White,Male,0,0,40,United-States,<=50K
49,Private,171835,Prof-school,15,Married-civ-spouse,Prof-specialty,Husband,White,Male,0,0,50,United-States,>50K
55,Private,315539,Bachelors,13,Married-civ-spouse,Adm-clerical,Wife,Asian-Pac-Islander,Female,0,0,40,United-States,>50K
40,Self-emp-inc,162110,Assoc-voc,11,Never-married,Sales,Not-in-family,White,Female,0,0,29,United-States,<=50K
19,Private,354416,Some-college,10,Never-married,Craft-repair,Own-child,White,Male,0,0,40,Germany,<=50K
32,Private,261807,HS-grad,9,Divorced,Handlers-cleaners,Not-in-family,Other,Male,0,0,40,United-States,<=50K
65,Private,375300,Some-college,10,Never-married,Machine-op-inspct,Not-in-family,White,Female,0,0,28,United-States,<=50K
34,Private,89736,Prof-school,15,Widowed,Exec-managerial,Not-in-family,White,Female,0,0,36,United-States,<=50K
47,Local-gov,156730,HS-grad,9,Married-civ-spouse,Sales,Husband,White,Male,0,0,40,United-States,<=50K
43,Private,265187,1st-4th,2,Never-married,Transport-moving,Own-child,White,Male,0,0,31,United-States,<=50K
32,Self-emp-inc,131671,11th,7,Married-civ-spouse,Craft-repair,Husband,White,Male,0,0,47,United-States,>50K
39,Private,348932,HS-grad,9,Never-married,Exec-managerial,Own-child,White,Male,0,0,40,United-States,>50K
22,Local-gov,356060,Bachelors,13,Never-married,Other-service,Own-child,White,Male,0,0,40,Mexico,<=50K
22,Private,134511,HS-grad,9,Divorced,Prof-specialty,Not-in-family,White,Male,0,0,40,United-States,<=50K
23,Private,223977,HS-grad,9,Never-married,Exec-managerial,Not-in-family,White,Male,0,0,21,United-States,<=50K
37,Local-gov,199316,HS-grad,9,Never-married,Adm-clerical,Not-in-family,White,Male,0,0,37,United-States,>50K
37,Private,90900,Bachelors,13,Married-civ-spouse,Sales,Wife,White,Female,0,0,40,United-States,>50K
33,Private,378713,Bachelors,13,Divorced,Adm-clerical,Not-in-family,White,Female,0,0,40,United-States,>50K
24,Private,339975,Some-college,10,Divorced,Exec-managerial,Not-in-family,Asian-Pac-Islander,Male,0,0,21,United-States,<=50K
55,Private,120800,HS-grad,9,Married-civ-spouse,Machine-op-inspct,Wife,White,Female,0,0,34,United-States,>50K
26,Self-emp-not-inc,221973,Assoc-voc,11,Divorced,Exec-managerial,Not-in-family,White,Female,0,0,22,England,<=50K
26,Private,214679,Bachelors,13,Never-married,Machine-op-inspct,Other-relative,White,Female,0,0,41,United-States,<=50K
44,Private,266734,HS-grad,9,Married-civ-spouse,Machine-op-inspct,Husband,White,Male,0,0,23,United-States,>50K
43,Private,171079,HS-grad,9,Divorced,Machine-op-inspct,Not-in-family,White,Male,0,0,20,United-States,<=50K
35,State-gov,256345,12th,8,Divorced,Armed-Forces,Unmarried,White,Male,0,0,40,United-States,<=50K
23,Federal-gov,239786,Some-college,10,Never-married,Other-service,Not-in-family,White,Male,0,0,35,United-States,<=50K
51,Private,396831,Bachelors,13,Married-civ-spouse,Other-service,Husband,White,Male,0,0,49,Mexico,>50K
45,Private,180284,HS-grad,9,Never-married,Transport-moving,Own-child,White,Female,0,0,40,United-States,<=50K
28,Private,209648,7th-8th,4,Married-civ-spouse,Transport-moving,Husband,White,Male,0,0,40,United-States,<=50K
19,Private,272630,HS-grad,9,Never-married,Machine-op-inspct,Own-child,White,Female,0,0,39,United-States,<=50K
29,State-gov,143257,Some-college,10,Married-civ-spouse,Craft-repair,Wife,White,Female,0,0,48,United-States,<=50K
75,Federal-gov,96356,Prof-school,15,Divorced,Farming-fishing,Not-in-family,Black,Female,0,0,45,United-States,<=50K
54,Private,348400,Some-college,10,Never-married,Sales,Not-in-family,Black,Male,0,0,40,United-States,<=50K
62,Private,299617,HS-grad,9,Never-married,Transport-moving,Not-in-family,White,Female,0,0,40,United-States,<=50K
31,Private,279541,Assoc-voc,11,Married-civ-spouse,Adm-clerical,Husband,White,Male,0,0,45,United-States,<=50K
19,Private,185354,Masters,14,Never-married,Prof-specialty,Own-child,White,Male,10520,0,29,United-States,>50K
24,Self-emp-not-inc,116066,Bachelors,13,Divorced,Handlers-cleaners,Not-in-family,White,Female,0,1292,40,Vietnam,<=50K
42,Private,380726,HS-grad,9,Married-civ-spouse,Prof-specialty,Husband,White,Male,0,0,43,United-States,<=50K
50,Private,128816,Bachelors,13,Married-civ-spouse,Machine-op-inspct,Husband,White,Male,0,0,40,United-States,>50K
46,Private,312471,Assoc-acdm,12,Married-civ-spouse,Exec-managerial,Husband,White,Male,0,0,21,United-States,>50K
24,Private,104078,7th-8th,4,Divorced,Adm-clerical,Not-in-family,White,Male,0,0,43,Iran,<=50K
44,Private,101899,Some-college,10,Married-civ-spouse,Other-service,Wife,White,Female,0,0,40,United-States,>50K
45,Private,118466,Some-college,10,Never-married,Exec-managerial,Own-child,Amer-Indian-Eskimo,Male,0,0,29,United-States,<=50K
35,Private,168360,12th,8,Married-civ-spouse,Handlers-cleaners,Husband,White,Male,0,0,40,United-States,<=50K
37,Private,306949,HS-grad,9,Married-civ-spouse,Transport-moving,Wife,White,Female,0,0,40,United-States,<=50K
69,Private,316407,HS-grad,9,Never-married,Craft-repair,Own-child,White,Male,0,0,10,United-States,<=50K
44,State-gov,162619,HS-grad,9,Never-married,Sales,Other-relative,White,Male,0,0,52,United-States,<=50K
33,Private,157103,Some-college,10,Widowed,Exec-managerial,Not-in-family,White,Male,0,0,17,United-States,<=50K
67,Self-emp-not-inc,143287,Some-college,10,Married-civ-spouse,Farming-fishing,Husband,White,Male,0,0,30,United-States,<=50K
35,Private,229404,Some-college,10,Married-civ-spouse,Craft-repair,Wife,White,Female,0,0,25,United-States,>50K
30,Private,317121,Some-college,10,Divorced,Craft-repair,Not-in-family,White,Male,0,0,19,United-States,<=50K
23,Private,307681,HS-grad,9,Married-civ-spouse,Craft-repair,Husband,Amer-Indian-Eskimo,Male,0,0,40,United-States,<=50K
25,Private,267079,Bachelors,13,Married-civ-spouse,Prof-specialty,Husband,Black,Male,4386,0,24,United-States,>50K
54,Federal-gov,230568,Some-college,10,Divorced,Sales,Not-in-family,Black,Male,0,0,48,United-States,<=50K
23,Private,294921,HS-grad,9,Divorced,Craft-repair,Not-in-family,White,Female,0,0,22,United-States,<=50K
29,Private,239492,Some-college,10,Never-married,Craft-repair,Not-in-family,White,Female,0,0,48,United-States,<=50K
40,Private,351855,Some-college,10,Never-married,Machine-op-inspct,Other-relative,White,Male,0,0,40,United-States,<=50K
47,Private,301671,Bachelors,13,Married-civ-spouse,Craft-repair,Wife,White,Female,0,0,40,United-States,>50K
28,Private,87052,Some-college,10,Never-married,Adm-clerical,Not-in-family,Amer-Indian-Eskimo,Male,0,0,23,United-States,<=50K
44,Private,283060,11th,7,Never-married,Other-service,Other-relative,Black,Male,0,0,48,United-States,<=50K
32,Private,201219,Bachelors,13,Never-married,Other-service,Not-in-family,White,Male,0,0,37,United-States,<=50K
44,Private,233321,HS-grad,9,Married-civ-spouse,Craft-repair,Husband,White,Male,0,0,36,United-States,<=50K
30,Private,288639,Some-college,10,Divorced,Sales,Not-in-family,Black,Male,0,0,46,United-States,<=50K
19,Private,304803,Some-college,10,Never-married,Craft-repair,Own-child,White,Female,0,0,48,United-States,<=50K
42,Private,307520,Some-college,10,Separated,Prof-specialty,Not-in-family,Asian-Pac-Islander,Female,0,0,23,United-States,<=50K
38,Private,373133,HS-grad,9,Never-married,Transport-moving,Own-child,White,Male,0,0,45,United-States,<=50K
21,Private,153251,Some-college,10,Never-married,Adm-clerical,Own-child,White,Female,0,0,23,United-States,<=50K
48,Private,249775,Bachelors,13,Never-married,Adm-clerical,Own-child,White,Male,0,0,26,United-States,>50K
40,Private,258103,7th-8th,4,Married-civ-spouse,Handlers-cleaners,Wife,White,Female,0,0,33,United-States,<=50K
27,Private,355494,11th,7,Married-civ-spouse,Transport-moving,Wife,White,Female,0,0,14,Cuba,<=50K
48,Private,314452,1st-4th,2,Never-married,Exec-managerial,Not-in-family,White,Male,0,0,23,United-States,>50K
22,Self-emp-inc,312540,Assoc-acdm,12,Divorced,Machine-op-inspct,Not-in-family,White,Female,0,0,40,United-States,<=50K
53,Private,293430,7th-8th,4,Never-married,Handlers-cleaners,Own-child,White,Male,0,0,22,United-States,<=50K
23,Private,312274,HS-grad,9,Never-married,Farming-fishing,Other-relative,Amer-Indian-Eskimo,Male,0,0,47,China,<=50K
44,Private,86453,Some-college,10,Never-married,Adm-clerical,Own-child,White,Male,0,0,34,United-States,<=50K
52,Federal-gov,188239,Some-college,10,Never-married,Transport-moving,Own-child,White,Male,0,0,15,United-States,<=50K
43,Local-gov,335728,Some-college,10,Never-married,Prof-specialty,Own-child,White,Female,0,0,40,United-States,>50K
52,Private,280351,HS-grad,9,Never-married,Sales,Own-child,White,Male,1986,0,35,United-States,<=50K
42,Private,297735,11th,7,Married-civ-spouse,Prof-specialty,Husband,White,Male,0,0,17,United-States,>50K
56,Private,133646,HS-grad,9,Never-married,Exec-managerial,Not-in-family,White,Male,0,0,44,United-States,<=50K
35,Private,155562,Doctorate,16,Married-civ-spouse,Adm-clerical,Husband,Black,Male,0,0,31,United-States,>50K
47,Self-emp-inc,149741,HS-grad,9,Married-civ-spouse,Adm-clerical,Husband,White,Male,0,0,38,United-States,>50K
19,Private,341276,HS-grad,9,Never-married,Other-service,Own-child,White,Female,0,0,20,United-States,<=50K
35,State-gov,222044,Assoc-acdm,12,Never-married,Other-service,Not-in-family,Other,Female,0,0,60,United-States,>50K
52,Private,308063,Some-college,10,Never-married,Transport-moving,Own-child,White,Female,0,0,40,United-States,<=50K
23,Private,368595,Some-college,10,Divorced,Other-service,Unmarried,White,Male,0,0,40,United-States,<=50K
28,Private,184111,Some-college,10,Married-civ-spouse,Prof-specialty,Husband,White,Male,0,0,45,United-States,>50K
17,Private,291273,HS-grad,9,Never-married,Sales,Not-in-family,White,Male,0,0,21,United-States,<=50K
47,Private,105909,Bachelors,13,Divorced,Transport-moving,Not-in-family,White,Female,0,0,48,United-States,<=50K
32,Private,389299,HS-grad,9,Never-married,Handlers-cleaners,Not-in-family,White,Female,0,0,40,United-States,<=50K
30,Private,105858,HS-grad,9,Never-married,Prof-specialty,Not-in-family,White,Male,0,0,20,United-States,>50K
37,Private,124296,Some-college,10,Never-married,Other-service,Not-in-family,White,Male,0,0,20,United-States,>50K
22,Self-emp-not-inc,259850,Bachelors,13,Divorced,Craft-repair,Not-in-family,Amer-Indian-Eskimo,Male,0,0,40,United-States,<=50K
52,Self-emp-not-inc,346847,Some-college,10,Married-civ-spouse,Prof-specialty,Husband,Black,Male,0,0,40,Columbia,<=50K
40,Private,112974,Some-college,10,Never-married,Adm-clerical,Own-child,White,Female,0,0,50,United-States,<=50K
61,Private,122334,Some-college,10,Married-civ-spouse,Transport-moving,Husband,White,Male,0,0,40,United-States,<=50K
30,Private,118970,Some-college,10,Never-married,Handlers-cleaners,Other-relative,White,Male,0,0,40,United-States,<=50K
47,State-gov,100006,Some-college,10,Never-married,Craft-repair,Not-in-family,White,Male,0,0,50,United-States,<=50K
33,Self-emp-inc,331271,Masters,14,Married-civ-spouse,Protective-serv,Husband,White,Male,99999,0,40,United-States,>50K
24,Private,267826,Some-college,10,Married-civ-spouse,Sales,Husband,White,Male,0,0,40,India,<=50K
25,Private,386257,Some-college,10,Divorced,Handlers-cleaners,Not-in-family,White,Male,0,0,40,India,<=50K
44,State-gov,375216,Some-college,10,Married-civ-spouse,Other-service,Husband,White,Male,0,0,31,United-States,<=50K
24,Private,326470,Bachelors,13,Never-married,Exec-managerial,Other-relative,White,Male,0,0,40,United-States,<=50K
61,Self-emp-inc,369290,Some-college,10,Never-married,Prof-specialty,Own-child,White,Male,0,0,49,United-States,<=50K
25,Private,252961,Doctorate,16,Divorced,Tech-support,Not-in-family,White,Male,0,0,24,United-States,<=50K
32,Private,393093,Bachelors,13,Never-married,Adm-clerical,Own-child,White,Male,0,0,46,United-States,<=50K
50,Private,205981,Bachelors,13,Married-civ-spouse,Sales,Husband,White,Male,0,0,16,United-States,>50K
38,Private,126600,Masters,14,Never-married,Craft-repair,Own-child,White,Male,0,1848,40,United-States,>50K
23,Self-emp-not-inc,356096,Some-college,10,Never-married,Tech-support,Not-in-family,Black,Male,2101,0,40,United-States,<=50K
41,Federal-gov,196769,Some-college,10,Married-civ-spouse,Exec-managerial,Husband,White,Male,5331,0,10,United-States,>50K
42,Self-emp-not-inc,210189,Assoc-acdm,12,Never-married,Adm-clerical,Not-in-family,White,Male,0,2559,34,United-States,>50K
51,Local-gov,108189,HS-grad,9,Never-married,Tech-support,Own-child,White,Male,5178,1485,40,United-States,>50K
39,Private,389118,Some-college,10,Never-married,Adm-clerical,Own-child,White,Male,0,0,46,United-States,<=50K
48,Local-gov,358266,11th,7,Married-civ-spouse,Craft-repair,Wife,White,Female,0,0,40,United-States,>50K
36,Private,388063,Masters,14,Never-married,Transport-moving,Own-child,Asian-Pac-Islander,Male,0,0,40,Germany,<=50K
27,Local-gov,182702,HS-grad,9,Married-civ-spouse,Other-service,Wife,White,Female,0,0,32,United-States,<=50K
41,Self-emp-inc,84939,12th,8,Married-civ-spouse,Sales,Husband,White,Male,0,0,40,United-States,>50K
25,Private,273241,HS-grad,9,Never-married,Craft-repair,Not-in-family,Amer-Indian-Eskimo,Female,0,0,14,United-States,<=50K
52,Federal-gov,246398,Bachelors,13,Never-married,Farming-fishing,Not-in-family,White,Male,0,0,40,United-States,>50K
39,Private,161600,Assoc-voc,11,Married-civ-spouse,Other-service,Wife,White,Female,0,0,40,United-States,<=50K
45,Local-gov,393944,HS-grad,9,Married-civ-spouse,Tech-support,Wife,White,Female,0,0,23,South,<=50K
52,Private,100539,11th,7,Married-civ-spouse,Craft-repair,Husband,White,Male,0,0,32,United-States,<=50K
38,Private,114760,HS-grad,9,Never-married,Tech-support,Other-relative,Amer-Indian-Eskimo,Male,0,0,12,United-States,<=50K
23,Private,250251,Assoc-voc,11,Married-civ-spouse,Exec-managerial,Husband,Black,Male,0,1977,40,United-States,>50K
40,Private,224002,11th,7,Never-married,Sales,Own-child,Asian-Pac-Islander,Male,0,0,40,United-States,<=50K
78,Private,246897,Some-college,10,Married-civ-spouse,Prof-specialty,Wife,White,Female,0,0,40,United-States,>50K
38,Private,352991,HS-grad,9,Married-civ-spouse,Adm-clerical,Husband,White,Male,0,0,40,United-States,<=50K
29,Private,169338,HS-grad,9,Married-civ-spouse,Prof-specialty,Husband,White,Male,0,0,30,United-States,>50K
22,Private,245800,HS-grad,9,Never-married,Farming-fishing,Not-in-family,White,Male,0,0,48,United-States,<=50K
62,Private,132143,HS-grad,9,Married-civ-spouse,Transport-moving,Husband,White,Male,0,0,21,Jamaica,<=50K
59,Private,120347,Bachelors,13,Divorced,Sales,Not-in-family,White,Male,7298,0,47,United-States,>50K
42,Private,109836,11th,7,Married-civ-spouse,Sales,Husband,White,Male,0,0,40,United-States,<=50K
27,State-gov,231483,Some-college,10,Divorced,Sales,Not-in-family,White,Female,0,0,40,United-States,<=50K
41,Private,322986,12th,8,Married-civ-spouse,Adm-clerical,Husband,White,Male,0,0,40,United-States,<=50K
30,Private,371115,Assoc-acdm,12,Married-civ-spouse,Transport-moving,Husband,White,Male,0,0,40,Taiwan,>50K
22,Private,237606,Bachelors,13,Divorced,Machine-op-inspct,Not-in-family,White,Female,0,0,26,United-States,<=50K
30,Self-emp-inc,381097,HS-grad,9,Married-civ-spouse,Prof-specialty,Husband,White,Male,0,0,52,United-States,<=50K
27,Private,386902,HS-grad,9,Divorced,Exec-managerial,Not-in-family,White,Male,0,0,36,United-States,<=50K
38,Self-emp-inc,356286,HS-grad,9,Divorced,Machine-op-inspct,Not-in-family,Black,Female,0,0,25,United-States,<=50K
40,Self-emp-not-inc,152904,Some-college,10,Divorced,Adm-clerical,Not-in-family,White,Female,0,0,38,India,<=50K
57,Private,344838,Masters,14,Married-civ-spouse,Other-service,Husband,White,Male,0,0,21,United-States,<=50K
52,Private,168932,Some-college,10,Never-married,Other-service,Own-child,Amer-Indian-Eskimo,Male,0,0,40,United-States,<=50K
63,Private,212510,HS-grad,9,Divorced,Other-service,Not-in-family,White,Male,0,0,37,Mexico,<=50K
36,Private,196778,HS-grad,9,Never-married,Machine-op-inspct,Own-child,White,Male,0,0,14,United-States,<=50K
21,Private,306062,Some-college,10,Married-civ-spouse,Adm-clerical,Husband,Asian-Pac-Islander,Male,0,0,11,United-States,<=50K
17,Private,80189,Some-college,10,Never-married,Sales,Other-relative,White,Male,0,0,50,United-States,<=50K
25,Private,97671,HS-grad,9,Married-civ-spouse,Other-service,Husband,White,Male,0,0,38,Columbia,>50K
35,Private,177346,Masters,14,Never-married,Craft-repair,Own-child,Black,Female,0,0,40,United-States,<=50K
33,Private,182903,Bachelors,13,Married-civ-spouse,Transport-moving,Husband,White,Male,0,0,40,United-States,<=50K
27,Private,146658,HS-grad,9,Married-civ-spouse,Adm-clerical,Husband,White,Male,0,0,18,United-States,<=50K
49,Private,324793,Some-college,10,Divorced,Farming-fishing,Not-in-family,White,Female,0,0,40,United-States,<=50K
35,Private,90586,11th,7,Married-civ-spouse,Prof-specialty,Husband,White,Male,0,0,40,United-States,>50K
26,Local-gov,331912,Some-college,10,Never-married,Sales,Not-in-family,White,Female,0,0,39,India,<=50K
56,Private,352815,10th,6,Divorced,Exec-managerial,Not-in-family,White,Female,0,0,40,United-States,<=50K
53,Private,245316,HS-grad,9,Never-married,Craft-repair,Own-child,White,Male,0,0,40,United-States,<=50K
22,Private,190316,Masters,14,Married-civ-spouse,Adm-clerical,Husband,White,Male,0,0,40,United-States,>50K
28,Private,268970,HS-grad,9,Divorced,Exec-managerial,Not-in-family,Asian-Pac-Islander,Male,0,0,40,United-States,<=50K
33,Private,340388,HS-grad,9,Married-civ-spouse,Machine-op-inspct,Wife,White,Female,0,0,55,United-States,<=50K
24,Private,265151,Assoc-acdm,12,Never-married,Sales,Not-in-family,White,Female,0,0,14,United-States,<=50K
33,Private,281488,Assoc-acdm,12,Divorced,Machine-op-inspct,Not-in-family,White,Male,0,0,47,Taiwan,<=50K
28,Private,209807,HS-grad,9,Married-civ-spouse,Adm-clerical,Husband,White,Male,0,0,44,United-States,<=50K
17,Private,307628,Some-college,10,Never-married,Prof-specialty,Own-child,White,Female,0,0,40,United-States,>50K
51,Self-emp-not-inc,347417,Bachelors,13,Married-civ-spouse,Sales,Wife,White,Female,0,0,40,United-States,>50K
22,Private,343593,Bachelors,13,Married-civ-spouse,Protective-serv,Wife,White,Female,0,0,40,United-States,<=50K
38,Private,358629,HS-grad,9,Married-spouse-absent,Prof-specialty,Not-in-family,White,Male,0,0,40,United-States,<=50K
23,Private,136464,HS-grad,9,Divorced,Exec-managerial,Not-in-family,White,Male,0,0,22,Iran,<=50K
34,Private,331604,Some-college,10,Divorced,Sales,Not-in-family,White,Male,0,0,40,United-States,<=50K
43,Self-emp-not-inc,238208,HS-grad,9,Never-married,Adm-clerical,Not-in-family,White,Male,0,0,60,United-States,>50K
40,Private,189308,HS-grad,9,Married-civ-spouse,Transport-moving,Wife,White,Female,0,0,40,India,<=50K
31,Private,324404,Bachelors,13,Divorced,Craft-repair,Unmarried,White,Male,0,0,29,United-States,<=50K
23,Private,227868,Bachelors,13,Married-civ-spouse,Prof-specialty,Husband,White,Male,0,0,41,United-States,<=50K
24,Private,225479,HS-grad,9,Married-spouse-absent,Farming-fishing,Not-in-family,White,Male,0,0,19,United-States,<=50K
32,Private,355683,Bachelors,13,Never-married,Transport-moving,Not-in-family,Black,Male,0,0,15,Mexico,>50K
53,Private,201750,Some-college,10,Married-civ-spouse,Prof-specialty,Husband,White,Male,0,0,55,United-States,>50K
54,Private,337862,HS-grad,9,Never-married,Adm-clerical,Not-in-family,White,Male,0,0,40,Cuba,<=50K
44,Private,197526,Assoc-acdm,12,Never-married,Exec-managerial,Not-in-family,White,Male,0,0,55,United-States,>50K
46,Private,85729,Assoc-acdm,12,Married-civ-spouse,Adm-clerical,Husband,White,Male,0,0,51,United-States,>50K
39,Private,305623,HS-grad,9,Married-civ-spouse,Other-service,Husband,Black,Male,0,0,10,United-States,<=50K
36,Private,363073,Bachelors,13,Divorced,Sales,Unmarried,White,Male,0,0,29,United-States,<=50K
39,Self-emp-inc,164103,Bachelors,13,Married-civ-spouse,Other-service,Wife,Amer-Indian-Eskimo,Female,0,0,11,United-States,<=50K
54,State-gov,142205,Some-college,10,Divorced,Other-service,Not-in-family,White,Male,0,0,40,United-States,<=50K
61,Private,306474,Some-college,10,Never-married,Craft-repair,Not-in-family,White,Male,0,0,40,United-States,<=50K
50,Private,153465,HS-grad,9,Never-married,Exec-managerial,Own-child,White,Female,0,0,51,United-States,>50K
21,Private,121644,HS-grad,9,Married-civ-spouse,Exec-managerial,Husband,White,Male,0,0,40,United-States,<=50K
28,Private,244410,Bachelors,13,Divorced,Tech-support,Not-in-family,White,Male,0,0,40,United-States,<=50K
37,Private,298672,HS-grad,9,Never-married,Adm-clerical,Not-in-family,White,Female,0,0,39,United-States,>50K
56,Private,239485,HS-grad,9,Married-civ-spouse,Farming-fishing,Husband,White,Male,0,0,40,United-States,<=50K
30,Private,218018,Some-college,10,Divorced,Craft-repair,Unmarried,White,Male,0,0,40,United-States,<=50K
28,Private,122223,Some-college,10,Separated,Machine-op-inspct,Not-in-family,White,Male,0,0,55,United-States,<=50K
35,Private,187049,Some-college,10,Never-married,Adm-clerical,Own-child,White,Female,0,0,60,United-States,<=50K
23,Private,362476,Assoc-voc,11,Never-married,Handlers-cleaners,Other-relative,White,Male,99999,0,60,United-States,>50K
26,Private,332397,Some-college,10,Married-civ-spouse,Farming-fishing,Husband,Black,Male,0,0,38,United-States,<=50K
21,Private,336389,Some-college,10,Never-married,Handlers-cleaners,Own-child,White,Female,0,0,40,United-States,<=50K
49,Private,250461,12th,8,Divorced,Machine-op-inspct,Unmarried,White,Male,14084,0,11,United-States,>50K
23,Private,277491,Assoc-acdm,12,Married-civ-spouse,Machine-op-inspct,Husband,White,Male,0,0,20,United-States,<=50K
27,Private,224025,10th,6,Never-married,Transport-moving,Own-child,White,Male,0,0,40,United-States,<=50K
56,Private,384422,Bachelors,13,Divorced,Craft-repair,Not-in-family,White,Male,0,0,50,United-States,<=50K
32,Private,245679,Bachelors,13,Married-civ-spouse,Sales,Wife,White,Female,0,0,19,United-States,>50K
44,Private,114801,Bachelors,13,Divorced,Sales,Not-in-family,White,Male,0,0,40,United-States,<=50K
19,Private,200105,Some-college,10,Never-married,Craft-repair,Own-child,White,Male,0,0,40,United-States,<=50K
32,Local-gov,102942,HS-grad,9,Never-married,Prof-specialty,Own-child,Asian-Pac-Islander,Male,0,0,34,United-States,<=50K
72,Private,88039,Some-college,10,Married-civ-spouse,Sales,Husband,White,Male,0,0,51,United-States,<=50K
62,Private,94535,Some-college,10,Married-civ-spouse,Adm-clerical,Husband,White,Male,0,0,26,United-States,<=50K
41,Private,323622,Assoc-acdm,12,Never-married,Prof-specialty,Other-relative,White,Male,0,0,40,United-States,>50K
41,Private,318542,Masters,14,Married-spouse-absent,Sales,Not-in-family,Black,Male,0,0,31,United-States,<=50K
47,Private,236510,Some-college,10,Married-civ-spouse,Tech-support,Husband,White,Male,0,0,40,United-States,<=50K
35,Private,233137,Some-college,10,Divorced,Transport-moving,Not-in-family,White,Male,0,0,25,United-States,<=50K
38,Private,366042,HS-grad,9,Never-married,Adm-clerical,Not-in-family,Black,Male,0,0,21,United-States,<=50K
32,Private,95676,Some-college,10,Married-civ-spouse,Exec-managerial,Husband,White,Male,0,0,45,United-States,>50K
48,Self-emp-not-inc,295594,HS-grad,9,Married-civ-spouse,Other-service,Wife,White,Female,8614,0,40,United-States,>50K
47,Private,327161,HS-grad,9,Divorced,Farming-fishing,Unmarried,Black,Female,0,0,51,United-States,<=50K
22,Private,219692,Prof-school,15,Married-civ-spouse,Prof-specialty,Husband,White,Male,0,0,14,United-States,<=50K
42,Private,393569,Some-college,10,Never-married,Exec-managerial,Own-child,White,Male,0,0,40,United-States,<=50K
54,Private,162808,Some-college,10,Never-married,Farming-fishing,Not-in-family,White,Male,0,0,51,United-States,<=50K
33,Private,375383,Some-college,10,Never-married,Exec-managerial,Not-in-family,Black,Male,0,0,40,United-States,<=50K
32,Private,151428,Some-college,10,Separated,Other-service,Not-in-family,White,Male,0,0,40,United-States,<=50K
44,Private,124596,HS-grad,9,Never-married,Prof-specialty,Other-relative,White,Female,0,0,27,United-States,>50K
47,Private,373177,Some-college,10,Married-civ-spouse,Transport-moving,Husband,White,Male,0,0,20,United-States,>50K
33,State-gov,112136,9th,5,Married-civ-spouse,Craft-repair,Wife,White,Female,0,0,40,United-States,>50K
69,Private,176116,HS-grad,9,Married-civ-spouse,Machine-op-inspct,Husband,Black,Male,0,0,11,United-States,<=50K
42,Private,145972,11th,7,Married-civ-spouse,Sales,Husband,Black,Male,0,0,40,United-States,<=50K
24,Private,352900,Bachelors,13,Married-civ-spouse,Prof-specialty,Wife,White,Female,0,0,40,United-States,>50K
35,Self-emp-not-inc,377936,Masters,14,Never-married,Adm-clerical,Not-in-family,White,Female,0,0,48,United-States,>50K
21,Private,336519,Some-college,10,Never-married,Adm-clerical,Own-child,White,Female,0,0,22,United-States,<=50K
37,Private,289687,Bachelors,13,Never-married,Prof-specialty,Own-child,White,Female,0,0,45,Japan,<=50K
21,Private,397202,Bachelors,13,Never-married,Prof-specialty,Own-child,White,Male,0,0,31,United-States,>50K
55,Private,257682,Bachelors,13,Never-married,Other-service,Own-child,White,Female,0,0,40,United-States,>50K
56,State-gov,240938,1st-4th,2,Married-civ-spouse,Adm-clerical,Husband,White,Male,0,0,41,United-States,<=50K
47,Self-emp-not-inc,129856,HS-grad,9,Married-civ-spouse,Exec-managerial,Husband,Black,Male,0,0,40,United-States,>50K
28,Private,81859,Some-college,10,Never-married,Transport-moving,Own-child,White,Male,0,0,40,United-States,<=50K
22,Private,82113,HS-grad,9,Never-married,Prof-specialty,Own-child,White,Female,4386,1902,14,United-States,>50K
31,Private,307916,9th,5,Never-married,Craft-repair,Not-in-family,White,Female,0,0,40,United-States,<=50K
33,Private,307552,Some-college,10,Married-civ-spouse,Prof-specialty,Husband,White,Male,0,0,48,United-States,>50K
43,Private,180389,Bachelors,13,Never-married,Machine-op-inspct,Other-relative,White,Female,2064,0,40,United-States,<=50K
48,Private,83924,HS-grad,9,Never-married,Craft-repair,Other-relative,White,Male,0,0,40,United-States,<=50K
33,Private,240754,Bachelors,13,Never-married,Handlers-cleaners,Not-in-family,White,Female,0,0,40,United-States,>50K
47,Private,255894,5th-6th,3,Married-civ-spouse,Farming-fishing,Husband,White,Male,0,0,40,United-States,>50K
20,Self-emp-inc,396796,HS-grad,9,Never-married,Other-service,Own-child,White,Male,0,0,40,United-States,<=50K
43,Private,338585,Assoc-acdm,12,Never-married,Other-service,Not-in-family,White,Female,0,0,26,United-States,<=50K
22,Private,379237,Some-college,10,Married-civ-spouse,Prof-specialty,Husband,Black,Male,0,0,60,South,<=50K
53,Private,317410,Assoc-voc,11,Never-married,Craft-repair,Own-child,Black,Male,3103,0,40,United-States,>50K
43,Private,214111,Assoc-voc,11,Married-civ-spouse,Exec-managerial,Husband,White,Male,0,0,36,United-States,>50K
61,Private,307179,Some-college,10,Never-married,Sales,Own-child,White,Male,0,0,45,United-States,<=50K
34,Private,385824,HS-grad,9,Married-civ-spouse,Exec-managerial,Wife,White,Female,0,0,40,United-States,<=50K
28,Private,263762,Bachelors,13,Never-married,Machine-op-inspct,Own-child,Black,Female,0,0,14,United-States,>50K
67,Private,125959,Bachelors,13,Never-married,Machine-op-inspct,Own-child,White,Male,0,0,28,United-States,<=50K
22,State-gov,162256,Bachelors,13,Married-spouse-absent,Tech-support,Not-in-family,White,Female,0,0,40,United-States,>50K
40,Private,147436,Bachelors,13,Married-civ-spouse,Exec-managerial,Husband,White,Male,10520,0,17,United-States,>50K
33,Private,122564,12th,8,Never-married,Tech-support,Not-in-family,White,Male,0,0,60,United-States,>50K
64,Private,157613,Bachelors,13,Married-civ-spouse,Adm-clerical,Husband,White,Male,0,0,45,United-States,>50K
37,State-gov,364235,1st-4th,2,Separated,Transport-moving,Not-in-family,White,Male,0,0,40,United-States,<=50K
47,Local-gov,381190,Doctorate,16,Married-civ-spouse,Tech-support,Husband,White,Male,15024,2415,40,United-States,>50K
26,Private,206412,Bachelors,13,Divorced,Sales,Not-in-family,White,Male,0,0,40,United-States,>50K
37,Private,363584,Assoc-acdm,12,Never-married,Other-service,Own-child,White,Male,0,0,40,United-States,>50K
24,Private,376979,11th,7,Married-civ-spouse,Exec-managerial,Husband,White,Male,0,0,40,United-States,<=50K
29,Private,155287,Bachelors,13,Married-civ-spouse,Sales,Husband,White,Male,0,0,50,United-States,<=50K
44,Private,98187,HS-grad,9,Married-civ-spouse,Exec-managerial,Wife,White,Female,7298,0,45,United-States,>50K
22,Private,157661,HS-grad,9,Divorced,Sales,Not-in-family,White,Female,4674,0,31,United-States,<=50K
39,Private,220030,HS-grad,9,Never-married,Exec-managerial,Not-in-family,White,Male,0,0,31,United-States,<=50K
42,Private,306346,Masters,14,Never-married,Prof-specialty,Not-in-family,White,Female,0,0,40,United-States,<=50K
38,Private,325768,HS-grad,9,Never-married,Other-service,Own-child,White,Female,0,0,19,United-States,<=50K
48,Private,107959,HS-grad,9,Married-civ-spouse,Sales,Husband,White,Male,0,0,40,United-States,<=50K
38,Private,214161,HS-grad,9,Never-married,Craft-repair,Not-in-family,White,Female,0,0,33,United-States,<=50K
45,Private,369688,Assoc-acdm,12,Married-civ-spouse,Craft-repair,Husband,White,Male,0,0,40,United-States,>50K
20,State-gov,120099,HS-grad,9,Married-civ-spouse,Craft-repair,Husband,White,Male,0,0,40,United-States,<=50K
53,Self-emp-inc,259984,Assoc-acdm,12,Married-civ-spouse,Sales,Husband,White,Male,0,0,40,United-States,>50K
48,Private,176487,HS-grad,9,Married-civ-spouse,Exec-managerial,Husband,White,Male,0,0,40,United-States,<=50K
61,Private,259942,HS-grad,9,Married-civ-spouse,Transport-moving,Wife,White,Female,0,0,40,United-States,>50K
27,Private,372626,Some-college,10,Married-civ-spouse,Exec-managerial,Husband,White,Male,0,0,31,United-States,>50K
43,Private,130148,HS-grad,9,Married-civ-spouse,Sales,Husband,White,Male,0,1549,40,United-States,<=50K
78,Without-pay,204032,Assoc-voc,11,Divorced,Machine-op-inspct,Not-in-family,White,Male,0,0,45,United-States,<=50K
50,Self-emp-inc,371137,Masters,14,Never-married,Other-service,Own-child,White,Male,0,0,40,United-States,>50K
22,Private,270915,Assoc-voc,11,Married-civ-spouse,Machine-op-inspct,Wife,White,Female,0,0,60,United-States,<=50K
30,Private,235897,HS-grad,9,Never-married,Prof-specialty,Other-relative,White,Male,0,0,40,United-States,>50K
65,Private,140156,Some-college,10,Never-married,Handlers-cleaners,Not-in-family,White,Male,0,0,40,United-States,<=50K
25,Private,126424,HS-grad,9,Divorced,Adm-clerical,Unmarried,White,Male,0,0,40,United-States,<=50K
53,State-gov,222505,9th,5,Divorced,Tech-support,Not-in-family,White,Male,0,0,16,United-States,<=50K
30,Private,269201,Some-college,10,Separated,Craft-repair,Unmarried,White,Male,0,0,48,United-States,<=50K
39,Private,154651,HS-grad,9,Married-civ-spouse,Machine-op-inspct,Husband,White,Male,0,0,40,Cuba,<=50K
62,Private,176509,Some-college,10,Married-civ-spouse,Transport-moving,Wife,White,Female,0,0,14,El-Salvador,<=50K
34,Private,362102,Assoc-acdm,12,Divorced,Transport-moving,Not-in-family,White,Male,0,0,40,Mexico,<=50K
67,Local-gov,356922,HS-grad,9,Widowed,Other-service,Not-in-family,White,Female,0,0,16,United-States,<=50K
48,Private,209398,HS-grad,9,Divorced,Farming-fishing,Not-in-family,White,Female,0,0,40,United-States,>50K
48,Private,134618,HS-grad,9,Married-civ-spouse,Protective-serv,Husband,White,Male,0,0,52,United-States,>50K
64,Private,83141,Some-college,10,Never-married,Craft-repair,Other-relative,Black,Male,0,0,40,United-States,<=50K
36,Private,303865,Some-college,10,Never-married,Craft-repair,Own-child,White,Male,0,0,40,United-States,<=50K
46,Private,239769,HS-grad,9,Married-civ-spouse,Sales,Wife,White,Female,0,0,40,United-States,>50K
63,Private,177216,Some-college,10,Married-civ-spouse,Prof-specialty,Husband,White,Male,0,0,42,United-States,<=50K
61,Private,277664,10th,6,Married-civ-spouse,Adm-clerical,Husband,White,Male,0,0,55,United-States,>50K
38,Private,171777,Masters,14,Married-civ-spouse,Prof-specialty,Husband,White,Male,0,0,40,United-States,<=50K
53,Private,240487,Assoc-acdm,12,Married-civ-spouse,Exec-managerial,Wife,White,Female,0,0,40,United-States,<=50K
27,Private,173337,Some-college,10,Married-civ-spouse,Other-service,Wife,White,Female,0,0,49,Canada,<=50K
36,Private,116785,10th,6,Married-civ-spouse,Other-service,Husband,Black,Male,0,0,40,United-States,>50K
50,Self-emp-inc,96087,Bachelors,13,Married-civ-spouse,Machine-op-inspct,Husband,White,Male,4597,0,40,United-States,>50K
41,Private,212189,HS-grad,9,Married-civ-spouse,Transport-moving,Wife,White,Female,0,0,40,Italy,<=50K
38,Private,350477,HS-grad,9,Married-civ-spouse,Priv-house-serv,Husband,White,Male,0,0,48,United-States,<=50K
18,Private,356476,Masters,14,Never-married,Protective-serv,Own-child,White,Female,0,0,40,United-States,>50K
28,Private,249387,Some-college,10,Never-married,Tech-support,Own-child,White,Female,0,0,17,United-States,<=50K
47,Local-gov,123445,Masters,14,Widowed,Sales,Not-in-family,White,Female,0,0,43,United-States,<=50K
36,Private,303097,Some-college,10,Married-civ-spouse,Craft-repair,Wife,White,Female,0,0,31,Mexico,<=50K
19,Private,398620,Some-college,10,Never-married,Prof-specialty,Own-child,White,Female,0,0,30,United-States,<=50K
40,Private,369010,Bachelors,13,Never-married,Machine-op-inspct,Own-child,White,Male,0,0,30,United-States,<=50K
37,Local-gov,286479,Assoc-voc,11,Widowed,Sales,Unmarried,White,Male,0,0,40,United-States,>50K
62,Private,95716,HS-grad,9,Divorced,Exec-managerial,Not-in-family,Black,Male,0,0,27,United-States,>50K
41,Private,86973,Some-college,10,Never-married,Prof-specialty,Not-in-family,White,Female,0,0,40,United-States,>50K
38,Private,259497,HS-grad,9,Married-civ-spouse,Other-service,Husband,White,Male,0,0,16,United-States,<=50K
52,Private,225038,HS-grad,9,Never-married,Other-service,Other-relative,White,Male,0,1740,42,United-States,>50K
28,Private,102782,Bachelors,13,Never-married,Adm-clerical,Own-child,White,Female,0,0,40,United-States,<=50K
42,Self-emp-inc,115018,Bachelors,13,Married-civ-spouse,Exec-managerial,Wife,White,Female,0,0,40,United-States,>50K
29,Self-emp-not-inc,192157,HS-grad,9,Married-civ-spouse,Machine-op-inspct,Wife,Asian-Pac-Islander,Female,0,0,48,United-States,<=50K
34,Self-emp-inc,282939,5th-6th,3,Never-married,Adm-clerical,Not-in-family,Amer-Indian-Eskimo,Female,0,0,40,United-States,<=50K
41,Private,387167,Bachelors,13,Married-civ-spouse,Machine-op-inspct,Husband,White,Male,0,0,40,United-States,<=50K
40,Private,110154,Assoc-voc,11,Divorced,Transport-moving,Not-in-family,White,Male,0,0,47,United-States,<=50K
27,Private,168680,11th,7,Married-civ-spouse,Prof-specialty,Husband,White,Male,0,0,45,United-States,<=50K
24,Private,395076,HS-grad,9,Divorced,Adm-clerical,Not-in-family,Asian-Pac-Islander,Male,0,0,30,United-States,<=50K
28,Private,98540,Some-college,10,Divorced,Sales,Not-in-family,White,Male,0,0,40,United-States,<=50K
42,Private,360267,Some-college,10,Married-civ-spouse,Exec-managerial,Wife,White,Female,0,0,14,United-States,>50K
22,Private,216417,Some-college,10,Divorced,Prof-specialty,Not-in-family,White,Female,0,0,60,El-Salvador,<=50K
28,Local-gov,240400,Assoc-voc,11,Married-civ-spouse,Other-service,Husband,Asian-Pac-Islander,Male,0,0,29,United-States,<=50K
29,Private,295987,11th,7,Married-civ-spouse,Protective-serv,Husband,White,Male,0,0,40,United-States,<=50K
38,Private,269715,Bachelors,13,Married-civ-spouse,Sales,Husband,White,Male,15024,0,13,China,>50K
52,Federal-gov,272645,HS-grad,9,Married-spouse-absent,Prof-specialty,Not-in-family,White,Male,0,0,42,United-States,<=50K
26,State-gov,225665,7th-8th,4,Married-civ-spouse,Farming-fishing,Wife,White,Female,0,0,60,India,<=50K
21,Private,82697,9th,5,Never-married,Other-service,Own-child,White,Female,0,0,28,United-States,<=50K
37,Private,209265,Some-college,10,Never-married,Adm-clerical,Own-child,White,Male,0,0,16,United-States,<=50K
33,Self-emp-not-inc,88317,Bachelors,13,Married-civ-spouse,Prof-specialty,Wife,White,Female,0,0,40,United-States,<=50K
29,Local-gov,151290,1st-4th,2,Never-married,Sales,Not-in-family,White,Female,0,0,28,United-States,<=50K
42,Private,308716,Bachelors,13,Married-civ-spouse,Tech-support,Husband,White,Male,0,1848,45,Dominican-Republic,>50K
24,Private,271244,Some-college,10,Never-married,Transport-moving,Not-in-family,White,Male,0,0,40,United-States,<=50K
46,Private,116060,HS-grad,9,Married-civ-spouse,Craft-repair,Husband,White,Male,0,0,40,United-States,>50K
20,Private,326714,Some-college,10,Never-married,Sales,Own-child,White,Male,0,0,18,United-States,<=50K
19,Private,386476,Bachelors,13,Never-married,Transport-moving,Own-child,White,Female,0,0,10,United-States,>50K
47,Private,224130,Assoc-voc,11,Married-civ-spouse,Other-service,Wife,Black,Female,0,0,12,United-States,<=50K
41,Private,175245,Some-college,10,Married-civ-spouse,Craft-repair,Husband,White,Male,0,0,40,United-States,<=50K
22,Private,104084,HS-grad,9,Married-civ-spouse,Craft-repair,Husband,White,Male,0,0,38,El-Salvador,>50K
42,Private,341618,HS-grad,9,Never-married,Other-service,Not-in-family,White,Female,0,0,40,United-States,<=50K
41,Private,262260,10th,6,Married-civ-spouse,Exec-managerial,Husband,White,Male,0,0,40,United-States,<=50K
37,Private,193520,Assoc-acdm,12,Never-married,Exec-managerial,Own-child,White,Male,0,0,21,United-States,<=50K
70,Private,208401,Masters,14,Never-married,Craft-repair,Own-child,White,Male,0,0,49,United-States,>50K
59,Private,105376,Assoc-voc,11,Divorced,Farming-fishing,Not-in-family,White,Female,0,0,19,United-States,<=50K
24,Self-emp-not-inc,338745,Bachelors,13,Married-civ-spouse,Sales,Husband,White,Male,0,0,40,United-States,>50K
36,Private,102960,Bachelors,13,Divorced,Transport-moving,Not-in-family,White,Female,0,0,38,United-States,<=50K
38,Private,303141,HS-grad,9,Married-civ-spouse,Exec-managerial,Husband,White,Male,0,0,40,United-States,<=50K
18,Private,315033,Bachelors,13,Never-married,Adm-clerical,Own-child,White,Male,0,0,40,United-States,<=50K
50,Private,200623,Assoc-acdm,12,Married-civ-spouse,Other-service,Husband,White,Male,0,0,29,United-States,<=50K
38,Private,213589,Some-college,10,Never-married,Other-service,Own-child,White,Female,0,0,24,United-States,<=50K
29,Private,354751,Some-college,10,Married-civ-spouse,Adm-clerical,Husband,White,Male,0,0,47,United-States,>50K
35,Private,142800,Masters,14,Married-civ-spouse,Craft-repair,Husband,White,Male,0,0,40,United-States,>50K
30,Federal-gov,185311,5th-6th,3,Never-married,Other-service,Other-relative,White,Female,0,0,40,United-States,<=50K
23,Private,218039,Some-college,10,Never-married,Prof-specialty,Not-in-family,Black,Male,0,0,28,United-States,>50K
64,Private,372475,Some-college,10,Married-civ-spouse,Sales,Husband,White,Male,0,0,40,United-States,<=50K
42,Private,391329,HS-grad,9,Divorced,Adm-clerical,Not-in-family,White,Female,0,0,40,Jamaica,<=50K
23,Private,138225,11th,7,Divorced,Adm-clerical,Not-in-family,White,Female,0,0,20,Canada,<=50K
33,Private,182753,HS-grad,9,Divorced,Prof-specialty,Not-in-family,White,Female,0,0,21,United-States,<=50K
44,Private,165061,Masters,14,Divorced,Craft-repair,Not-in-family,Black,Male,0,0,16,United-States,<=50K
64,Private,109774,HS-grad,9,Married-civ-spouse,Other-service,Wife,White,Female,5178,0,40,United-States,>50K
76,Self-emp-not-inc,319047,Bachelors,13,Never-married,Sales,Own-child,White,Male,0,0,49,United-States,<=50K
47,Private,181543,Bachelors,13,Married-civ-spouse,Sales,Husband,White,Male,5013,0,40,United-States,>50K
42,Private,83782,12th,8,Never-married,Machine-op-inspct,Not-in-family,White,Male,0,0,40,United-States,<=50K
31,Private,336510,HS-grad,9,Divorced,Protective-serv,Not-in-family,White,Female,0,0,40,United-States,<=50K
26,Private,164454,Some-college,10,Married-civ-spouse,Sales,Husband,White,Male,1724,0,45,United-States,<=50K
25,Private,296056,Some-college,10,Married-civ-spouse,Craft-repair,Husband,White,Male,0,0,55,United-States,<=50K
49,Private,158540,HS-grad,9,Married-civ-spouse,Sales,Husband,White,Male,0,0,40,United-States,>50K
31,Private,155873,Bachelors,13,Widowed,Sales,Unmarried,White,Male,0,0,13,United-States,<=50K
31,Private,136820,HS-grad,9,Divorced,Prof-specialty,Not-in-family,White,Male,0,0,40,Mexico,>50K
30,Federal-gov,399666,Some-college,10,Married-civ-spouse,Prof-specialty,Husband,Asian-Pac-Islander,Male,1477,0,44,United-States,<=50K
40,State-gov,190630,HS-grad,9,Married-civ-spouse,Other-service,Husband,White,Male,0,0,40,United-States,<=50K
50,State-gov,280491,Bachelors,13,Never-married,Exec-managerial,Own-child,Amer-Indian-Eskimo,Female,0,0,32,United-States,>50K
37,Private,394213,Some-college,10,Married-civ-spouse,Protective-serv,Husband,White,Male,0,0,24,United-States,<=50K
24,Private,165320,Some-college,10,Married-civ-spouse,Other-service,Husband,White,Male,3891,0,46,United-States,<=50K
36,Private,124644,HS-grad,9,Never-married,Prof-specialty,Not-in-family,White,Male,0,0,45,United-States,<=50K
28,Private,349854,11th,7,Married-civ-spouse,Transport-moving,Husband,Asian-Pac-Islander,Male,3945,0,40,United-States,<=50K
43,Private,366912,HS-grad,9,Never-married,Sales,Not-in-family,White,Female,0,0,36,China,<=50K
19,Private,341470,HS-grad,9,Never-married,Prof-specialty,Own-child,White,Male,0,0,40,Vietnam,<=50K
44,Self-emp-not-inc,164173,Prof-school,15,Married-civ-spouse,Transport-moving,Husband,White,Male,0,0,16,United-States,>50K
32,Private,316554,Some-college,10,Never-married,Machine-op-inspct,Own-child,White,Male,0,0,40,Cuba,<=50K
29,Private,109892,Assoc-acdm,12,Divorced,Adm-clerical,Unmarried,White,Female,0,0,40,United-States,<=50K
49,Private,372555,Some-college,10,Married-civ-spouse,Sales,Wife,White,Female,0,0,50,United-States,>50K
24,Private,364726,Some-college,10,Divorced,Adm-clerical,Not-in-family,White,Female,0,0,10,Jamaica,<=50K
33,Private,180887,HS-grad,9,Married-civ-spouse,Craft-repair,Husband,White,Male,0,1809,40,United-States,<=50K
31,Private,186497,Bachelors,13,Married-civ-spouse,Farming-fishing,Husband,White,Male,0,0,40,United-States,<=50K
55,Private,379829,11th,7,Married-civ-spouse,Sales,Husband,White,Male,0,0,40,United-States,>50K
29,Private,355815,Bachelors,13,Divorced,Sales,Not-in-family,Other,Male,0,0,40,United-States,<=50K
26,Private,303006,Some-college,10,Never-married,Farming-fishing,Own-child,White,Male,0,0,55,United-States,<=50K
50,Private,107287,Some-college,10,Never-married,Sales,Own-child,White,Male,0,1902,55,United-States,>50K
32,Private,309952,HS-grad,9,Married-civ-spouse,Other-service,Wife,Black,Female,0,0,40,United-States,<=50K
50,Private,285179,HS-grad,9,Separated,Handlers-cleaners,Not-in-family,White,Male,0,0,40,United-States,<=50K
37,State-gov,213239,Some-college,10,Married-civ-spouse,Adm-clerical,Wife,White,Female,0,0,33,United-States,<=50K
32,Private,258569,HS-grad,9,Separated,Prof-specialty,Unmarried,White,Male,0,0,27,United-States,<=50K
25,Private,350662,Bachelors,13,Married-civ-spouse,Adm-clerical,Husband,White,Male,0,0,40,United-States,>50K
33,Private,89505,Some-college,10,Married-civ-spouse,Craft-repair,Wife,Black,Female,0,0,45,United-States,>50K
42,Private,341196,Masters,14,Never-married,Tech-support,Other-relative,White,Female,0,0,39,United-States,<=50K
37,Private,85145,HS-grad,9,Married-civ-spouse,Craft-repair,Husband,White,Male,0,0,40,United-States,<=50K
25,Private,164436,HS-grad,9,Never-married,Craft-repair,Own-child,White,Female,0,0,40,United-States,<=50K
42,Private,234039,Some-college,10,Never-married,Prof-specialty,Other-relative,White,Male,0,0,39,Mexico,<=50K
52,Private,357247,10th,6,Widowed,Adm-clerical,Not-in-family,White,Male,0,0,35,United-States,<=50K
22,Private,115726,HS-grad,9,Divorced,Other-service,Not-in-family,White,Female,0,0,40,United-States,<=50K
58,Private,357589,HS-grad,9,Never-married,Adm-clerical,Other-relative,Black,Male,0,0,20,United-States,<=50K
42,Private,281597,10th,6,Never-married,Craft-repair,Own-child,White,Female,0,0,20,United-States,<=50K
22,Private,291285,Masters,14,Never-married,Handlers-cleaners,Own-child,White,Female,0,0,40,Mexico,<=50K
29,Private,305807,Assoc-voc,11,Divorced,Exec-managerial,Not-in-family,White,Male,0,0,40,United-States,<=50K
37,Private,230961,Some-college,10,Married-civ-spouse,Machine-op-inspct,Wife,White,Female,0,0,40,United-States,<=50K
41,Self-emp-not-inc,83992,Masters,14,Married-civ-spouse,Prof-specialty,Husband,White,Male,3103,0,51,United-States,>50K
47,Private,381831,Some-college,10,Never-married,Prof-specialty,Other-relative,White,Male,0,0,38,United-States,<=50K
48,Private,188170,Bachelors,13,Divorced,Exec-managerial,Not-in-family,White,Male,0,0,40,United-States,>50K
47,Private,337765,Some-college,10,Married-civ-spouse,Adm-clerical,Husband,White,Male,0,0,40,United-States,>50K
21,Private,102587,Some-college,10,Never-married,Craft-repair,Own-child,White,Male,0,0,40,United-States,<=50K
40,Private,262448,HS-grad,9,Married-civ-spouse,Sales,Husband,White,Male,0,0,40,Cuba,>50K
62,Local-gov,336575,HS-grad,9,Married-civ-spouse,Craft-repair,Wife,White,Female,0,0,40,United-States,<=50K
30,Private,191849,HS-grad,9,Married-civ-spouse,Other-service,Wife,White,Female,0,0,16,United-States,>50K
34,State-gov,197220,Bachelors,13,Married-civ-spouse,Other-service,Husband,White,Male,0,0,40,United-States,>50K
24,Private,113747,HS-grad,9,Married-civ-spouse,Prof-specialty,Wife,White,Female,0,0,40,United-States,>50K
39,Self-emp-inc,297403,Some-college,10,Never-married,Adm-clerical,Other-relative,White,Female,0,0,37,United-States,<=50K
55,Federal-gov,347210,HS-grad,9,Never-married,Other-service,Not-in-family,White,Male,0,2174,40,United-States,>50K
29,Private,135904,11th,7,Married-civ-spouse,Sales,Husband,White,Male,0,0,28,United-States,<=50K
41,Private,137260,Some-college,10,Married-civ-spouse,Sales,Wife,White,Female,0,0,40,Dominican-Republic,<=50K
19,Self-emp-inc,368535,HS-grad,9,Married-civ-spouse,Machine-op-inspct,Husband,White,Male,0,0,17,United-States,>50K
37,Private,148880,Bachelors,13,Married-civ-spouse,Exec-managerial,Husband,White,Male,0,0,19,United-States,<=50K
44,Private,358752,Bachelors,13,Married-civ-spouse,Other-service,Husband,White,Male,0,0,40,United-States,>50K
19,Private,354799,10th,6,Never-married,Other-service,Own-child,White,Male,0,0,40,United-States,<=50K
36,Private,355273,HS-grad,9,Separated,Exec-managerial,Not-in-family,White,Male,0,0,11,United-States,<=50K
40,Private,272956,Some-college,10,Divorced,Tech-support,Not-in-family,White,Male,0,0,48,United-States,<=50K
22,Private,314054,10th,6,Married-civ-spouse,Craft-repair,Husband,White,Male,0,0,18,United-States,>50K
29,Private,392834,HS-grad,9,Never-married,Craft-repair,Own-child,White,Male,0,0,39,United-States,<=50K
24,Private,250382,9th,5,Never-married,Machine-op-inspct,Own-child,White,Female,0,0,49,United-States,<=50K
37,Private,353765,Some-college,10,Divorced,Prof-specialty,Not-in-family,White,Male,0,0,44,United-States,<=50K
36,Local-gov,322640,HS-grad,9,Divorced,Prof-specialty,Unmarried,White,Male,0,0,48,United-States,>50K
54,Private,174389,Some-college,10,Never-married,Handlers-cleaners,Not-in-family,Other,Male,0,0,40,United-States,<=50K
44,Private,309728,Bachelors,13,Married-civ-spouse,Tech-support,Husband,White,Male,0,0,40,United-States,>50K
54,Private,267399,Masters,14,Married-civ-spouse,Craft-repair,Husband,White,Male,0,0,40,United-States,>50K
37,Private,372447,Bachelors,13,Married-civ-spouse,Other-service,Wife,White,Female,0,0,49,United-States,<=50K
22,Local-gov,108094,Some-college,10,Divorced,Craft-repair,Not-in-family,White,Male,0,0,23,United-States,<=50K
19,Private,266363,HS-grad,9,Divorced,Craft-repair,Not-in-family,White,Female,0,0,37,United-States,<=50K
24,Private,350691,HS-grad,9,Married-civ-spouse,Exec-managerial,Husband,White,Male,0,0,40,United-States,<=50K
43,Private,294793,HS-grad,9,Never-married,Craft-repair,Not-in-family,White,Male,0,0,40,United-States,<=50K
17,Private,360599,11th,7,Never-married,Sales,Own-child,White,Female,0,0,28,United-States,<=50K
44,Self-emp-not-inc,371525,Bachelors,13,Divorced,Prof-specialty,Not-in-family,White,Female,0,0,40,United-States,<=50K
24,Private,384342,Some-college,10,Married-civ-spouse,Protective-serv,Husband,White,Male,0,0,12,United-States,<=50K
49,Local-gov,154818,Prof-school,15,Never-married,Exec-managerial,Other-relative,White,Male,0,0,40,England,>50K
39,Self-emp-inc,120065,HS-grad,9,Married-civ-spouse,Prof-specialty,Husband,Black,Male,0,0,48,United-States,<=50K
23,Private,168192,HS-grad,9,Divorced,Prof-specialty,Unmarried,White,Male,0,0,17,South,<=50K
37,Private,217060,Some-college,10,Divorced,Handlers-cleaners,Not-in-family,Black,Male,0,0,40,United-States,<=50K
23,Local-gov,359593,HS-grad,9,Married-civ-spouse,Other-service,Husband,White,Male,0,0,23,United-States,>50K
53,Private,271036,Bachelors,13,Married-civ-spouse,Exec-managerial,Husband,White,Male,0,0,40,United-States,<=50K
42,Private,394650,Masters,14,Never-married,Adm-clerical,Not-in-family,White,Male,0,0,38,United-States,>50K
33,Local-gov,340273,5th-6th,3,Divorced,Machine-op-inspct,Not-in-family,White,Male,0,0,45,United-States,<=50K
35,Private,383368,HS-grad,9,Married-civ-spouse,Other-service,Husband,White,Male,0,0,50,United-States,>50K
24,Private,341715,HS-grad,9,Never-married,Other-service,Own-child,White,Male,0,0,40,United-States,<=50K
64,Private,201074,HS-grad,9,Divorced,Prof-specialty,Not-in-family,White,Male,0,0,40,China,<=50K
18,Private,191420,9th,5,Never-married,Handlers-cleaners,Own-child,White,Female,27828,0,40,United-States,>50K
48,Private,151780,9th,5,Married-civ-spouse,Adm-clerical,Husband,White,Male,0,1977,40,United-States,>50K
29,Private,231836,Bachelors,13,Divorced,Prof-specialty,Not-in-family,White,Male,0,0,32,Mexico,>50K
25,State-gov,222190,HS-grad,9,Never-married,Exec-managerial,Own-child,White,Female,0,0,39,United-States,<=50K
56,Private,384056,Assoc-voc,11,Married-civ-spouse,Transport-moving,Husband,White,Male,0,0,47,United-States,<=50K
19,Private,109361,HS-grad,9,Never-married,Adm-clerical,Own-child,White,Male,0,0,18,United-States,<=50K
31,Private,247259,Doctorate,16,Married-civ-spouse,Craft-repair,Husband,White,Male,0,0,40,Mexico,<=50K
24,Private,347654,HS-grad,9,Married-civ-spouse,Adm-clerical,Wife,Black,Female,0,0,14,United-States,<=50K
41,Private,217476,HS-grad,9,Never-married,Handlers-cleaners,Own-child,Black,Female,0,0,40,United-States,<=50K
46,Private,305762,Some-college,10,Never-married,Machine-op-inspct,Not-in-family,White,Male,0,0,45,United-States,<=50K
22,Private,294025,Bachelors,13,Divorced,Transport-moving,Not-in-family,White,Female,0,0,12,United-States,<=50K
41,Private,100843,HS-grad,9,Married-civ-spouse,Exec-managerial,Wife,White,Female,0,0,40,United-States,>50K
31,Local-gov,392160,Bachelors,13,Never-married,Transport-moving,Not-in-family,White,Male,0,0,40,United-States,<=50K
29,Private,239448,12th,8,Married-civ-spouse,Farming-fishing,Husband,White,Male,0,0,45,United-States,<=50K
28,Private,101633,Bachelors,13,Never-married,Other-service,Not-in-family,Asian-Pac-Islander,Male,0,0,40,United-States,>50K
38,Private,288219,Masters,14,Never-married,Exec-managerial,Other-relative,White,Male,0,0,14,United-States,>50K
24,Self-emp-not-inc,354644,Masters,14,Married-civ-spouse,Other-service,Husband,White,Male,0,0,40,Japan,>50K
23,Private,251176,10th,6,Married-civ-spouse,Craft-repair,Wife,White,Female,0,0,40,United-States,>50K
57,Private,149928,Some-college,10,Divorced,Machine-op-inspct,Not-in-family,White,Male,0,0,49,United-States,<=50K
41,Private,359637,9th,5,Widowed,Other-service,Not-in-family,White,Male,0,0,40,Guatemala,<=50K
51,Federal-gov,299289,HS-grad,9,Married-civ-spouse,Transport-moving,Husband,White,Male,0,0,40,United-States,<=50K
34,Private,380913,Masters,14,Married-civ-spouse,Transport-moving,Wife,White,Female,0,0,40,United-States,<=50K
64,Private,329620,HS-grad,9,Never-married,Exec-managerial,Not-in-family,Black,Female,0,0,40,United-States,<=50K
37,Federal-gov,228415,HS-grad,9,Never-married,Exec-managerial,Own-child,White,Male,0,0,40,England,<=50K
53,Private,390501,11th,7,Married-civ-spouse,Farming-fishing,Husband,White,Male,0,0,40,United-States,<=50K
30,Private,386954,9th,5,Separated,Transport-moving,Unmarried,Black,Female,0,0,60,United-States,<=50K
33,Private,276661,Some-college,10,Married-civ-spouse,Adm-clerical,Husband,White,Male,0,0,40,United-States,<=50K
37,Private,164984,1st-4th,2,Married-civ-spouse,Handlers-cleaners,Husband,White,Male,0,0,30,United-States,>50K
49,Private,277381,11th,7,Married-civ-spouse,Other-service,Husband,White,Male,0,0,40,Greece,<=50K
33,Local-gov,137645,Some-college,10,Divorced,Other-service,Unmarried,White,Female,0,0,27,United-States,<=50K
24,Local-gov,82959,Some-college,10,Never-married,Craft-repair,Own-child,White,Male,0,0,19,United-States,<=50K
41,Private,368705,5th-6th,3,Married-civ-spouse,Other-service,Husband,White,Male,0,0,40,United-States,<=50K
31,Private,99605,Bachelors,13,Married-civ-spouse,Adm-clerical,Husband,White,Male,7688,0,48,United-States,>50K
41,Private,205132,HS-grad,9,Never-married,Machine-op-inspct,Own-child,White,Male,0,0,52,United-States,<=50K
51,Self-emp-not-inc,217836,HS-grad,9,Married-civ-spouse,Adm-clerical,Wife,White,Female,0,0,40,United-States,>50K
28,Private,238360,Bachelors,13,Married-civ-spouse,Prof-specialty,Wife,White,Female,0,0,40,United-States,<=50K
34,Private,169266,HS-grad,9,Married-civ-spouse,Transport-moving,Husband,White,Male,0,0,40,United-States,<=50K
43,Self-emp-not-inc,235362,Some-college,10,Married-civ-spouse,Other-service,Husband,Black,Male,0,0,40,United-States,<=50K
49,State-gov,228687,HS-grad,9,Married-civ-spouse,Transport-moving,Wife,White,Female,0,0,48,United-States,<=50K
25,Private,158737,Some-college,10,Divorced,Machine-op-inspct,Not-in-family,White,Male,0,0,40,United-States,<=50K
36,Federal-gov,241563,10th,6,Never-married,Priv-house-serv,Own-child,White,Female,0,0,40,United-States,<=50K
36,Private,149646,HS-grad,9,Never-married,Farming-fishing,Not-in-family,White,Male,0,0,39,United-States,<=50K
56,Private,104641,HS-grad,9,Married-civ-spouse,Exec-managerial,Husband,White,Male,3973,0,19,United-States,<=50K
50,Private,250417,Assoc-acdm,12,Married-civ-spouse,Craft-repair,Wife,White,Female,0,0,21,United-States,>50K
37,Local-gov,197803,Some-college,10,Separated,Protective-serv,Not-in-family,White,Male,0,0,19,United-States,<=50K
28,Private,80844,HS-grad,9,Married-civ-spouse,Prof-specialty,Husband,White,Male,0,0,40,United-States,>50K
33,Private,278435,HS-grad,9,Divorced,Adm-clerical,Not-in-family,Amer-Indian-Eskimo,Female,0,0,40,United-States,<=50K
42,Private,200717,HS-grad,9,Married-civ-spouse,Other-service,Husband,White,Male,0,1977,45,United-States,>50K
50,State-gov,134719,Assoc-acdm,12,Married-civ-spouse,Tech-support,Husband,White,Male,0,0,40,United-States,<=50K
49,Local-gov,80687,Some-college,10,Never-married,Prof-specialty,Other-relative,White,Male,1405,2174,28,United-States,>50K
63,Private,125159,Bachelors,13,Married-civ-spouse,Craft-repair,Husband,White,Male,0,0,40,United-States,>50K
38,Private,234720,HS-grad,9,Married-civ-spouse,Prof-specialty,Husband,White,Male,0,0,40,Taiwan,>50K
24,Local-gov,201166,10th,6,Never-married,Adm-clerical,Not-in-family,White,Female,0,0,40,United-States,<=50K
24,State-gov,395190,Some-college,10,Married-civ-spouse,Prof-specialty,Husband,White,Male,0,0,28,United-States,<=50K
42,Private,133253,7th-8th,4,Never-married,Sales,Own-child,White,Male,0,0,13,United-States,<=50K
25,Private,214609,Some-college,10,Divorced,Prof-specialty,Not-in-family,White,Female,0,0,40,United-States,<=50K
31,Private,278227,HS-grad,9,Divorced,Other-service,Not-in-family,White,Female,0,0,40,United-States,<=50K
53,Private,87520,HS-grad,9,Married-civ-spouse,Prof-specialty,Husband,White,Male,3103,0,34,United-States,>50K
46,Private,325789,5th-6th,3,Married-civ-spouse,Farming-fishing,Husband,White,Male,0,0,40,United-States,<=50K
19,Private,96128,Preschool,1,Never-married,Transport-moving,Own-child,White,Female,0,0,40,United-States,<=50K
24,Private,251789,HS-grad,9,Never-married,Prof-specialty,Not-in-family,White,Male,0,0,27,United-States,<=50K
35,Private,322565,Bachelors,13,Never-married,Sales,Own-child,White,Female,0,0,40,United-States,<=50K
33,Private,192808,Masters,14,Separated,Farming-fishing,Unmarried,White,Male,10520,0,31,United-States,>50K
36,Federal-gov,367031,Bachelors,13,Divorced,Other-service,Not-in-family,White,Male,2811,0,40,United-States,<=50K
49,Federal-gov,336401,Bachelors,13,Married-civ-spouse,Craft-repair,Husband,White,Male,0,0,40,United-States,>50K
62,Self-emp-not-inc,201579,HS-grad,9,Widowed,Adm-clerical,Not-in-family,Black,Male,0,0,30,United-States,<=50K
47,Private,227102,HS-grad,9,Divorced,Exec-managerial,Unmarried,White,Male,0,0,40,India,<=50K
43,Private,252492,HS-grad,9,Married-civ-spouse,Exec-managerial,Husband,White,Male,0,0,50,United-States,<=50K
24,Private,246517,Prof-school,15,Married-civ-spouse,Prof-specialty,Husband,White,Male,0,0,40,United-States,<=50K
24,Local-gov,223183,HS-grad,9,Never-married,Handlers-cleaners,Own-child,White,Male,0,0,40,United-States,<=50K
39,Federal-gov,188829,HS-grad,9,Married-civ-spouse,Exec-managerial,Husband,White,Male,0,0,50,Philippines,>50K
41,Private,110382,Some-college,10,Married-civ-spouse,Farming-fishing,Wife,Black,Female,0,0,49,United-States,<=50K
53,Local-gov,382363,Preschool,1,Never-married,Handlers-cleaners,Not-in-family,Black,Female,0,0,37,United-States,<=50K
22,Private,106380,HS-grad,9,Married-civ-spouse,Adm-clerical,Husband,Black,Male,0,0,27,United-States,<=50K
78,Private,208046,HS-grad,9,Never-married,Handlers-cleaners,Own-child,White,Male,0,0,40,United-States,<=50K
41,Private,398780,Masters,14,Never-married,Other-service,Other-relative,White,Female,0,0,39,El-Salvador,<=50K
32,Private,197598,HS-grad,9,Never-married,Other-service,Own-child,Black,Male,0,0,40,United-States,<=50K
44,Self-emp-inc,306745,Bachelors,13,Divorced,Protective-serv,Not-in-family,White,Male,0,0,26,United-States,<=50K
37,Private,242796,1st-4th,2,Never-married,Machine-op-inspct,Own-child,White,Female,0,0,28,United-States,<=50K
29,Private,263197,Some-college,10,Married-civ-spouse,Exec-managerial,Wife,Black,Female,0,0,30,United-States,<=50K
43,Private,388387,HS-grad,9,Married-civ-spouse,Sales,Husband,White,Male,0,1977,40,South,>50K
26,Private,379717,Some-college,10,Widowed,Craft-repair,Not-in-family,White,Male,0,0,19,India,<=50K
30,Private,219821,HS-grad,9,Married-civ-spouse,Craft-repair,Wife,White,Female,0,0,33,United-States,<=50K
37,Private,165300,HS-grad,9,Widowed,Adm-clerical,Unmarried,Asian-Pac-Islander,Female,0,0,40,United-States,>50K
41,Private,265016,Some-college,10,Married-civ-spouse,Sales,Husband,Amer-Indian-Eskimo,Male,0,0,40,United-States,<=50K
51,Federal-gov,268877,Assoc-acdm,12,Divorced,Sales,Not-in-family,White,Female,0,0,32,United-States,>50K
21,Private,327590,11th,7,Never-married,Prof-specialty,Own-child,White,Female,0,0,49,United-States,>50K
27,Private,341309,Some-college,10,Married-civ-spouse,Craft-repair,Husband,White,Male,0,0,40,United-States,<=50K
44,Private,264447,Bachelors,13,Never-married,Exec-managerial,Own-child,White,Male,0,0,31,United-States,<=50K
54,Private,93411,Some-college,10,Divorced,Exec-managerial,Not-in-family,White,Female,0,0,49,United-States,<=50K
43,Self-emp-not-inc,253755,5th-6th,3,Married-civ-spouse,Sales,Husband,White,Male,0,0,40,United-States,<=50K
41,Self-emp-inc,315737,Some-college,10,Married-civ-spouse,Transport-moving,Husband,White,Male,0,0,41,United-States,<=50K
45,Private,286460,10th,6,Never-married,Sales,Not-in-family,White,Female,0,0,46,United-States,<=50K
49,Federal-gov,369213,Bachelors,13,Divorced,Prof-specialty,Not-in-family,White,Male,0,1831,55,United-States,<=50K
38,Private,88644,Some-college,10,Divorced,Machine-op-inspct,Not-in-family,White,Male,0,0,45,United-States,<=50K
26,Private,165551,10th,6,Married-civ-spouse,Sales,Wife,White,Female,0,0,40,United-States,<=50K
61,Private,266647,Bachelors,13,Never-married,Other-service,Not-in-family,White,Male,0,0,40,United-States,<=50K
17,Self-emp-inc,231115,HS-grad,9,Never-married,Craft-repair,Own-child,White,Male,0,0,40,Philippines,<=50K
24,Private,224358,Some-college,10,Married-civ-spouse,Craft-repair,Husband,White,Male,0,0,40,United-States,<=50K
19,Self-emp-inc,303597,HS-grad,9,Married-civ-spouse,Protective-serv,Wife,White,Female,0,0,17,United-States,<=50K
28,Private,379706,Masters,14,Married-civ-spouse,Machine-op-inspct,Husband,White,Male,0,0,40,United-States,<=50K
43,Local-gov,379800,Some-college,10,Divorced,Exec-managerial,Unmarried,White,Female,0,0,24,United-States,>50K
30,State-gov,284276,HS-grad,9,Married-civ-spouse,Craft-repair,Husband,Black,Male,0,0,40,United-States,<=50K
41,Private,316431,HS-grad,9,Married-civ-spouse,Sales,Husband,White,Male,0,0,48,United-States,<=50K
19,State-gov,200566,Some-college,10,Never-married,Sales,Own-child,White,Male,0,0,37,El-Salvador,<=50K
44,Private,266712,HS-grad,9,Never-married,Craft-repair,Not-in-family,White,Male,0,0,23,United-States,<=50K
44,Private,257564,Bachelors,13,Never-married,Prof-specialty,Not-in-family,White,Female,0,0,55,United-States,<=50K
25,Private,204697,HS-grad,9,Married-civ-spouse,Sales,Husband,Black,Male,0,0,40,United-States,<=50K
45,State-gov,292505,Assoc-voc,11,Never-married,Exec-managerial,Own-child,White,Female,0,0,20,United-States,>50K
25,Private,158017,HS-grad,9,Married-civ-spouse,Sales,Husband,White,Male,0,0,14,United-States,<=50K
55,Private,268610,Doctorate,16,Widowed,Adm-clerical,Unmarried,White,Male,0,1848,50,United-States,>50K
39,Private,385370,Assoc-voc,11,Never-married,Prof-specialty,Not-in-family,White,Female,0,0,40,United-States,>50K
22,Private,300707,Assoc-voc,11,Married-civ-spouse,Handlers-cleaners,Husband,White,Male,0,0,40,United-States,<=50K
22,Private,386579,HS-grad,9,Never-married,Adm-clerical,Own-child,White,Female,0,0,50,United-States,<=50K
50,Private,189132,HS-grad,9,Divorced,Sales,Not-in-family,White,Male,0,0,60,United-States,<=50K
38,Local-gov,97008,HS-grad,9,Never-married,Adm-clerical,Other-relative,White,Female,0,0,40,United-States,<=50K
19,Private,170432,11th,7,Never-married,Handlers-cleaners,Own-child,White,Female,0,0,50,United-States,<=50K
45,State-gov,260855,11th,7,Married-civ-spouse,Craft-repair,Husband,Amer-Indian-Eskimo,Male,0,0,40,United-States,<=50K
34,Private,168696,HS-grad,9,Never-married,Craft-repair,Own-child,White,Male,0,0,44,United-States,<=50K
29,State-gov,159088,Some-college,10,Widowed,Other-service,Unmarried,White,Male,0,0,40,United-States,<=50K
34,Local-gov,296140,Assoc-voc,11,Never-married,Protective-serv,Not-in-family,White,Female,0,0,40,United-States,<=50K
23,Private,244049,Bachelors,13,Divorced,Farming-fishing,Not-in-family,Asian-Pac-Islander,Male,0,0,48,England,>50K
50,State-gov,300824,11th,7,Married-civ-spouse,Other-service,Husband,White,Male,0,0,36,United-States,<=50K
23,Private,220575,Bachelors,13,Never-married,Adm-clerical,Not-in-family,White,Male,0,0,40,United-States,<=50K
46,Self-emp-not-inc,219319,Some-college,10,Divorced,Craft-repair,Unmarried,White,Male,0,0,13,United-States,<=50K
40,Self-emp-not-inc,263555,Some-college,10,Divorced,Craft-repair,Not-in-family,White,Male,0,0,40,United-States,<=50K
36,Private,141570,HS-grad,9,Married-civ-spouse,Handlers-cleaners,Husband,White,Male,0,0,48,United-States,<=50K
40,Federal-gov,389313,HS-grad,9,Never-married,Prof-specialty,Not-in-family,White,Male,0,0,40,United-States,>50K
55,Local-gov,193565,HS-grad,9,Never-married,Other-service,Own-child,White,Female,0,0,55,United-States,<=50K
20,Private,330733,HS-grad,9,Never-married,Craft-repair,Other-relative,White,Female,0,0,40,United-States,<=50K
43,Private,140542,Prof-school,15,Married-civ-spouse,Sales,Husband,Black,Male,5178,0,50,United-States,>50K
27,Private,356674,Assoc-acdm,12,Never-married,Tech-support,Own-child,White,Female,0,0,40,United-States,<=50K
26,Private,342809,Some-college,10,Never-married,Prof-specialty,Not-in-family,White,Female,0,0,29,United-States,<=50K
34,Private,192630,10th,6,Never-married,Adm-clerical,Own-child,White,Female,0,0,40,United-States,<=50K
30,Private,287201,Some-college,10,Married-civ-spouse,Sales,Husband,White,Male,0,0,26,South,<=50K
46,Private,347768,HS-grad,9,Married-civ-spouse,Adm-clerical,Wife,White,Female,0,0,48,India,>50K
22,Self-emp-not-inc,130863,HS-grad,9,Divorced,Other-service,Not-in-family,White,Male,0,0,40,United-States,<=50K
35,Private,324016,Prof-school,15,Married-civ-spouse,Sales,Husband,Black,Male,0,0,41,Philippines,>50K
17,Private,94176,HS-grad,9,Never-married,Adm-clerical,Own-child,White,Female,0,0,40,United-States,<=50K
40,State-gov,134856,HS-grad,9,Married-civ-spouse,Exec-managerial,Husband,White,Male,0,0,43,United-States,<=50K
46,Private,202584,Bachelors,13,Married-civ-spouse,Prof-specialty,Husband,White,Male,0,0,40,United-States,>50K
19,Self-emp-not-inc,117180,Some-college,10,Married-civ-spouse,Adm-clerical,Husband,White,Male,0,0,38,United-States,<=50K
46,Federal-gov,384587,Doctorate,16,Married-civ-spouse,Prof-specialty,Husband,White,Male,0,0,40,United-States,<=50K
52,Private,168992,HS-grad,9,Married-civ-spouse,Handlers-cleaners,Husband,White,Male,0,0,40,United-States,<=50K
50,Federal-gov,118238,Bachelors,13,Married-spouse-absent,Craft-repair,Not-in-family,White,Male,0,0,40,United-States,<=50K
40,Private,371636,HS-grad,9,Divorced,Prof-specialty,Not-in-family,Asian-Pac-Islander,Female,0,0,40,United-States,>50K
21,Private,145510,7th-8th,4,Never-married,Tech-support,Own-child,Black,Male,0,0,20,United-States,<=50K
29,Private,297914,Some-college,10,Married-civ-spouse,Transport-moving,Husband,White,Male,0,0,31,United-States,<=50K
56,Private,125494,Assoc-acdm,12,Never-married,Other-service,Not-in-family,White,Male,0,0,40,United-States,<=50K
26,Private,194055,Prof-school,15,Never-married,Exec-managerial,Own-child,White,Male,0,0,40,United-States,<=50K
44,State-gov,115416,HS-grad,9,Married-civ-spouse,Farming-fishing,Husband,White,Male,0,0,38,United-States,<=50K
77,Private,287106,Some-college,10,Never-married,Handlers-cleaners,Not-in-family,White,Female,0,1548,12,United-States,<=50K
57,Private,345628,HS-grad,9,Separated,Protective-serv,Other-relative,White,Female,0,0,40,United-States,<=50K
17,Private,167211,11th,7,Never-married,Farming-fishing,Own-child,White,Male,0,0,38,United-States,<=50K
53,Private,183963,HS-grad,9,Never-married,Sales,Not-in-family,White,Female,0,0,55,United-States,<=50K
59,Private,141794,Bachelors,13,Never-married,Other-service,Own-child,Black,Female,0,0,45,United-States,<=50K
44,Private,321585,12th,8,Never-married,Machine-op-inspct,Own-child,White,Male,0,0,40,United-States,<=50K
42,Private,345169,HS-grad,9,Married-civ-spouse,Priv-house-serv,Husband,Amer-Indian-Eskimo,Male,0,0,33,United-States,<=50K
29,Private,133222,Bachelors,13,Never-married,Other-service,Own-child,White,Male,0,0,40,United-States,<=50K
32,Private,391903,Some-college,10,Married-civ-spouse,Exec-managerial,Husband,White,Male,0,0,45,United-States,<=50K
60,Private,112011,HS-grad,9,Married-civ-spouse,Adm-clerical,Husband,Black,Male,0,0,14,United-States,<=50K
34,Private,304798,Some-college,10,Divorced,Adm-clerical,Not-in-family,White,Male,0,0,18,United-States,<=50K
63,Private,253464,HS-grad,9,Married-civ-spouse,Sales,Wife,White,Female,0,0,26,United-States,<=50K
61,State-gov,210119,Prof-school,15,Married-civ-spouse,Other-service,Husband,White,Male,0,1740,11,United-States,>50K
55,Private,165881,Assoc-acdm,12,Married-civ-spouse,Machine-op-inspct,Husband,White,Male,0,0,40,United-States,>50K
24,Federal-gov,313391,HS-grad,9,Never-married,Machine-op-inspct,Own-child,White,Male,0,0,40,United-States,<=50K
42,Federal-gov,369448,10th,6,Never-married,Exec-managerial,Own-child,White,Male,0,0,40,United-States,<=50K
42,Private,123931,HS-grad,9,Divorced,Other-service,Not-in-family,Black,Male,0,0,48,United-States,<=50K
24,Self-emp-not-inc,148502,Bachelors,13,Never-married,Tech-support,Not-in-family,White,Male,14084,0,40,United-States,>50K
23,Federal-gov,368410,Preschool,1,Married-civ-spouse,Sales,Husband,White,Male,0,0,40,United-States,<=50K
44,Federal-gov,324620,11th,7,Never-married,Craft-repair,Own-child,White,Male,0,0,35,United-States,<=50K
22,Private,285113,Bachelors,13,Divorced,Tech-support,Not-in-family,White,Female,0,0,23,United-States,<=50K
44,Private,128364,7th-8th,4,Never-married,Craft-repair,Other-relative,White,Male,0,0,40,United-States,<=50K
21,Federal-gov,82798,Some-college,10,Married-civ-spouse,Tech-support,Husband,White,Male,0,0,18,United-States,<=50K
24,Private,190077,10th,6,Divorced,Exec-managerial,Not-in-family,Black,Male,0,0,31,United-States,>50K
54,Private,130159,Bachelors,13,Never-married,Prof-specialty,Own-child,White,Male,0,0,21,United-States,>50K
45,Private,338024,Bachelors,13,Never-married,Sales,Other-relative,White,Male,0,0,30,United-States,<=50K
65,Private,394695,HS-grad,9,Divorced,Craft-repair,Unmarried,Asian-Pac-Islander,Male,0,0,55,United-States,<=50K
18,Private,82503,Assoc-acdm,12,Never-married,Adm-clerical,Own-child,Black,Female,0,0,15,United-States,<=50K
46,Local-gov,345024,Some-college,10,Never-married,Prof-specialty,Not-in-family,White,Male,0,0,40,Guatemala,<=50K
43,Private,218956,Some-college,10,Divorced,Transport-moving,Not-in-family,Black,Female,0,0,17,United-States,>50K
26,Local-gov,156680,HS-grad,9,Married-civ-spouse,Adm-clerical,Wife,White,Female,0,0,40,Poland,>50K
24,Private,315814,11th,7,Married-civ-spouse,Handlers-cleaners,Husband,Asian-Pac-Islander,Male,0,0,40,United-States,<=50K
45,State-gov,169731,11th,7,Married-civ-spouse,Machine-op-inspct,Husband,White,Male,0,0,31,United-States,<=50K
17,Local-gov,351795,Assoc-voc,11,Never-married,Exec-managerial,Own-child,White,Male,0,0,50,Canada,<=50K
56,Self-emp-not-inc,111609,Some-college,10,Separated,Prof-specialty,Not-in-family,White,Male,0,0,40,United-States,<=50K
20,Private,329203,HS-grad,9,Never-married,Sales,Not-in-family,White,Male,0,0,21,United-States,<=50K
33,Private,232020,Assoc-voc,11,Married-civ-spouse,Exec-managerial,Husband,White,Male,0,0,40,United-States,>50K
45,Private,101207,9th,5,Married-civ-spouse,Adm-clerical,Wife,White,Female,0,0,55,United-States,>50K
44,Private,152763,Bachelors,13,Married-civ-spouse,Exec-managerial,Husband,White,Male,0,0,40,United-States,<=50K
31,Private,351952,HS-grad,9,Divorced,Adm-clerical,Unmarried,Black,Female,0,0,40,United-States,<=50K
44,Private,160015,Bachelors,13,Separated,Craft-repair,Unmarried,White,Male,0,0,10,United-States,<=50K
26,Private,157104,Some-college,10,Married-civ-spouse,Protective-serv,Husband,White,Male,1724,0,40,United-States,<=50K
58,Federal-gov,148980,Some-college,10,Never-married,Adm-clerical,Own-child,White,Male,0,0,47,Greece,<=50K
54,Private,340665,HS-grad,9,Divorced,Exec-managerial,Not-in-family,White,Male,0,1887,20,United-States,>50K
30,Private,263573,Some-college,10,Divorced,Sales,Not-in-family,White,Male,0,0,34,United-States,<=50K
75,Private,136419,Assoc-voc,11,Never-married,Craft-repair,Own-child,White,Male,0,0,40,Mexico,<=50K
47,Self-emp-inc,158570,Bachelors,13,Never-married,Prof-specialty,Other-relative,White,Male,0,0,45,United-States,<=50K
29,Private,381348,HS-grad,9,Never-married,Craft-repair,Own-child,White,Female,0,0,40,United-States,<=50K
31,Self-emp-inc,166041,Some-college,10,Married-civ-spouse,Exec-managerial,Husband,White,Male,0,0,40,Columbia,<=50K
27,Private,83434,9th,5,Divorced,Machine-op-inspct,Not-in-family,White,Male,0,0,20,United-States,<=50K
24,Private,194008,10th,6,Never-married,Sales,Not-in-family,White,Male,0,0,55,Portugal,<=50K
24,Private,140575,Bachelors,13,Never-married,Prof-specialty,Not-in-family,White,Male,0,0,40,United-States,>50K
41,Private,118644,Some-college,10,Divorced,Craft-repair,Not-in-family,White,Male,0,0,40,Taiwan,<=50K
29,Private,373044,HS-grad,9,Never-married,Other-service,Not-in-family,White,Female,0,0,36,United-States,<=50K
44,Private,348353,HS-grad,9,Never-married,Machine-op-inspct,Own-child,White,Female,0,0,40,United-States,>50K
31,Private,82508,Some-college,10,Widowed,Sales,Not-in-family,White,Male,0,0,34,United-States,<=50K
29,Private,184814,Bachelors,13,Divorced,Exec-managerial,Not-in-family,White,Male,0,0,55,United-States,<=50K
34,Self-emp-inc,203106,5th-6th,3,Married-civ-spouse,Sales,Husband,White,Male,0,0,40,United-States,<=50K
42,Private,297686,Prof-school,15,Divorced,Other-service,Unmarried,White,Male,0,0,28,United-States,<=50K
73,Self-emp-not-inc,93489,HS-grad,9,Never-married,Exec-managerial,Not-in-family,White,Male,0,0,48,United-States,<=50K
53,Private,214618,HS-grad,9,Married-civ-spouse,Prof-specialty,Husband,White,Male,0,0,40,Mexico,<=50K
41,Private,354497,Some-college,10,Never-married,Exec-managerial,Own-child,Black,Male,0,1887,40,United-States,>50K
36,Local-gov,213478,Bachelors,13,Married-civ-spouse,Protective-serv,Husband,White,Male,0,0,40,United-States,>50K
32,State-gov,202419,HS-grad,9,Married-civ-spouse,Craft-repair,Wife,White,Female,0,0,18,United-States,<=50K
47,Private,360569,HS-grad,9,Married-civ-spouse,Adm-clerical,Husband,Amer-Indian-Eskimo,Male,0,0,40,United-States,<=50K
46,Private,272260,Masters,14,Married-civ-spouse,Prof-specialty,Husband,Black,Male,0,0,45,United-States,>50K
25,Private,303309,Bachelors,13,Married-civ-spouse,Adm-clerical,Husband,White,Male,0,0,38,United-States,<=50K
45,Private,331978,Masters,14,Divorced,Prof-specialty,Unmarried,White,Male,0,0,23,United-States,>50K
48,Local-gov,184002,Assoc-voc,11,Never-married,Exec-managerial,Own-child,White,Female,0,2415,32,United-States,>50K
63,Private,339702,Bachelors,13,Married-civ-spouse,Sales,Husband,Black,Male,0,0,40,United-States,<=50K
32,Private,397534,Bachelors,13,Never-married,Exec-managerial,Not-in-family,Black,Male,0,0,50,United-States,>50K
42,Private,364760,Some-college,10,Never-married,Sales,Own-child,Black,Male,0,0,40,United-States,<=50K
20,Private,269730,HS-grad,9,Never-married,Sales,Not-in-family,White,Male,0,0,40,United-States,<=50K
22,Local-gov,180717,7th-8th,4,Married-civ-spouse,Machine-op-inspct,Husband,White,Male,0,0,60,United-States,<=50K
26,Private,342869,11th,7,Separated,Machine-op-inspct,Unmarried,White,Male,0,0,18,United-States,<=50K
38,Private,119891,Doctorate,16,Married-spouse-absent,Prof-specialty,Not-in-family,White,Male,0,0,40,Cuba,<=50K
41,Private,186340,Bachelors,13,Never-married,Adm-clerical,Own-child,Asian-Pac-Islander,Male,0,0,17,United-States,<=50K
41,Private,103067,HS-grad,9,Married-civ-spouse,Sales,Husband,White,Male,0,0,40,United-States,>50K
45,Private,236213,9th,5,Married-civ-spouse,Other-service,Husband,White,Male,0,0,40,United-States,<=50K
35,Private,306488,12th,8,Divorced,Adm-clerical,Not-in-family,White,Female,0,0,40,United-States,<=50K
22,Private,119295,Bachelors,13,Married-civ-spouse,Farming-fishing,Husband,White,Male,0,0,40,United-States,>50K
42,State-gov,380235,HS-grad,9,Married-civ-spouse,Other-service,Husband,White,Male,0,0,32,United-States,<=50K
43,Self-emp-not-inc,266295,10th,6,Married-civ-spouse,Adm-clerical,Husband,White,Male,0,0,35,United-States,<=50K
28,Federal-gov,277192,Bachelors,13,Married-spouse-absent,Prof-specialty,Not-in-family,White,Male,1963,0,40,United-States,>50K
67,Private,139490,HS-grad,9,Divorced,Adm-clerical,Unmarried,Amer-Indian-Eskimo,Male,0,0,21,United-States,<=50K
44,Private,218654,HS-grad,9,Never-married,Transport-moving,Other-relative,White,Male,0,0,40,United-States,<=50K
49,Private,363770,Some-college,10,Divorced,Protective-serv,Not-in-family,White,Female,0,0,10,United-States,<=50K
36,Private,200182,Some-college,10,Married-civ-spouse,Prof-specialty,Wife,Asian-Pac-Islander,Female,0,0,40,United-States,<=50K
48,Self-emp-inc,302624,1st-4th,2,Married-spouse-absent,Transport-moving,Not-in-family,White,Male,0,0,45,United-States,>50K
48,Private,153589,10th,6,Married-civ-spouse,Prof-specialty,Wife,White,Female,0,0,10,United-States,<=50K
24,Private,112116,Some-college,10,Divorced,Tech-support,Not-in-family,White,Female,0,0,18,United-States,<=50K
47,Private,347213,Assoc-voc,11,Widowed,Protective-serv,Unmarried,White,Female,0,0,40,United-States,<=50K
28,Private,279526,Assoc-voc,11,Never-married,Other-service,Not-in-family,White,Male,0,0,40,United-States,<=50K
34,Self-emp-not-inc,253206,Some-college,10,Married-civ-spouse,Exec-managerial,Husband,White,Male,0,0,40,India,<=50K
23,Private,279329,HS-grad,9,Never-married,Farming-fishing,Own-child,White,Male,0,0,40,United-States,<=50K
65,Private,378504,HS-grad,9,Divorced,Prof-specialty,Not-in-family,White,Male,0,0,40,United-States,<=50K
45,Federal-gov,364047,Some-college,10,Widowed,Other-service,Unmarried,Black,Male,0,0,40,United-States,<=50K
29,Federal-gov,257914,Bachelors,13,Married-civ-spouse,Farming-fishing,Husband,Black,Male,0,0,40,United-States,>50K
42,Private,201488,HS-grad,9,Never-married,Machine-op-inspct,Not-in-family,White,Male,0,0,40,United-States,<=50K
48,Private,277796,HS-grad,9,Married-civ-spouse,Craft-repair,Husband,Black,Male,0,0,40,United-States,>50K
56,Federal-gov,96197,Some-college,10,Married-civ-spouse,Exec-managerial,Husband,White,Male,0,0,40,United-States,<=50K
63,Private,275995,Some-college,10,Never-married,Prof-specialty,Not-in-family,White,Male,0,0,50,United-States,<=50K
47,Self-emp-not-inc,302317,11th,7,Married-civ-spouse,Machine-op-inspct,Wife,White,Female,0,0,40,United-States,<=50K
44,Private,209899,Assoc-voc,11,Married-civ-spouse,Craft-repair,Wife,White,Female,0,0,30,United-States,<=50K
30,Private,133978,Assoc-voc,11,Married-civ-spouse,Prof-specialty,Husband,White,Male,0,0,40,United-States,<=50K
26,Private,325187,Some-college,10,Never-married,Exec-managerial,Not-in-family,White,Male,0,0,40,United-States,<=50K
26,Private,289122,Bachelors,13,Married-civ-spouse,Handlers-cleaners,Wife,White,Female,0,1902,13,United-States,>50K
18,Private,393401,Some-college,10,Never-married,Exec-managerial,Own-child,White,Female,0,0,40,United-States,>50K
59,State-gov,128448,HS-grad,9,Married-civ-spouse,Craft-repair,Husband,Black,Male,0,0,40,United-States,<=50K
63,Federal-gov,344070,HS-grad,9,Never-married,Transport-moving,Not-in-family,White,Male,0,0,40,United-States,<=50K
61,Federal-gov,356165,Assoc-acdm,12,Married-civ-spouse,Exec-managerial,Husband,White,Male,0,0,60,United-States,>50K
29,Federal-gov,180564,Some-college,10,Married-civ-spouse,Craft-repair,Husband,White,Male,0,0,26,United-States,<=50K
51,Self-emp-not-inc,243965,Some-college,10,Never-married,Handlers-cleaners,Own-child,White,Male,0,0,40,United-States,<=50K
20,Self-emp-not-inc,118959,Prof-school,15,Divorced,Craft-repair,Not-in-family,White,Male,0,0,36,United-States,>50K
35,Self-emp-not-inc,179304,Bachelors,13,Divorced,Prof-specialty,Not-in-family,White,Male,0,0,40,United-States,>50K
29,Private,153738,HS-grad,9,Married-civ-spouse,Adm-clerical,Husband,White,Male,0,0,40,United-States,<=50K
18,Private,144853,Bachelors,13,Never-married,Other-service,Own-child,White,Female,8614,2174,38,United-States,>50K
39,Self-emp-inc,242096,HS-grad,9,Married-civ-spouse,Craft-repair,Wife,White,Female,0,0,32,United-States,<=50K
31,Self-emp-not-inc,178072,Bachelors,13,Never-married,Sales,Not-in-family,White,Female,0,0,55,United-States,<=50K
43,Private,132760,Some-college,10,Married-civ-spouse,Craft-repair,Husband,Black,Male,0,0,25,United-States,>50K
19,Local-gov,366121,Some-college,10,Never-married,Exec-managerial,Own-child,White,Female,0,0,40,United-States,<=50K
73,Private,277547,Some-college,10,Never-married,Protective-serv,Not-in-family,Black,Male,0,0,40,United-States,<=50K
22,Private,394103,HS-grad,9,Married-civ-spouse,Craft-repair,Wife,Asian-Pac-Islander,Female,0,0,22,United-States,<=50K
22,Private,203653,10th,6,Never-married,Transport-moving,Not-in-family,White,Male,0,0,46,United-States,<=50K
42,Private,178496,Masters,14,Separated,Exec-managerial,Not-in-family,Asian-Pac-Islander,Male,0,0,34,Mexico,>50K
21,Private,177136,11th,7,Never-married,Machine-op-inspct,Not-in-family,White,Female,0,0,38,United-States,<=50K
44,Private,198582,HS-grad,9,Married-civ-spouse,Prof-specialty,Husband,White,Male,0,0,28,United-States,<=50K
59,Private,292188,Prof-school,15,Widowed,Prof-specialty,Not-in-family,Amer-Indian-Eskimo,Male,5469,2174,40,United-States,>50K
42,Private,325055,HS-grad,9,Never-married,Machine-op-inspct,Own-child,White,Male,0,0,30,United-States,<=50K
42,Private,326827,10th,6,Married-civ-spouse,Handlers-cleaners,Wife,White,Female,0,0,40,United-States,<=50K
40,Private,349820,HS-grad,9,Never-married,Adm-clerical,Not-in-family,Asian-Pac-Islander,Male,0,0,40,United-States,<=50K
49,Private,93392,HS-grad,9,Never-married,Handlers-cleaners,Own-child,White,Male,0,0,52,Germany,>50K
23,Private,161008,9th,5,Divorced,Craft-repair,Not-in-family,White,Male,0,0,45,United-States,<=50K
24,Private,175794,9th,5,Divorced,Other-service,Not-in-family,White,Female,0,0,40,United-States,<=50K
44,Self-emp-not-inc,161439,HS-grad,9,Married-civ-spouse,Other-service,Husband,White,Male,0,0,40,United-States,<=50K
52,Private,159860,Assoc-acdm,12,Never-married,Tech-support,Other-relative,White,Male,0,0,32,United-States,<=50K
39,Private,295770,Some-college,10,Married-civ-spouse,Protective-serv,Wife,White,Female,0,0,40,United-States,<=50K
26,Self-emp-not-inc,265648,Bachelors,13,Married-civ-spouse,Sales,Husband,Black,Male,0,0,10,Cuba,<=50K
44,Private,92760,Masters,14,Married-civ-spouse,Handlers-cleaners,Husband,White,Male,0,0,40,United-States,>50K
51,Self-emp-inc,306878,HS-grad,9,Separated,Other-service,Not-in-family,Amer-Indian-Eskimo,Male,0,0,48,United-States,<=50K
36,Private,381065,HS-grad,9,Married-civ-spouse,Craft-repair,Husband,White,Male,3103,0,40,United-States,>50K
39,Private,319121,HS-grad,9,Married-civ-spouse,Other-service,Husband,White,Male,4745,0,45,United-States,<=50K
19,Private,163359,Bachelors,13,Never-married,Sales,Own-child,White,Male,0,0,11,United-States,<=50K
24,Private,280891,HS-grad,9,Never-married,Other-service,Not-in-family,White,Male,0,0,40,United-States,<=50K
22,Private,141537,7th-8th,4,Never-married,Exec-managerial,Other-relative,White,Female,0,0,18,United-States,<=50K
54,Private,382727,10th,6,Never-married,Sales,Own-child,White,Male,2993,0,40,United-States,>50K
25,Private,373786,HS-grad,9,Married-civ-spouse,Adm-clerical,Husband,White,Male,0,0,40,United-States,<=50K
63,Private,356534,HS-grad,9,Never-married,Sales,Own-child,White,Male,0,0,40,United-States,<=50K
60,Private,194648,10th,6,Married-civ-spouse,Adm-clerical,Husband,White,Male,0,0,48,United-States,<=50K
19,State-gov,161801,10th,6,Never-married,Machine-op-inspct,Own-child,White,Male,0,0,40,United-States,>50K
59,Private,108292,HS-grad,9,Never-married,Protective-serv,Own-child,White,Male,0,0,44,United-States,<=50K
37,Private,105948,HS-grad,9,Never-married,Sales,Not-in-family,White,Male,0,0,14,United-States,<=50K
45,Local-gov,348240,HS-grad,9,Married-civ-spouse,Prof-specialty,Husband,White,Male,0,0,34,Guatemala,>50K
73,Private,369645,Some-college,10,Never-married,Craft-repair,Other-relative,White,Male,0,0,40,United-States,<=50K
52,Private,244821,HS-grad,9,Married-civ-spouse,Machine-op-inspct,Husband,Black,Male,0,0,40,United-States,<=50K
54,Private,171136,HS-grad,9,Never-married,Craft-repair,Not-in-family,White,Female,0,0,40,United-States,>50K
40,Self-emp-not-inc,281826,Assoc-acdm,12,Never-married,Craft-repair,Own-child,White,Male,0,0,40,United-States,<=50K
31,Private,168016,Masters,14,Married-civ-spouse,Protective-serv,Wife,White,Female,0,0,40,United-States,>50K
40,Local-gov,84979,Doctorate,16,Married-civ-spouse,Adm-clerical,Wife,White,Female,0,0,40,United-States,>50K
62,Private,267900,HS-grad,9,Widowed,Other-service,Not-in-family,White,Male,0,0,45,United-States,>50K
78,Private,188795,Assoc-voc,11,Married-civ-spouse,Craft-repair,Husband,Black,Male,0,0,22,United-States,>50K
50,Private,161751,Prof-school,15,Married-civ-spouse,Other-service,Wife,White,Female,0,0,48,United-States,<=50K
17,Private,304101,HS-grad,9,Never-married,Exec-managerial,Own-child,White,Female,0,0,21,United-States,<=50K
44,Self-emp-not-inc,171542,Some-college,10,Never-married,Sales,Not-in-family,White,Male,0,0,33,China,<=50K
69,Local-gov,347719,Masters,14,Married-civ-spouse,Prof-specialty,Husband,White,Male,0,0,40,United-States,<=50K
59,Private,381194,HS-grad,9,Divorced,Protective-serv,Unmarried,White,Female,0,0,38,United-States,>50K
55,Private,169853,10th,6,Married-civ-spouse,Handlers-cleaners,Husband,White,Male,0,0,21,United-States,<=50K
51,Private,325428,HS-grad,9,Never-married,Farming-fishing,Own-child,White,Male,0,0,40,United-States,<=50K
61,Private,138723,Some-college,10,Married-civ-spouse,Adm-clerical,Husband,Black,Male,0,0,40,United-States,<=50K
38,Private,380767,Bachelors,13,Married-civ-spouse,Exec-managerial,Wife,White,Female,10520,0,38,United-States,>50K
28,Private,156554,HS-grad,9,Divorced,Machine-op-inspct,Not-in-family,White,Male,0,0,40,United-States,<=50K
38,Private,113213,Some-college,10,Divorced,Exec-managerial,Not-in-family,Black,Female,0,0,48,Mexico,<=50K
52,Self-emp-not-inc,192909,Masters,14,Married-civ-spouse,Craft-repair,Husband,White,Male,0,0,33,United-States,>50K
41,Private,164825,10th,6,Married-civ-spouse,Priv-house-serv,Wife,White,Female,0,0,49,United-States,<=50K
26,Private,353440,Bachelors,13,Married-civ-spouse,Machine-op-inspct,Husband,White,Male,0,0,23,United-States,<=50K
43,Federal-gov,238554,Bachelors,13,Married-civ-spouse,Exec-managerial,Husband,White,Male,0,2415,28,United-States,>50K
54,State-gov,364591,Some-college,10,Married-civ-spouse,Sales,Husband,White,Male,0,0,60,United-States,>50K
22,Private,231657,HS-grad,9,Married-civ-spouse,Sales,Wife,White,Female,0,0,22,United-States,<=50K
41,Local-gov,144174,HS-grad,9,Never-married,Transport-moving,Own-child,White,Male,0,0,15,United-States,>50K
60,Private,348413,Some-college,10,Married-civ-spouse,Farming-fishing,Husband,White,Male,0,0,40,United-States,<=50K
58,Private,170531,HS-grad,9,Divorced,Prof-specialty,Not-in-family,White,Male,0,0,60,Philippines,>50K
23,Self-emp-not-inc,139934,9th,5,Married-civ-spouse,Adm-clerical,Husband,White,Male,0,0,40,United-States,<=50K
31,Private,269596,Some-college,10,Married-civ-spouse,Prof-specialty,Wife,White,Female,0,0,40,United-States,<=50K
77,Private,359687,HS-grad,9,Never-married,Prof-specialty,Own-child,White,Male,0,0,37,United-States,<=50K
37,Private,301999,HS-grad,9,Never-married,Craft-repair,Other-relative,White,Male,0,0,43,United-States,<=50K
30,Private,237713,Masters,14,Divorced,Other-service,Not-in-family,White,Male,0,0,38,United-States,>50K
37,Local-gov,254268,Some-college,10,Married-civ-spouse,Machine-op-inspct,Husband,Black,Male,0,0,44,United-States,<=50K
31,Self-emp-inc,186300,Assoc-voc,11,Married-civ-spouse,Prof-specialty,Husband,White,Male,0,0,55,United-States,<=50K
20,Private,102763,HS-grad,9,Never-married,Craft-repair,Not-in-family,White,Male,0,0,16,United-States,<=50K
36,Private,165153,HS-grad,9,Widowed,Craft-repair,Unmarried,White,Female,0,0,28,United-States,<=50K
34,Federal-gov,258247,HS-grad,9,Married-civ-spouse,Exec-managerial,Husband,Black,Male,0,0,60,United-States,>50K
45,Private,249137,12th,8,Divorced,Other-service,Unmarried,White,Female,0,0,40,Philippines,<=50K
34,Private,255658,HS-grad,9,Widowed,Adm-clerical,Unmarried,Black,Male,0,0,48,United-States,<=50K
39,Private,352236,Bachelors,13,Married-civ-spouse,Machine-op-inspct,Wife,Black,Female,0,0,32,United-States,<=50K
34,Private,314219,Assoc-voc,11,Married-civ-spouse,Adm-clerical,Husband,White,Male,0,0,40,United-States,<=50K
62,Private,265424,10th,6,Never-married,Other-service,Own-child,White,Male,0,0,33,United-States,<=50K
35,Private,358563,HS-grad,9,Never-married,Prof-specialty,Other-relative,White,Male,0,0,40,United-States,<=50K
56,Private,189029,Some-college,10,Married-civ-spouse,Transport-moving,Wife,White,Female,0,0,47,United-States,<=50K
19,Private,399631,Masters,14,Never-married,Craft-repair,Own-child,White,Female,0,0,40,United-States,<=50K
18,Private,152305,Bachelors,13,Never-married,Transport-moving,Not-in-family,White,Male,0,0,50,United-States,<=50K
36,Private,178564,HS-grad,9,Married-civ-spouse,Other-service,Wife,White,Female,0,0,28,United-States,<=50K
37,Private,376334,Some-college,10,Married-civ-spouse,Craft-repair,Husband,White,Male,0,0,44,Mexico,<=50K
36,Private,165368,HS-grad,9,Never-married,Transport-moving,Not-in-family,White,Female,0,0,40,El-Salvador,<=50K
43,Private,162981,11th,7,Never-married,Sales,Not-in-family,White,Male,0,0,33,United-States,<=50K
54,Private,320386,1st-4th,2,Married-civ-spouse,Machine-op-inspct,Husband,White,Male,0,0,48,United-States,<=50K
26,Private,133519,Some-college,10,Married-civ-spouse,Machine-op-inspct,Wife,White,Female,0,0,40,United-States,<=50K
18,Self-emp-inc,232040,Some-college,10,Never-married,Tech-support,Own-child,White,Female,0,0,40,United-States,<=50K
41,Local-gov,101736,HS-grad,9,Divorced,Craft-repair,Not-in-family,White,Male,0,0,38,United-States,<=50K
60,Private,178156,Some-college,10,Married-civ-spouse,Sales,Husband,White,Male,0,0,20,United-States,<=50K
26,Private,82672,11th,7,Married-civ-spouse,Craft-repair,Wife,Amer-Indian-Eskimo,Female,5218,0,40,United-States,<=50K
41,Private,192651,HS-grad,9,Never-married,Farming-fishing,Own-child,White,Male,0,0,28,United-States,<=50K
33,Private,281449,HS-grad,9,Divorced,Other-service,Not-in-family,White,Male,0,0,23,United-States,<=50K
38,Private,168709,HS-grad,9,Married-civ-spouse,Transport-moving,Husband,White,Male,0,0,40,United-States,>50K
41,Local-gov,155165,Some-college,10,Married-civ-spouse,Adm-clerical,Husband,White,Male,0,0,40,United-States,>50K
35,Private,243754,Some-college,10,Never-married,Exec-managerial,Own-child,White,Male,0,0,40,United-States,>50K
22,Private,87239,Some-college,10,Never-married,Craft-repair,Not-in-family,White,Female,0,0,10,United-States,<=50K
44,Self-emp-not-inc,382219,HS-grad,9,Widowed,Craft-repair,Not-in-family,White,Male,0,0,30,United-States,<=50K
17,Federal-gov,287920,Bachelors,13,Never-married,Transport-moving,Own-child,White,Male,0,0,40,United-States,<=50K
49,Private,132618,HS-grad,9,Divorced,Adm-clerical,Not-in-family,White,Male,0,0,40,United-States,>50K
45,Private,230746,HS-grad,9,Divorced,Exec-managerial,Unmarried,White,Female,0,0,40,United-States,>50K
24,Private,390646,HS-grad,9,Married-civ-spouse,Machine-op-inspct,Husband,White,Male,0,0,31,United-States,<=50K
39,Private,320845,Some-college,10,Married-civ-spouse,Sales,Husband,White,Male,0,0,40,United-States,<=50K
52,Private,235016,Some-college,10,Never-married,Prof-specialty,Not-in-family,White,Female,0,0,50,United-States,<=50K
35,Private,145856,11th,7,Divorced,Machine-op-inspct,Not-in-family,White,Male,0,0,40,United-States,<=50K
48,Federal-gov,102435,Bachelors,13,Never-married,Prof-specialty,Own-child,White,Male,0,0,28,United-States,<=50K
19,Private,346120,11th,7,Never-married,Craft-repair,Own-child,White,Female,0,0,26,Jamaica,<=50K
75,Private,283771,Some-college,10,Married-civ-spouse,Protective-serv,Husband,White,Male,0,0,40,United-States,>50K
28,Self-emp-not-inc,337481,Some-college,10,Never-married,Adm-clerical,Not-in-family,White,Male,0,0,40,United-States,<=50K
20,Private,312505,7th-8th,4,Never-married,Machine-op-inspct,Own-child,White,Male,0,0,40,United-States,<=50K
52,Private,237806,11th,7,Never-married,Other-service,Not-in-family,White,Male,0,0,47,United-States,<=50K
45,Private,292505,Assoc-acdm,12,Married-civ-spouse,Farming-fishing,Husband,White,Male,0,0,46,South,<=50K
54,Private,214202,Some-college,10,Married-civ-spouse,Craft-repair,Husband,White,Male,0,0,40,United-States,<=50K
22,Private,103860,HS-grad,9,Never-married,Tech-support,Not-in-family,White,Male,0,0,40,United-States,<=50K
46,State-gov,150599,Some-college,10,Never-married,Transport-moving,Own-child,White,Female,0,2174,35,United-States,>50K
36,Private,227351,11th,7,Divorced,Prof-specialty,Not-in-family,White,Male,0,1113,40,United-States,<=50K
35,Private,187885,HS-grad,9,Married-civ-spouse,Sales,Husband,White,Male,0,1828,40,United-States,<=50K
26,Private,238273,9th,5,Married-civ-spouse,Other-service,Husband,White,Male,3033,0,27,United-States,<=50K
34,State-gov,330570,Bachelors,13,Never-married,Machine-op-inspct,Own-child,White,Female,15024,0,40,United-States,>50K
42,Private,343621,Assoc-acdm,12,Married-civ-spouse,Prof-specialty,Husband,White,Male,0,0,24,United-States,<=50K
31,Self-emp-not-inc,124415,HS-grad,9,Married-civ-spouse,Machine-op-inspct,Husband,White,Male,0,0,52,India,<=50K
21,Self-emp-not-inc,124050,Doctorate,16,Never-married,Other-service,Own-child,White,Female,0,0,40,United-States,>50K
29,Private,349910,Bachelors,13,Married-civ-spouse,Exec-managerial,Husband,White,Male,5013,0,40,United-States,>50K
23,Private,355391,HS-grad,9,Married-civ-spouse,Handlers-cleaners,Husband,White,Male,0,0,23,United-States,<=50K
60,Private,327052,Prof-school,15,Widowed,Sales,Not-in-family,White,Male,0,0,40,United-States,>50K
43,Private,163456,Masters,14,Married-civ-spouse,Craft-repair,Husband,White,Male,0,0,38,United-States,<=50K
40,Private,140524,Some-college,10,Married-civ-spouse,Sales,Husband,White,Male,1638,0,45,United-States,<=50K
49,Private,80677,Bachelors,13,Married-civ-spouse,Craft-repair,Wife,White,Female,0,0,44,United-States,<=50K
51,Federal-gov,305682,Some-college,10,Married-civ-spouse,Tech-support,Husband,White,Male,0,0,14,United-States,<=50K
25,Self-emp-inc,350637,Masters,14,Never-married,Transport-moving,Own-child,White,Male,0,0,40,United-States,<=50K
42,Private,125355,HS-grad,9,Never-married,Exec-managerial,Own-child,White,Male,0,0,40,United-States,<=50K
41,Private,383586,11th,7,Never-married,Craft-repair,Own-child,White,Male,0,0,38,United-States,<=50K
56,Private,340668,Some-college,10,Never-married,Sales,Own-child,White,Female,0,0,14,United-States,<=50K
36,Private,151437,HS-grad,9,Married-civ-spouse,Sales,Husband,White,Male,0,0,20,United-States,<=50K
35,Private,349000,Some-college,10,Never-married,Craft-repair,Other-relative,White,Male,0,0,60,United-States,<=50K
38,Private,286606,Some-college,10,Never-married,Prof-specialty,Own-child,White,Female,0,0,22,United-States,<=50K
32,Local-gov,224415,Bachelors,13,Never-married,Protective-serv,Not-in-family,White,Male,0,0,55,United-States,<=50K
19,Private,334435,Bachelors,13,Never-married,Exec-managerial,Own-child,White,Male,0,0,28,Mexico,>50K
73,Private,261834,12th,8,Never-married,Craft-repair,Other-relative,White,Male,0,0,40,United-States,<=50K
43,Local-gov,123020,Some-college,10,Never-married,Prof-specialty,Not-in-family,White,Female,0,0,25,United-States,<=50K
42,Private,214046,HS-grad,9,Married-civ-spouse,Other-service,Husband,White,Male,0,0,15,United-States,<=50K
62,Private,119071,Assoc-acdm,12,Widowed,Sales,Not-in-family,White,Male,0,0,40,United-States,<=50K
29,Federal-gov,202537,Bachelors,13,Never-married,Farming-fishing,Own-child,White,Male,0,0,15,United-States,<=50K
34,Private,226888,HS-grad,9,Married-civ-spouse,Craft-repair,Husband,White,Male,0,0,40,United-States,<=50K
37,Private,142403,Some-college,10,Never-married,Exec-managerial,Own-child,White,Female,0,0,40,United-States,<=50K
38,Private,269710,Assoc-acdm,12,Married-civ-spouse,Sales,Husband,White,Male,0,0,40,United-States,<=50K
43,Local-gov,128977,HS-grad,9,Never-married,Other-service,Not-in-family,Black,Male,0,0,50,Italy,<=50K
40,Private,302768,Bachelors,13,Never-married,Sales,Own-child,White,Male,0,0,29,United-States,<=50K
34,Private,136448,Bachelors,13,Married-civ-spouse,Prof-specialty,Husband,White,Male,0,0,50,United-States,<=50K
39,Local-gov,173191,Assoc-voc,11,Separated,Handlers-cleaners,Unmarried,White,Female,0,0,40,United-States,<=50K
43,Private,198162,Bachelors,13,Married-civ-spouse,Exec-managerial,Husband,White,Male,0,0,45,United-States,>50K
27,Self-emp-not-inc,328235,HS-grad,9,Married-civ-spouse,Prof-specialty,Husband,White,Male,0,0,30,United-States,<=50K
47,Private,243903,Masters,14,Never-married,Craft-repair,Own-child,White,Female,0,0,40,United-States,<=50K
43,Private,245136,HS-grad,9,Married-civ-spouse,Prof-specialty,Wife,White,Female,0,0,25,United-States,>50K
28,Private,194668,HS-grad,9,Never-married,Transport-moving,Own-child,White,Female,0,0,40,United-States,<=50K
38,Private,187950,HS-grad,9,Never-married,Farming-fishing,Not-in-family,Black,Male,0,0,24,United-States,<=50K
60,Private,231720,Assoc-voc,11,Married-civ-spouse,Other-service,Husband,White,Male,0,0,40,Mexico,<=50K
30,Private,115533,Some-college,10,Married-civ-spouse,Tech-support,Wife,White,Female,0,0,37,United-States,<=50K
39,Private,209098,HS-grad,9,Never-married,Exec-managerial,Not-in-family,Asian-Pac-Islander,Male,0,0,40,United-States,<=50K
22,Private,219346,HS-grad,9,Married-civ-spouse,Exec-managerial,Wife,White,Female,0,0,40,United-States,>50K
63,Private,90114,11th,7,Married-civ-spouse,Prof-specialty,Wife,White,Female,3103,0,40,United-States,>50K
50,Private,373687,Some-college,10,Married-civ-spouse,Other-service,Husband,White,Male,0,0,40,United-States,<=50K
47,State-gov,250967,Bachelors,13,Married-civ-spouse,Exec-managerial,Husband,White,Male,0,0,48,El-Salvador,<=50K
61,Private,212540,HS-grad,9,Married-civ-spouse,Adm-clerical,Husband,White,Male,0,0,40,United-States,>50K
50,Private,280516,Some-college,10,Married-civ-spouse,Craft-repair,Husband,Asian-Pac-Islander,Male,0,0,38,United-States,>50K
40,State-gov,288737,Doctorate,16,Never-married,Exec-managerial,Own-child,White,Male,0,0,45,United-States,<=50K
46,Local-gov,122800,HS-grad,9,Married-civ-spouse,Handlers-cleaners,Wife,White,Female,0,0,12,United-States,<=50K
32,Private,240889,HS-grad,9,Divorced,Craft-repair,Not-in-family,White,Female,0,0,40,United-States,<=50K
38,Self-emp-not-inc,359901,Some-college,10,Married-AF-spouse,Craft-repair,Wife,Black,Female,0,0,50,Dominican-Republic,<=50K
25,Private,350604,Some-college,10,Married-civ-spouse,Other-service,Wife,White,Female,0,0,50,United-States,<=50K
40,Private,253194,HS-grad,9,Divorced,Other-service,Not-in-family,White,Female,0,0,40,Dominican-Republic,<=50K
36,Local-gov,313549,Masters,14,Married-civ-spouse,Other-service,Wife,White,Female,0,0,35,United-States,>50K
63,Private,369197,Bachelors,13,Never-married,Exec-managerial,Other-relative,White,Male,0,0,48,United-States,>50K
23,Private,140531,HS-grad,9,Never-married,Adm-clerical,Own-child,White,Female,0,0,51,United-States,>50K
18,Private,348612,10th,6,Never-married,Other-service,Own-child,White,Female,0,0,12,United-States,<=50K
61,Private,186685,Bachelors,13,Married-civ-spouse,Tech-support,Husband,Asian-Pac-Islander,Male,0,0,13,United-States,<=50K
58,Private,257765,HS-grad,9,Married-civ-spouse,Exec-managerial,Husband,White,Male,0,0,40,United-States,<=50K
39,Private,239769,HS-grad,9,Never-married,Prof-specialty,Not-in-family,Other,Male,0,0,20,United-States,>50K
47,Private,188395,HS-grad,9,Divorced,Transport-moving,Not-in-family,White,Male,0,0,40,United-States,<=50K
33,Private,152883,11th,7,Married-civ-spouse,Machine-op-inspct,Husband,White,Male,0,0,40,United-States,<=50K
48,Private,367432,HS-grad,9,Married-civ-spouse,Exec-managerial,Husband,Black,Male,0,0,11,United-States,<=50K
53,Private,173797,Prof-school,15,Married-civ-spouse,Exec-managerial,Wife,White,Female,0,0,40,Mexico,>50K
30,Private,110739,HS-grad,9,Never-married,Machine-op-inspct,Own-child,White,Male,0,0,40,Philippines,<=50K
40,Private,305766,Assoc-acdm,12,Divorced,Craft-repair,Not-in-family,Black,Female,0,0,40,United-States,<=50K
75,Private,329687,HS-grad,9,Married-civ-spouse,Prof-specialty,Husband,White,Male,0,0,50,United-States,>50K
26,Federal-gov,261614,HS-grad,9,Never-married,Adm-clerical,Other-relative,White,Male,0,0,40,United-States,<=50K
41,Private,241182,Some-college,10,Never-married,Handlers-cleaners,Own-child,White,Female,0,0,40,United-States,<=50K
40,State-gov,296418,10th,6,Married-civ-spouse,Prof-specialty,Wife,White,Female,0,0,40,United-States,<=50K
35,Private,195317,HS-grad,9,Divorced,Prof-specialty,Not-in-family,White,Male,0,0,49,United-States,<=50K
23,Private,164940,Assoc-voc,11,Never-married,Adm-clerical,Own-child,Black,Male,0,0,33,England,<=50K
23,Private,103429,Bachelors,13,Married-civ-spouse,Prof-specialty,Husband,White,Male,0,0,40,United-States,>50K
38,Private,135806,Some-college,10,Married-civ-spouse,Prof-specialty,Husband,Black,Male,0,0,26,United-States,<=50K
22,Private,132548,Masters,14,Married-civ-spouse,Craft-repair,Wife,White,Female,0,0,34,United-States,<=50K
64,Private,336357,Some-college,10,Married-civ-spouse,Prof-specialty,Husband,White,Male,0,0,40,United-States,<=50K
55,Private,117834,Some-college,10,Separated,Other-service,Not-in-family,White,Male,0,0,48,United-States,<=50K
42,Private,109693,Some-college,10,Divorced,Prof-specialty,Not-in-family,White,Male,0,0,27,United-States,<=50K
22,Private,267345,Some-college,10,Divorced,Exec-managerial,Not-in-family,White,Male,0,0,40,United-States,<=50K
42,Private,354572,HS-grad,9,Married-civ-spouse,Exec-managerial,Husband,White,Male,0,0,40,United-States,<=50K
27,State-gov,364516,HS-grad,9,Divorced,Exec-managerial,Unmarried,White,Male,0,0,60,United-States,<=50K
52,Private,250006,Bachelors,13,Married-civ-spouse,Machine-op-inspct,Wife,White,Female,0,0,23,United-States,<=50K
51,Private,114529,Some-college,10,Married-civ-spouse,Sales,Husband,White,Male,0,0,36,Mexico,<=50K
27,Private,81116,Some-college,10,Married-civ-spouse,Other-service,Husband,White,Male,0,0,60,United-States,<=50K
53,Federal-gov,112600,Masters,14,Divorced,Exec-managerial,Unmarried,White,Male,0,0,48,United-States,<=50K
31,Self-emp-not-inc,134751,HS-grad,9,Separated,Exec-managerial,Not-in-family,White,Male,0,0,40,United-States,<=50K
41,Private,93044,HS-grad,9,Married-civ-spouse,Craft-repair,Husband,White,Male,0,0,21,United-States,<=50K
17,Private,334377,Bachelors,13,Never-married,Tech-support,Own-child,White,Male,0,0,22,United-States,<=50K
41,Private,338187,HS-grad,9,Never-married,Craft-repair,Not-in-family,Black,Female,0,0,40,United-States,<=50K
62,Private,291365,Bachelors,13,Married-civ-spouse,Tech-support,Husband,White,Male,0,0,40,United-States,<=50K
37,Private,150145,HS-grad,9,Married-civ-spouse,Handlers-cleaners,Husband,White,Male,0,0,31,United-States,<=50K
42,Private,252773,Assoc-acdm,12,Divorced,Exec-managerial,Not-in-family,White,Female,0,0,48,United-States,<=50K
18,Private,129755,HS-grad,9,Never-married,Tech-support,Other-relative,White,Female,0,0,40,United-States,<=50K
36,Private,94088,HS-grad,9,Never-married,Craft-repair,Not-in-family,White,Male,0,0,40,United-States,<=50K
36,Private,316629,HS-grad,9,Married-civ-spouse,Craft-repair,Husband,White,Male,0,0,40,United-States,<=50K
34,Private,113637,HS-grad,9,Never-married,Other-service,Own-child,White,Female,0,0,40,United-States,<=50K
42,Private,361274,HS-grad,9,Married-civ-spouse,Exec-managerial,Husband,White,Male,0,0,11,United-States,<=50K
32,Private,345586,Assoc-voc,11,Separated,Exec-managerial,Other-relative,White,Female,0,0,40,United-States,<=50K
42,Private,211645,HS-grad,9,Married-civ-spouse,Exec-managerial,Husband,White,Male,0,2020,40,United-States,<=50K
31,Private,121465,Bachelors,13,Married-civ-spouse,Craft-repair,Husband,White,Male,0,0,33,Germany,>50K
38,Private,84306,Some-college,10,Married-civ-spouse,Exec-managerial,Husband,White,Male,0,0,48,United-States,<=50K
49,Federal-gov,299367,HS-grad,9,Divorced,Other-service,Not-in-family,White,Female,0,0,33,United-States,<=50K
47,Private,87057,Bachelors,13,Married-civ-spouse,Adm-clerical,Husband,White,Male,0,0,36,United-States,<=50K
28,Private,137037,HS-grad,9,Never-married,Machine-op-inspct,Own-child,Black,Female,0,0,12,United-States,<=50K
37,Private,320364,Doctorate,16,Married-civ-spouse,Protective-serv,Husband,White,Male,10520,0,15,United-States,>50K
23,Private,146688,HS-grad,9,Never-married,Adm-clerical,Other-relative,Black,Male,0,0,40,United-States,<=50K
42,Private,126350,Bachelors,13,Married-civ-spouse,Craft-repair,Husband,White,Male,0,0,27,United-States,<=50K
39,Private,338533,HS-grad,9,Divorced,Other-service,Unmarried,Other,Male,0,0,40,United-States,<=50K
50,Private,389327,HS-grad,9,Never-married,Adm-clerical,Not-in-family,White,Male,0,0,40,United-States,<=50K
30,Private,327191,HS-grad,9,Divorced,Sales,Not-in-family,White,Male,0,0,45,United-States,<=50K
31,Private,149520,Some-college,10,Never-married,Farming-fishing,Own-child,White,Female,0,0,42,United-States,<=50K
43,Private,296356,Assoc-acdm,12,Never-married,Sales,Own-child,White,Female,0,0,40,United-States,<=50K
40,Self-emp-not-inc,229127,Some-college,10,Married-civ-spouse,Transport-moving,Husband,White,Male,0,0,30,United-States,<=50K
38,Federal-gov,366003,Bachelors,13,Never-married,Protective-serv,Other-relative,White,Male,0,0,45,United-States,<=50K
23,Private,310077,Bachelors,13,Married-civ-spouse,Craft-repair,Husband,White,Male,0,0,31,United-States,<=50K
39,Private,349979,Some-college,10,Married-civ-spouse,Exec-managerial,Wife,White,Female,0,0,55,United-States,>50K
62,Private,176975,HS-grad,9,Never-married,Other-service,Not-in-family,White,Male,0,0,51,United-States,<=50K
22,State-gov,205382,HS-grad,9,Married-civ-spouse,Craft-repair,Husband,Asian-Pac-Islander,Male,2626,0,10,United-States,<=50K
40,Private,191211,Some-college,10,Married-civ-spouse,Sales,Husband,Black,Male,0,0,60,El-Salvador,>50K
31,Private,264793,HS-grad,9,Never-married,Exec-managerial,Own-child,White,Male,0,0,40,United-States,<=50K
44,Self-emp-inc,209390,HS-grad,9,Divorced,Transport-moving,Unmarried,White,Male,0,0,40,United-States,<=50K
69,Private,397507,HS-grad,9,Married-civ-spouse,Craft-repair,Wife,White,Female,0,2446,60,United-States,<=50K
25,Private,353014,HS-grad,9,Never-married,Farming-fishing,Own-child,White,Male,0,0,40,Jamaica,<=50K
24,Private,245892,HS-grad,9,Never-married,Prof-specialty,Own-child,White,Male,0,0,19,United-States,>50K
49,Self-emp-not-inc,90486,Some-college,10,Divorced,Sales,Not-in-family,White,Female,0,0,40,United-States,>50K
29,Private,296823,Bachelors,13,Never-married,Sales,Own-child,White,Male,0,0,35,United-States,<=50K
23,Private,377573,12th,8,Never-married,Sales,Other-relative,White,Male,0,0,17,United-States,<=50K
49,Private,111333,HS-grad,9,Married-spouse-absent,Sales,Not-in-family,White,Male,0,0,40,United-States,<=50K
48,Private,174203,HS-grad,9,Never-married,Sales,Other-relative,White,Male,0,0,27,United-States,<=50K
37,Private,316851,HS-grad,9,Separated,Craft-repair,Other-relative,White,Female,0,0,17,United-States,<=50K
66,Private,188533,HS-grad,9,Married-civ-spouse,Prof-specialty,Husband,White,Male,0,0,40,United-States,>50K
51,State-gov,92611,HS-grad,9,Never-married,Tech-support,Not-in-family,White,Female,0,0,19,United-States,<=50K
35,Private,217430,Bachelors,13,Married-civ-spouse,Protective-serv,Husband,White,Male,0,0,50,United-States,>50K
35,State-gov,361853,Some-college,10,Never-married,Tech-support,Own-child,White,Male,0,0,31,United-States,<=50K
50,Private,358115,Bachelors,13,Never-married,Exec-managerial,Other-relative,White,Male,0,0,45,United-States,<=50K
37,Private,290266,Some-college,10,Married-civ-spouse,Adm-clerical,Wife,White,Female,0,0,40,United-States,<=50K
26,Private,246381,HS-grad,9,Divorced,Sales,Not-in-family,White,Male,0,0,40,United-States,<=50K
43,Private,218762,HS-grad,9,Divorced,Sales,Not-in-family,White,Male,0,0,34,United-States,>50K
68,Private,101157,5th-6th,3,Separated,Transport-moving,Not-in-family,White,Male,0,0,21,United-States,<=50K
41,Private,345674,Bachelors,13,Never-married,Sales,Not-in-family,White,Male,0,0,45,United-States,>50K
65,Private,100225,HS-grad,9,Never-married,Craft-repair,Own-child,White,Male,0,0,40,Guatemala,<=50K
43,Private,288976,HS-grad,9,Never-married,Prof-specialty,Own-child,White,Male,0,0,11,United-States,<=50K
28,Private,142036,HS-grad,9,Married-civ-spouse,Exec-managerial,Husband,White,Male,5178,0,50,United-States,>50K
46,Private,281482,HS-grad,9,Married-civ-spouse,Craft-repair,Husband,White,Male,0,0,19,United-States,<=50K
58,Private,290693,Bachelors,13,Married-civ-spouse,Tech-support,Husband,White,Male,0,0,26,United-States,>50K
46,Private,141629,HS-grad,9,Separated,Craft-repair,Not-in-family,White,Female,0,0,40,United-States,>50K
43,Private,86267,11th,7,Married-civ-spouse,Protective-serv,Husband,White,Male,0,1977,28,United-States,>50K
32,Private,276290,Some-college,10,Never-married,Adm-clerical,Own-child,White,Male,0,0,40,United-States,<=50K
33,Private,122897,Some-college,10,Never-married,Transport-moving,Own-child,White,Male,0,0,40,United-States,<=50K
62,Private,395924,Some-college,10,Married-civ-spouse,Sales,Wife,Black,Female,0,0,40,United-States,<=50K
37,State-gov,151621,HS-grad,9,Never-married,Tech-support,Not-in-family,White,Male,0,0,45,Mexico,<=50K
47,Private,122379,Some-college,10,Never-married,Machine-op-inspct,Not-in-family,White,Male,0,0,26,Mexico,<=50K
23,Private,320679,5th-6th,3,Married-civ-spouse,Transport-moving,Wife,White,Female,0,0,50,United-States,<=50K
36,Private,344235,HS-grad,9,Divorced,Craft-repair,Not-in-family,White,Male,0,0,48,United-States,<=50K
34,Private,101195,HS-grad,9,Married-civ-spouse,Adm-clerical,Wife,White,Female,0,0,17,United-States,<=50K
38,Private,373254,9th,5,Divorced,Machine-op-inspct,Not-in-family,White,Male,0,0,40,United-States,<=50K
24,Private,222170,Masters,14,Never-married,Prof-specialty,Own-child,White,Female,0,0,36,Germany,>50K
27,Private,167409,HS-grad,9,Never-married,Exec-managerial,Not-in-family,White,Male,0,0,40,United-States,<=50K
45,Private,318902,Bachelors,13,Married-civ-spouse,Exec-managerial,Husband,White,Male,0,0,40,United-States,>50K
48,Private,289779,Bachelors,13,Married-civ-spouse,Adm-clerical,Wife,White,Female,0,0,40,United-States,>50K
55,Private,174453,HS-grad,9,Never-married,Adm-clerical,Not-in-family,Black,Male,0,0,51,United-States,<=50K
29,Private,246907,10th,6,Never-married,Adm-clerical,Other-relative,Asian-Pac-Islander,Male,0,0,34,United-States,<=50K
35,Private,161087,Some-college,10,Never-married,Transport-moving,Own-child,White,Female,0,0,45,United-States,<=50K
39,Private,271121,Some-college,10,Married-civ-spouse,Other-service,Husband,White,Male,0,0,48,Mexico,<=50K
50,Private,175169,Bachelors,13,Never-married,Craft-repair,Not-in-family,White,Female,0,0,40,United-States,>50K
40,Private,141390,HS-grad,9,Married-civ-spouse,Sales,Husband,White,Male,0,0,40,United-States,<=50K
46,Private,189834,Bachelors,13,Never-married,Tech-support,Own-child,White,Male,0,0,60,United-States,<=50K
59,Private,99439,HS-grad,9,Never-married,Prof-specialty,Own-child,White,Female,0,0,40,United-States,>50K
27,Private,357155,Some-college,10,Married-civ-spouse,Exec-managerial,Husband,White,Male,8614,0,48,United-States,>50K
50,State-gov,326051,Some-college,10,Never-married,Protective-serv,Other-relative,White,Female,0,0,40,United-States,<=50K
24,Private,395574,Bachelors,13,Married-civ-spouse,Prof-specialty,Wife,White,Female,0,0,55,United-States,<=50K
53,Private,389541,11th,7,Never-married,Machine-op-inspct,Not-in-family,White,Male,0,0,48,United-States,<=50K
51,Private,372943,5th-6th,3,Married-civ-spouse,Machine-op-inspct,Husband,White,Male,0,0,51,United-States,>50K
45,Federal-gov,336385,Some-college,10,Married-civ-spouse,Farming-fishing,Husband,White,Male,0,0,40,United-States,<=50K
36,Private,217912,Masters,14,Married-civ-spouse,Adm-clerical,Husband,White,Male,0,0,39,United-States,>50K
34,Private,376580,Bachelors,13,Married-spouse-absent,Craft-repair,Not-in-family,White,Male,8614,0,40,United-States,>50K
35,Private,152971,HS-grad,9,Married-civ-spouse,Craft-repair,Husband,White,Male,0,0,48,United-States,<=50K
42,Private,126526,HS-grad,9,Married-civ-spouse,Craft-repair,Wife,White,Female,0,0,40,United-States,<=50K
62,Private,181357,HS-grad,9,Never-married,Exec-managerial,Not-in-family,Black,Female,0,0,40,United-States,<=50K
23,Private,199453,Some-college,10,Married-civ-spouse,Exec-managerial,Husband,White,Male,15024,0,40,United-States,>50K
30,Private,207180,HS-grad,9,Married-civ-spouse,Exec-managerial,Husband,White,Male,0,0,40,United-States,<=50K
19,Private,352188,12th,8,Never-married,Other-service,Own-child,Black,Male,0,0,40,United-States,<=50K
41,Private,351508,Some-college,10,Married-civ-spouse,Other-service,Husband,White,Male,0,0,40,United-States,<=50K
50,Local-gov,328414,HS-grad,9,Married-civ-spouse,Prof-specialty,Husband,White,Male,0,0,40,United-States,<=50K
35,Private,362074,HS-grad,9,Married-civ-spouse,Exec-managerial,Husband,Asian-Pac-Islander,Male,0,0,40,United-States,>50K
38,Private,80036,Bachelors,13,Never-married,Exec-managerial,Not-in-family,White,Male,0,0,40,United-States,<=50K
28,Private,382750,Masters,14,Married-civ-spouse,Handlers-cleaners,Husband,White,Male,0,0,40,United-States,>50K
37,Private,150151,HS-grad,9,Married-civ-spouse,Exec-managerial,Husband,White,Male,4292,0,40,United-States,<=50K
37,Local-gov,356851,Bachelors,13,Divorced,Sales,Not-in-family,White,Male,0,0,40,United-States,<=50K
39,Private,197026,1st-4th,2,Never-married,Other-service,Not-in-family,Black,Female,5013,0,40,United-States,>50K
36,Private,173247,Assoc-voc,11,Married-civ-spouse,Craft-repair,Wife,White,Female,0,2227,40,United-States,<=50K
44,Private,92354,11th,7,Married-civ-spouse,Other-service,Husband,White,Male,0,0,40,United-States,<=50K
40,Private,283748,HS-grad,9,Married-civ-spouse,Prof-specialty,Husband,White,Male,0,0,41,United-States,<=50K
22,Private,349212,Doctorate,16,Never-married,Transport-moving,Not-in-family,White,Female,0,0,21,United-States,<=50K
53,Private,100615,11th,7,Divorced,Adm-clerical,Unmarried,White,Male,0,0,28,United-States,>50K
30,Private,126416,HS-grad,9,Married-civ-spouse,Prof-specialty,Husband,White,Male,0,0,28,United-States,>50K
40,Private,276080,Some-college,10,Never-married,Craft-repair,Not-in-family,White,Male,0,0,60,United-States,<=50K
61,Private,96592,HS-grad,9,Married-civ-spouse,Prof-specialty,Husband,White,Male,0,0,40,United-States,>50K
23,Private,397080,Bachelors,13,Married-civ-spouse,Prof-specialty,Husband,White,Male,0,0,40,Philippines,<=50K
37,Private,245399,Bachelors,13,Married-civ-spouse,Sales,Wife,White,Female,0,0,40,United-States,<=50K
19,Private,88201,10th,6,Never-married,Transport-moving,Own-child,Black,Male,0,0,23,United-States,<=50K
43,Private,200233,HS-grad,9,Married-spouse-absent,Handlers-cleaners,Not-in-family,White,Male,0,0,40,United-States,<=50K
49,Private,141699,Some-college,10,Divorced,Transport-moving,Not-in-family,White,Female,0,0,40,United-States,<=50K
23,Private,152486,HS-grad,9,Married-civ-spouse,Machine-op-inspct,Wife,White,Female,0,0,51,Germany,<=50K
29,Private,157536,Some-college,10,Married-civ-spouse,Sales,Husband,White,Male,0,0,40,United-States,<=50K
26,Local-gov,94231,Some-college,10,Never-married,Exec-managerial,Not-in-family,White,Male,15024,0,49,United-States,>50K
62,Private,133279,HS-grad,9,Married-civ-spouse,Adm-clerical,Wife,White,Female,0,0,19,Poland,<=50K
61,Private,340589,Some-college,10,Never-married,Transport-moving,Not-in-family,Black,Male,0,0,50,United-States,<=50K
41,Local-gov,187741,HS-grad,9,Divorced,Craft-repair,Not-in-family,White,Female,0,0,21,United-States,<=50K
36,Private,248916,HS-grad,9,Married-civ-spouse,Sales,Husband,White,Male,0,0,40,United-States,<=50K
40,Private,225609,Some-college,10,Married-civ-spouse,Prof-specialty,Husband,White,Male,0,1887,26,United-States,>50K
57,Private,223429,HS-grad,9,Never-married,Transport-moving,Own-child,White,Male,0,0,40,United-States,<=50K
20,Private,80219,12th,8,Never-married,Transport-moving,Own-child,Black,Male,0,2297,19,United-States,<=50K
22,Private,135200,1st-4th,2,Divorced,Sales,Not-in-family,White,Female,0,0,32,United-States,<=50K
40,Private,82181,Doctorate,16,Divorced,Craft-repair,Not-in-family,White,Female,0,0,60,United-States,<=50K
30,Private,399629,HS-grad,9,Never-married,Tech-support,Not-in-family,White,Male,0,0,40,United-States,<=50K
67,Private,292854,Some-college,10,Never-married,Machine-op-inspct,Other-relative,White,Male,0,0,15,Germany,<=50K
32,Self-emp-inc,178236,12th,8,Married-civ-spouse,Other-service,Husband,White,Male,0,0,21,United-States,<=50K
64,Private,122654,HS-grad,9,Married-civ-spouse,Sales,Husband,White,Male,0,0,40,United-States,>50K
58,Private,226120,Prof-school,15,Never-married,Adm-clerical,Other-relative,Black,Female,0,0,12,United-States,>50K
51,Private,204676,HS-grad,9,Married-civ-spouse,Sales,Husband,White,Male,0,0,40,United-States,<=50K
27,Private,297027,Assoc-voc,11,Married-civ-spouse,Exec-managerial,Husband,Asian-Pac-Islander,Male,0,0,42,United-States,<=50K
37,Self-emp-not-inc,302202,Bachelors,13,Divorced,Adm-clerical,Not-in-family,White,Male,0,0,37,United-States,<=50K
40,Private,252969,12th,8,Married-civ-spouse,Exec-managerial,Wife,Black,Female,0,0,40,United-States,<=50K
50,Self-emp-inc,337144,11th,7,Married-civ-spouse,Craft-repair,Husband,White,Male,0,0,18,United-States,<=50K
31,Private,92533,HS-grad,9,Married-civ-spouse,Prof-specialty,Wife,White,Female,0,0,25,Poland,<=50K
25,Local-gov,169948,Some-college,10,Married-civ-spouse,Sales,Wife,White,Female,0,0,19,United-States,<=50K
52,Private,143900,Bachelors,13,Divorced,Sales,Not-in-family,White,Female,0,0,35,United-States,<=50K
47,Private,110530,11th,7,Divorced,Other-service,Not-in-family,White,Female,0,0,48,India,<=50K
52,Private,166997,Some-college,10,Never-married,Craft-repair,Own-child,White,Male,0,0,24,United-States,<=50K
60,Private,291541,Some-college,10,Never-married,Handlers-cleaners,Not-in-family,White,Male,0,0,34,United-States,<=50K
49,Private,283031,HS-grad,9,Divorced,Craft-repair,Not-in-family,White,Male,0,0,48,United-States,>50K
22,Private,299788,HS-grad,9,Never-married,Adm-clerical,Own-child,White,Female,0,0,17,United-States,<=50K
31,Private,124253,HS-grad,9,Never-married,Transport-moving,Own-child,White,Male,0,0,40,United-States,<=50K
22,Federal-gov,308833,9th,5,Divorced,Adm-clerical,Not-in-family,White,Male,0,0,40,United-States,<=50K
29,Private,251757,Assoc-acdm,12,Married-civ-spouse,Machine-op-inspct,Husband,White,Male,0,0,29,United-States,<=50K
29,Private,147128,HS-grad,9,Married-civ-spouse,Sales,Wife,White,Female,0,0,40,United-States,<=50K
56,Private,394396,Assoc-acdm,12,Never-married,Sales,Own-child,Amer-Indian-Eskimo,Male,0,0,35,United-States,>50K
40,Private,217785,Some-college,10,Married-civ-spouse,Exec-managerial,Wife,Black,Female,0,0,40,England,>50K
33,Private,237485,HS-grad,9,Married-civ-spouse,Craft-repair,Husband,White,Male,0,0,40,United-States,<=50K
24,Private,195820,HS-grad,9,Never-married,Machine-op-inspct,Own-child,White,Male,0,0,40,United-States,<=50K
47,Private,267177,Bachelors,13,Never-married,Craft-repair,Own-child,White,Male,0,1887,21,United-States,>50K
25,Private,361842,Masters,14,Never-married,Sales,Own-child,White,Male,0,0,40,United-States,>50K
53,Private,360661,Some-college,10,Married-civ-spouse,Adm-clerical,Husband,White,Male,0,0,40,United-States,<=50K
43,State-gov,318933,HS-grad,9,Never-married,Sales,Other-relative,White,Male,0,0,45,United-States,<=50K
54,Local-gov,312768,Masters,14,Married-civ-spouse,Exec-managerial,Husband,White,Male,0,0,40,United-States,>50K
52,Private,300498,Assoc-acdm,12,Married-civ-spouse,Sales,Husband,White,Male,0,0,12,United-States,<=50K
62,Private,389939,HS-grad,9,Married-civ-spouse,Craft-repair,Husband,White,Male,0,0,40,United-States,>50K
17,State-gov,322321,Some-college,10,Never-married,Other-service,Own-child,White,Male,0,0,37,United-States,<=50K
30,Private,279260,HS-grad,9,Never-married,Sales,Not-in-family,White,Female,0,0,40,United-States,<=50K
31,Private,316983,Some-college,10,Divorced,Craft-repair,Not-in-family,White,Male,0,0,40,United-States,<=50K
24,Private,262709,HS-grad,9,Married-civ-spouse,Sales,Husband,White,Male,0,0,15,United-States,<=50K
61,Private,202486,Masters,14,Never-married,Exec-managerial,Not-in-family,White,Male,0,0,40,United-States,<=50K
22,Private,353967,Bachelors,13,Married-civ-spouse,Transport-moving,Husband,White,Male,0,0,27,United-States,<=50K
40,Private,194713,HS-grad,9,Widowed,Exec-managerial,Not-in-family,White,Female,3120,0,27,United-States,<=50K
24,Private,383745,Some-college,10,Never-married,Adm-clerical,Not-in-family,White,Male,0,0,40,United-States,<=50K
40,Private,175549,Bachelors,13,Widowed,Transport-moving,Not-in-family,White,Female,0,0,36,United-States,>50K
56,Private,156887,Bachelors,13,Never-married,Sales,Own-child,White,Male,0,0,40,United-States,<=50K
65,Private,386057,Bachelors,13,Married-civ-spouse,Farming-fishing,Husband,White,Male,0,0,27,United-States,<=50K
49,Private,257505,Masters,14,Married-civ-spouse,Transport-moving,Husband,White,Male,0,0,18,United-States,<=50K
19,Private,349386,HS-grad,9,Never-married,Craft-repair,Own-child,White,Female,0,0,40,United-States,<=50K
17,Private,248429,Bachelors,13,Married-civ-spouse,Craft-repair,Wife,White,Female,0,0,40,United-States,<=50K
80,Self-emp-not-inc,334430,HS-grad,9,Married-civ-spouse,Craft-repair,Husband,White,Male,0,0,40,Japan,>50K
40,Private,93616,Some-college,10,Married-civ-spouse,Prof-specialty,Husband,White,Male,0,0,40,United-States,>50K
44,Private,250145,Bachelors,13,Married-civ-spouse,Prof-specialty,Husband,White,Male,0,1977,22,United-States,>50K
30,Private,92147,Assoc-acdm,12,Never-married,Craft-repair,Not-in-family,White,Female,0,0,40,United-States,<=50K
33,Self-emp-inc,316105,Some-college,10,Never-married,Adm-clerical,Own-child,White,Female,0,0,49,United-States,<=50K
27,Private,158939,11th,7,Married-civ-spouse,Exec-managerial,Wife,White,Female,0,0,40,United-States,<=50K
22,Private,260782,HS-grad,9,Married-civ-spouse,Sales,Husband,White,Male,8614,1004,31,United-States,>50K
26,Private,329335,HS-grad,9,Married-civ-spouse,Sales,Husband,White,Male,5178,1848,40,United-States,>50K
28,Self-emp-not-inc,166183,Assoc-acdm,12,Never-married,Craft-repair,Not-in-family,White,Male,0,0,40,United-States,<=50K
24,Local-gov,296795,Bachelors,13,Married-civ-spouse,Sales,Husband,White,Male,0,0,40,United-States,<=50K
27,Private,383714,7th-8th,4,Divorced,Machine-op-inspct,Unmarried,White,Male,0,0,55,United-States,<=50K
27,Private,247688,Bachelors,13,Married-civ-spouse,Adm-clerical,Wife,White,Female,0,0,17,United-States,>50K
48,Private,181288,HS-grad,9,Married-civ-spouse,Other-service,Husband,White,Male,0,0,48,China,<=50K
44,Private,193983,Some-college,10,Married-civ-spouse,Prof-specialty,Husband,White,Male,0,0,12,United-States,<=50K
48,Private,181298,HS-grad,9,Never-married,Priv-house-serv,Own-child,White,Female,0,0,40,United-States,>50K
38,Private,325243,HS-grad,9,Married-civ-spouse,Prof-specialty,Husband,Black,Male,27828,0,47,United-States,>50K
21,Private,148128,Doctorate,16,Never-married,Craft-repair,Own-child,White,Male,0,0,38,United-States,>50K
32,State-gov,180502,Masters,14,Divorced,Other-service,Not-in-family,White,Male,0,0,40,United-States,<=50K
46,Private,335552,Some-college,10,Never-married,Exec-managerial,Own-child,White,Male,0,0,40,United-States,<=50K
17,Private,340487,Bachelors,13,Never-married,Adm-clerical,Own-child,Black,Female,0,0,48,India,>50K
31,Local-gov,365677,HS-grad,9,Married-civ-spouse,Prof-specialty,Husband,White,Male,0,0,25,United-States,>50K
24,Private,354532,Bachelors,13,Never-married,Sales,Not-in-family,White,Male,0,2174,40,United-States,>50K
48,Private,300551,Masters,14,Never-married,Craft-repair,Own-child,White,Male,4386,0,29,United-States,>50K
30,Local-gov,220003,HS-grad,9,Married-civ-spouse,Handlers-cleaners,Husband,White,Male,0,0,48,United-States,<=50K
22,Private,218264,Bachelors,13,Married-civ-spouse,Exec-managerial,Husband,White,Male,0,2174,40,United-States,>50K
24,Private,356043,Masters,14,Never-married,Handlers-cleaners,Not-in-family,Amer-Indian-Eskimo,Male,0,0,26,United-States,<=50K
46,Private,259985,Prof-school,15,Married-civ-spouse,Prof-specialty,Husband,White,Male,0,0,39,United-States,<=50K
51,Local-gov,215113,HS-grad,9,Separated,Craft-repair,Unmarried,White,Male,0,0,14,United-States,<=50K
29,Private,257607,HS-grad,9,Married-civ-spouse,Prof-specialty,Wife,White,Female,0,0,40,United-States,<=50K
22,Private,168289,Some-college,10,Married-civ-spouse,Prof-specialty,Wife,Black,Female,0,2415,40,Canada,>50K
44,Private,261916,11th,7,Married-civ-spouse,Adm-clerical,Husband,White,Male,0,0,40,United-States,<=50K
38,Private,289027,HS-grad,9,Divorced,Machine-op-inspct,Not-in-family,White,Male,0,0,33,United-States,<=50K
22,Private,374558,HS-grad,9,Divorced,Machine-op-inspct,Not-in-family,White,Male,0,0,40,United-States,<=50K
23,Private,265424,Masters,14,Married-civ-spouse,Sales,Wife,White,Female,0,0,40,United-States,<=50K
49,Private,326611,Prof-school,15,Married-civ-spouse,Sales,Wife,White,Female,0,0,29,United-States,>50K
42,Private,162872,HS-grad,9,Married-civ-spouse,Exec-managerial,Husband,White,Male,0,0,40,United-States,<=50K
74,Self-emp-not-inc,124496,HS-grad,9,Divorced,Machine-op-inspct,Not-in-family,White,Male,0,0,40,United-States,<=50K
52,Private,242510,11th,7,Married-civ-spouse,Machine-op-inspct,Husband,White,Male,0,0,40,United-States,>50K
22,Private,223963,Some-college,10,Married-civ-spouse,Adm-clerical,Wife,White,Female,0,0,40,United-States,<=50K
54,Private,135617,Bachelors,13,Never-married,Prof-specialty,Own-child,White,Female,1454,0,20,Germany,<=50K
31,Private,167723,7th-8th,4,Married-civ-spouse,Adm-clerical,Wife,White,Female,0,0,15,United-States,<=50K
29,Private,163151,HS-grad,9,Married-civ-spouse,Craft-repair,Husband,White,Male,0,0,42,United-States,<=50K
34,Private,319971,12th,8,Married-civ-spouse,Handlers-cleaners,Husband,White,Male,0,0,40,United-States,<=50K
23,Private,198101,10th,6,Married-civ-spouse,Sales,Husband,White,Male,0,0,16,United-States,>50K
33,Private,192647,HS-grad,9,Married-civ-spouse,Exec-managerial,Wife,White,Female,1128,0,43,United-States,<=50K
38,Private,203917,HS-grad,9,Married-civ-spouse,Craft-repair,Husband,White,Male,0,0,40,United-States,<=50K
29,Private,197258,Some-college,10,Divorced,Sales,Unmarried,White,Female,0,0,50,United-States,<=50K
41,Private,386747,HS-grad,9,Divorced,Other-service,Not-in-family,White,Male,0,0,33,Guatemala,<=50K
63,Private,353958,Bachelors,13,Never-married,Handlers-cleaners,Own-child,Other,Male,0,0,40,United-States,<=50K
73,Private,151201,HS-grad,9,Married-civ-spouse,Prof-specialty,Wife,White,Female,0,0,31,United-States,>50K
49,Private,147812,7th-8th,4,Married-civ-spouse,Transport-moving,Husband,White,Male,0,0,12,India,<=50K
27,Private,277551,10th,6,Never-married,Handlers-cleaners,Own-child,White,Female,0,0,40,United-States,<=50K
29,Private,278799,HS-grad,9,Married-civ-spouse,Adm-clerical,Husband,White,Male,0,0,48,United-States,<=50K
32,Private,130700,Some-college,10,Never-married,Exec-managerial,Own-child,White,Female,0,0,40,United-States,<=50K
22,Private,316268,Some-college,10,Never-married,Craft-repair,Not-in-family,White,Female,0,0,12,United-States,<=50K
41,Private,188393,Some-college,10,Married-civ-spouse,Exec-managerial,Husband,White,Male,0,0,40,United-States,>50K
39,Private,260268,Bachelors,13,Married-civ-spouse,Adm-clerical,Husband,White,Male,0,0,44,United-States,>50K
17,Private,283421,Assoc-acdm,12,Never-married,Adm-clerical,Own-child,White,Male,0,0,40,United-States,<=50K
39,Private,155607,HS-grad,9,Married-civ-spouse,Tech-support,Wife,White,Female,0,0,43,United-States,<=50K
21,Private,325533,HS-grad,9,Never-married,Craft-repair,Own-child,Black,Male,0,0,40,United-States,<=50K
51,Private,182747,HS-grad,9,Never-married,Sales,Not-in-family,White,Male,0,0,40,Dominican-Republic,>50K
21,Self-emp-not-inc,321397,HS-grad,9,Never-married,Exec-managerial,Own-child,White,Female,0,0,17,China,>50K
40,Private,392130,HS-grad,9,Never-married,Other-service,Own-child,White,Male,0,0,40,United-States,<=50K
31,Private,239252,HS-grad,9,Never-married,Craft-repair,Not-in-family,White,Male,0,0,32,United-States,<=50K
43,Private,356696,Some-college,10,Married-civ-spouse,Tech-support,Wife,White,Female,7298,0,44,United-States,>50K
23,Private,396097,11th,7,Married-civ-spouse,Other-service,Husband,White,Male,3103,0,40,United-States,>50K
49,Private,283086,Some-college,10,Never-married,Adm-clerical,Not-in-family,White,Male,0,0,40,United-States,>50K
20,Private,324029,HS-grad,9,Never-married,Protective-serv,Other-relative,White,Male,0,0,40,United-States,<=50K
25,Federal-gov,147196,Some-college,10,Never-married,Craft-repair,Own-child,White,Male,0,0,13,United-States,<=50K
18,Private,97276,HS-grad,9,Never-married,Adm-clerical,Own-child,White,Male,0,0,40,United-States,<=50K
72,Federal-gov,153117,HS-grad,9,Never-married,Prof-specialty,Not-in-family,White,Male,0,0,40,United-States,>50K
40,State-gov,383578,HS-grad,9,Married-civ-spouse,Sales,Husband,White,Male,0,0,27,United-States,<=50K
43,Private,294674,Some-college,10,Never-married,Adm-clerical,Not-in-family,White,Female,0,0,29,United-States,<=50K
18,Private,150670,Assoc-acdm,12,Divorced,Prof-specialty,Not-in-family,White,Female,0,0,40,United-States,<=50K
40,State-gov,180698,Prof-school,15,Never-married,Machine-op-inspct,Own-child,Black,Male,0,0,50,United-States,>50K
29,Private,142671,12th,8,Divorced,Craft-repair,Not-in-family,White,Female,0,0,40,United-States,<=50K
43,Private,130401,Bachelors,13,Married-civ-spouse,Machine-op-inspct,Wife,White,Female,0,1902,12,United-States,>50K
32,Private,359606,HS-grad,9,Divorced,Prof-specialty,Not-in-family,White,Male,0,0,16,United-States,<=50K
44,Self-emp-not-inc,266535,Some-college,10,Never-married,Craft-repair,Own-child,White,Female,0,0,40,United-States,<=50K
19,Private,265279,Some-college,10,Never-married,Craft-repair,Not-in-family,White,Male,1260,0,40,United-States,<=50K
28,Private,396066,HS-grad,9,Married-civ-spouse,Other-service,Husband,White,Male,0,0,40,United-States,<=50K
31,Local-gov,396340,Bachelors,13,Married-civ-spouse,Handlers-cleaners,Husband,White,Male,0,0,45,United-States,<=50K
39,Private,109625,HS-grad,9,Divorced,Exec-managerial,Not-in-family,White,Male,0,0,40,United-States,<=50K
19,Private,114488,Masters,14,Never-married,Transport-moving,Own-child,White,Female,0,0,19,United-States,>50K
54,Private,301060,HS-grad,9,Married-civ-spouse,Farming-fishing,Wife,White,Female,0,0,26,United-States,<=50K
35,State-gov,383199,12th,8,Married-civ-spouse,Sales,Wife,White,Female,0,0,40,United-States,<=50K
52,Private,123425,11th,7,Divorced,Exec-managerial,Not-in-family,Amer-Indian-Eskimo,Female,0,0,40,United-States,<=50K
75,Private,176249,HS-grad,9,Separated,Craft-repair,Not-in-family,White,Female,0,0,35,United-States,<=50K
59,Private,237318,Some-college,10,Married-civ-spouse,Sales,Wife,White,Female,5178,0,40,United-States,>50K
36,Private,351789,Some-college,10,Never-married,Sales,Own-child,White,Male,0,0,40,United-States,<=50K
35,Local-gov,122860,HS-grad,9,Married-civ-spouse,Transport-moving,Wife,White,Female,0,0,19,United-States,<=50K
23,State-gov,183893,HS-grad,9,Divorced,Machine-op-inspct,Unmarried,White,Male,0,0,40,United-States,<=50K
43,Self-emp-not-inc,217320,Doctorate,16,Never-married,Transport-moving,Own-child,White,Male,0,0,16,United-States,<=50K
41,Private,318233,Some-college,10,Never-married,Exec-managerial,Own-child,White,Male,0,0,52,United-States,<=50K
35,Private,281422,Bachelors,13,Never-married,Other-service,Not-in-family,Asian-Pac-Islander,Female,0,1848,22,United-States,>50K
48,Private,227287,11th,7,Married-civ-spouse,Prof-specialty,Wife,Asian-Pac-Islander,Female,0,0,11,United-States,<=50K
25,Private,250265,Some-college,10,Never-married,Other-service,Other-relative,White,Male,0,0,40,United-States,<=50K
53,Self-emp-inc,303981,Some-college,10,Never-married,Prof-specialty,Other-relative,White,Male,0,0,30,United-States,>50K
63,Self-emp-not-inc,213049,HS-grad,9,Widowed,Other-service,Unmarried,Black,Male,0,0,40,Columbia,<=50K
32,Private,187333,Some-college,10,Married-civ-spouse,Exec-managerial,Husband,White,Male,0,0,40,United-States,<=50K
32,Private,144037,Assoc-acdm,12,Never-married,Sales,Own-child,White,Female,2861,0,46,United-States,<=50K
23,Local-gov,333372,HS-grad,9,Never-married,Craft-repair,Not-in-family,White,Male,0,0,40,United-States,<=50K
29,Private,84072,HS-grad,9,Never-married,Other-service,Other-relative,White,Male,0,0,40,United-States,<=50K
48,Private,266233,7th-8th,4,Married-civ-spouse,Sales,Wife,Black,Female,0,0,40,United-States,<=50K
21,Local-gov,254739,Some-college,10,Never-married,Exec-managerial,Own-child,Black,Male,0,0,40,United-States,<=50K
36,Private,244371,10th,6,Divorced,Adm-clerical,Not-in-family,White,Male,0,0,21,United-States,<=50K
44,Private,362450,Bachelors,13,Divorced,Exec-managerial,Not-in-family,Asian-Pac-Islander,Female,0,0,40,United-States,<=50K
51,Self-emp-inc,354969,Some-college,10,Married-spouse-absent,Adm-clerical,Not-in-family,White,Male,0,0,40,United-States,<=50K
54,Private,343214,Bachelors,13,Married-civ-spouse,Adm-clerical,Husband,White,Male,0,0,40,United-States,<=50K
51,Private,317687,Assoc-acdm,12,Married-civ-spouse,Craft-repair,Husband,White,Male,7688,0,47,Mexico,>50K
19,Private,148516,Some-college,10,Never-married,Machine-op-inspct,Own-child,White,Male,0,0,40,United-States,<=50K
39,Self-emp-inc,271874,12th,8,Married-civ-spouse,Craft-repair,Husband,Black,Male,0,0,45,United-States,<=50K
29,Private,269367,HS-grad,9,Married-civ-spouse,Other-service,Wife,White,Female,4963,0,40,United-States,<=50K
33,Private,312810,HS-grad,9,Married-civ-spouse,Farming-fishing,Husband,White,Male,0,0,40,Jamaica,<=50K
31,Private,289064,HS-grad,9,Never-married,Adm-clerical,Not-in-family,White,Female,0,0,21,United-States,<=50K
26,Private,378613,9th,5,Separated,Exec-managerial,Unmarried,White,Male,0,0,40,United-States,<=50K
35,Federal-gov,194418,Assoc-voc,11,Married-civ-spouse,Sales,Wife,White,Female,0,0,50,United-States,>50K
31,Private,163519,Prof-school,15,Married-civ-spouse,Machine-op-inspct,Husband,White,Male,0,0,40,Jamaica,<=50K
50,Private,110912,Bachelors,13,Married-civ-spouse,Prof-specialty,Husband,White,Male,27828,0,32,United-States,>50K
42,Private,104970,Prof-school,15,Divorced,Other-service,Not-in-family,White,Male,0,0,40,United-States,<=50K
33,Private,211484,HS-grad,9,Never-married,Prof-specialty,Other-relative,Asian-Pac-Islander,Male,0,0,41,Poland,<=50K
40,Private,94872,HS-grad,9,Married-civ-spouse,Prof-specialty,Wife,White,Female,0,0,28,United-States,>50K
35,Private,332950,Bachelors,13,Married-civ-spouse,Sales,Wife,White,Female,0,0,29,United-States,>50K
31,Private,116956,HS-grad,9,Married-civ-spouse,Handlers-cleaners,Wife,White,Female,0,0,40,United-States,<=50K
70,Private,106594,HS-grad,9,Married-civ-spouse,Sales,Husband,White,Male,0,0,40,India,<=50K
29,Private,313817,HS-grad,9,Divorced,Adm-clerical,Not-in-family,Black,Male,0,0,40,United-States,<=50K
23,Private,396729,Some-college,10,Never-married,Craft-repair,Not-in-family,White,Male,0,1067,50,United-States,<=50K
58,Private,291630,11th,7,Married-civ-spouse,Other-service,Husband,White,Male,0,0,25,United-States,<=50K
23,Local-gov,143712,Some-college,10,Never-married,Adm-clerical,Other-relative,White,Male,0,0,48,United-States,<=50K
43,Local-gov,224997,Some-college,10,Married-civ-spouse,Exec-managerial,Husband,White,Male,0,0,16,United-States,<=50K
31,Self-emp-inc,249488,HS-grad,9,Married-civ-spouse,Prof-specialty,Husband,White,Male,0,0,40,United-States,<=50K
56,Private,314147,HS-grad,9,Married-civ-spouse,Prof-specialty,Husband,White,Male,0,0,50,United-States,<=50K
44,Self-emp-not-inc,167215,HS-grad,9,Never-married,Adm-clerical,Not-in-family,Asian-Pac-Islander,Male,0,0,40,United-States,<=50K
23,Self-emp-inc,202689,Bachelors,13,Divorced,Prof-specialty,Not-in-family,White,Male,0,0,24,United-States,>50K
34,Private,339913,Some-college,10,Married-civ-spouse,Adm-clerical,Husband,White,Male,0,0,29,United-States,<=50K
30,Private,283106,HS-grad,9,Widowed,Prof-specialty,Not-in-family,White,Female,0,0,44,United-States,<=50K
50,State-gov,350632,Assoc-acdm,12,Married-civ-spouse,Exec-managerial,Wife,White,Female,0,0,50,United-States,<=50K
35,Private,318229,10th,6,Married-civ-spouse,Craft-repair,Husband,White,Male,0,0,40,United-States,<=50K
51,Private,372659,Masters,14,Never-married,Transport-moving,Other-relative,White,Female,2279,0,40,United-States,<=50K
42,Private,183700,HS-grad,9,Married-civ-spouse,Adm-clerical,Wife,White,Female,0,0,30,United-States,<=50K
22,Private,372541,HS-grad,9,Separated,Prof-specialty,Unmarried,Amer-Indian-Eskimo,Male,3103,0,46,United-States,>50K
54,Private,174876,HS-grad,9,Married-civ-spouse,Prof-specialty,Husband,White,Male,0,0,40,Canada,<=50K
41,Private,290909,HS-grad,9,Never-married,Exec-managerial,Own-child,White,Male,0,0,40,United-States,<=50K
44,Private,186826,Bachelors,13,Married-civ-spouse,Prof-specialty,Husband,White,Male,0,0,40,Canada,<=50K
19,Self-emp-not-inc,105014,Bachelors,13,Divorced,Adm-clerical,Unmarried,Other,Male,0,0,40,United-States,<=50K
32,Private,123939,Some-college,10,Married-civ-spouse,Transport-moving,Husband,White,Male,0,0,40,United-States,<=50K
35,Private,254892,HS-grad,9,Separated,Adm-clerical,Unmarried,Black,Female,0,0,38,United-States,<=50K
44,Private,194686,7th-8th,4,Married-civ-spouse,Craft-repair,Wife,White,Female,0,0,13,United-States,<=50K
63,Private,353358,Assoc-voc,11,Married-civ-spouse,Machine-op-inspct,Wife,White,Female,0,0,40,United-States,<=50K
45,Private,191992,Some-college,10,Divorced,Machine-op-inspct,Not-in-family,White,Male,0,0,40,United-States,>50K
42,State-gov,343908,Some-college,10,Married-civ-spouse,Other-service,Husband,Black,Male,0,0,45,United-States,<=50K
22,Private,367002,Some-college,10,Married-civ-spouse,Craft-repair,Husband,White,Male,0,0,55,United-States,<=50K
41,Private,165638,HS-grad,9,Divorced,Sales,Not-in-family,White,Male,0,0,40,United-States,<=50K
42,Private,377103,HS-grad,9,Married-civ-spouse,Adm-clerical,Wife,Asian-Pac-Islander,Female,15024,0,43,United-States,>50K
36,Private,224241,Bachelors,13,Never-married,Machine-op-inspct,Other-relative,White,Male,0,0,40,United-States,<=50K
38,Private,181226,HS-grad,9,Married-civ-spouse,Sales,Wife,White,Female,0,2415,45,Cuba,>50K
24,Federal-gov,245884,9th,5,Never-married,Other-service,Not-in-family,White,Male,0,0,40,United-States,<=50K
34,Private,195485,Bachelors,13,Never-married,Adm-clerical,Not-in-family,White,Female,0,0,40,United-States,<=50K
44,Private,339535,Some-college,10,Married-civ-spouse,Machine-op-inspct,Wife,White,Female,0,0,40,United-States,>50K
24,Private,331790,Assoc-acdm,12,Married-civ-spouse,Sales,Husband,White,Male,0,0,27,United-States,>50K
24,Private,254080,11th,7,Never-married,Transport-moving,Own-child,White,Female,0,0,40,United-States,<=50K
20,Private,383318,HS-grad,9,Never-married,Craft-repair,Own-child,White,Male,0,0,40,United-States,<=50K
22,Private,82281,HS-grad,9,Never-married,Machine-op-inspct,Own-child,White,Female,0,0,27,United-States,<=50K
20,Self-emp-not-inc,82868,HS-grad,9,Never-married,Handlers-cleaners,Own-child,White,Female,0,0,40,United-States,<=50K
43,Private,366305,Bachelors,13,Separated,Sales,Unmarried,White,Female,0,0,48,United-States,<=50K
43,Federal-gov,108467,9th,5,Widowed,Handlers-cleaners,Not-in-family,White,Female,0,0,50,United-States,<=50K
35,Private,98924,HS-grad,9,Married-civ-spouse,Machine-op-inspct,Wife,White,Female,0,0,40,United-States,<=50K
26,Private,298465,HS-grad,9,Married-civ-spouse,Other-service,Wife,White,Female,0,0,12,United-States,<=50K
25,Private,251911,Some-college,10,Married-civ-spouse,Sales,Husband,White,Male,0,0,40,Cuba,<=50K
35,Self-emp-not-inc,214043,Some-college,10,Married-civ-spouse,Tech-support,Husband,Black,Male,8614,0,27,United-States,>50K
24,Private,270432,Some-college,10,Married-civ-spouse,Farming-fishing,Husband,Black,Male,0,0,40,United-States,<=50K
56,Self-emp-not-inc,349493,HS-grad,9,Married-civ-spouse,Transport-moving,Wife,White,Female,0,0,50,United-States,<=50K
43,Private,388899,Some-college,10,Divorced,Adm-clerical,Not-in-family,White,Female,0,0,32,United-States,<=50K
53,Private,124858,Some-college,10,Married-civ-spouse,Protective-serv,Wife,Black,Female,0,0,40,United-States,<=50K
32,Private,150461,Bachelors,13,Married-civ-spouse,Exec-managerial,Husband,White,Male,0,0,42,United-States,>50K
59,Private,280546,9th,5,Married-civ-spouse,Transport-moving,Husband,White,Male,0,0,40,United-States,<=50K
34,Private,396165,HS-grad,9,Never-married,Craft-repair,Own-child,White,Male,0,0,42,United-States,<=50K
52,Private,179320,HS-grad,9,Divorced,Exec-managerial,Not-in-family,White,Female,0,1977,40,United-States,>50K
42,Private,170824,Bachelors,13,Never-married,Exec-managerial,Not-in-family,White,Male,0,0,40,United-States,>50K
21,Private,319826,5th-6th,3,Never-married,Farming-fishing,Own-child,Black,Female,0,0,40,United-States,>50K
37,Private,87345,Bachelors,13,Never-married,Farming-fishing,Not-in-family,White,Female,0,0,18,United-States,<=50K
35,Private,209590,Bachelors,13,Married-civ-spouse,Exec-managerial,Husband,White,Male,0,0,18,United-States,>50K
19,Private,278233,Doctorate,16,Never-married,Exec-managerial,Own-child,White,Male,0,0,40,United-States,<=50K
37,Private,340706,Some-college,10,Married-civ-spouse,Exec-managerial,Wife,White,Female,0,0,37,United-States,>50K
50,Private,328003,Some-college,10,Married-civ-spouse,Other-service,Wife,White,Female,0,0,40,United-States,<=50K
46,Private,271388,Assoc-acdm,12,Married-civ-spouse,Prof-specialty,Wife,White,Female,0,0,40,United-States,<=50K
33,Private,152542,Bachelors,13,Never-married,Craft-repair,Other-relative,Black,Male,0,0,48,United-States,<=50K
38,Federal-gov,174063,Some-college,10,Married-civ-spouse,Prof-specialty,Husband,White,Male,0,0,28,United-States,>50K
54,Federal-gov,239363,HS-grad,9,Separated,Sales,Unmarried,White,Female,99999,0,22,United-States,>50K
39,Private,167042,Some-college,10,Never-married,Other-service,Not-in-family,White,Male,0,0,45,United-States,<=50K
33,Self-emp-not-inc,224803,Assoc-voc,11,Married-civ-spouse,Sales,Husband,White,Male,0,0,40,United-States,<=50K
40,Private,203105,Bachelors,13,Married-civ-spouse,Protective-serv,Husband,White,Male,0,0,40,United-States,<=50K
38,Private,227768,Bachelors,13,Married-civ-spouse,Sales,Husband,White,Male,4857,0,40,United-States,>50K
30,Private,384865,HS-grad,9,Never-married,Machine-op-inspct,Not-in-family,White,Male,0,0,27,United-States,<=50K
24,Private,269425,Some-college,10,Divorced,Exec-managerial,Not-in-family,Black,Male,0,0,40,United-States,<=50K
28,Private,354454,Bachelors,13,Divorced,Prof-specialty,Not-in-family,White,Male,0,0,60,United-States,<=50K
40,State-gov,231274,HS-grad,9,Never-married,Other-service,Own-child,White,Male,0,0,18,United-States,<=50K
21,Private,329353,Some-college,10,Never-married,Sales,Own-child,White,Male,0,0,38,United-States,<=50K
43,Private,120801,Bachelors,13,Widowed,Craft-repair,Not-in-family,White,Male,0,0,11,Mexico,<=50K
39,Private,85648,HS-grad,9,Married-civ-spouse,Prof-specialty,Wife,Other,Female,0,0,40,United-States,<=50K
39,Private,300836,HS-grad,9,Never-married,Machine-op-inspct,Own-child,Black,Male,0,0,40,United-States,<=50K
23,Private,213905,Some-college,10,Married-civ-spouse,Exec-managerial,Husband,White,Male,0,0,34,United-States,<=50K
25,Private,113148,Some-college,10,Married-civ-spouse,Adm-clerical,Husband,White,Male,0,0,48,United-States,<=50K
41,Private,145717,Doctorate,16,Never-married,Exec-managerial,Not-in-family,White,Male,0,0,60,United-States,<=50K
28,Private,160409,Bachelors,13,Married-civ-spouse,Other-service,Wife,White,Female,0,0,24,United-States,<=50K
23,Private,153107,Some-college,10,Married-civ-spouse,Exec-managerial,Husband,White,Male,0,0,40,United-States,<=50K
41,Private,198244,Bachelors,13,Married-civ-spouse,Prof-specialty,Wife,White,Female,3103,0,45,Canada,>50K
53,Private,81581,Some-college,10,Never-married,Sales,Not-in-family,White,Female,0,0,40,United-States,>50K
35,Private,87085,Assoc-voc,11,Married-civ-spouse,Sales,Husband,Black,Male,0,0,28,United-States,<=50K
43,Private,294831,HS-grad,9,Married-civ-spouse,Exec-managerial,Husband,White,Male,0,0,19,United-States,<=50K
40,Private,171448,HS-grad,9,Never-married,Craft-repair,Own-child,Amer-Indian-Eskimo,Male,0,0,40,United-States,<=50K
37,Self-emp-inc,319054,HS-grad,9,Married-civ-spouse,Prof-specialty,Husband,White,Male,0,0,40,United-States,<=50K
28,Private,289221,Some-college,10,Never-married,Exec-managerial,Not-in-family,White,Male,0,0,40,United-States,<=50K
69,Private,352322,Some-college,10,Never-married,Transport-moving,Own-child,White,Male,0,0,23,United-States,<=50K
22,Private,374834,HS-grad,9,Divorced,Craft-repair,Not-in-family,Black,Male,0,0,40,United-States,<=50K
40,Local-gov,218595,Some-college,10,Married-civ-spouse,Prof-specialty,Husband,White,Male,0,0,26,India,<=50K
54,Private,312138,12th,8,Never-married,Machine-op-inspct,Other-relative,White,Female,0,0,60,United-States,<=50K
36,Private,248094,HS-grad,9,Divorced,Machine-op-inspct,Not-in-family,White,Male,0,0,40,United-States,<=50K
36,Private,132858,Some-college,10,Married-civ-spouse,Other-service,Husband,White,Male,0,0,40,Canada,<=50K
50,Private,278095,7th-8th,4,Divorced,Other-service,Unmarried,White,Male,0,0,42,Canada,<=50K
25,State-gov,254738,HS-grad,9,Never-married,Prof-specialty,Own-child,Black,Female,0,0,35,United-States,<=50K
48,Private,115358,Bachelors,13,Married-civ-spouse,Sales,Husband,White,Male,1395,0,38,United-States,<=50K
45,State-gov,185246,Masters,14,Never-married,Sales,Not-in-family,Black,Female,0,0,50,United-States,>50K
34,Private,261538,HS-grad,9,Married-civ-spouse,Craft-repair,Husband,White,Male,0,0,40,United-States,<=50K
62,Federal-gov,206964,Some-college,10,Separated,Machine-op-inspct,Unmarried,White,Male,0,0,40,United-States,<=50K
50,Private,319735,HS-grad,9,Never-married,Sales,Other-relative,White,Male,3103,0,40,United-States,>50K
53,Local-gov,196527,HS-grad,9,Never-married,Exec-managerial,Not-in-family,White,Male,0,0,40,United-States,<=50K
42,Private,269184,12th,8,Married-civ-spouse,Machine-op-inspct,Wife,White,Female,0,0,20,United-States,<=50K
57,Private,358716,HS-grad,9,Never-married,Adm-clerical,Not-in-family,White,Female,0,0,12,United-States,<=50K
52,Private,204386,Doctorate,16,Married-civ-spouse,Exec-managerial,Husband,White,Male,0,0,45,United-States,<=50K
40,Private,203690,HS-grad,9,Married-civ-spouse,Handlers-cleaners,Husband,White,Male,0,0,60,United-States,<=50K
30,Private,281815,Bachelors,13,Never-married,Other-service,Own-child,White,Male,0,0,31,United-States,<=50K
45,Private,332275,Bachelors,13,Never-married,Other-service,Own-child,White,Female,0,0,50,United-States,>50K
29,Private,150037,HS-grad,9,Married-civ-spouse,Prof-specialty,Husband,White,Male,0,0,20,United-States,<=50K
39,Federal-gov,163158,Bachelors,13,Married-civ-spouse,Adm-clerical,Wife,White,Female,0,0,44,United-States,>50K
38,Private,379917,Some-college,10,Divorced,Exec-managerial,Not-in-family,White,Male,0,0,40,United-States,>50K
17,Local-gov,203762,Bachelors,13,Never-married,Adm-clerical,Other-relative,White,Female,0,0,40,United-States,<=50K
53,Private,266385,HS-grad,9,Widowed,Adm-clerical,Not-in-family,White,Female,0,0,40,United-States,<=50K
32,Private,286954,HS-grad,9,Never-married,Craft-repair,Other-relative,White,Female,2425,0,45,Germany,<=50K
18,Private,131335,Bachelors,13,Married-civ-spouse,Exec-managerial,Husband,White,Male,0,0,40,United-States,<=50K
56,Private,197207,11th,7,Divorced,Other-service,Unmarried,White,Female,0,0,40,United-States,<=50K
39,Private,358473,Bachelors,13,Married-civ-spouse,Exec-managerial,Husband,Other,Male,0,0,15,Columbia,>50K
34,Private,161764,Some-college,10,Never-married,Craft-repair,Other-relative,White,Female,0,0,19,El-Salvador,<=50K
47,Federal-gov,98215,Masters,14,Married-civ-spouse,Machine-op-inspct,Husband,White,Male,0,0,40,United-States,>50K
25,Private,140092,Bachelors,13,Married-civ-spouse,Prof-specialty,Wife,White,Female,0,0,40,United-States,<=50K
32,Private,249700,10th,6,Divorced,Craft-repair,Unmarried,White,Female,0,0,40,United-States,<=50K
66,Private,89168,Preschool,1,Divorced,Machine-op-inspct,Not-in-family,White,Female,0,0,33,United-States,<=50K
42,Private,354658,12th,8,Never-married,Machine-op-inspct,Not-in-family,White,Female,0,0,48,United-States,<=50K
35,Private,395356,Some-college,10,Never-married,Machine-op-inspct,Not-in-family,Black,Male,0,0,10,United-States,<=50K
52,Private,87641,HS-grad,9,Never-married,Other-service,Not-in-family,White,Male,0,0,35,United-States,<=50K
60,Self-emp-not-inc,295378,Masters,14,Never-married,Farming-fishing,Other-relative,White,Male,0,0,36,United-States,<=50K
29,Private,187802,HS-grad,9,Divorced,Machine-op-inspct,Not-in-family,White,Female,0,0,55,United-States,<=50K
27,Private,339951,10th,6,Married-civ-spouse,Adm-clerical,Husband,White,Male,0,0,35,United-States,<=50K
46,Private,289036,Bachelors,13,Married-civ-spouse,Prof-specialty,Wife,White,Female,0,0,47,United-States,<=50K
32,Private,289706,Some-college,10,Married-civ-spouse,Prof-specialty,Wife,White,Female,0,0,40,United-States,>50K
49,Local-gov,366593,1st-4th,2,Never-married,Machine-op-inspct,Other-relative,White,Male,0,0,40,United-States,<=50K
41,Private,175984,7th-8th,4,Never-married,Other-service,Own-child,White,Female,0,0,12,United-States,<=50K
33,Private,93834,Bachelors,13,Never-married,Sales,Own-child,White,Male,0,0,40,United-States,<=50K
29,Private,226349,Doctorate,16,Married-civ-spouse,Exec-managerial,Husband,White,Male,0,0,40,United-States,<=50K
27,Private,388849,Some-college,10,Married-civ-spouse,Prof-specialty,Husband,White,Male,0,0,40,United-States,<=50K
44,Private,155873,Assoc-voc,11,Never-married,Exec-managerial,Own-child,White,Female,5895,0,16,United-States,<=50K
34,Private,385078,HS-grad,9,Never-married,Exec-managerial,Other-relative,Other,Female,0,0,40,United-States,>50K
70,Private,293865,Masters,14,Never-married,Exec-managerial,Not-in-family,White,Male,10520,0,40,United-States,>50K
41,Self-emp-inc,325181,Masters,14,Separated,Prof-specialty,Other-relative,White,Male,4386,0,24,United-States,>50K
18,Private,129844,HS-grad,9,Never-married,Exec-managerial,Not-in-family,White,Male,0,0,40,United-States,<=50K
38,Private,97318,9th,5,Never-married,Adm-clerical,Own-child,White,Male,0,0,40,United-States,>50K
48,Private,145576,Assoc-acdm,12,Married-spouse-absent,Protective-serv,Not-in-family,White,Male,0,0,28,United-States,<=50K
22,Federal-gov,234794,11th,7,Never-married,Adm-clerical,Own-child,White,Male,0,0,40,United-States,<=50K
17,Private,241312,HS-grad,9,Never-married,Prof-specialty,Other-relative,White,Female,0,0,40,United-States,>50K
34,Private,338986,11th,7,Never-married,Other-service,Other-relative,White,Male,0,0,40,United-States,<=50K
26,Local-gov,156007,Some-college,10,Married-civ-spouse,Sales,Wife,White,Female,27828,0,40,United-States,>50K
22,Private,130139,HS-grad,9,Married-civ-spouse,Other-service,Wife,White,Female,0,0,26,United-States,<=50K
36,Private,392668,Bachelors,13,Divorced,Craft-repair,Not-in-family,White,Female,0,0,36,United-States,>50K
32,Private,86834,Some-college,10,Never-married,Other-service,Own-child,White,Male,0,0,50,United-States,<=50K
56,Private,201385,Bachelors,13,Married-civ-spouse,Prof-specialty,Husband,Other,Male,0,0,16,South,>50K
53,Private,242025,Bachelors,13,Never-married,Sales,Not-in-family,Black,Male,0,0,49,United-States,<=50K
44,State-gov,310666,Some-college,10,Married-civ-spouse,Tech-support,Husband,White,Male,0,0,40,United-States,<=50K
34,Private,228637,Doctorate,16,Divorced,Adm-clerical,Not-in-family,White,Male,0,0,28,United-States,>50K
39,Private,236054,Prof-school,15,Married-civ-spouse,Tech-support,Husband,White,Male,1489,0,37,United-States,>50K
32,Local-gov,290223,11th,7,Never-married,Protective-serv,Own-child,Black,Male,0,0,40,Columbia,<=50K
21,Private,288406,HS-grad,9,Never-married,Exec-managerial,Own-child,Black,Female,0,0,40,United-States,<=50K
49,Self-emp-inc,133346,HS-grad,9,Never-married,Craft-repair,Own-child,White,Male,0,1740,21,United-States,>50K
43,Private,223405,12th,8,Never-married,Handlers-cleaners,Not-in-family,White,Female,0,0,26,United-States,<=50K
50,Local-gov,249199,Some-college,10,Married-civ-spouse,Adm-clerical,Husband,White,Male,0,0,45,United-States,<=50K
48,Private,274942,7th-8th,4,Married-civ-spouse,Sales,Husband,White,Male,0,0,40,Germany,<=50K
30,Federal-gov,126985,HS-grad,9,Divorced,Protective-serv,Not-in-family,White,Male,0,0,10,United-States,<=50K
52,Private,106270,HS-grad,9,Divorced,Prof-specialty,Unmarried,White,Male,0,0,40,United-States,>50K
22,Private,336119,Bachelors,13,Divorced,Other-service,Not-in-family,Asian-Pac-Islander,Male,0,0,27,United-States,<=50K
33,Private,351387,HS-grad,9,Widowed,Sales,Not-in-family,White,Male,0,0,40,United-States,<=50K
76,Private,101983,Bachelors,13,Separated,Sales,Unmarried,White,Female,0,0,40,United-States,<=50K
52,State-gov,382181,HS-grad,9,Never-married,Sales,Own-child,White,Male,0,0,52,United-States,<=50K
35,Private,92199,Bachelors,13,Married-civ-spouse,Handlers-cleaners,Wife,White,Female,0,0,40,United-States,<=50K
48,Private,360261,Some-college,10,Married-civ-spouse,Protective-serv,Husband,White,Male,0,0,20,United-States,>50K
44,Private,238029,Bachelors,13,Divorced,Machine-op-inspct,Not-in-family,White,Female,0,0,40,United-States,<=50K
19,Private,305850,10th,6,Never-married,Machine-op-inspct,Own-child,White,Female,0,0,40,United-States,<=50K
26,Private,181381,Some-college,10,Married-civ-spouse,Craft-repair,Wife,White,Female,0,0,17,United-States,<=50K
26,Self-emp-inc,183320,HS-grad,9,Married-civ-spouse,Sales,Husband,White,Male,0,0,40,Mexico,<=50K
42,Private,159155,HS-grad,9,Never-married,Craft-repair,Not-in-family,White,Female,0,0,40,United-States,<=50K
35,Self-emp-not-inc,316940,Some-college,10,Married-civ-spouse,Adm-clerical,Wife,White,Female,0,0,19,Germany,>50K
31,Private,345012,Some-college,10,Never-married,Prof-specialty,Own-child,White,Male,0,0,40,United-States,<=50K
48,Private,327947,Bachelors,13,Never-married,Adm-clerical,Not-in-family,White,Male,0,0,40,United-States,<=50K
43,Private,272374,7th-8th,4,Never-married,Adm-clerical,Other-relative,White,Male,0,0,40,United-States,<=50K
53,Self-emp-inc,172458,Prof-school,15,Married-civ-spouse,Prof-specialty,Husband,White,Male,0,0,55,United-States,>50K
31,Private,313047,Assoc-acdm,12,Married-civ-spouse,Exec-managerial,Husband,White,Male,0,0,50,United-States,>50K
34,Private,323798,Masters,14,Widowed,Craft-repair,Not-in-family,White,Female,0,0,45,Philippines,<=50K
30,Private,126891,Masters,14,Married-civ-spouse,Other-service,Husband,White,Male,0,0,40,United-States,<=50K
26,Local-gov,280521,Prof-school,15,Never-married,Craft-repair,Not-in-family,White,Male,0,0,22,United-States,<=50K
30,Private,321843,Assoc-acdm,12,Married-spouse-absent,Exec-managerial,Not-in-family,White,Female,0,0,27,United-States,<=50K
28,Private,91091,HS-grad,9,Married-civ-spouse,Transport-moving,Husband,White,Male,0,0,40,United-States,<=50K
22,Private,214021,Masters,14,Never-married,Adm-clerical,Own-child,White,Female,0,0,40,United-States,<=50K
36,Private,148968,11th,7,Never-married,Handlers-cleaners,Own-child,Other,Male,0,0,52,United-States,>50K
53,Private,284514,9th,5,Married-civ-spouse,Adm-clerical,Husband,White,Male,0,0,40,United-States,<=50K
28,Private,190066,Some-college,10,Married-civ-spouse,Exec-managerial,Husband,White,Male,0,0,40,United-States,>50K
55,Private,308185,10th,6,Never-married,Prof-specialty,Not-in-family,White,Male,0,0,22,United-States,<=50K
53,Private,351379,Some-college,10,Widowed,Adm-clerical,Not-in-family,White,Male,0,0,43,United-States,<=50K
75,Private,128595,Some-college,10,Never-married,Priv-house-serv,Not-in-family,White,Male,0,0,37,United-States,<=50K
25,Private,295306,HS-grad,9,Never-married,Tech-support,Not-in-family,White,Male,0,0,35,United-States,<=50K
41,Private,187639,HS-grad,9,Divorced,Prof-specialty,Unmarried,White,Male,0,0,52,United-States,<=50K
21,Private,114879,HS-grad,9,Never-married,Craft-repair,Own-child,White,Female,0,0,30,Mexico,<=50K
20,Private,212282,Assoc-acdm,12,Never-married,Adm-clerical,Not-in-family,White,Female,0,0,45,United-States,>50K
42,Federal-gov,173946,Some-college,10,Married-civ-spouse,Other-service,Husband,White,Male,0,0,40,United-States,<=50K
22,Private,312630,Bachelors,13,Never-married,Other-service,Own-child,White,Female,4386,0,45,Mexico,>50K
26,Self-emp-not-inc,201518,HS-grad,9,Divorced,Exec-managerial,Not-in-family,Black,Male,0,0,40,United-States,<=50K
36,Private,382737,Some-college,10,Never-married,Adm-clerical,Not-in-family,Other,Male,0,0,40,United-States,<=50K
37,Private,330179,Some-college,10,Divorced,Adm-clerical,Not-in-family,White,Female,0,1252,50,United-States,<=50K
50,Private,327071,Bachelors,13,Never-married,Other-service,Not-in-family,White,Male,0,2231,55,United-States,>50K
26,Self-emp-inc,297520,HS-grad,9,Married-civ-spouse,Protective-serv,Wife,White,Female,0,0,29,United-States,<=50K
41,Federal-gov,258440,Bachelors,13,Widowed,Handlers-cleaners,Unmarried,White,Male,0,0,40,United-States,>50K
30,Private,343741,Some-college,10,Divorced,Prof-specialty,Not-in-family,White,Male,0,0,25,United-States,>50K
25,Private,318572,Masters,14,Married-civ-spouse,Handlers-cleaners,Husband,White,Male,0,0,46,United-States,<=50K
36,Private,245217,Bachelors,13,Divorced,Prof-specialty,Not-in-family,White,Male,0,0,40,United-States,>50K
80,Private,330642,Some-college,10,Never-married,Adm-clerical,Own-child,White,Male,0,0,35,United-States,<=50K
51,Self-emp-inc,223003,HS-grad,9,Divorced,Exec-managerial,Not-in-family,White,Male,0,0,40,United-States,<=50K
31,Private,119489,11th,7,Never-married,Prof-specialty,Not-in-family,White,Male,0,0,31,United-States,<=50K
34,Private,139344,HS-grad,9,Never-married,Adm-clerical,Not-in-family,White,Male,0,0,40,United-States,<=50K
25,Private,202646,Bachelors,13,Never-married,Other-service,Not-in-family,Black,Female,5097,0,40,United-States,<=50K
40,Self-emp-not-inc,156557,HS-grad,9,Married-civ-spouse,Craft-repair,Husband,White,Male,0,0,40,United-States,>50K
70,Private,119141,Some-college,10,Married-civ-spouse,Other-service,Husband,White,Male,0,0,50,United-States,<=50K
61,Private,235856,Assoc-acdm,12,Married-civ-spouse,Exec-managerial,Wife,White,Female,0,0,33,United-States,<=50K
47,Private,260405,HS-grad,9,Divorced,Prof-specialty,Unmarried,White,Male,0,0,34,United-States,<=50K
40,Private,238800,Some-college,10,Never-married,Prof-specialty,Not-in-family,White,Male,0,0,40,United-States,<=50K
44,Private,307392,HS-grad,9,Married-civ-spouse,Exec-managerial,Wife,Black,Female,0,0,46,United-States,<=50K
38,Private,233157,HS-grad,9,Married-civ-spouse,Sales,Husband,White,Male,0,0,33,United-States,>50K
43,Private,81071,HS-grad,9,Never-married,Prof-specialty,Own-child,White,Male,0,0,42,United-States,<=50K
43,Private,220006,Some-college,10,Married-civ-spouse,Craft-repair,Wife,White,Female,0,0,40,United-States,<=50K
48,Private,148503,HS-grad,9,Married-civ-spouse,Other-service,Husband,White,Male,0,0,11,United-States,>50K
63,Private,112918,12th,8,Never-married,Other-service,Not-in-family,White,Female,0,0,12,United-States,<=50K
53,Private,334435,Bachelors,13,Married-civ-spouse,Craft-repair,Husband,White,Male,0,0,40,United-States,<=50K
46,Private,392408,Some-college,10,Never-married,Machine-op-inspct,Own-child,Black,Male,0,0,40,United-States,>50K
43,Private,203295,HS-grad,9,Divorced,Prof-specialty,Not-in-family,White,Male,0,0,40,Mexico,<=50K
53,Private,81779,Assoc-acdm,12,Never-married,Craft-repair,Own-child,White,Female,0,0,40,United-States,<=50K
42,Private,126159,Masters,14,Never-married,Farming-fishing,Not-in-family,White,Female,0,0,40,United-States,<=50K
56,Private,96283,Bachelors,13,Married-civ-spouse,Machine-op-inspct,Husband,Black,Male,0,0,40,United-States,>50K
57,Private,288097,HS-grad,9,Married-civ-spouse,Exec-managerial,Husband,White,Male,0,0,40,United-States,<=50K
73,Private,368447,HS-grad,9,Never-married,Handlers-cleaners,Own-child,White,Male,0,0,28,United-States,<=50K
42,Private,138964,HS-grad,9,Married-civ-spouse,Tech-support,Wife,White,Female,0,0,40,United-States,<=50K
27,Private,80149,11th,7,Divorced,Sales,Not-in-family,White,Male,0,0,23,United-States,<=50K
39,Private,257326,HS-grad,9,Never-married,Craft-repair,Own-child,Other,Male,0,0,40,Mexico,<=50K
35,Private,249222,12th,8,Never-married,Handlers-cleaners,Own-child,White,Female,0,0,40,United-States,<=50K
39,Private,374184,HS-grad,9,Never-married,Other-service,Other-relative,White,Male,0,0,40,United-States,>50K
24,Local-gov,216939,Prof-school,15,Never-married,Prof-specialty,Not-in-family,White,Female,0,0,41,United-States,>50K
28,Private,285304,HS-grad,9,Widowed,Prof-specialty,Unmarried,White,Male,27828,0,39,United-States,>50K
39,Self-emp-not-inc,188719,Some-college,10,Married-civ-spouse,Adm-clerical,Husband,White,Male,0,0,40,United-States,>50K
38,Private,259855,HS-grad,9,Never-married,Exec-managerial,Not-in-family,White,Female,0,0,40,United-States,<=50K
32,Private,340283,Bachelors,13,Never-married,Other-service,Not-in-family,White,Female,0,0,28,United-States,<=50K
39,Self-emp-not-inc,303957,HS-grad,9,Never-married,Exec-managerial,Not-in-family,White,Male,0,0,39,United-States,<=50K
23,Private,84293,HS-grad,9,Never-married,Prof-specialty,Not-in-family,White,Male,0,0,40,United-States,<=50K
24,Federal-gov,109458,Some-college,10,Married-civ-spouse,Craft-repair,Husband,White,Male,0,0,40,United-States,<=50K
32,Private,184044,Some-college,10,Never-married,Sales,Other-relative,Black,Female,0,0,40,United-States,<=50K
40,Private,265230,Bachelors,13,Never-married,Craft-repair,Not-in-family,White,Male,0,0,38,United-States,>50K
53,Private,223941,Assoc-voc,11,Married-civ-spouse,Other-service,Husband,White,Male,0,0,40,United-States,<=50K
31,Private,363404,Bachelors,13,Never-married,Machine-op-inspct,Other-relative,White,Female,0,0,40,United-States,<=50K
41,Self-emp-not-inc,86326,Bachelors,13,Divorced,Exec-managerial,Not-in-family,White,Male,0,1740,41,United-States,>50K
75,Private,90420,Some-college,10,Never-married,Sales,Not-in-family,White,Male,0,0,55,India,<=50K
42,Federal-gov,81066,Some-college,10,Divorced,Sales,Not-in-family,Asian-Pac-Islander,Male,0,0,50,United-States,<=50K
18,Private,98559,HS-grad,9,Married-civ-spouse,Tech-support,Wife,Black,Female,0,0,40,United-States,>50K
33,Private,398524,HS-grad,9,Never-married,Farming-fishing,Own-child,White,Male,0,0,15,United-States,<=50K
70,Private,292092,HS-grad,9,Married-civ-spouse,Protective-serv,Wife,White,Female,0,0,46,United-States,>50K
22,Private,115179,Some-college,10,Married-civ-spouse,Prof-specialty,Husband,White,Male,0,0,40,United-States,>50K
50,Private,356756,12th,8,Married-civ-spouse,Craft-repair,Husband,White,Male,0,0,38,China,<=50K
45,Private,398879,Some-college,10,Never-married,Exec-managerial,Not-in-family,White,Female,0,2174,40,United-States,>50K
42,Private,101487,HS-grad,9,Married-civ-spouse,Sales,Husband,White,Male,14084,0,12,United-States,>50K
40,Private,243818,Some-college,10,Never-married,Adm-clerical,Own-child,White,Male,5894,0,40,United-States,>50K
33,State-gov,307278,Some-college,10,Married-civ-spouse,Transport-moving,Husband,White,Male,0,0,48,United-States,<=50K
50,Local-gov,118567,HS-grad,9,Separated,Craft-repair,Unmarried,Black,Male,0,0,40,Haiti,<=50K
33,Private,350045,Masters,14,Never-married,Adm-clerical,Own-child,White,Male,0,0,40,United-States,<=50K
53,Self-emp-not-inc,118791,Bachelors,13,Married-civ-spouse,Exec-managerial,Wife,White,Female,0,0,48,United-States,<=50K
47,Private,165337,Bachelors,13,Never-married,Sales,Not-in-family,White,Female,0,0,50,United-States,>50K
23,Private,370080,HS-grad,9,Married-civ-spouse,Machine-op-inspct,Husband,Black,Male,0,0,43,United-States,<=50K
22,Local-gov,155158,Bachelors,13,Never-married,Handlers-cleaners,Not-in-family,White,Female,0,0,51,Germany,>50K
53,Private,363591,Some-college,10,Divorced,Prof-specialty,Not-in-family,White,Female,0,0,40,United-States,<=50K
34,Private,150642,Some-college,10,Divorced,Sales,Not-in-family,White,Male,0,0,40,United-States,<=50K
31,State-gov,257917,Bachelors,13,Married-civ-spouse,Sales,Wife,White,Female,0,0,45,United-States,<=50K
32,Private,186980,Bachelors,13,Divorced,Transport-moving,Not-in-family,White,Female,0,0,27,United-States,<=50K
23,Private,102693,Some-college,10,Married-spouse-absent,Sales,Not-in-family,White,Male,0,2123,39,Cuba,<=50K
41,Private,337316,Assoc-voc,11,Never-married,Adm-clerical,Other-relative,White,Male,0,0,14,England,<=50K
36,Private,180197,Some-college,10,Widowed,Sales,Not-in-family,Black,Male,0,0,11,United-States,<=50K
47,Private,170792,12th,8,Divorced,Sales,Not-in-family,Black,Female,0,0,17,United-States,<=50K
32,Private,176264,HS-grad,9,Married-civ-spouse,Other-service,Wife,White,Female,0,0,40,United-States,<=50K
27,Private,354670,Some-college,10,Married-civ-spouse,Prof-specialty,Husband,White,Male,0,0,40,United-States,<=50K
39,Private,361468,HS-grad,9,Never-married,Prof-specialty,Not-in-family,White,Female,0,0,28,United-States,<=50K
25,State-gov,146281,Masters,14,Married-civ-spouse,Farming-fishing,Husband,White,Male,0,0,24,United-States,<=50K
42,Private,93838,HS-grad,9,Married-civ-spouse,Machine-op-inspct,Husband,White,Male,0,0,40,United-States,>50K
24,Private,247708,Bachelors,13,Never-married,Farming-fishing,Own-child,White,Female,0,0,11,England,<=50K
29,Private,104744,HS-grad,9,Divorced,Prof-specialty,Not-in-family,White,Female,0,0,40,United-States,<=50K
55,Private,154946,HS-grad,9,Married-civ-spouse,Farming-fishing,Husband,White,Male,0,0,41,United-States,<=50K
41,Private,101873,11th,7,Married-civ-spouse,Prof-specialty,Wife,White,Female,0,0,40,South,<=50K
63,Local-gov,332208,Assoc-voc,11,Married-civ-spouse,Craft-repair,Wife,White,Female,0,0,12,United-States,<=50K
53,Local-gov,170146,9th,5,Never-married,Adm-clerical,Not-in-family,White,Male,0,0,32,United-States,<=50K
58,State-gov,249049,Bachelors,13,Married-civ-spouse,Sales,Wife,White,Female,15024,0,16,United-States,>50K
42,Private,196969,10th,6,Divorced,Sales,Not-in-family,White,Male,0,0,22,United-States,<=50K
22,Private,320887,12th,8,Married-civ-spouse,Other-service,Husband,White,Male,0,0,40,United-States,>50K
38,Private,134483,Some-college,10,Never-married,Sales,Not-in-family,White,Male,0,0,40,United-States,<=50K
20,Self-emp-not-inc,173987,HS-grad,9,Never-married,Sales,Own-child,White,Male,0,0,40,United-States,<=50K
41,Private,107758,HS-grad,9,Married-civ-spouse,Other-service,Husband,Black,Male,0,0,39,United-States,<=50K
54,Private,289319,Masters,14,Never-married,Craft-repair,Own-child,Black,Female,0,0,28,United-States,<=50K
18,Private,364658,Bachelors,13,Never-married,Craft-repair,Not-in-family,Asian-Pac-Islander,Male,2598,0,36,United-States,<=50K
35,Private,127813,HS-grad,9,Never-married,Farming-fishing,Not-in-family,White,Male,0,0,40,United-States,<=50K
32,Local-gov,174222,Bachelors,13,Never-married,Sales,Own-child,White,Female,0,0,40,Germany,>50K
56,Private,376588,Masters,14,Married-civ-spouse,Craft-repair,Husband,White,Male,0,0,40,United-States,<=50K
43,Private,145985,HS-grad,9,Separated,Tech-support,Not-in-family,White,Male,0,1010,40,United-States,<=50K
45,Private,273967,Some-college,10,Married-civ-spouse,Protective-serv,Wife,White,Female,0,0,40,United-States,>50K
51,Private,174097,HS-grad,9,Divorced,Transport-moving,Not-in-family,White,Female,0,0,40,United-States,>50K
37,Private,149188,Some-college,10,Never-married,Adm-clerical,Own-child,White,Male,0,0,33,United-States,<=50K
25,Private,104728,Some-college,10,Married-civ-spouse,Tech-support,Husband,White,Male,0,0,14,El-Salvador,<=50K
49,Self-emp-inc,132732,HS-grad,9,Married-civ-spouse,Exec-managerial,Wife,White,Female,0,0,40,United-States,<=50K
41,Private,273842,Some-college,10,Married-civ-spouse,Machine-op-inspct,Husband,White,Male,0,0,22,United-States,<=50K
54,Private,140817,HS-grad,9,Never-married,Exec-managerial,Not-in-family,Black,Male,0,0,40,United-States,<=50K
27,Private,371326,Some-college,10,Married-civ-spouse,Adm-clerical,Husband,White,Male,0,0,45,United-States,<=50K
24,Private,359676,Some-college,10,Separated,Tech-support,Not-in-family,White,Male,0,0,40,United-States,<=50K
44,Private,361860,HS-grad,9,Never-married,Other-service,Own-child,White,Male,0,0,40,United-States,<=50K
19,Private,201190,Some-college,10,Never-married,Other-service,Own-child,White,Male,0,0,40,United-States,<=50K
62,Private,295966,Prof-school,15,Divorced,Transport-moving,Not-in-family,White,Female,0,0,40,United-States,>50K
48,Private,220260,Doctorate,16,Never-married,Adm-clerical,Own-child,White,Female,0,0,45,United-States,>50K
28,Private,288821,Prof-school,15,Married-civ-spouse,Sales,Husband,White,Male,0,0,38,United-States,<=50K
45,Private,157007,Bachelors,13,Married-civ-spouse,Other-service,Husband,White,Male,0,0,11,United-States,<=50K
47,Private,272742,Some-college,10,Never-married,Machine-op-inspct,Not-in-family,White,Male,2578,0,40,United-States,<=50K
30,Private,112115,7th-8th,4,Never-married,Craft-repair,Not-in-family,White,Female,0,0,38,United-States,<=50K
39,Private,93695,Bachelors,13,Married-civ-spouse,Exec-managerial,Husband,White,Male,0,2559,39,United-States,>50K
31,Self-emp-not-inc,168150,Assoc-acdm,12,Never-married,Exec-managerial,Not-in-family,White,Female,0,0,40,China,>50K
44,Private,314954,5th-6th,3,Separated,Machine-op-inspct,Other-relative,White,Female,0,0,40,United-States,<=50K
25,Private,107900,Prof-school,15,Married-civ-spouse,Sales,Husband,White,Male,0,0,40,United-States,<=50K
42,Private,236716,Masters,14,Never-married,Other-service,Own-child,White,Male,0,0,36,United-States,<=50K
51,Private,328320,HS-grad,9,Never-married,Craft-repair,Own-child,White,Male,0,0,44,United-States,<=50K
51,Local-gov,84663,HS-grad,9,Married-civ-spouse,Other-service,Husband,White,Male,0,0,40,United-States,<=50K
33,Local-gov,230107,HS-grad,9,Married-civ-spouse,Sales,Wife,White,Female,0,0,40,United-States,<=50K
79,Self-emp-not-inc,262300,Bachelors,13,Married-civ-spouse,Adm-clerical,Wife,White,Female,0,0,50,United-States,>50K
39,Private,118202,7th-8th,4,Married-civ-spouse,Craft-repair,Husband,White,Male,0,0,18,United-States,<=50K
42,Private,366312,11th,7,Never-married,Handlers-cleaners,Not-in-family,White,Male,0,0,19,United-States,<=50K
74,Federal-gov,133447,Bachelors,13,Never-married,Craft-repair,Not-in-family,Amer-Indian-Eskimo,Male,0,0,40,United-States,>50K
61,Private,139216,7th-8th,4,Divorced,Handlers-cleaners,Not-in-family,Black,Male,0,0,40,United-States,<=50K
19,Private,181772,Some-college,10,Never-married,Machine-op-inspct,Own-child,White,Female,0,0,36,United-States,<=50K
18,Private,263616,Some-college,10,Never-married,Prof-specialty,Not-in-family,White,Female,0,0,40,United-States,<=50K
46,Private,189285,10th,6,Married-civ-spouse,Other-service,Husband,White,Male,0,0,46,United-States,<=50K
25,Private,302400,Bachelors,13,Married-civ-spouse,Prof-specialty,Wife,White,Female,0,0,40,United-States,<=50K
50,Private,144773,9th,5,Married-civ-spouse,Sales,Wife,White,Female,0,0,40,United-States,<=50K
47,Self-emp-not-inc,237045,Masters,14,Married-civ-spouse,Sales,Wife,White,Female,0,1123,47,United-States,>50K
20,Private,185191,HS-grad,9,Never-married,Adm-clerical,Own-child,White,Female,0,0,22,United-States,<=50K
24,State-gov,149211,Some-college,10,Married-civ-spouse,Prof-specialty,Husband,White,Male,0,0,23,United-States,<=50K
33,Private,312159,HS-grad,9,Never-married,Other-service,Not-in-family,White,Male,0,0,18,United-States,<=50K
46,Private,259833,HS-grad,9,Married-civ-spouse,Farming-fishing,Husband,White,Male,0,0,40,United-States,>50K
49,Private,291607,HS-grad,9,Never-married,Craft-repair,Own-child,White,Male,0,0,48,Dominican-Republic,<=50K
53,Private,262964,Assoc-acdm,12,Married-civ-spouse,Adm-clerical,Husband,White,Male,0,0,40,United-States,<=50K
47,Private,348937,HS-grad,9,Separated,Adm-clerical,Unmarried,White,Male,0,0,48,United-States,>50K
49,Private,276263,Bachelors,13,Married-civ-spouse,Craft-repair,Husband,White,Male,0,0,50,United-States,>50K
45,Private,370898,Some-college,10,Married-civ-spouse,Adm-clerical,Husband,White,Male,0,0,25,United-States,<=50K
31,Self-emp-not-inc,80698,Masters,14,Widowed,Craft-repair,Not-in-family,White,Female,5013,0,40,United-States,>50K
34,Private,245949,HS-grad,9,Divorced,Prof-specialty,Not-in-family,White,Male,0,0,40,United-States,>50K
43,Private,203982,Some-college,10,Never-married,Prof-specialty,Not-in-family,White,Female,0,0,41,United-States,<=50K
52,Private,165407,Assoc-voc,11,Married-civ-spouse,Exec-managerial,Husband,White,Male,0,0,40,United-States,<=50K
34,Private,328842,Some-college,10,Never-married,Adm-clerical,Own-child,White,Male,0,0,40,United-States,<=50K
23,Private,98529,Assoc-acdm,12,Married-civ-spouse,Craft-repair,Wife,White,Female,0,0,40,United-States,<=50K
23,Federal-gov,375141,Masters,14,Never-married,Sales,Own-child,White,Female,0,0,32,United-States,<=50K
37,Private,107969,Bachelors,13,Married-civ-spouse,Transport-moving,Wife,White,Female,0,0,40,United-States,>50K
22,Private,102094,Some-college,10,Divorced,Sales,Not-in-family,White,Male,0,0,22,Columbia,<=50K
23,Private,321542,Bachelors,13,Divorced,Prof-specialty,Not-in-family,White,Male,0,0,40,United-States,<=50K
62,Private,302185,HS-grad,9,Never-married,Adm-clerical,Other-relative,White,Female,0,0,40,United-States,<=50K
77,Private,135542,Prof-school,15,Never-married,Exec-managerial,Own-child,White,Male,0,0,29,United-States,<=50K
43,Private,294311,HS-grad,9,Never-married,Prof-specialty,Not-in-family,White,Female,0,0,41,United-States,>50K
41,State-gov,220148,HS-grad,9,Never-married,Adm-clerical,Own-child,White,Female,0,0,40,United-States,<=50K
61,State-gov,297518,1st-4th,2,Married-civ-spouse,Craft-repair,Husband,White,Male,0,0,60,United-States,<=50K
59,Private,310661,Prof-school,15,Never-married,Adm-clerical,Other-relative,White,Male,0,0,12,United-States,<=50K
30,Self-emp-not-inc,276295,HS-grad,9,Never-married,Machine-op-inspct,Other-relative,White,Male,0,0,17,United-States,<=50K
63,Private,322224,Masters,14,Never-married,Adm-clerical,Own-child,White,Female,0,0,40,United-States,<=50K
45,Local-gov,289012,Some-college,10,Married-civ-spouse,Prof-specialty,Wife,White,Female,0,0,20,United-States,<=50K
69,Self-emp-inc,199046,Assoc-voc,11,Never-married,Prof-specialty,Own-child,White,Male,0,0,50,United-States,<=50K
42,Self-emp-inc,235419,Some-college,10,Widowed,Machine-op-inspct,Not-in-family,White,Female,0,0,50,United-States,>50K
46,Private,150839,Some-college,10,Never-married,Other-service,Other-relative,White,Female,0,0,28,United-States,<=50K
64,Private,298385,Bachelors,13,Married-civ-spouse,Adm-clerical,Wife,White,Female,2283,0,40,United-States,>50K
57,Private,209498,Bachelors,13,Never-married,Sales,Own-child,White,Female,0,0,14,South,>50K
30,Self-emp-inc,169892,Some-college,10,Never-married,Prof-specialty,Own-child,Black,Female,0,0,40,United-States,>50K
48,Private,207624,Masters,14,Married-civ-spouse,Craft-repair,Wife,White,Female,0,0,21,United-States,<=50K
40,Private,310877,10th,6,Married-civ-spouse,Handlers-cleaners,Husband,White,Male,0,0,48,United-States,>50K
43,Federal-gov,191735,Bachelors,13,Never-married,Prof-specialty,Own-child,White,Male,0,0,29,United-States,>50K
22,Federal-gov,332480,5th-6th,3,Married-civ-spouse,Sales,Wife,White,Female,0,0,40,United-States,<=50K
31,Private,207398,HS-grad,9,Widowed,Protective-serv,Not-in-family,White,Female,0,0,40,United-States,<=50K
52,Private,223556,10th,6,Never-married,Handlers-cleaners,Own-child,White,Female,0,0,40,United-States,<=50K
64,Private,112098,HS-grad,9,Married-civ-spouse,Farming-fishing,Husband,White,Male,0,0,40,United-States,>50K
28,Private,241673,HS-grad,9,Married-civ-spouse,Transport-moving,Husband,White,Male,0,0,40,United-States,<=50K
39,Private,325558,Assoc-voc,11,Divorced,Transport-moving,Not-in-family,White,Male,0,0,23,United-States,<=50K
30,Self-emp-not-inc,127512,HS-grad,9,Married-civ-spouse,Tech-support,Wife,Black,Female,0,0,37,United-States,<=50K
25,Local-gov,364442,HS-grad,9,Married-civ-spouse,Other-service,Wife,White,Female,0,0,48,United-States,>50K
29,Private,206856,5th-6th,3,Never-married,Transport-moving,Own-child,Other,Female,5132,0,48,United-States,>50K
35,Private,252820,HS-grad,9,Married-civ-spouse,Exec-managerial,Wife,Asian-Pac-Islander,Female,0,0,40,United-States,>50K
36,Private,308853,Assoc-acdm,12,Married-civ-spouse,Transport-moving,Husband,White,Male,0,0,40,United-States,<=50K
39,Private,83043,Some-college,10,Married-civ-spouse,Adm-clerical,Husband,Black,Male,0,0,19,United-States,<=50K
50,Private,127757,12th,8,Married-civ-spouse,Handlers-cleaners,Wife,Other,Female,0,0,40,United-States,<=50K
35,Private,151634,Some-college,10,Married-civ-spouse,Craft-repair,Husband,White,Male,0,0,40,United-States,<=50K
52,Private,211126,Some-college,10,Married-civ-spouse,Exec-managerial,Wife,Black,Female,0,0,20,United-States,>50K
41,Private,287397,Bachelors,13,Married-civ-spouse,Adm-clerical,Husband,White,Male,0,0,40,United-States,>50K
17,Private,216779,Some-college,10,Never-married,Exec-managerial,Own-child,White,Male,0,0,40,United-States,<=50K
49,State-gov,372181,Assoc-voc,11,Never-married,Adm-clerical,Not-in-family,White,Male,0,0,40,United-States,<=50K
24,Private,283808,Some-college,10,Never-married,Transport-moving,Other-relative,Black,Male,0,0,40,United-States,<=50K
32,Private,137358,HS-grad,9,Divorced,Prof-specialty,Unmarried,White,Female,0,0,60,United-States,<=50K
46,Private,133559,HS-grad,9,Never-married,Prof-specialty,Own-child,White,Male,0,0,46,United-States,<=50K
50,State-gov,278685,HS-grad,9,Married-civ-spouse,Exec-managerial,Wife,White,Female,0,0,32,United-States,<=50K
23,Federal-gov,276810,HS-grad,9,Married-civ-spouse,Adm-clerical,Husband,White,Male,15024,0,10,United-States,>50K
43,Private,286415,HS-grad,9,Married-civ-spouse,Exec-managerial,Husband,White,Male,0,0,39,Canada,>50K
44,Local-gov,85548,Assoc-voc,11,Never-married,Sales,Own-child,White,Male,0,0,40,United-States,<=50K
34,Private,300684,Assoc-acdm,12,Married-civ-spouse,Sales,Wife,White,Female,0,0,25,United-States,>50K
44,Private,371157,Some-college,10,Married-civ-spouse,Other-service,Husband,White,Male,0,0,40,United-States,>50K
28,Self-emp-inc,163818,HS-grad,9,Separated,Sales,Unmarried,Asian-Pac-Islander,Male,0,0,21,United-States,<=50K
33,Private,153689,Assoc-acdm,12,Never-married,Sales,Not-in-family,White,Male,0,0,40,United-States,>50K
23,Private,372097,Masters,14,Married-civ-spouse,Exec-managerial,Husband,White,Male,0,0,37,United-States,<=50K
40,Private,180877,Some-college,10,Married-civ-spouse,Transport-moving,Wife,White,Female,0,0,40,United-States,<=50K
24,Private,258528,HS-grad,9,Married-civ-spouse,Transport-moving,Husband,White,Male,0,0,40,United-States,>50K
32,Private,293651,HS-grad,9,Married-civ-spouse,Craft-repair,Husband,White,Male,0,0,40,United-States,<=50K
34,Private,135935,HS-grad,9,Married-civ-spouse,Adm-clerical,Wife,White,Female,0,0,20,United-States,<=50K
32,Private,150368,Bachelors,13,Never-married,Prof-specialty,Not-in-family,White,Male,0,0,47,El-Salvador,<=50K
32,Private,203639,HS-grad,9,Married-civ-spouse,Adm-clerical,Husband,White,Male,0,0,37,United-States,<=50K
47,Private,397131,HS-grad,9,Married-civ-spouse,Machine-op-inspct,Husband,White,Male,0,0,40,United-States,<=50K
39,Self-emp-inc,238727,HS-grad,9,Divorced,Craft-repair,Not-in-family,Black,Male,0,0,25,United-States,<=50K
49,Local-gov,270916,Assoc-acdm,12,Divorced,Adm-clerical,Unmarried,White,Female,0,2415,19,United-States,>50K
19,State-gov,246963,Masters,14,Never-married,Craft-repair,Own-child,White,Male,0,0,50,United-States,>50K
39,Private,371752,HS-grad,9,Never-married,Exec-managerial,Own-child,White,Female,0,0,40,England,<=50K
44,Local-gov,322368,Some-college,10,Married-civ-spouse,Sales,Husband,White,Male,0,0,40,United-States,<=50K
38,Private,286203,Masters,14,Married-civ-spouse,Transport-moving,Wife,White,Female,0,0,40,United-States,>50K
26,Private,168457,Assoc-voc,11,Divorced,Exec-managerial,Not-in-family,White,Female,0,0,16,United-States,>50K
24,Private,266943,HS-grad,9,Divorced,Craft-repair,Not-in-family,White,Female,0,0,40,South,<=50K
52,Private,165279,Some-college,10,Married-civ-spouse,Craft-repair,Husband,White,Male,0,0,40,United-States,<=50K
36,Local-gov,201279,Assoc-voc,11,Married-civ-spouse,Adm-clerical,Wife,White,Female,0,0,52,United-States,>50K
25,Private,203224,HS-grad,9,Married-civ-spouse,Farming-fishing,Wife,White,Female,0,0,40,United-States,<=50K
51,Private,378806,Some-college,10,Never-married,Prof-specialty,Not-in-family,White,Female,0,0,40,United-States,<=50K
30,Private,381217,Bachelors,13,Widowed,Sales,Not-in-family,White,Male,0,0,40,United-States,<=50K
33,Federal-gov,181042,Some-college,10,Married-civ-spouse,Machine-op-inspct,Husband,Other,Male,0,0,40,United-States,<=50K
22,Private,93654,9th,5,Divorced,Transport-moving,Not-in-family,White,Female,4710,0,45,United-States,<=50K
29,Private,340874,Bachelors,13,Never-married,Adm-clerical,Not-in-family,White,Male,0,0,40,United-States,<=50K
47,Private,97509,Some-college,10,Never-married,Adm-clerical,Own-child,White,Female,0,0,25,United-States,<=50K
27,Private,218888,Some-college,10,Never-married,Tech-support,Not-in-family,White,Male,0,0,29,United-States,<=50K
61,Federal-gov,231502,HS-grad,9,Never-married,Other-service,Own-child,White,Male,0,0,35,United-States,<=50K
75,Private,214034,Bachelors,13,Never-married,Adm-clerical,Own-child,White,Male,0,0,18,United-States,<=50K
26,Private,345864,12th,8,Married-civ-spouse,Other-service,Wife,Other,Female,0,0,55,United-States,<=50K
39,Private,207525,HS-grad,9,Married-civ-spouse,Prof-specialty,Husband,White,Male,4987,0,39,Cuba,>50K
39,Private,105149,Some-college,10,Married-civ-spouse,Adm-clerical,Wife,White,Female,0,0,40,United-States,<=50K
23,Private,299495,Some-college,10,Never-married,Other-service,Own-child,White,Male,0,0,16,United-States,<=50K
41,Private,109502,HS-grad,9,Never-married,Other-service,Not-in-family,White,Female,0,0,40,United-States,<=50K
26,Private,87525,Masters,14,Never-married,Craft-repair,Own-child,Black,Female,0,0,17,United-States,>50K
27,Private,368589,Some-college,10,Married-civ-spouse,Machine-op-inspct,Wife,White,Female,0,0,40,United-States,<=50K
30,Self-emp-not-inc,226770,Assoc-voc,11,Never-married,Exec-managerial,Own-child,White,Female,0,0,40,United-States,<=50K
28,Private,176141,HS-grad,9,Married-civ-spouse,Adm-clerical,Husband,White,Male,0,0,40,United-States,<=50K
48,Local-gov,181346,Masters,14,Married-civ-spouse,Prof-specialty,Husband,White,Male,0,0,40,United-States,>50K
27,Private,118481,Some-college,10,Married-civ-spouse,Transport-moving,Wife,White,Female,0,0,40,United-States,<=50K
19,Private,367925,9th,5,Never-married,Transport-moving,Own-child,White,Male,0,0,20,United-States,<=50K
51,Private,290835,HS-grad,9,Never-married,Other-service,Own-child,White,Male,0,0,19,Germany,<=50K
42,Private,328817,Bachelors,13,Married-civ-spouse,Handlers-cleaners,Husband,White,Male,0,0,34,United-States,>50K
41,Self-emp-not-inc,200159,Bachelors,13,Never-married,Craft-repair,Not-in-family,White,Female,0,0,37,United-States,>50K
28,Private,239186,HS-grad,9,Never-married,Priv-house-serv,Other-relative,White,Female,0,0,40,United-States,<=50K
44,Private,287363,HS-grad,9,Married-civ-spouse,Craft-repair,Husband,White,Male,0,0,40,United-States,<=50K
51,Private,391285,Some-college,10,Married-civ-spouse,Exec-managerial,Husband,White,Male,0,0,34,United-States,<=50K
33,Private,234116,Assoc-acdm,12,Married-civ-spouse,Machine-op-inspct,Wife,White,Female,0,0,42,United-States,<=50K
44,Private,293142,Prof-school,15,Married-civ-spouse,Exec-managerial,Wife,Other,Female,0,0,22,United-States,>50K
35,Private,385251,Some-college,10,Married-civ-spouse,Craft-repair,Husband,White,Male,0,0,40,United-States,>50K
23,Private,192200,Masters,14,Married-civ-spouse,Other-service,Wife,White,Female,0,0,29,United-States,>50K
36,Private,108369,HS-grad,9,Married-civ-spouse,Exec-managerial,Wife,White,Female,7688,0,40,United-States,>50K
50,Federal-gov,292575,Assoc-voc,11,Never-married,Adm-clerical,Own-child,White,Male,0,0,40,United-States,<=50K
55,Private,347255,Prof-school,15,Never-married,Adm-clerical,Not-in-family,White,Male,0,0,24,United-States,>50K
44,Federal-gov,370214,12th,8,Divorced,Transport-moving,Not-in-family,White,Male,0,0,45,United-States,<=50K
26,Federal-gov,128943,HS-grad,9,Never-married,Exec-managerial,Not-in-family,White,Male,0,0,32,Japan,<=50K
44,Local-gov,197008,11th,7,Never-married,Handlers-cleaners,Own-child,White,Female,0,0,48,United-States,<=50K
28,Private,115840,Some-college,10,Married-civ-spouse,Prof-specialty,Husband,White,Male,0,0,50,United-States,<=50K
51,Private,368480,Doctorate,16,Never-married,Other-service,Own-child,White,Female,0,0,25,United-States,<=50K
35,Self-emp-not-inc,354693,HS-grad,9,Never-married,Priv-house-serv,Own-child,White,Male,0,0,55,United-States,>50K
26,Private,311799,7th-8th,4,Married-civ-spouse,Craft-repair,Wife,White,Female,0,0,40,United-States,<=50K
33,Private,130356,Masters,14,Married-civ-spouse,Adm-clerical,Husband,White,Male,0,0,60,United-States,<=50K
49,Federal-gov,254351,HS-grad,9,Married-civ-spouse,Machine-op-inspct,Husband,White,Male,0,0,40,United-States,>50K
53,Private,142959,Some-college,10,Separated,Machine-op-inspct,Unmarried,White,Female,1095,0,30,United-States,<=50K
30,Private,114755,Bachelors,13,Married-civ-spouse,Exec-managerial,Wife,White,Female,0,0,30,United-States,>50K
39,State-gov,167726,5th-6th,3,Married-civ-spouse,Craft-repair,Husband,White,Male,0,0,26,United-States,<=50K
58,Private,111468,Prof-school,15,Divorced,Prof-specialty,Not-in-family,White,Male,0,0,40,United-States,>50K
24,Private,214614,11th,7,Never-married,Exec-managerial,Not-in-family,White,Male,14084,0,10,United-States,>50K
25,Private,211911,Assoc-acdm,12,Married-civ-spouse,Craft-repair,Husband,White,Male,0,0,41,United-States,<=50K
50,Private,277341,Some-college,10,Married-civ-spouse,Prof-specialty,Wife,White,Female,0,0,40,United-States,<=50K
29,Private,382706,HS-grad,9,Married-civ-spouse,Exec-managerial,Husband,White,Male,0,0,15,United-States,<=50K
20,Private,274948,10th,6,Never-married,Other-service,Own-child,White,Male,0,0,40,United-States,<=50K
44,Local-gov,377112,HS-grad,9,Married-civ-spouse,Exec-managerial,Husband,White,Male,0,0,40,United-States,>50K
39,Private,261281,11th,7,Married-civ-spouse,Other-service,Husband,White,Male,0,0,40,United-States,<=50K
19,Private,199748,HS-grad,9,Never-married,Other-service,Own-child,White,Male,0,0,50,United-States,<=50K
26,Private,391777,Bachelors,13,Married-civ-spouse,Prof-specialty,Wife,White,Female,0,0,60,United-States,>50K
26,Local-gov,287231,Some-college,10,Married-civ-spouse,Machine-op-inspct,Wife,White,Female,0,0,40,United-States,<=50K
61,Self-emp-not-inc,321967,Bachelors,13,Divorced,Craft-repair,Not-in-family,White,Male,0,1846,33,United-States,<=50K
62,Self-emp-not-inc,244120,10th,6,Married-civ-spouse,Machine-op-inspct,Husband,White,Male,0,0,40,United-States,<=50K
31,Private,308328,9th,5,Married-civ-spouse,Exec-managerial,Husband,White,Male,0,0,17,United-States,<=50K
29,Private,278936,Bachelors,13,Widowed,Handlers-cleaners,Unmarried,White,Female,0,0,40,United-States,<=50K
42,Private,152432,Bachelors,13,Never-married,Machine-op-inspct,Not-in-family,Black,Female,0,0,19,United-States,<=50K
30,Private,307771,Some-college,10,Divorced,Handlers-cleaners,Not-in-family,White,Male,0,0,41,United-States,<=50K
27,Private,223827,HS-grad,9,Married-civ-spouse,Handlers-cleaners,Husband,Black,Male,0,0,33,United-States,<=50K
51,Private,207037,Bachelors,13,Never-married,Prof-specialty,Not-in-family,White,Male,0,0,17,United-States,<=50K
39,Private,388950,Some-college,10,Married-civ-spouse,Exec-managerial,Husband,Asian-Pac-Islander,Male,0,1977,29,United-States,>50K
44,Without-pay,397703,10th,6,Widowed,Other-service,Not-in-family,White,Female,0,0,40,United-States,<=50K
24,Federal-gov,380136,Masters,14,Married-civ-spouse,Tech-support,Wife,White,Female,0,0,21,United-States,<=50K
54,Private,291925,Some-college,10,Divorced,Sales,Unmarried,White,Male,0,0,50,United-States,>50K
57,Private,190523,Some-college,10,Divorced,Farming-fishing,Unmarried,White,Female,0,0,20,United-States,<=50K
42,Private,173942,Some-college,10,Divorced,Craft-repair,Not-in-family,White,Male,0,0,29,United-States,<=50K
59,Private,163327,Some-college,10,Never-married,Prof-specialty,Own-child,White,Female,0,0,49,United-States,>50K
51,Private,368182,HS-grad,9,Divorced,Adm-clerical,Not-in-family,White,Female,0,0,40,United-States,<=50K
32,Private,349895,HS-grad,9,Never-married,Other-service,Not-in-family,White,Female,4717,0,40,United-States,<=50K
63,Private,256615,5th-6th,3,Married-civ-spouse,Prof-specialty,Husband,White,Male,0,2415,16,United-States,>50K
45,Private,83800,Bachelors,13,Never-married,Priv-house-serv,Not-in-family,White,Female,0,2559,40,United-States,>50K
34,Private,248960,Doctorate,16,Married-civ-spouse,Adm-clerical,Husband,White,Male,0,0,41,United-States,>50K
46,Private,108022,Some-college,10,Married-civ-spouse,Sales,Wife,White,Female,0,0,33,United-States,>50K
22,Federal-gov,225328,Some-college,10,Married-civ-spouse,Exec-managerial,Wife,Asian-Pac-Islander,Female,0,0,36,Italy,<=50K
29,Private,276651,HS-grad,9,Never-married,Craft-repair,Not-in-family,White,Male,0,0,31,England,<=50K
50,Private,271738,Assoc-voc,11,Separated,Prof-specialty,Not-in-family,White,Male,0,0,28,United-States,>50K
59,Private,370502,Bachelors,13,Married-civ-spouse,Other-service,Husband,White,Male,0,0,22,United-States,<=50K
35,Private,123258,Assoc-voc,11,Married-civ-spouse,Prof-specialty,Husband,White,Male,0,0,40,United-States,<=50K
70,Private,260991,Some-college,10,Divorced,Craft-repair,Not-in-family,White,Female,0,0,48,United-States,<=50K
35,State-gov,353462,Some-college,10,Married-civ-spouse,Prof-specialty,Husband,White,Male,0,0,40,United-States,<=50K
44,Private,125710,HS-grad,9,Never-married,Prof-specialty,Own-child,White,Male,0,0,28,United-States,<=50K
45,Private,191346,Bachelors,13,Never-married,Sales,Own-child,White,Male,0,0,42,United-States,<=50K
25,Private,278359,Assoc-acdm,12,Never-married,Transport-moving,Not-in-family,White,Female,0,0,40,United-States,<=50K
34,Private,286008,Some-college,10,Married-civ-spouse,Prof-specialty,Husband,White,Male,0,0,50,United-States,<=50K
44,Private,266755,HS-grad,9,Never-married,Adm-clerical,Not-in-family,Black,Male,0,0,16,United-States,<=50K
52,Private,286444,7th-8th,4,Married-civ-spouse,Sales,Husband,White,Male,0,0,27,United-States,<=50K
43,Private,231802,HS-grad,9,Married-civ-spouse,Adm-clerical,Wife,White,Female,0,0,40,United-States,<=50K
36,Self-emp-not-inc,166575,Some-college,10,Married-civ-spouse,Other-service,Husband,White,Male,0,0,40,United-States,>50K
38,Private,155617,Some-college,10,Married-civ-spouse,Exec-managerial,Wife,White,Female,0,0,48,United-States,>50K
34,Private,177273,Bachelors,13,Never-married,Other-service,Own-child,White,Female,0,0,40,United-States,<=50K
24,Private,107774,HS-grad,9,Never-married,Other-service,Own-child,Asian-Pac-Islander,Female,0,0,34,United-States,<=50K
50,Private,283295,Some-college,10,Never-married,Prof-specialty,Own-child,White,Female,0,0,10,United-States,<=50K
34,Local-gov,262654,Assoc-voc,11,Never-married,Transport-moving,Own-child,White,Male,0,0,40,United-States,<=50K
18,Private,92768,Some-college,10,Never-married,Adm-clerical,Own-child,White,Male,0,0,40,United-States,<=50K
46,Private,188868,Some-college,10,Married-civ-spouse,Exec-managerial,Husband,White,Male,0,0,14,Greece,<=50K
36,Private,288398,HS-grad,9,Married-spouse-absent,Prof-specialty,Not-in-family,White,Female,0,0,37,India,<=50K
59,Private,146104,HS-grad,9,Married-civ-spouse,Tech-support,Husband,White,Male,0,0,40,United-States,<=50K
37,Private,263021,Some-college,10,Married-civ-spouse,Prof-specialty,Husband,White,Male,0,0,35,United-States,>50K
30,Local-gov,339524,7th-8th,4,Divorced,Sales,Not-in-family,White,Male,0,0,35,United-States,<=50K
23,Private,233845,Assoc-acdm,12,Divorced,Craft-repair,Not-in-family,White,Male,0,0,40,United-States,<=50K
43,Private,80213,HS-grad,9,Married-civ-spouse,Tech-support,Husband,Black,Male,4760,0,40,United-States,<=50K
30,Private,223928,Some-college,10,Married-civ-spouse,Exec-managerial,Husband,White,Male,0,0,40,United-States,<=50K
37,Private,118011,11th,7,Married-civ-spouse,Sales,Husband,White,Male,0,0,48,United-States,<=50K
48,Private,169355,HS-grad,9,Never-married,Farming-fishing,Other-relative,White,Male,0,0,16,Portugal,<=50K
56,Private,188057,Assoc-voc,11,Never-married,Exec-managerial,Own-child,Amer-Indian-Eskimo,Male,0,0,40,United-States,>50K
45,State-gov,397288,Bachelors,13,Never-married,Exec-managerial,Not-in-family,White,Male,0,0,39,United-States,<=50K
68,Private,324005,Assoc-voc,11,Divorced,Adm-clerical,Not-in-family,White,Female,0,0,50,United-States,<=50K
38,Private,164817,HS-grad,9,Married-civ-spouse,Sales,Husband,Black,Male,0,0,40,United-States,>50K
43,Private,93723,Assoc-acdm,12,Married-civ-spouse,Adm-clerical,Husband,White,Male,0,0,49,United-States,<=50K
49,Self-emp-inc,138921,HS-grad,9,Married-civ-spouse,Exec-managerial,Wife,White,Female,0,0,50,United-States,<=50K
20,Self-emp-not-inc,96354,11th,7,Never-married,Other-service,Own-child,Black,Male,0,0,40,United-States,<=50K
52,Private,388967,HS-grad,9,Married-civ-spouse,Adm-clerical,Wife,White,Female,0,0,48,China,<=50K
51,Federal-gov,198297,10th,6,Married-civ-spouse,Sales,Wife,White,Female,0,0,25,United-States,<=50K
39,Private,382468,Masters,14,Married-civ-spouse,Craft-repair,Husband,White,Male,0,0,20,United-States,>50K
30,Local-gov,348835,HS-grad,9,Divorced,Sales,Not-in-family,White,Male,0,0,40,United-States,<=50K
34,Private,363905,HS-grad,9,Divorced,Machine-op-inspct,Not-in-family,White,Male,0,0,48,United-States,<=50K
42,Private,188474,HS-grad,9,Married-civ-spouse,Prof-specialty,Husband,White,Male,0,0,40,United-States,>50K
31,Private,209159,Bachelors,13,Never-married,Exec-managerial,Not-in-family,White,Female,0,0,40,United-States,<=50K
80,Local-gov,343598,HS-grad,9,Married-civ-spouse,Protective-serv,Husband,Black,Male,0,0,48,United-States,<=50K
37,Self-emp-not-inc,143081,Masters,14,Never-married,Transport-moving,Not-in-family,White,Female,0,0,20,United-States,<=50K
37,State-gov,285616,Bachelors,13,Divorced,Adm-clerical,Unmarried,White,Male,0,0,44,United-States,<=50K
30,Private,250628,Some-college,10,Never-married,Adm-clerical,Not-in-family,Asian-Pac-Islander,Male,0,0,55,United-States,<=50K
47,Self-emp-inc,263115,Bachelors,13,Never-married,Craft-repair,Not-in-family,White,Female,27828,0,40,United-States,>50K
69,Private,308686,Assoc-acdm,12,Married-civ-spouse,Sales,Wife,White,Female,0,0,40,Dominican-Republic,>50K
64,Private,83199,9th,5,Divorced,Adm-clerical,Not-in-family,White,Female,0,0,40,United-States,<=50K
23,Private,311438,Bachelors,13,Married-civ-spouse,Exec-managerial,Wife,White,Female,0,0,39,United-States,>50K
38,Private,123194,11th,7,Divorced,Adm-clerical,Not-in-family,White,Male,0,0,40,United-States,<=50K
28,Federal-gov,378110,5th-6th,3,Divorced,Machine-op-inspct,Not-in-family,Black,Male,0,0,12,United-States,<=50K
40,Private,367303,Some-college,10,Never-married,Adm-clerical,Own-child,White,Female,0,0,40,United-States,<=50K
28,Private,397454,Prof-school,15,Never-married,Handlers-cleaners,Not-in-family,White,Male,0,1887,18,United-States,>50K
37,Private,216229,Assoc-acdm,12,Married-civ-spouse,Protective-serv,Wife,White,Female,0,0,40,United-States,<=50K
33,Private,332941,HS-grad,9,Married-civ-spouse,Craft-repair,Husband,Black,Male,0,0,46,United-States,<=50K
24,Private,378581,1st-4th,2,Married-civ-spouse,Sales,Wife,White,Female,0,0,40,United-States,<=50K
41,Private,166150,Bachelors,13,Married-civ-spouse,Sales,Husband,White,Male,0,0,40,United-States,>50K
41,Private,213498,Some-college,10,Married-civ-spouse,Handlers-cleaners,Husband,White,Male,0,0,40,United-States,<=50K
35,Private,249117,HS-grad,9,Never-married,Adm-clerical,Own-child,White,Male,0,0,19,United-States,<=50K
24,Private,121445,Prof-school,15,Married-civ-spouse,Craft-repair,Husband,White,Male,0,0,13,United-States,<=50K
77,Self-emp-not-inc,157340,Bachelors,13,Married-civ-spouse,Prof-specialty,Husband,White,Male,0,0,40,United-States,<=50K
27,Private,261317,Assoc-voc,11,Never-married,Handlers-cleaners,Not-in-family,White,Male,0,0,38,United-States,<=50K
24,Private,379999,HS-grad,9,Married-civ-spouse,Prof-specialty,Husband,White,Male,0,0,34,El-Salvador,<=50K
41,Private,257027,HS-grad,9,Divorced,Craft-repair,Not-in-family,White,Male,0,0,40,United-States,<=50K
35,Private,336714,HS-grad,9,Married-civ-spouse,Sales,Husband,White,Male,0,0,41,United-States,<=50K
17,Private,192122,HS-grad,9,Never-married,Exec-managerial,Own-child,White,Male,0,0,11,United-States,<=50K
32,Private,273206,Some-college,10,Married-civ-spouse,Sales,Wife,White,Female,0,0,40,United-States,<=50K
53,Private,280720,Some-college,10,Never-married,Exec-managerial,Other-relative,White,Male,99999,0,40,United-States,>50K
35,State-gov,225050,Some-college,10,Married-spouse-absent,Adm-clerical,Not-in-family,White,Female,0,0,14,United-States,<=50K
29,Private,97751,HS-grad,9,Married-civ-spouse,Exec-managerial,Wife,White,Female,0,0,40,Mexico,<=50K
74,Private,167031,Some-college,10,Never-married,Exec-managerial,Own-child,White,Male,0,0,48,United-States,<=50K
80,Private,341706,Assoc-voc,11,Never-married,Machine-op-inspct,Not-in-family,Black,Female,0,0,40,India,<=50K
40,Local-gov,182293,Bachelors,13,Married-civ-spouse,Other-service,Husband,White,Male,0,0,40,United-States,<=50K
70,Private,244809,HS-grad,9,Married-civ-spouse,Machine-op-inspct,Wife,Other,Female,0,0,12,United-States,<=50K
26,Private,240973,HS-grad,9,Married-civ-spouse,Adm-clerical,Wife,White,Female,0,0,19,United-States,>50K
28,Private,396999,Some-college,10,Married-civ-spouse,Other-service,Husband,White,Male,5790,0,31,United-States,<=50K
34,Private,327928,HS-grad,9,Married-civ-spouse,Sales,Wife,White,Female,0,0,40,United-States,>50K
40,Private,265270,Some-college,10,Married-civ-spouse,Other-service,Wife,White,Female,0,0,40,United-States,<=50K
39,Private,147559,9th,5,Married-civ-spouse,Other-service,Wife,Black,Female,0,0,40,United-States,>50K
28,Private,236535,Bachelors,13,Never-married,Exec-managerial,Not-in-family,White,Male,0,0,40,United-States,<=50K
35,Private,136894,Some-college,10,Married-civ-spouse,Machine-op-inspct,Husband,White,Male,0,0,42,United-States,<=50K
26,Private,380685,HS-grad,9,Divorced,Tech-support,Not-in-family,White,Female,0,0,40,United-States,<=50K
41,Private,121210,HS-grad,9,Divorced,Other-service,Unmarried,Black,Female,0,0,55,United-States,<=50K
22,Private,119321,Bachelors,13,Never-married,Adm-clerical,Not-in-family,White,Male,15024,0,40,United-States,>50K
78,Private,353233,HS-grad,9,Divorced,Farming-fishing,Unmarried,White,Female,0,0,40,United-States,<=50K
52,Private,123751,Assoc-acdm,12,Married-civ-spouse,Exec-managerial,Husband,White,Male,0,0,40,United-States,<=50K
28,Private,360597,Some-college,10,Married-civ-spouse,Craft-repair,Husband,White,Male,0,0,34,Guatemala,<=50K
32,Private,356604,9th,5,Married-civ-spouse,Machine-op-inspct,Husband,White,Male,0,0,40,United-States,<=50K
26,Private,114474,HS-grad,9,Never-married,Transport-moving,Own-child,White,Female,0,0,27,United-States,<=50K
31,Local-gov,263315,Bachelors,13,Divorced,Craft-repair,Not-in-family,White,Female,0,2415,40,Canada,>50K
52,Self-emp-not-inc,241408,HS-grad,9,Married-civ-spouse,Craft-repair,Wife,Black,Female,0,0,40,United-States,>50K
73,Private,96269,HS-grad,9,Never-married,Prof-specialty,Own-child,White,Female,0,0,20,United-States,<=50K
26,Private,126833,HS-grad,9,Widowed,Machine-op-inspct,Unmarried,White,Male,0,0,21,United-States,<=50K
26,Private,228173,Bachelors,13,Married-civ-spouse,Machine-op-inspct,Husband,White,Male,0,0,40,United-States,<=50K
56,Private,318550,HS-grad,9,Married-civ-spouse,Sales,Wife,White,Female,0,0,40,United-States,<=50K
34,Private,118265,Preschool,1,Separated,Craft-repair,Unmarried,White,Male,0,0,41,England,<=50K
24,Private,144084,Some-college,10,Divorced,Adm-clerical,Unmarried,White,Female,0,0,40,United-States,<=50K
45,Private,392479,HS-grad,9,Married-civ-spouse,Prof-specialty,Husband,White,Male,27828,2415,60,United-States,>50K
26,Private,231824,HS-grad,9,Never-married,Tech-support,Other-relative,White,Male,0,0,50,United-States,<=50K
23,Self-emp-not-inc,103932,HS-grad,9,Divorced,Tech-support,Not-in-family,White,Male,0,0,45,United-States,<=50K
60,Private,262654,Some-college,10,Never-married,Craft-repair,Not-in-family,White,Male,0,0,31,United-States,<=50K
35,Private,241892,Some-college,10,Married-civ-spouse,Machine-op-inspct,Husband,White,Male,0,0,23,United-States,<=50K
43,Private,367378,10th,6,Married-civ-spouse,Craft-repair,Wife,Black,Female,0,0,13,United-States,<=50K
22,Self-emp-not-inc,165627,7th-8th,4,Never-married,Craft-repair,Not-in-family,White,Female,0,0,55,United-States,<=50K
23,Self-emp-inc,346671,Some-college,10,Never-married,Handlers-cleaners,Not-in-family,Black,Female,0,0,30,United-States,<=50K
39,Private,370965,Masters,14,Married-civ-spouse,Farming-fishing,Wife,White,Female,0,0,40,United-States,>50K
40,Private,116014,9th,5,Never-married,Sales,Own-child,Black,Male,0,0,40,United-States,<=50K
40,Private,260481,HS-grad,9,Never-married,Craft-repair,Not-in-family,White,Male,0,0,40,United-States,<=50K
19,Private,263744,Some-college,10,Never-married,Machine-op-inspct,Own-child,White,Male,0,0,37,United-States,<=50K
21,Private,322444,Some-college,10,Divorced,Handlers-cleaners,Not-in-family,White,Male,4386,0,47,United-States,>50K
35,Private,341525,Some-college,10,Never-married,Prof-specialty,Not-in-family,White,Male,0,0,55,United-States,<=50K
42,Private,399013,Some-college,10,Never-married,Handlers-cleaners,Not-in-family,White,Male,0,0,21,United-States,<=50K
40,Federal-gov,224370,HS-grad,9,Never-married,Transport-moving,Not-in-family,White,Male,0,0,40,Poland,<=50K
57,Self-emp-inc,155783,Bachelors,13,Married-civ-spouse,Exec-managerial,Husband,White,Male,0,0,60,United-States,>50K
37,Private,201698,Bachelors,13,Divorced,Craft-repair,Unmarried,Amer-Indian-Eskimo,Male,0,0,50,United-States,<=50K
42,Private,309382,Assoc-acdm,12,Never-married,Exec-managerial,Not-in-family,White,Male,0,0,50,United-States,<=50K
27,Private,134037,Bachelors,13,Married-civ-spouse,Craft-repair,Husband,Black,Male,0,0,40,United-States,>50K
38,Local-gov,398397,Some-college,10,Married-civ-spouse,Exec-managerial,Husband,White,Male,0,0,40,United-States,<=50K
34,Self-emp-inc,222053,Masters,14,Never-married,Craft-repair,Own-child,White,Male,0,0,40,United-States,<=50K
80,Federal-gov,243357,5th-6th,3,Widowed,Exec-managerial,Unmarried,White,Female,0,0,36,United-States,<=50K
43,Private,256584,HS-grad,9,Married-civ-spouse,Exec-managerial,Husband,White,Male,0,0,40,United-States,<=50K
44,Self-emp-not-inc,246202,Prof-school,15,Never-married,Craft-repair,Not-in-family,White,Male,0,0,27,Philippines,<=50K
61,Local-gov,345170,Doctorate,16,Divorced,Sales,Not-in-family,White,Female,0,0,40,United-States,>50K
48,Private,373887,Doctorate,16,Married-civ-spouse,Sales,Wife,White,Female,0,0,40,United-States,<=50K
39,Private,280409,Masters,14,Married-civ-spouse,Exec-managerial,Husband,White,Male,0,0,50,United-States,<=50K
42,Private,209487,Some-college,10,Never-married,Exec-managerial,Not-in-family,Other,Female,0,0,40,United-States,<=50K
46,Private,148871,Some-college,10,Divorced,Sales,Not-in-family,White,Male,0,0,50,United-States,>50K
30,Self-emp-not-inc,126309,Bachelors,13,Married-civ-spouse,Sales,Husband,Black,Male,0,0,47,United-States,<=50K
35,Local-gov,269482,Some-college,10,Married-civ-spouse,Machine-op-inspct,Wife,White,Female,3103,0,40,United-States,>50K
50,Private,110922,Assoc-voc,11,Married-civ-spouse,Exec-managerial,Wife,White,Female,0,0,50,United-States,>50K
39,Private,382626,HS-grad,9,Widowed,Other-service,Not-in-family,White,Male,0,0,14,United-States,<=50K
24,Private,109666,Bachelors,13,Married-civ-spouse,Exec-managerial,Husband,White,Male,2299,0,40,Philippines,<=50K
38,Self-emp-inc,202773,Some-college,10,Never-married,Craft-repair,Not-in-family,White,Male,0,0,25,United-States,<=50K
50,State-gov,158499,Bachelors,13,Never-married,Craft-repair,Not-in-family,Black,Male,0,0,52,United-States,<=50K
43,Federal-gov,339940,Bachelors,13,Never-married,Exec-managerial,Not-in-family,White,Female,0,0,40,United-States,<=50K
52,Private,240382,HS-grad,9,Never-married,Prof-specialty,Other-relative,White,Male,0,0,19,United-States,<=50K
63,Private,227271,HS-grad,9,Married-civ-spouse,Adm-clerical,Wife,White,Female,0,0,48,United-States,<=50K
36,Private,386695,HS-grad,9,Divorced,Craft-repair,Not-in-family,White,Female,0,1152,27,United-States,<=50K
24,Private,145877,Bachelors,13,Never-married,Adm-clerical,Not-in-family,White,Male,0,0,40,United-States,>50K
37,Private,319035,Masters,14,Married-civ-spouse,Farming-fishing,Husband,Black,Male,0,0,45,South,<=50K
18,Private,133755,Bachelors,13,Never-married,Sales,Own-child,White,Male,0,1672,33,United-States,<=50K
34,Private,343137,7th-8th,4,Divorced,Protective-serv,Not-in-family,White,Female,0,0,16,United-States,<=50K
23,Private,296023,HS-grad,9,Married-civ-spouse,Sales,Wife,White,Female,0,1482,42,United-States,<=50K
27,Federal-gov,262750,HS-grad,9,Never-married,Craft-repair,Own-child,White,Male,0,0,36,United-States,<=50K
41,Private,169486,HS-grad,9,Never-married,Craft-repair,Own-child,White,Female,0,0,26,United-States,<=50K
24,Private,128242,HS-grad,9,Married-civ-spouse,Prof-specialty,Wife,White,Female,0,0,12,United-States,>50K
23,Private,377965,HS-grad,9,Married-civ-spouse,Other-service,Wife,White,Female,0,0,40,United-States,<=50K
51,Self-emp-not-inc,266662,Assoc-voc,11,Married-civ-spouse,Transport-moving,Wife,Black,Female,5013,0,28,United-States,>50K
20,Private,362187,7th-8th,4,Married-civ-spouse,Transport-moving,Husband,White,Male,0,0,18,Germany,<=50K
33,Private,169941,Some-college,10,Married-civ-spouse,Other-service,Husband,White,Male,0,0,60,United-States,>50K
40,Local-gov,293736,Bachelors,13,Never-married,Prof-specialty,Not-in-family,Amer-Indian-Eskimo,Male,0,0,31,United-States,<=50K
40,Private,344815,Masters,14,Never-married,Farming-fishing,Other-relative,White,Male,0,2231,40,United-States,>50K
25,Private,180310,10th,6,Married-civ-spouse,Craft-repair,Husband,White,Male,0,0,40,United-States,<=50K
37,Private,333984,Bachelors,13,Married-civ-spouse,Craft-repair,Wife,White,Female,0,0,28,United-States,<=50K
54,Private,164426,HS-grad,9,Never-married,Prof-specialty,Own-child,Asian-Pac-Islander,Male,0,0,40,United-States,<=50K
64,Private,251098,Some-college,10,Never-married,Other-service,Other-relative,White,Male,0,0,21,United-States,<=50K
40,Private,242490,Prof-school,15,Never-married,Farming-fishing,Not-in-family,White,Male,5178,0,40,United-States,>50K
50,Private,84949,Bachelors,13,Married-civ-spouse,Prof-specialty,Husband,White,Male,0,0,21,United-States,<=50K
31,Self-emp-not-inc,236397,5th-6th,3,Married-civ-spouse,Other-service,Husband,White,Male,0,0,20,United-States,<=50K
52,Private,226919,Masters,14,Married-civ-spouse,Sales,Husband,White,Male,0,0,40,United-States,>50K
24,Self-emp-inc,282026,HS-grad,9,Married-civ-spouse,Exec-managerial,Husband,White,Male,0,0,40,United-States,<=50K
43,Private,273727,HS-grad,9,Divorced,Exec-managerial,Not-in-family,White,Female,0,0,55,United-States,<=50K
26,Private,245482,10th,6,Never-married,Craft-repair,Not-in-family,White,Male,0,0,39,United-States,<=50K
30,Private,307998,Some-college,10,Never-married,Prof-specialty,Other-relative,White,Female,0,0,40,United-States,<=50K
25,Private,297762,Assoc-voc,11,Married-civ-spouse,Machine-op-inspct,Husband,White,Male,0,0,40,United-States,<=50K
23,Federal-gov,316611,HS-grad,9,Never-married,Other-service,Not-in-family,Other,Male,0,0,40,Vietnam,<=50K
53,Local-gov,300799,Bachelors,13,Never-married,Prof-specialty,Not-in-family,White,Female,0,0,40,United-States,<=50K
37,Self-emp-not-inc,369259,Some-college,10,Never-married,Machine-op-inspct,Own-child,White,Male,0,0,40,Cuba,<=50K
25,Private,277144,Bachelors,13,Married-civ-spouse,Sales,Husband,White,Male,0,0,50,United-States,<=50K
64,Private,164709,HS-grad,9,Divorced,Machine-op-inspct,Unmarried,Amer-Indian-Eskimo,Male,0,0,17,United-States,<=50K
38,Private,238310,HS-grad,9,Never-married,Adm-clerical,Not-in-family,White,Female,0,0,40,United-States,<=50K
40,Private,107815,HS-grad,9,Never-married,Tech-support,Not-in-family,White,Male,0,0,40,United-States,<=50K
41,Private,96439,HS-grad,9,Divorced,Exec-managerial,Not-in-family,White,Female,0,0,40,United-States,<=50K
42,Private,266641,Some-college,10,Separated,Handlers-cleaners,Unmarried,White,Male,0,0,12,England,<=50K
55,Private,368489,HS-grad,9,Divorced,Tech-support,Unmarried,White,Male,0,0,48,Columbia,<=50K
26,Private,304831,Bachelors,13,Never-married,Tech-support,Not-in-family,White,Male,0,0,40,United-States,<=50K
48,Private,390988,HS-grad,9,Married-civ-spouse,Transport-moving,Wife,Black,Female,0,0,60,United-States,>50K
30,Private,182152,HS-grad,9,Never-married,Exec-managerial,Own-child,White,Female,0,0,45,Greece,<=50K
33,Self-emp-not-inc,323727,Some-college,10,Never-married,Transport-moving,Not-in-family,White,Male,0,0,23,United-States,<=50K
42,Private,350691,HS-grad,9,Never-married,Adm-clerical,Not-in-family,Black,Male,1437,0,40,United-States,<=50K
26,Federal-gov,374380,Bachelors,13,Married-civ-spouse,Transport-moving,Husband,White,Male,0,0,45,El-Salvador,<=50K
60,Self-emp-inc,375016,Some-college,10,Divorced,Prof-specialty,Unmarried,White,Female,0,0,50,United-States,<=50K
34,Private,240782,Bachelors,13,Never-married,Adm-clerical,Own-child,White,Male,0,0,40,United-States,<=50K
28,Self-emp-not-inc,373021,Some-college,10,Married-civ-spouse,Machine-op-inspct,Husband,White,Male,0,0,60,United-States,<=50K
31,Private,353732,Some-college,10,Never-married,Exec-managerial,Own-child,White,Male,0,0,40,United-States,<=50K
18,Federal-gov,195963,Bachelors,13,Never-married,Sales,Other-relative,White,Female,0,0,40,United-States,>50K
22,Private,110025,HS-grad,9,Never-married,Other-service,Not-in-family,White,Male,0,0,40,United-States,<=50K
52,Self-emp-not-inc,120485,Masters,14,Never-married,Craft-repair,Own-child,White,Male,0,0,40,United-States,>50K
38,Private,251506,Doctorate,16,Married-civ-spouse,Transport-moving,Husband,White,Male,0,0,19,United-States,>50K
29,State-gov,378756,1st-4th,2,Married-civ-spouse,Adm-clerical,Husband,Black,Male,0,0,40,United-States,<=50K
47,Local-gov,350377,Bachelors,13,Never-married,Sales,Not-in-family,Black,Male,0,0,33,Canada,<=50K
40,Private,287588,Assoc-acdm,12,Never-married,Prof-specialty,Other-relative,White,Female,0,0,25,United-States,<=50K
45,Local-gov,350235,HS-grad,9,Never-married,Prof-specialty,Own-child,White,Male,0,0,23,United-States,>50K
37,Private,248902,Some-college,10,Never-married,Craft-repair,Not-in-family,White,Male,0,0,40,United-States,<=50K
35,Private,375717,Bachelors,13,Never-married,Transport-moving,Not-in-family,White,Female,0,0,40,United-States,>50K
58,Private,372858,HS-grad,9,Married-civ-spouse,Exec-managerial,Wife,White,Female,0,0,46,United-States,<=50K
49,Private,184612,Some-college,10,Married-civ-spouse,Other-service,Wife,White,Female,0,0,40,United-States,<=50K
47,Local-gov,336152,Some-college,10,Never-married,Other-service,Other-relative,White,Male,0,0,51,United-States,<=50K
41,Private,135752,Bachelors,13,Married-civ-spouse,Prof-specialty,Husband,White,Male,0,0,40,United-States,<=50K
43,Private,197210,Assoc-acdm,12,Married-civ-spouse,Other-service,Husband,White,Male,0,0,10,Philippines,<=50K
52,Private,185405,Doctorate,16,Never-married,Adm-clerical,Own-child,White,Male,0,0,20,United-States,<=50K
26,Private,254397,HS-grad,9,Divorced,Exec-managerial,Not-in-family,White,Female,0,0,40,United-States,<=50K
44,Private,323390,HS-grad,9,Separated,Craft-repair,Not-in-family,White,Female,0,0,40,United-States,<=50K
38,Private,387132,HS-grad,9,Never-married,Exec-managerial,Own-child,White,Female,0,0,40,United-States,<=50K
53,Private,106668,Some-college,10,Never-married,Transport-moving,Not-in-family,White,Female,0,0,40,United-States,<=50K
40,Private,352633,HS-grad,9,Never-married,Machine-op-inspct,Not-in-family,White,Male,0,0,40,United-States,<=50K
48,Local-gov,176316,Some-college,10,Married-civ-spouse,Craft-repair,Husband,Black,Male,0,0,40,United-States,<=50K
35,Private,119847,7th-8th,4,Never-married,Other-service,Other-relative,Asian-Pac-Islander,Female,0,0,40,United-States,<=50K
53,Private,232205,HS-grad,9,Never-married,Prof-specialty,Own-child,White,Male,0,0,40,Jamaica,>50K
23,Private,272894,Some-college,10,Married-civ-spouse,Machine-op-inspct,Husband,White,Male,0,0,40,England,<=50K
26,Private,199454,Some-college,10,Married-civ-spouse,Craft-repair,Wife,White,Female,0,0,40,United-States,<=50K
43,State-gov,115349,Masters,14,Married-civ-spouse,Prof-specialty,Husband,White,Male,0,0,40,United-States,>50K
22,Self-emp-not-inc,371024,Masters,14,Married-civ-spouse,Transport-moving,Husband,White,Male,0,0,40,United-States,>50K
34,State-gov,98606,Bachelors,13,Divorced,Adm-clerical,Not-in-family,Asian-Pac-Islander,Female,1822,0,48,United-States,>50K
21,Private,353755,12th,8,Never-married,Craft-repair,Not-in-family,Black,Male,0,0,22,United-States,<=50K
39,Private,220988,HS-grad,9,Never-married,Farming-fishing,Own-child,White,Male,0,0,40,United-States,<=50K
17,Private,94249,Assoc-acdm,12,Never-married,Craft-repair,Own-child,White,Female,0,0,40,United-States,<=50K
41,Self-emp-inc,269460,Some-college,10,Divorced,Sales,Not-in-family,White,Male,0,0,49,United-States,>50K
50,Private,182926,HS-grad,9,Divorced,Sales,Not-in-family,Asian-Pac-Islander,Male,0,0,45,United-States,>50K
37,Local-gov,144127,HS-grad,9,Married-civ-spouse,Exec-managerial,Wife,Black,Female,0,0,40,Canada,>50K
32,Private,376739,HS-grad,9,Married-civ-spouse,Prof-specialty,Wife,White,Female,0,0,25,United-States,>50K
43,Private,339812,Some-college,10,Married-civ-spouse,Exec-managerial,Husband,White,Male,0,0,28,United-States,<=50K
25,Private,147379,Some-college,10,Never-married,Prof-specialty,Own-child,Black,Male,0,0,34,United-States,<=50K
53,Self-emp-inc,192172,Bachelors,13,Never-married,Farming-fishing,Not-in-family,White,Male,0,0,20,United-States,<=50K
58,Private,358134,HS-grad,9,Married-civ-spouse,Transport-moving,Husband,White,Male,0,0,40,United-States,<=50K
53,Self-emp-not-inc,254855,HS-grad,9,Married-civ-spouse,Handlers-cleaners,Wife,White,Female,0,0,50,United-States,<=50K
28,Private,292275,HS-grad,9,Never-married,Adm-clerical,Not-in-family,White,Male,0,0,40,United-States,<=50K
35,Private,369296,HS-grad,9,Never-married,Craft-repair,Own-child,Other,Female,0,0,40,United-States,<=50K
53,Private,103359,HS-grad,9,Never-married,Adm-clerical,Not-in-family,White,Male,0,0,40,United-States,<=50K
18,Self-emp-not-inc,363196,7th-8th,4,Never-married,Adm-clerical,Not-in-family,White,Male,0,0,28,United-States,<=50K
61,Private,221905,HS-grad,9,Married-civ-spouse,Sales,Husband,White,Male,0,0,40,United-States,>50K
31,Private,162554,Bachelors,13,Divorced,Prof-specialty,Not-in-family,White,Male,0,0,48,United-States,>50K
38,Private,345731,HS-grad,9,Widowed,Machine-op-inspct,Not-in-family,White,Male,0,0,13,United-States,<=50K
47,Private,380433,Assoc-voc,11,Married-civ-spouse,Sales,Wife,White,Female,0,0,36,United-States,>50K
32,Private,357303,11th,7,Married-civ-spouse,Adm-clerical,Husband,White,Male,0,0,40,United-States,<=50K
53,Private,391249,HS-grad,9,Married-civ-spouse,Tech-support,Wife,White,Female,0,0,40,United-States,<=50K
62,Private,216660,Some-college,10,Married-civ-spouse,Farming-fishing,Wife,White,Female,0,0,40,United-States,<=50K
25,Private,100092,HS-grad,9,Married-civ-spouse,Prof-specialty,Husband,White,Male,0,0,40,United-States,>50K
26,Private,326436,Some-college,10,Widowed,Craft-repair,Not-in-family,White,Female,0,0,24,United-States,<=50K
58,Self-emp-not-inc,253529,HS-grad,9,Divorced,Machine-op-inspct,Not-in-family,White,Male,0,0,28,Dominican-Republic,<=50K
36,Private,236804,Some-college,10,Never-married,Craft-repair,Not-in-family,White,Female,0,0,40,United-States,>50K
32,Self-emp-not-inc,275032,Doctorate,16,Married-civ-spouse,Prof-specialty,Wife,White,Female,0,0,37,United-States,>50K
38,Private,146863,Bachelors,13,Married-civ-spouse,Craft-repair,Husband,Black,Male,0,0,40,United-States,<=50K
43,Self-emp-inc,176209,Bachelors,13,Married-civ-spouse,Prof-specialty,Husband,White,Male,0,0,30,United-States,>50K
30,Local-gov,388704,Bachelors,13,Widowed,Sales,Not-in-family,Black,Female,0,0,40,Mexico,>50K
30,Private,209793,Some-college,10,Married-civ-spouse,Other-service,Husband,White,Male,0,0,40,India,<=50K
27,Private,208982,11th,7,Divorced,Exec-managerial,Unmarried,White,Female,99999,0,40,United-States,>50K
47,Self-emp-not-inc,161928,Assoc-acdm,12,Never-married,Other-service,Not-in-family,White,Female,0,0,40,Canada,<=50K
51,Private,259038,Some-college,10,Married-civ-spouse,Exec-managerial,Husband,White,Male,0,0,35,United-States,>50K
38,Private,189284,Bachelors,13,Never-married,Craft-repair,Own-child,Black,Female,0,0,40,United-States,>50K
50,Local-gov,260252,HS-grad,9,Divorced,Craft-repair,Unmarried,White,Male,0,0,14,United-States,<=50K
39,Private,190472,HS-grad,9,Married-civ-spouse,Other-service,Husband,White,Male,0,0,22,United-States,<=50K
44,Private,380380,Some-college,10,Married-civ-spouse,Farming-fishing,Husband,White,Male,0,0,40,United-States,<=50K
70,Private,86148,Bachelors,13,Married-civ-spouse,Exec-managerial,Husband,White,Male,0,0,47,United-States,<=50K
48,Private,328414,Prof-school,15,Married-civ-spouse,Tech-support,Husband,White,Male,0,0,43,United-States,>50K
17,Private,345954,9th,5,Never-married,Protective-serv,Own-child,Black,Female,0,0,45,United-States,<=50K
24,Private,100949,HS-grad,9,Never-married,Handlers-cleaners,Other-relative,White,Male,0,0,55,United-States,<=50K
48,Private,391865,HS-grad,9,Married-civ-spouse,Adm-clerical,Husband,White,Male,0,0,50,United-States,<=50K
44,Private,357495,Bachelors,13,Never-married,Adm-clerical,Not-in-family,White,Male,99999,0,24,United-States,>50K
27,Private,337594,HS-grad,9,Never-married,Prof-specialty,Other-relative,Asian-Pac-Islander,Female,0,0,40,United-States,<=50K
45,Private,282068,Masters,14,Never-married,Prof-specialty,Own-child,White,Male,0,0,40,United-States,<=50K
25,Private,358311,HS-grad,9,Never-married,Exec-managerial,Not-in-family,White,Male,0,0,35,United-States,<=50K
23,Private,255916,Bachelors,13,Never-married,Adm-clerical,Other-relative,White,Male,0,0,19,United-States,<=50K
49,Private,118511,HS-grad,9,Separated,Adm-clerical,Unmarried,White,Male,0,0,40,United-States,<=50K
25,Private,191833,5th-6th,3,Married-civ-spouse,Other-service,Husband,White,Male,0,0,40,United-States,<=50K
45,Self-emp-not-inc,262817,Some-college,10,Married-civ-spouse,Other-service,Wife,White,Female,0,0,60,United-States,>50K
34,Private,118936,Some-college,10,Married-civ-spouse,Other-service,Husband,White,Male,0,0,34,United-States,<=50K
45,Private,270984,Some-college,10,Married-civ-spouse,Machine-op-inspct,Wife,White,Female,0,0,40,United-States,<=50K
25,Private,384644,HS-grad,9,Married-civ-spouse,Exec-managerial,Husband,White,Male,0,0,40,United-States,<=50K
38,State-gov,263320,Assoc-voc,11,Married-civ-spouse,Craft-repair,Wife,Asian-Pac-Islander,Female,0,0,21,United-States,<=50K
37,Private,277619,Some-college,10,Never-married,Farming-fishing,Not-in-family,White,Male,0,0,40,United-States,<=50K
45,Private,188776,HS-grad,9,Widowed,Other-service,Not-in-family,White,Female,0,0,39,United-States,>50K
37,Federal-gov,181820,HS-grad,9,Never-married,Other-service,Not-in-family,White,Male,0,0,40,United-States,<=50K
17,Private,141522,Bachelors,13,Never-married,Exec-managerial,Own-child,White,Male,0,0,40,United-States,<=50K
32,Federal-gov,277275,Masters,14,Never-married,Exec-managerial,Not-in-family,White,Male,7298,0,40,United-States,>50K
30,Self-emp-not-inc,132886,Some-college,10,Never-married,Exec-managerial,Own-child,Other,Male,27828,0,40,United-States,>50K
22,Private,355450,Bachelors,13,Never-married,Craft-repair,Not-in-family,White,Female,0,0,50,United-States,>50K
32,Private,288761,HS-grad,9,Married-civ-spouse,Craft-repair,Husband,White,Male,0,0,55,United-States,<=50K
26,Private,178165,Bachelors,13,Married-civ-spouse,Craft-repair,Husband,White,Male,0,0,11,United-States,<=50K
18,Private,92050,HS-grad,9,Never-married,Handlers-cleaners,Own-child,White,Male,0,0,23,United-States,<=50K
40,Self-emp-not-inc,319516,12th,8,Separated,Craft-repair,Not-in-family,Black,Male,0,0,40,United-States,<=50K
61,Private,153222,7th-8th,4,Never-married,Sales,Not-in-family,White,Male,0,0,46,United-States,<=50K
38,Private,132774,Some-college,10,Married-civ-spouse,Exec-managerial,Husband,White,Male,0,0,40,United-States,<=50K
35,Private,222492,Bachelors,13,Married-civ-spouse,Machine-op-inspct,Husband,White,Male,14084,0,55,United-States,>50K
22,Private,124500,HS-grad,9,Never-married,Sales,Other-relative,White,Male,0,0,33,United-States,<=50K
29,Private,337277,HS-grad,9,Married-civ-spouse,Exec-managerial,Husband,White,Male,0,0,25,United-States,<=50K
48,Private,289509,Some-college,10,Married-civ-spouse,Transport-moving,Husband,White,Male,0,0,40,United-States,<=50K
22,Private,230267,Some-college,10,Never-married,Prof-specialty,Own-child,White,Female,0,0,44,United-States,<=50K
35,Private,116038,Some-college,10,Married-civ-spouse,Transport-moving,Wife,White,Female,0,0,40,United-States,>50K
42,Private,304103,Masters,14,Never-married,Craft-repair,Own-child,White,Male,0,0,55,United-States,>50K
63,Local-gov,375124,HS-grad,9,Separated,Craft-repair,Not-in-family,Amer-Indian-Eskimo,Male,0,0,40,United-States,<=50K
42,Private,323124,10th,6,Separated,Handlers-cleaners,Unmarried,White,Male,0,0,39,United-States,<=50K
44,Private,247157,Some-college,10,Married-civ-spouse,Handlers-cleaners,Husband,White,Male,0,0,27,United-States,<=50K
19,Private,271076,9th,5,Married-civ-spouse,Other-service,Husband,White,Male,0,0,18,United-States,<=50K
45,Private,129699,Bachelors,13,Married-civ-spouse,Other-service,Wife,Black,Female,0,0,42,United-States,<=50K
38,Private,273622,Doctorate,16,Married-civ-spouse,Machine-op-inspct,Husband,White,Male,0,0,40,United-States,<=50K
40,Self-emp-not-inc,380066,Some-college,10,Never-married,Adm-clerical,Not-in-family,White,Female,0,0,40,United-States,<=50K
45,Private,329293,Some-college,10,Never-married,Adm-clerical,Own-child,White,Female,7298,0,40,United-States,>50K
41,Private,192091,HS-grad,9,Divorced,Prof-specialty,Not-in-family,White,Female,0,0,40,United-States,>50K
27,Self-emp-not-inc,389733,11th,7,Married-civ-spouse,Other-service,Husband,Black,Male,0,0,43,United-States,>50K
62,Private,124310,Some-college,10,Never-married,Exec-managerial,Own-child,White,Male,0,0,40,United-States,<=50K
47,Self-emp-not-inc,205848,Doctorate,16,Never-married,Other-service,Own-child,Amer-Indian-Eskimo,Male,0,0,10,United-States,>50K
64,Private,333992,Masters,14,Divorced,Craft-repair,Not-in-family,Black,Male,0,0,40,United-States,<=50K
17,Private,350537,Some-college,10,Never-married,Exec-managerial,Own-child,White,Female,0,0,50,United-States,<=50K
78,Private,279634,HS-grad,9,Married-civ-spouse,Prof-specialty,Husband,White,Male,0,0,25,United-States,>50K
48,Private,339280,Some-college,10,Never-married,Craft-repair,Own-child,White,Male,0,0,40,United-States,>50K
42,Self-emp-not-inc,368076,12th,8,Married-civ-spouse,Other-service,Wife,White,Female,0,0,23,United-States,>50K
22,Private,110554,Some-college,10,Never-married,Transport-moving,Own-child,White,Female,0,0,40,Haiti,<=50K
20,Private,229783,HS-grad,9,Never-married,Other-service,Own-child,White,Male,0,0,27,United-States,<=50K
33,State-gov,370816,Some-college,10,Divorced,Prof-specialty,Not-in-family,White,Male,0,0,40,United-States,>50K
44,Private,101974,HS-grad,9,Separated,Exec-managerial,Unmarried,White,Male,0,0,48,United-States,<=50K
36,Private,355789,9th,5,Never-married,Sales,Not-in-family,White,Male,0,0,18,United-States,<=50K
24,Private,197809,HS-grad,9,Never-married,Sales,Own-child,White,Male,0,0,40,United-States,<=50K
72,Private,333050,Assoc-voc,11,Never-married,Priv-house-serv,Own-child,White,Female,0,0,40,United-States,>50K
61,Private,86934,Some-college,10,Never-married,Handlers-cleaners,Own-child,Asian-Pac-Islander,Male,0,0,49,United-States,<=50K
20,Private,335721,11th,7,Never-married,Other-service,Own-child,Amer-Indian-Eskimo,Male,0,0,25,United-States,<=50K
31,Private,311240,Bachelors,13,Never-married,Prof-specialty,Not-in-family,White,Male,0,0,40,United-States,>50K
43,Federal-gov,121448,HS-grad,9,Married-civ-spouse,Exec-managerial,Wife,White,Female,0,0,32,United-States,<=50K
42,Private,185639,Assoc-acdm,12,Married-civ-spouse,Tech-support,Husband,White,Male,0,0,40,United-States,<=50K
20,Private,252476,Masters,14,Never-married,Farming-fishing,Other-relative,White,Male,0,0,40,United-States,<=50K
38,Local-gov,267014,HS-grad,9,Married-civ-spouse,Handlers-cleaners,Husband,White,Male,0,0,40,United-States,<=50K
19,Private,293936,Some-college,10,Never-married,Handlers-cleaners,Own-child,White,Male,0,0,39,United-States,<=50K
37,Private,204552,Some-college,10,Never-married,Exec-managerial,Not-in-family,White,Male,0,0,40,United-States,<=50K
56,Private,83448,Assoc-acdm,12,Married-civ-spouse,Exec-managerial,Husband,White,Male,0,0,48,United-States,<=50K
36,Private,143421,HS-grad,9,Never-married,Adm-clerical,Other-relative,Black,Female,5181,0,60,United-States,<=50K
39,Private,350917,Bachelors,13,Married-spouse-absent,Craft-repair,Not-in-family,White,Male,0,0,40,United-States,<=50K
20,Private,246421,Assoc-voc,11,Never-married,Machine-op-inspct,Not-in-family,White,Male,0,0,15,United-States,<=50K
18,Private,354591,HS-grad,9,Never-married,Prof-specialty,Own-child,White,Male,0,0,40,United-States,<=50K
23,Private,342818,Some-college,10,Married-civ-spouse,Adm-clerical,Husband,White,Male,0,0,40,United-States,<=50K
38,Local-gov,163961,Bachelors,13,Never-married,Exec-managerial,Not-in-family,White,Female,0,0,25,United-States,>50K
37,Private,250473,12th,8,Married-civ-spouse,Adm-clerical,Husband,Black,Male,0,0,40,United-States,<=50K
31,Private,137036,9th,5,Never-married,Other-service,Not-in-family,Black,Female,0,0,21,United-States,<=50K
42,Private,124941,HS-grad,9,Married-civ-spouse,Prof-specialty,Husband,White,Male,0,0,50,United-States,<=50K
41,Private,89730,Masters,14,Married-civ-spouse,Exec-managerial,Husband,White,Male,0,0,39,Germany,<=50K
75,Private,317002,Prof-school,15,Divorced,Prof-specialty,Not-in-family,White,Female,0,0,35,United-States,<=50K
37,Private,102604,HS-grad,9,Married-civ-spouse,Craft-repair,Husband,White,Male,0,0,27,United-States,<=50K
18,Private,131790,HS-grad,9,Never-married,Craft-repair,Own-child,White,Male,0,0,48,United-States,<=50K
56,Private,107245,11th,7,Married-civ-spouse,Sales,Husband,White,Male,0,0,40,United-States,<=50K
37,Private,372206,Some-college,10,Never-married,Transport-moving,Own-child,White,Male,0,0,40,Italy,<=50K
24,Local-gov,237598,HS-grad,9,Married-civ-spouse,Sales,Husband,White,Male,0,0,40,United-States,<=50K
27,Private,368535,Bachelors,13,Married-civ-spouse,Sales,Husband,White,Male,0,0,11,United-States,<=50K
49,Private,153156,HS-grad,9,Divorced,Prof-specialty,Not-in-family,Black,Male,0,0,30,United-States,>50K
37,Federal-gov,389685,HS-grad,9,Married-civ-spouse,Other-service,Husband,White,Male,0,0,34,United-States,<=50K
25,Private,101086,Bachelors,13,Never-married,Exec-managerial,Other-relative,White,Female,0,0,40,United-States,<=50K
30,Private,323741,HS-grad,9,Never-married,Other-service,Own-child,White,Female,0,0,40,United-States,<=50K
56,Local-gov,295109,HS-grad,9,Married-civ-spouse,Prof-specialty,Husband,White,Male,0,0,43,Mexico,<=50K
26,Private,399251,Some-college,10,Never-married,Farming-fishing,Other-relative,White,Male,0,0,37,United-States,<=50K
18,Local-gov,280562,HS-grad,9,Never-married,Other-service,Own-child,White,Male,0,0,31,India,<=50K
28,Self-emp-inc,296333,HS-grad,9,Married-civ-spouse,Exec-managerial,Husband,White,Male,0,0,40,United-States,<=50K
35,Private,314331,HS-grad,9,Never-married,Other-service,Not-in-family,White,Male,0,0,40,United-States,<=50K
25,Private,99466,Some-college,10,Married-civ-spouse,Exec-managerial,Husband,White,Male,0,0,33,United-States,<=50K
48,Private,303470,Bachelors,13,Separated,Other-service,Not-in-family,White,Male,0,0,40,United-States,>50K
42,Private,125271,Masters,14,Divorced,Exec-managerial,Not-in-family,Asian-Pac-Islander,Male,0,0,52,United-States,<=50K
27,Federal-gov,185649,HS-grad,9,Married-civ-spouse,Craft-repair,Husband,White,Male,5948,0,40,United-States,<=50K
26,Private,397362,9th,5,Never-married,Sales,Not-in-family,White,Male,4799,0,40,United-States,<=50K
43,Never-worked,249847,HS-grad,9,Never-married,Adm-clerical,Not-in-family,White,Male,0,0,17,United-States,<=50K
49,Private,355340,10th,6,Married-civ-spouse,Sales,Husband,White,Male,0,0,40,United-States,<=50K
36,Private,259105,5th-6th,3,Never-married,Other-service,Not-in-family,White,Female,0,0,28,United-States,<=50K
17,Private,338777,HS-grad,9,Never-married,Exec-managerial,Own-child,White,Male,0,0,32,United-States,<=50K
31,Private,337375,Some-college,10,Married-civ-spouse,Farming-fishing,Husband,Black,Male,0,0,15,United-States,<=50K
40,Private,227670,HS-grad,9,Divorced,Craft-repair,Not-in-family,White,Female,0,0,40,United-States,<=50K
39,Private,289229,10th,6,Never-married,Craft-repair,Own-child,White,Male,0,0,30,United-States,<=50K
60,Private,361504,HS-grad,9,Married-civ-spouse,Sales,Wife,White,Female,0,0,50,United-States,<=50K
36,Self-emp-not-inc,308272,Some-college,10,Never-married,Adm-clerical,Own-child,White,Female,0,0,40,United-States,<=50K
34,Private,298181,Bachelors,13,Married-civ-spouse,Exec-managerial,Husband,White,Male,0,0,40,United-States,>50K
40,Private,198947,Some-college,10,Widowed,Craft-repair,Not-in-family,White,Male,0,0,40,United-States,<=50K
25,Private,144480,HS-grad,9,Married-civ-spouse,Farming-fishing,Husband,White,Male,0,0,26,United-States,<=50K
36,Private,169528,HS-grad,9,Married-civ-spouse,Machine-op-inspct,Wife,White,Female,0,0,40,United-States,>50K
24,Private,372010,Some-college,10,Never-married,Sales,Not-in-family,Asian-Pac-Islander,Female,0,0,40,United-States,<=50K
34,Private,388763,9th,5,Divorced,Farming-fishing,Not-in-family,White,Male,0,0,40,United-States,<=50K
39,Private,86867,12th,8,Married-civ-spouse,Adm-clerical,Husband,White,Male,0,0,40,United-States,<=50K
38,Private,239041,Bachelors,13,Married-civ-spouse,Craft-repair,Husband,White,Male,0,0,40,United-States,>50K
23,Private,269992,Bachelors,13,Divorced,Exec-managerial,Not-in-family,White,Male,0,0,30,Canada,>50K
53,Private,292489,Preschool,1,Never-married,Other-service,Own-child,White,Female,0,0,40,United-States,<=50K
23,Private,175847,Prof-school,15,Never-married,Prof-specialty,Own-child,White,Female,0,0,43,India,>50K
23,Private,368069,Some-college,10,Married-civ-spouse,Adm-clerical,Wife,White,Female,0,0,55,United-States,<=50K
20,Private,370222,HS-grad,9,Married-spouse-absent,Tech-support,Not-in-family,White,Female,0,0,23,India,<=50K
27,Private,142202,Bachelors,13,Married-civ-spouse,Protective-serv,Husband,White,Male,0,0,47,United-States,<=50K
62,Private,214672,HS-grad,9,Married-civ-spouse,Farming-fishing,Husband,White,Male,0,0,40,United-States,<=50K
27,Private,391999,Assoc-voc,11,Widowed,Prof-specialty,Not-in-family,White,Male,0,0,40,United-States,<=50K
56,Private,266156,HS-grad,9,Never-married,Craft-repair,Own-child,Black,Male,0,0,45,United-States,<=50K
30,Private,342049,Bachelors,13,Married-civ-spouse,Sales,Husband,White,Male,0,0,40,United-States,>50K
17,Federal-gov,360364,12th,8,Never-married,Protective-serv,Own-child,White,Male,0,0,40,United-States,<=50K
40,Private,96249,7th-8th,4,Married-civ-spouse,Sales,Husband,White,Male,0,0,39,United-States,<=50K
22,Private,323319,Prof-school,15,Never-married,Transport-moving,Own-child,White,Male,0,0,31,United-States,>50K
64,Self-emp-inc,298256,Some-college,10,Never-married,Craft-repair,Own-child,White,Male,0,0,52,United-States,<=50K
37,Private,90734,11th,7,Married-civ-spouse,Craft-repair,Wife,White,Female,0,0,40,Jamaica,<=50K
34,Private,376785,Bachelors,13,Never-married,Prof-specialty,Other-relative,White,Male,0,0,40,United-States,>50K
63,Private,353103,HS-grad,9,Separated,Craft-repair,Unmarried,Asian-Pac-Islander,Male,0,0,40,United-States,<=50K
23,Private,313616,HS-grad,9,Married-civ-spouse,Prof-specialty,Husband,White,Male,0,0,40,Portugal,<=50K
18,Local-gov,163034,Bachelors,13,Never-married,Adm-clerical,Own-child,Black,Male,3103,0,37,United-States,>50K
20,Private,240524,Some-college,10,Never-married,Transport-moving,Other-relative,White,Male,0,0,20,Vietnam,<=50K
23,Private,368859,11th,7,Never-married,Craft-repair,Not-in-family,Asian-Pac-Islander,Female,0,0,35,United-States,<=50K
47,Private,140887,Some-college,10,Never-married,Other-service,Not-in-family,White,Male,0,0,40,United-States,<=50K
42,Private,160520,Masters,14,Married-civ-spouse,Sales,Husband,White,Male,0,0,40,United-States,<=50K
28,Private,107509,HS-grad,9,Separated,Adm-clerical,Not-in-family,Asian-Pac-Islander,Male,0,0,23,United-States,<=50K
21,Private,273160,Assoc-voc,11,Married-civ-spouse,Sales,Husband,White,Male,0,0,40,United-States,<=50K
73,Self-emp-not-inc,280133,HS-grad,9,Married-civ-spouse,Craft-repair,Husband,White,Male,0,0,40,United-States,<=50K
66,Private,134831,Bachelors,13,Never-married,Craft-repair,Own-child,White,Male,0,0,40,United-States,<=50K
49,Private,390580,HS-grad,9,Never-married,Craft-repair,Other-relative,White,Female,0,0,31,United-States,<=50K
55,Self-emp-not-inc,313629,Some-college,10,Never-married,Exec-managerial,Own-child,White,Male,0,0,40,Mexico,<=50K
49,Private,139841,Bachelors,13,Married-civ-spouse,Craft-repair,Husband,White,Male,0,0,40,United-States,<=50K
45,Private,396546,Some-college,10,Divorced,Craft-repair,Not-in-family,White,Female,0,0,51,United-States,<=50K
38,Private,301280,Some-college,10,Married-civ-spouse,Exec-managerial,Wife,White,Female,0,0,40,United-States,>50K
51,Self-emp-not-inc,186511,Prof-school,15,Married-civ-spouse,Other-service,Wife,White,Female,0,0,40,United-States,<=50K
45,Private,129024,Some-college,10,Never-married,Machine-op-inspct,Not-in-family,White,Male,0,0,35,United-States,>50K
25,Private,355447,Bachelors,13,Never-married,Prof-specialty,Own-child,Black,Male,0,0,50,South,<=50K
54,Private,117308,Bachelors,13,Divorced,Machine-op-inspct,Unmarried,White,Female,0,0,40,United-States,<=50K
45,Private,226670,11th,7,Never-married,Other-service,Own-child,White,Female,0,0,40,United-States,<=50K
19,Self-emp-not-inc,287420,Masters,14,Never-married,Adm-clerical,Not-in-family,White,Male,0,0,40,United-States,<=50K
23,Local-gov,150962,11th,7,Divorced,Handlers-cleaners,Unmarried,White,Male,0,0,19,United-States,<=50K
56,Private,281740,Bachelors,13,Married-civ-spouse,Prof-specialty,Husband,White,Male,0,0,23,Germany,<=50K
22,Private,83430,Some-college,10,Divorced,Sales,Not-in-family,Amer-Indian-Eskimo,Male,0,0,40,United-States,<=50K
40,Private,183007,Assoc-acdm,12,Never-married,Exec-managerial,Own-child,Black,Male,0,0,30,United-States,<=50K
27,Private,82535,Some-college,10,Married-civ-spouse,Sales,Husband,White,Male,0,1915,50,United-States,<=50K
31,Private,306964,Assoc-acdm,12,Never-married,Protective-serv,Own-child,White,Female,0,0,41,United-States,<=50K
54,Private,143499,HS-grad,9,Separated,Craft-repair,Unmarried,White,Female,0,0,40,United-States,<=50K
44,Private,96884,9th,5,Never-married,Adm-clerical,Not-in-family,White,Male,0,0,40,United-States,<=50K
22,Self-emp-not-inc,239517,HS-grad,9,Married-civ-spouse,Sales,Husband,White,Male,4344,0,40,United-States,>50K
39,Private,338065,HS-grad,9,Married-civ-spouse,Other-service,Husband,Amer-Indian-Eskimo,Male,0,0,40,United-States,>50K
50,Private,235340,HS-grad,9,Married-civ-spouse,Other-service,Wife,White,Female,0,0,40,United-States,<=50K
27,Private,297622,Some-college,10,Divorced,Sales,Unmarried,White,Male,0,0,40,India,<=50K
29,Private,143230,Some-college,10,Divorced,Other-service,Not-in-family,Asian-Pac-Islander,Female,0,0,40,United-States,<=50K
64,Private,368119,HS-grad,9,Married-civ-spouse,Prof-specialty,Husband,White,Male,0,0,25,United-States,>50K
57,Federal-gov,232322,HS-grad,9,Never-married,Other-service,Other-relative,White,Male,0,0,40,United-States,<=50K
41,Self-emp-inc,250700,HS-grad,9,Divorced,Craft-repair,Not-in-family,White,Male,0,0,15,United-States,<=50K
30,Private,98975,Some-college,10,Divorced,Craft-repair,Unmarried,White,Male,0,0,10,United-States,<=50K
39,Private,151412,HS-grad,9,Separated,Exec-managerial,Unmarried,White,Male,0,0,48,United-States,<=50K
28,Private,383907,HS-grad,9,Never-married,Exec-managerial,Own-child,White,Male,0,0,18,Mexico,<=50K
44,Private,348534,11th,7,Divorced,Other-service,Not-in-family,White,Female,0,0,40,United-States,<=50K
52,Self-emp-not-inc,235326,5th-6th,3,Never-married,Transport-moving,Not-in-family,White,Male,0,0,40,United-States,<=50K
61,Private,353125,Some-college,10,Married-civ-spouse,Transport-moving,Husband,White,Male,0,0,40,Portugal,<=50K
34,Private,119378,HS-grad,9,Married-civ-spouse,Prof-specialty,Husband,White,Male,15024,2231,40,United-States,>50K
45,Private,235448,Assoc-voc,11,Married-civ-spouse,Exec-managerial,Husband,White,Male,0,0,37,United-States,<=50K
20,Local-gov,184121,Masters,14,Married-civ-spouse,Other-service,Husband,Black,Male,0,0,40,United-States,<=50K
23,Private,151039,Some-college,10,Married-civ-spouse,Sales,Husband,Asian-Pac-Islander,Male,0,0,40,United-States,<=50K
34,Private,327562,12th,8,Married-civ-spouse,Adm-clerical,Husband,Asian-Pac-Islander,Male,0,0,40,United-States,<=50K
22,Federal-gov,271353,Some-college,10,Divorced,Prof-specialty,Not-in-family,White,Male,0,0,40,United-States,<=50K
26,Private,274436,Bachelors,13,Married-civ-spouse,Armed-Forces,Husband,White,Male,0,0,40,Mexico,<=50K
49,Private,197075,Bachelors,13,Married-civ-spouse,Exec-managerial,Husband,White,Male,10520,0,20,United-States,>50K
43,Local-gov,260476,Bachelors,13,Married-civ-spouse,Protective-serv,Wife,White,Female,0,0,40,United-States,>50K
47,Private,260353,Bachelors,13,Separated,Other-service,Not-in-family,White,Male,0,0,40,United-States,>50K
72,Private,96787,Bachelors,13,Divorced,Adm-clerical,Not-in-family,White,Male,0,0,40,United-States,<=50K
43,Private,375900,HS-grad,9,Never-married,Machine-op-inspct,Not-in-family,White,Male,0,0,40,United-States,<=50K
26,Private,94378,HS-grad,9,Married-civ-spouse,Prof-specialty,Husband,White,Male,0,0,18,United-States,<=50K
35,Private,101103,HS-grad,9,Divorced,Sales,Not-in-family,Black,Male,0,0,45,United-States,<=50K
22,Private,198872,Some-college,10,Divorced,Prof-specialty,Not-in-family,White,Male,0,0,40,United-States,<=50K
22,Private,99623,Some-college,10,Never-married,Machine-op-inspct,Not-in-family,White,Female,0,0,22,United-States,<=50K
39,Private,143975,Bachelors,13,Married-civ-spouse,Sales,Husband,White,Male,0,0,42,United-States,<=50K
40,Private,187362,HS-grad,9,Separated,Craft-repair,Unmarried,White,Female,0,0,26,United-States,<=50K
38,Private,206177,10th,6,Married-civ-spouse,Other-service,Husband,White,Male,0,0,40,United-States,<=50K
33,Private,268957,HS-grad,9,Divorced,Craft-repair,Unmarried,White,Female,0,0,40,United-States,<=50K
34,Private,269753,Prof-school,15,Never-married,Sales,Own-child,White,Male,0,0,40,United-States,<=50K
43,Private,314564,HS-grad,9,Married-civ-spouse,Adm-clerical,Husband,White,Male,0,0,45,United-States,<=50K
37,Private,168852,Bachelors,13,Never-married,Craft-repair,Own-child,White,Female,0,0,25,United-States,<=50K
26,Private,155546,Bachelors,13,Divorced,Handlers-cleaners,Not-in-family,White,Female,0,0,31,United-States,<=50K
26,Federal-gov,367286,7th-8th,4,Separated,Machine-op-inspct,Unmarried,White,Female,0,0,40,United-States,<=50K
40,Private,99591,Assoc-voc,11,Married-civ-spouse,Prof-specialty,Wife,White,Female,0,0,40,United-States,<=50K
68,Private,323819,9th,5,Never-married,Handlers-cleaners,Own-child,White,Male,0,0,20,United-States,<=50K
41,Self-emp-not-inc,324059,Some-college,10,Separated,Prof-specialty,Unmarried,White,Male,0,0,41,United-States,<=50K
39,Private,142144,Some-college,10,Married-civ-spouse,Exec-managerial,Husband,Asian-Pac-Islander,Male,0,0,40,Iran,<=50K
44,Private,264612,Some-college,10,Never-married,Adm-clerical,Not-in-family,White,Female,0,0,40,United-States,<=50K
35,Self-emp-not-inc,326568,Some-college,10,Divorced,Other-service,Not-in-family,White,Female,0,0,40,United-States,<=50K
39,Private,321978,Some-college,10,Married-civ-spouse,Farming-fishing,Wife,White,Female,0,0,33,United-States,<=50K
56,Private,132306,HS-grad,9,Married-civ-spouse,Other-service,Husband,White,Male,0,0,28,United-States,<=50K
18,Federal-gov,389523,HS-grad,9,Never-married,Craft-repair,Own-child,White,Male,0,0,40,United-States,<=50K
36,Private,222304,Assoc-voc,11,Married-civ-spouse,Prof-specialty,Husband,Black,Male,3103,0,24,United-States,>50K
24,Local-gov,309293,HS-grad,9,Married-spouse-absent,Exec-managerial,Not-in-family,White,Female,0,0,45,United-States,>50K
46,Private,371163,1st-4th,2,Married-civ-spouse,Exec-managerial,Wife,White,Female,0,0,11,United-States,>50K
44,Private,279806,HS-grad,9,Married-civ-spouse,Sales,Husband,Black,Male,0,0,33,United-States,<=50K
75,Private,319406,10th,6,Married-civ-spouse,Exec-managerial,Wife,White,Female,0,0,27,United-States,<=50K
53,Private,280579,HS-grad,9,Divorced,Prof-specialty,Unmarried,White,Male,0,0,43,United-States,>50K
38,Private,388672,Bachelors,13,Married-civ-spouse,Prof-specialty,Wife,White,Female,0,0,15,United-States,>50K
39,State-gov,332302,HS-grad,9,Married-civ-spouse,Craft-repair,Husband,White,Male,0,0,20,United-States,<=50K
39,Private,168945,Bachelors,13,Married-civ-spouse,Sales,Husband,White,Male,0,0,40,United-States,<=50K
22,Private,217050,HS-grad,9,Never-married,Machine-op-inspct,Not-in-family,White,Male,3351,0,34,United-States,<=50K
17,Federal-gov,281787,Bachelors,13,Never-married,Exec-managerial,Own-child,Black,Male,0,0,60,United-States,<=50K
40,Private,164546,11th,7,Never-married,Machine-op-inspct,Not-in-family,White,Male,0,0,40,United-States,<=50K
63,Private,265568,Assoc-voc,11,Married-civ-spouse,Sales,Wife,White,Female,0,0,25,United-States,>50K
50,Private,333827,HS-grad,9,Never-married,Prof-specialty,Not-in-family,Black,Male,0,0,48,Mexico,>50K
52,State-gov,118374,10th,6,Never-married,Craft-repair,Not-in-family,White,Male,0,0,40,United-States,<=50K
28,Private,151148,HS-grad,9,Divorced,Adm-clerical,Unmarried,White,Female,0,0,40,United-States,<=50K
38,Private,391181,Some-college,10,Divorced,Protective-serv,Not-in-family,White,Female,0,0,40,South,<=50K
42,Private,236525,9th,5,Never-married,Farming-fishing,Not-in-family,White,Male,0,0,16,United-States,<=50K
17,Private,99917,Prof-school,15,Never-married,Exec-managerial,Own-child,White,Male,0,0,22,Japan,<=50K
37,Private,301655,Bachelors,13,Married-civ-spouse,Prof-specialty,Wife,Black,Female,0,0,40,United-States,<=50K
39,Self-emp-not-inc,209387,Bachelors,13,Married-civ-spouse,Adm-clerical,Husband,White,Male,0,0,40,United-States,<=50K
32,Private,310269,Some-college,10,Married-civ-spouse,Other-service,Wife,Black,Female,0,0,40,United-States,<=50K
19,Private,343411,HS-grad,9,Never-married,Protective-serv,Own-child,White,Female,0,0,40,United-States,<=50K
26,Private,155939,Some-college,10,Married-civ-spouse,Prof-specialty,Wife,White,Female,0,0,40,Canada,<=50K
27,Private,211351,Masters,14,Married-civ-spouse,Priv-house-serv,Husband,Black,Male,0,0,40,United-States,<=50K
24,Private,89417,HS-grad,9,Divorced,Craft-repair,Not-in-family,White,Male,0,0,40,United-States,<=50K
37,Private,313326,Bachelors,13,Married-civ-spouse,Sales,Husband,White,Male,0,0,10,United-States,<=50K
38,Private,206839,Bachelors,13,Divorced,Craft-repair,Not-in-family,White,Female,0,0,40,United-States,<=50K
40,Private,84141,Bachelors,13,Married-civ-spouse,Exec-managerial,Husband,Amer-Indian-Eskimo,Male,0,2559,10,United-States,>50K
40,Federal-gov,84606,Prof-school,15,Widowed,Prof-specialty,Not-in-family,White,Male,0,0,34,United-States,>50K
55,Private,356656,HS-grad,9,Never-married,Other-service,Not-in-family,White,Female,0,0,19,China,<=50K
18,Private,265192,HS-grad,9,Never-married,Adm-clerical,Own-child,Amer-Indian-Eskimo,Male,0,0,24,United-States,<=50K
24,Self-emp-not-inc,83113,Some-college,10,Married-civ-spouse,Craft-repair,Wife,White,Female,4386,0,40,United-States,>50K
42,Private,134759,HS-grad,9,Divorced,Craft-repair,Not-in-family,Asian-Pac-Islander,Male,0,0,40,United-States,<=50K
28,Federal-gov,82781,Bachelors,13,Married-civ-spouse,Adm-clerical,Husband,White,Male,0,0,15,United-States,>50K
40,Private,117822,Masters,14,Married-civ-spouse,Prof-specialty,Wife,White,Female,0,0,40,United-States,<=50K
34,Self-emp-inc,318069,HS-grad,9,Never-married,Craft-repair,Own-child,White,Male,0,0,40,Columbia,<=50K
53,Private,355810,HS-grad,9,Married-civ-spouse,Machine-op-inspct,Wife,White,Female,0,0,40,United-States,<=50K
35,Local-gov,364990,HS-grad,9,Married-civ-spouse,Sales,Husband,White,Male,2387,0,40,United-States,>50K
39,State-gov,341581,Assoc-voc,11,Never-married,Farming-fishing,Not-in-family,White,Male,0,0,52,United-States,<=50K
54,Private,282591,HS-grad,9,Married-civ-spouse,Sales,Husband,Asian-Pac-Islander,Male,0,0,40,United-States,<=50K
57,Private,86355,HS-grad,9,Married-civ-spouse,Prof-specialty,Husband,White,Male,0,0,45,United-States,>50K
44,Private,224248,Assoc-voc,11,Divorced,Protective-serv,Not-in-family,White,Male,0,0,55,United-States,>50K
40,Self-emp-inc,320213,HS-grad,9,Married-civ-spouse,Other-service,Wife,White,Female,0,0,50,United-States,>50K
44,Private,106424,HS-grad,9,Married-civ-spouse,Adm-clerical,Husband,White,Male,7298,0,40,United-States,>50K
44,Private,169924,Bachelors,13,Never-married,Sales,Own-child,White,Male,0,0,40,United-States,<=50K
33,Private,286932,Some-college,10,Married-civ-spouse,Other-service,Wife,White,Female,0,0,45,United-States,<=50K
34,Private,87583,Bachelors,13,Never-married,Exec-managerial,Not-in-family,White,Male,0,0,49,United-States,>50K
30,Private,368234,7th-8th,4,Married-civ-spouse,Transport-moving,Husband,White,Male,0,0,10,United-States,<=50K
35,Private,86256,Some-college,10,Divorced,Exec-managerial,Not-in-family,White,Male,0,0,40,United-States,<=50K
48,Private,222105,Some-college,10,Married-civ-spouse,Adm-clerical,Husband,White,Male,0,0,40,United-States,<=50K
38,Private,192104,Some-college,10,Married-civ-spouse,Craft-repair,Husband,White,Male,0,0,45,United-States,<=50K
22,Private,328916,Some-college,10,Divorced,Protective-serv,Unmarried,White,Male,0,0,36,Dominican-Republic,<=50K
24,Private,399782,HS-grad,9,Married-civ-spouse,Exec-managerial,Husband,Black,Male,0,0,38,United-States,<=50K
31,Private,145645,HS-grad,9,Married-civ-spouse,Sales,Wife,White,Female,0,0,22,United-States,>50K
33,Private,282997,10th,6,Married-civ-spouse,Transport-moving,Husband,White,Male,5178,2231,44,United-States,>50K
37,Private,340923,Bachelors,13,Married-civ-spouse,Other-service,Husband,White,Male,0,2281,29,United-States,>50K
18,Self-emp-not-inc,342507,HS-grad,9,Divorced,Craft-repair,Not-in-family,White,Male,0,0,37,United-States,<=50K
20,Private,256014,Bachelors,13,Never-married,Sales,Own-child,White,Male,0,0,40,United-States,>50K
27,Private,184970,HS-grad,9,Married-civ-spouse,Craft-repair,Wife,White,Female,0,0,40,United-States,<=50K
42,Private,302663,HS-grad,9,Married-civ-spouse,Prof-specialty,Husband,White,Male,0,0,40,United-States,>50K
40,State-gov,338121,Bachelors,13,Married-civ-spouse,Prof-specialty,Husband,White,Male,0,0,48,China,>50K
49,Private,246908,HS-grad,9,Married-civ-spouse,Prof-specialty,Wife,White,Female,0,0,38,United-States,<=50K
43,Private,307584,HS-grad,9,Never-married,Transport-moving,Not-in-family,White,Female,0,0,40,United-States,>50K
34,Private,247705,HS-grad,9,Married-spouse-absent,Sales,Not-in-family,White,Male,0,0,22,United-States,<=50K
32,State-gov,148491,11th,7,Married-civ-spouse,Transport-moving,Husband,Black,Male,0,0,40,United-States,<=50K
43,Private,156428,HS-grad,9,Married-civ-spouse,Transport-moving,Husband,Asian-Pac-Islander,Male,0,0,21,United-States,<=50K
62,Private,170237,Some-college,10,Married-civ-spouse,Exec-managerial,Wife,White,Female,0,0,32,United-States,>50K
51,Private,280678,Bachelors,13,Married-civ-spouse,Craft-repair,Wife,White,Female,0,0,40,United-States,<=50K
23,Private,248790,Bachelors,13,Married-civ-spouse,Prof-specialty,Husband,White,Male,0,0,38,United-States,>50K
47,Private,207618,5th-6th,3,Never-married,Other-service,Own-child,White,Male,0,0,40,United-States,<=50K
61,Private,155703,HS-grad,9,Married-civ-spouse,Adm-clerical,Wife,White,Female,0,0,15,United-States,>50K
43,Private,393551,HS-grad,9,Married-civ-spouse,Sales,Husband,Black,Male,0,0,15,United-States,<=50K
22,Self-emp-inc,341730,10th,6,Divorced,Farming-fishing,Not-in-family,White,Female,0,0,40,United-States,<=50K
61,Private,234249,Some-college,10,Divorced,Machine-op-inspct,Not-in-family,White,Male,0,0,21,United-States,<=50K
42,Private,92436,HS-grad,9,Married-civ-spouse,Farming-fishing,Wife,White,Female,0,0,40,United-States,>50K
28,Private,325464,HS-grad,9,Never-married,Machine-op-inspct,Other-relative,White,Female,0,0,20,United-States,<=50K
27,Private,133738,HS-grad,9,Married-civ-spouse,Protective-serv,Husband,White,Male,4474,0,28,Vietnam,<=50K
35,Private,383362,Some-college,10,Never-married,Sales,Not-in-family,White,Male,0,0,60,United-States,<=50K
42,Self-emp-not-inc,158055,Some-college,10,Never-married,Prof-specialty,Own-child,White,Male,0,0,43,United-States,<=50K
51,Private,89353,HS-grad,9,Never-married,Exec-managerial,Own-child,White,Male,0,0,40,United-States,<=50K
41,Private,294399,7th-8th,4,Divorced,Sales,Not-in-family,White,Male,0,0,40,United-States,<=50K
30,Private,366744,HS-grad,9,Divorced,Tech-support,Not-in-family,White,Male,0,0,40,United-States,<=50K
23,Private,335993,Some-college,10,Never-married,Adm-clerical,Own-child,White,Male,0,0,55,United-States,<=50K
38,Local-gov,135947,11th,7,Never-married,Handlers-cleaners,Own-child,White,Male,0,0,40,United-States,>50K
25,State-gov,237826,7th-8th,4,Married-civ-spouse,Other-service,Husband,White,Male,0,0,40,United-States,<=50K
38,Self-emp-inc,267624,HS-grad,9,Never-married,Other-service,Own-child,White,Female,0,0,12,United-States,>50K
29,State-gov,158504,Some-college,10,Married-civ-spouse,Sales,Husband,White,Male,0,0,35,United-States,<=50K
35,Private,112674,Assoc-acdm,12,Divorced,Craft-repair,Not-in-family,White,Male,0,0,24,United-States,<=50K
43,Private,390803,9th,5,Married-civ-spouse,Protective-serv,Husband,White,Male,0,0,22,United-States,<=50K
36,Private,116698,Some-college,10,Separated,Prof-specialty,Unmarried,Black,Male,0,0,26,United-States,<=50K
24,Self-emp-inc,284097,9th,5,Divorced,Other-service,Not-in-family,White,Male,0,0,35,United-States,<=50K
45,Private,361284,Some-college,10,Never-married,Other-service,Not-in-family,Black,Male,0,0,50,United-States,<=50K
48,Private,278969,HS-grad,9,Never-married,Exec-managerial,Not-in-family,White,Male,0,0,40,United-States,<=50K
26,Self-emp-not-inc,348211,HS-grad,9,Married-civ-spouse,Transport-moving,Husband,White,Male,0,0,40,United-States,<=50K
49,Self-emp-inc,358753,10th,6,Never-married,Craft-repair,Own-child,Black,Male,0,0,26,United-States,<=50K
26,Private,110744,Doctorate,16,Never-married,Protective-serv,Own-child,White,Female,0,0,40,United-States,>50K
23,Private,141631,Assoc-voc,11,Divorced,Transport-moving,Not-in-family,White,Female,0,0,22,United-States,<=50K
35,Private,152970,HS-grad,9,Never-married,Prof-specialty,Not-in-family,White,Male,0,0,15,United-States,<=50K
42,Private,232145,Bachelors,13,Never-married,Craft-repair,Own-child,White,Male,0,0,11,England,<=50K
20,Private,283310,Some-college,10,Never-married,Sales,Own-child,White,Male,0,0,55,United-States,>50K
40,Self-emp-not-inc,224063,Some-college,10,Never-married,Prof-specialty,Other-relative,White,Male,0,0,32,United-States,<=50K
35,Private,311716,11th,7,Divorced,Handlers-cleaners,Not-in-family,Black,Male,0,0,40,United-States,<=50K
48,Private,383851,HS-grad,9,Married-civ-spouse,Farming-fishing,Husband,White,Male,0,0,40,United-States,<=50K
70,Self-emp-not-inc,276845,Bachelors,13,Married-civ-spouse,Exec-managerial,Husband,Black,Male,0,0,40,United-States,<=50K
36,Local-gov,255049,HS-grad,9,Married-civ-spouse,Prof-specialty,Husband,White,Male,0,0,35,United-States,<=50K
34,Self-emp-not-inc,251699,HS-grad,9,Divorced,Craft-repair,Not-in-family,White,Female,0,0,40,Philippines,<=50K
18,Private,88178,HS-grad,9,Never-married,Sales,Own-child,White,Male,0,0,40,United-States,<=50K
49,Private,85914,Some-college,10,Divorced,Exec-managerial,Unmarried,Black,Male,0,0,40,United-States,<=50K
39,Local-gov,373644,HS-grad,9,Married-civ-spouse,Prof-specialty,Husband,Black,Male,0,0,16,United-States,>50K
32,State-gov,101004,Some-college,10,Married-civ-spouse,Transport-moving,Husband,White,Male,0,0,20,United-States,<=50K
31,Private,175959,10th,6,Widowed,Sales,Not-in-family,White,Male,0,0,40,United-States,<=50K
30,Private,339052,Masters,14,Never-married,Exec-managerial,Other-relative,White,Female,0,0,43,United-States,>50K
44,Never-worked,311204,HS-grad,9,Married-civ-spouse,Prof-specialty,Wife,White,Female,0,0,40,United-States,>50K
52,Self-emp-not-inc,158808,Bachelors,13,Never-married,Transport-moving,Own-child,White,Male,0,0,34,United-States,<=50K
56,Private,325118,HS-grad,9,Married-civ-spouse,Prof-specialty,Husband,Black,Male,0,2464,43,United-States,<=50K
22,Private,234803,HS-grad,9,Married-civ-spouse,Prof-specialty,Husband,White,Male,0,0,60,United-States,<=50K
42,Private,83117,Some-college,10,Married-civ-spouse,Adm-clerical,Wife,White,Female,0,0,20,United-States,>50K
22,Private,136503,HS-grad,9,Married-civ-spouse,Exec-managerial,Husband,White,Male,0,0,45,United-States,>50K
28,Private,275664,HS-grad,9,Never-married,Tech-support,Not-in-family,White,Female,0,0,55,United-States,<=50K
47,Private,332822,Some-college,10,Married-civ-spouse,Handlers-cleaners,Wife,White,Female,0,0,25,United-States,<=50K
38,Self-emp-not-inc,360996,11th,7,Divorced,Sales,Not-in-family,White,Female,0,0,15,United-States,<=50K
32,Self-emp-not-inc,203666,Some-college,10,Separated,Adm-clerical,Other-relative,White,Male,0,0,40,United-States,<=50K
34,Private,245077,Some-college,10,Married-civ-spouse,Machine-op-inspct,Husband,White,Male,0,0,17,El-Salvador,<=50K
53,Private,317857,Bachelors,13,Divorced,Sales,Not-in-family,White,Male,0,2066,11,United-States,>50K
31,Private,201632,Bachelors,13,Never-married,Machine-op-inspct,Own-child,White,Female,0,0,20,United-States,>50K
33,Local-gov,384172,Bachelors,13,Divorced,Sales,Not-in-family,White,Male,0,0,21,United-States,>50K
24,Private,294315,Some-college,10,Never-married,Prof-specialty,Own-child,White,Male,0,0,40,United-States,<=50K
32,Self-emp-inc,99291,HS-grad,9,Divorced,Craft-repair,Not-in-family,White,Female,0,0,40,United-States,<=50K
48,Private,397678,Some-college,10,Never-married,Craft-repair,Not-in-family,White,Female,0,0,25,United-States,<=50K
32,Private,121813,Assoc-voc,11,Never-married,Prof-specialty,Other-relative,White,Female,0,0,44,United-States,<=50K
37,Private,180946,Bachelors,13,Never-married,Machine-op-inspct,Not-in-family,White,Female,3690,0,40,United-States,<=50K
28,Private,335708,Bachelors,13,Never-married,Sales,Own-child,White,Male,0,0,40,United-States,>50K
28,Self-emp-not-inc,274513,Bachelors,13,Married-spouse-absent,Prof-specialty,Not-in-family,White,Male,0,0,40,United-States,>50K
27,Private,323058,HS-grad,9,Never-married,Craft-repair,Own-child,White,Male,0,0,16,United-States,<=50K
29,Private,148611,HS-grad,9,Divorced,Other-service,Unmarried,White,Male,0,0,16,United-States,<=50K
56,Private,192138,HS-grad,9,Married-civ-spouse,Prof-specialty,Husband,Other,Male,0,0,40,United-States,<=50K
51,Private,396144,Bachelors,13,Married-civ-spouse,Exec-managerial,Husband,White,Male,0,0,40,England,>50K
49,Private,272252,10th,6,Never-married,Transport-moving,Own-child,White,Male,0,0,29,United-States,<=50K
54,Self-emp-inc,299785,Some-college,10,Married-civ-spouse,Transport-moving,Wife,White,Female,0,0,40,United-States,<=50K
22,Private,144820,Bachelors,13,Married-civ-spouse,Adm-clerical,Husband,White,Male,0,0,47,United-States,>50K
31,Private,190502,Some-college,10,Married-civ-spouse,Machine-op-inspct,Husband,White,Male,0,0,52,United-States,<=50K
44,Private,189362,Bachelors,13,Divorced,Prof-specialty,Not-in-family,White,Female,0,0,40,United-States,<=50K
23,Private,313505,HS-grad,9,Divorced,Craft-repair,Not-in-family,White,Male,0,0,40,United-States,<=50K
36,Private,149237,HS-grad,9,Married-civ-spouse,Other-service,Husband,White,Male,0,0,45,United-States,<=50K
80,Private,382381,Some-college,10,Married-civ-spouse,Adm-clerical,Wife,White,Female,0,0,40,El-Salvador,<=50K
35,Private,258867,11th,7,Never-married,Craft-repair,Own-child,White,Female,0,0,16,United-States,<=50K
54,Private,350222,Bachelors,13,Married-civ-spouse,Prof-specialty,Wife,White,Female,0,0,12,United-States,>50K
54,Private,258308,HS-grad,9,Married-civ-spouse,Craft-repair,Husband,Black,Male,0,0,39,United-States,<=50K
48,Private,151470,Some-college,10,Divorced,Exec-managerial,Unmarried,White,Female,5776,0,40,United-States,>50K
57,Self-emp-not-inc,118254,Bachelors,13,Married-civ-spouse,Farming-fishing,Wife,White,Female,1704,0,42,United-States,<=50K
52,Private,302096,HS-grad,9,Never-married,Other-service,Own-child,White,Male,0,0,40,United-States,<=50K
34,Private,173325,HS-grad,9,Married-civ-spouse,Exec-managerial,Wife,White,Female,0,0,23,United-States,>50K
44,Private,124655,Some-college,10,Never-married,Handlers-cleaners,Own-child,White,Male,0,0,24,United-States,<=50K
45,Private,397924,Bachelors,13,Married-civ-spouse,Craft-repair,Husband,White,Male,0,0,40,Greece,<=50K
40,Self-emp-not-inc,357134,HS-grad,9,Married-civ-spouse,Sales,Wife,White,Female,0,0,40,United-States,<=50K
60,Private,129957,Assoc-acdm,12,Married-civ-spouse,Other-service,Husband,White,Male,0,0,40,United-States,<=50K
19,Private,155262,Masters,14,Never-married,Exec-managerial,Own-child,White,Male,0,0,40,United-States,<=50K
38,Private,359354,HS-grad,9,Married-civ-spouse,Exec-managerial,Wife,White,Female,0,0,27,United-States,<=50K
79,Self-emp-not-inc,337233,HS-grad,9,Widowed,Adm-clerical,Not-in-family,White,Male,0,0,22,United-States,<=50K
54,Private,190718,HS-grad,9,Never-married,Sales,Not-in-family,White,Male,0,0,38,United-States,<=50K
34,Private,114839,9th,5,Married-civ-spouse,Priv-house-serv,Wife,White,Female,0,0,40,United-States,<=50K
51,Private,396832,HS-grad,9,Divorced,Prof-specialty,Unmarried,White,Male,0,0,40,United-States,>50K
31,Private,258104,Some-college,10,Married-civ-spouse,Craft-repair,Husband,White,Male,0,0,40,United-States,<=50K
17,Self-emp-not-inc,90977,HS-grad,9,Never-married,Craft-repair,Not-in-family,White,Male,0,0,52,United-States,<=50K
25,Private,92418,Masters,14,Married-civ-spouse,Prof-specialty,Husband,White,Male,0,0,40,United-States,<=50K
39,Private,220807,Some-college,10,Married-civ-spouse,Other-service,Wife,White,Female,0,0,55,United-States,<=50K
46,Private,271646,Some-college,10,Never-married,Other-service,Own-child,Other,Male,0,0,12,United-States,<=50K
41,Self-emp-inc,240799,HS-grad,9,Married-civ-spouse,Handlers-cleaners,Husband,White,Male,0,0,28,United-States,<=50K
51,Self-emp-inc,168552,HS-grad,9,Married-civ-spouse,Tech-support,Wife,White,Female,0,0,40,United-States,<=50K
33,Private,352005,Masters,14,Married-civ-spouse,Handlers-cleaners,Husband,White,Male,0,0,13,Philippines,<=50K
23,Private,378818,Some-college,10,Never-married,Prof-specialty,Not-in-family,White,Female,0,0,40,United-States,<=50K
42,Private,166179,Bachelors,13,Divorced,Exec-managerial,Not-in-family,White,Male,0,0,42,United-States,<=50K
37,Private,274910,Some-college,10,Divorced,Adm-clerical,Not-in-family,White,Male,0,0,40,United-States,<=50K
57,Private,375737,9th,5,Never-married,Handlers-cleaners,Other-relative,White,Female,0,0,40,United-States,<=50K
44,Private,146691,HS-grad,9,Never-married,Sales,Not-in-family,White,Male,0,0,25,United-States,<=50K
46,Private,113245,Bachelors,13,Divorced,Prof-specialty,Not-in-family,Asian-Pac-Islander,Male,0,0,40,United-States,<=50K
32,State-gov,324053,HS-grad,9,Divorced,Exec-managerial,Not-in-family,White,Female,0,0,50,United-States,<=50K
53,Private,225823,9th,5,Never-married,Prof-specialty,Not-in-family,White,Male,0,0,40,United-States,>50K
37,Private,81153,HS-grad,9,Never-married,Other-service,Not-in-family,White,Female,0,0,40,United-States,<=50K
23,Private,217628,HS-grad,9,Divorced,Prof-specialty,Not-in-family,White,Male,0,1740,40,United-States,>50K
23,Private,307504,Bachelors,13,Married-civ-spouse,Other-service,Husband,Black,Male,0,0,40,United-States,<=50K
23,Self-emp-not-inc,290708,Bachelors,13,Married-civ-spouse,Other-service,Wife,White,Female,0,0,44,Guatemala,<=50K
54,Private,123678,HS-grad,9,Married-civ-spouse,Other-service,Husband,White,Male,0,0,17,United-States,>50K
24,Local-gov,347073,HS-grad,9,Never-married,Other-service,Not-in-family,White,Male,0,0,28,United-States,<=50K
53,Private,84038,Some-college,10,Married-civ-spouse,Prof-specialty,Husband,Black,Male,0,0,40,United-States,<=50K
27,State-gov,344567,Bachelors,13,Divorced,Handlers-cleaners,Not-in-family,White,Female,0,0,34,United-States,<=50K
47,State-gov,343924,HS-grad,9,Married-civ-spouse,Exec-managerial,Husband,White,Male,0,0,49,United-States,<=50K
46,Private,237580,Prof-school,15,Divorced,Sales,Not-in-family,White,Male,0,0,40,China,<=50K
32,Private,366976,HS-grad,9,Never-married,Craft-repair,Other-relative,Other,Male,0,0,40,United-States,<=50K
57,Private,210287,HS-grad,9,Never-married,Protective-serv,Not-in-family,White,Female,0,0,40,United-States,<=50K
27,Private,174377,Some-college,10,Married-civ-spouse,Prof-specialty,Husband,White,Male,0,0,19,United-States,>50K
24,Private,291735,Bachelors,13,Never-married,Machine-op-inspct,Own-child,Asian-Pac-Islander,Male,1090,0,60,United-States,<=50K
27,Self-emp-not-inc,265097,Assoc-acdm,12,Married-civ-spouse,Other-service,Husband,White,Male,0,0,27,United-States,<=50K
39,Private,393779,Prof-school,15,Married-civ-spouse,Prof-specialty,Wife,White,Female,5178,0,50,India,>50K
39,Federal-gov,102243,HS-grad,9,Married-civ-spouse,Adm-clerical,Wife,White,Female,0,0,40,United-States,<=50K
45,State-gov,143064,HS-grad,9,Married-civ-spouse,Other-service,Husband,White,Male,0,0,10,United-States,>50K
70,Private,358507,HS-grad,9,Divorced,Other-service,Not-in-family,White,Male,0,0,18,United-States,<=50K
54,Local-gov,227590,Bachelors,13,Separated,Exec-managerial,Not-in-family,White,Male,0,0,36,United-States,>50K
50,Private,104165,Prof-school,15,Widowed,Exec-managerial,Unmarried,White,Male,0,0,40,United-States,<=50K
35,Private,241728,Masters,14,Married-civ-spouse,Prof-specialty,Husband,Black,Male,0,0,17,United-States,>50K
26,Private,206781,Some-college,10,Divorced,Adm-clerical,Not-in-family,Black,Female,0,0,40,United-States,<=50K
43,Private,187652,Bachelors,13,Married-civ-spouse,Exec-managerial,Husband,White,Male,7688,0,50,United-States,>50K
55,Private,372131,Masters,14,Divorced,Craft-repair,Not-in-family,White,Female,0,0,55,India,<=50K
27,Private,398683,Some-college,10,Never-married,Adm-clerical,Own-child,White,Male,0,0,24,United-States,<=50K
46,Private,394051,Bachelors,13,Married-civ-spouse,Prof-specialty,Husband,White,Male,0,0,23,United-States,<=50K
25,Private,190329,Some-college,10,Married-civ-spouse,Machine-op-inspct,Husband,White,Male,0,0,40,United-States,<=50K
41,State-gov,232627,Assoc-acdm,12,Married-civ-spouse,Prof-specialty,Husband,White,Male,0,0,40,United-States,>50K
31,Private,283900,Some-college,10,Never-married,Exec-managerial,Other-relative,White,Male,0,0,45,United-States,<=50K
31,Private,130999,HS-grad,9,Never-married,Adm-clerical,Not-in-family,White,Male,0,0,32,United-States,<=50K
42,Private,291718,7th-8th,4,Widowed,Machine-op-inspct,Not-in-family,White,Male,0,0,40,United-States,<=50K
40,Self-emp-inc,358540,HS-grad,9,Never-married,Craft-repair,Not-in-family,White,Female,5178,0,22,United-States,>50K
38,Private,253306,Assoc-voc,11,Never-married,Tech-support,Not-in-family,White,Male,0,0,43,United-States,<=50K
33,Private,125840,12th,8,Separated,Craft-repair,Unmarried,White,Male,0,0,40,United-States,<=50K
52,Private,243187,Masters,14,Married-civ-spouse,Adm-clerical,Husband,White,Male,0,0,18,United-States,>50K
49,Local-gov,175983,Assoc-voc,11,Married-civ-spouse,Sales,Husband,White,Male,0,0,26,United-States,<=50K
39,Private,376360,Some-college,10,Widowed,Prof-specialty,Not-in-family,White,Male,0,0,40,United-States,>50K
39,Private,223451,Some-college,10,Never-married,Handlers-cleaners,Not-in-family,Black,Male,0,0,48,United-States,<=50K
30,Private,361688,Some-college,10,Never-married,Prof-specialty,Own-child,White,Female,0,0,40,United-States,<=50K
41,Private,337581,Some-college,10,Never-married,Craft-repair,Not-in-family,White,Female,3103,0,40,United-States,>50K
55,Private,308009,Bachelors,13,Married-civ-spouse,Adm-clerical,Wife,White,Female,0,0,40,United-States,<=50K
24,Private,386663,HS-grad,9,Divorced,Sales,Not-in-family,White,Male,0,0,40,United-States,<=50K
39,Private,92184,Bachelors,13,Married-civ-spouse,Protective-serv,Husband,Other,Male,0,0,50,India,<=50K
51,Private,371333,HS-grad,9,Married-civ-spouse,Adm-clerical,Wife,White,Female,0,0,14,United-States,>50K
36,Federal-gov,80741,Some-college,10,Never-married,Sales,Other-relative,Black,Male,0,0,40,United-States,<=50K
38,Private,92833,HS-grad,9,Married-civ-spouse,Exec-managerial,Husband,White,Male,0,0,50,United-States,<=50K
46,Private,225023,Bachelors,13,Married-civ-spouse,Craft-repair,Wife,White,Female,0,0,40,United-States,<=50K
32,Private,399452,Some-college,10,Married-civ-spouse,Prof-specialty,Husband,White,Male,0,0,45,United-States,<=50K
24,Private,152944,Masters,14,Never-married,Sales,Not-in-family,White,Female,0,0,40,United-States,<=50K
38,Private,237213,HS-grad,9,Married-civ-spouse,Craft-repair,Husband,White,Male,0,0,40,United-States,<=50K
23,State-gov,365674,Bachelors,13,Married-civ-spouse,Prof-specialty,Wife,White,Female,0,0,40,Iran,<=50K
41,Private,369131,Bachelors,13,Never-married,Adm-clerical,Own-child,White,Male,0,0,40,United-States,<=50K
43,Local-gov,139411,Masters,14,Never-married,Adm-clerical,Own-child,White,Male,0,0,40,El-Salvador,<=50K
49,Self-emp-not-inc,111427,Bachelors,13,Married-civ-spouse,Adm-clerical,Husband,White,Male,0,0,40,United-States,<=50K
36,Self-emp-inc,332190,Some-college,10,Married-civ-spouse,Exec-managerial,Husband,White,Male,0,0,40,United-States,<=50K
64,Private,358699,Some-college,10,Never-married,Other-service,Own-child,White,Male,0,0,30,United-States,<=50K
47,Private,152753,Assoc-acdm,12,Widowed,Handlers-cleaners,Unmarried,White,Male,0,0,40,United-States,<=50K
57,Private,146497,Some-college,10,Married-civ-spouse,Tech-support,Husband,White,Male,0,2559,32,United-States,>50K
55,Federal-gov,181912,Some-college,10,Married-civ-spouse,Adm-clerical,Husband,White,Male,0,0,22,United-States,>50K
45,State-gov,172163,HS-grad,9,Married-civ-spouse,Craft-repair,Husband,White,Male,0,0,26,United-States,<=50K
56,Private,237555,HS-grad,9,Never-married,Exec-managerial,Not-in-family,White,Male,0,0,40,United-States,<=50K
41,Private,166735,Some-college,10,Divorced,Craft-repair,Not-in-family,White,Male,0,0,46,United-States,<=50K
38,Local-gov,248578,HS-grad,9,Married-civ-spouse,Prof-specialty,Husband,White,Male,0,0,25,United-States,<=50K
26,Private,130844,Bachelors,13,Divorced,Craft-repair,Unmarried,White,Male,0,0,40,United-States,>50K
35,Private,361011,Some-college,10,Married-civ-spouse,Prof-specialty,Husband,White,Male,0,0,40,United-States,<=50K
36,Private,130304,Some-college,10,Married-civ-spouse,Other-service,Husband,White,Male,0,0,40,United-States,<=50K
27,Private,148326,Bachelors,13,Married-civ-spouse,Other-service,Husband,Amer-Indian-Eskimo,Male,0,0,40,China,<=50K
25,Private,228577,HS-grad,9,Married-civ-spouse,Adm-clerical,Husband,White,Male,0,0,14,United-States,>50K
38,Local-gov,384425,Bachelors,13,Married-civ-spouse,Exec-managerial,Husband,Black,Male,0,0,40,United-States,<=50K
36,Private,123030,11th,7,Married-civ-spouse,Craft-repair,Wife,Black,Female,0,0,29,United-States,<=50K
39,Private,241635,Doctorate,16,Never-married,Transport-moving,Own-child,White,Female,0,0,40,Taiwan,>50K
39,Private,365067,Bachelors,13,Married-civ-spouse,Craft-repair,Wife,White,Female,0,0,40,United-States,<=50K
36,Private,118496,Assoc-voc,11,Married-civ-spouse,Adm-clerical,Husband,White,Male,0,0,48,United-States,<=50K
35,Private,337913,9th,5,Never-married,Adm-clerical,Own-child,White,Male,0,0,40,United-States,<=50K
42,Private,126610,Some-college,10,Never-married,Sales,Not-in-family,White,Female,0,0,40,United-States,<=50K
44,Private,258842,Assoc-voc,11,Never-married,Transport-moving,Not-in-family,Black,Male,0,0,23,United-States,<=50K
41,Private,150984,HS-grad,9,Married-civ-spouse,Craft-repair,Husband,White,Male,0,0,40,United-States,<=50K
32,Local-gov,129517,Bachelors,13,Never-married,Craft-repair,Not-in-family,White,Female,0,0,40,United-States,>50K
49,Private,281370,11th,7,Never-married,Adm-clerical,Other-relative,Black,Female,0,0,29,Taiwan,<=50K
42,Private,394748,Doctorate,16,Married-civ-spouse,Adm-clerical,Husband,White,Male,0,0,40,United-States,<=50K
29,Private,324034,10th,6,Married-civ-spouse,Craft-repair,Husband,Amer-Indian-Eskimo,Male,0,0,26,United-States,<=50K
75,Self-emp-not-inc,95488,Bachelors,13,Never-married,Adm-clerical,Own-child,White,Female,0,0,36,Italy,<=50K
28,Self-emp-inc,180625,5th-6th,3,Never-married,Machine-op-inspct,Not-in-family,White,Male,0,0,21,United-States,<=50K
21,Private,183779,Masters,14,Never-married,Adm-clerical,Own-child,White,Male,0,0,60,United-States,<=50K
56,Private,155387,Some-college,10,Married-civ-spouse,Machine-op-inspct,Husband,White,Male,0,0,40,United-States,<=50K
56,Private,181905,HS-grad,9,Never-married,Prof-specialty,Other-relative,White,Male,0,0,32,United-States,<=50K
29,Local-gov,279964,Assoc-voc,11,Married-civ-spouse,Handlers-cleaners,Wife,White,Female,0,0,40,United-States,<=50K
26,Local-gov,140743,Some-college,10,Married-civ-spouse,Adm-clerical,Wife,White,Female,0,2415,40,United-States,>50K
38,State-gov,239810,5th-6th,3,Never-married,Adm-clerical,Own-child,White,Male,0,0,18,United-States,>50K
23,Self-emp-not-inc,249135,HS-grad,9,Never-married,Other-service,Own-child,Asian-Pac-Islander,Male,0,0,22,United-States,<=50K
54,Private,196674,10th,6,Married-civ-spouse,Adm-clerical,Wife,Black,Female,0,1740,40,Cuba,>50K
29,Private,379609,Bachelors,13,Married-civ-spouse,Craft-repair,Husband,White,Male,0,0,40,United-States,>50K
76,Private,248379,11th,7,Married-civ-spouse,Handlers-cleaners,Husband,White,Male,0,0,40,China,<=50K
45,Private,240083,10th,6,Never-married,Craft-repair,Not-in-family,White,Male,0,2174,60,United-States,>50K
22,Federal-gov,141614,Some-college,10,Divorced,Exec-managerial,Unmarried,White,Male,0,0,50,United-States,<=50K
24,Local-gov,183486,Bachelors,13,Never-married,Exec-managerial,Not-in-family,White,Male,0,0,46,United-States,>50K
45,Federal-gov,244940,Some-college,10,Married-civ-spouse,Adm-clerical,Husband,White,Male,0,0,60,United-States,<=50K
26,Local-gov,163215,7th-8th,4,Divorced,Handlers-cleaners,Unmarried,White,Male,0,0,32,United-States,<=50K
44,Private,104059,HS-grad,9,Never-married,Prof-specialty,Own-child,White,Male,0,0,32,United-States,<=50K
23,Private,101762,5th-6th,3,Married-civ-spouse,Transport-moving,Husband,White,Male,0,0,40,United-States,<=50K
50,Self-emp-inc,126051,HS-grad,9,Never-married,Tech-support,Own-child,White,Female,0,0,39,United-States,<=50K
37,Private,313253,Some-college,10,Never-married,Transport-moving,Own-child,White,Female,0,0,15,United-States,<=50K
36,Self-emp-not-inc,373799,Bachelors,13,Never-married,Adm-clerical,Not-in-family,White,Female,0,0,21,United-States,<=50K
60,Private,126863,HS-grad,9,Married-civ-spouse,Other-service,Husband,White,Male,0,0,40,Canada,<=50K
43,Private,162016,Some-college,10,Widowed,Prof-specialty,Not-in-family,White,Female,0,0,27,United-States,>50K
29,Local-gov,144087,Assoc-voc,11,Divorced,Adm-clerical,Not-in-family,Asian-Pac-Islander,Male,0,0,40,Mexico,<=50K
49,Private,347659,Some-college,10,Married-civ-spouse,Adm-clerical,Husband,White,Male,0,0,22,United-States,<=50K
53,Private,158413,Bachelors,13,Married-civ-spouse,Sales,Wife,Black,Female,0,0,45,United-States,<=50K
27,Self-emp-inc,199387,Bachelors,13,Married-civ-spouse,Sales,Husband,White,Male,0,0,40,United-States,<=50K
28,Federal-gov,134756,HS-grad,9,Never-married,Adm-clerical,Not-in-family,Asian-Pac-Islander,Male,0,0,40,United-States,<=50K
55,Private,182705,Masters,14,Married-civ-spouse,Craft-repair,Husband,White,Male,0,0,48,India,>50K
27,Private,212635,HS-grad,9,Married-civ-spouse,Prof-specialty,Husband,Black,Male,0,0,32,Iran,<=50K
17,Private,246851,HS-grad,9,Married-spouse-absent,Prof-specialty,Not-in-family,Black,Male,0,0,40,United-States,<=50K
22,Private,116534,Bachelors,13,Never-married,Adm-clerical,Other-relative,White,Female,0,0,40,United-States,<=50K
19,Private,142173,HS-grad,9,Never-married,Priv-house-serv,Own-child,White,Male,0,0,40,United-States,<=50K
22,Private,327339,Some-college,10,Never-married,Other-service,Not-in-family,White,Male,0,0,40,United-States,<=50K
21,Private,218713,Some-college,10,Never-married,Other-service,Own-child,White,Male,0,0,37,United-States,<=50K
71,Private,97046,Some-college,10,Married-civ-spouse,Transport-moving,Husband,Black,Male,0,0,40,United-States,<=50K
52,Federal-gov,154616,Bachelors,13,Widowed,Sales,Not-in-family,White,Female,0,0,16,United-States,<=50K
43,Private,308181,Assoc-voc,11,Married-civ-spouse,Tech-support,Husband,Asian-Pac-Islander,Male,0,0,40,Cuba,>50K
64,Private,205077,HS-grad,9,Married-civ-spouse,Prof-specialty,Husband,White,Male,0,0,43,United-States,>50K
26,Federal-gov,268720,12th,8,Never-married,Other-service,Not-in-family,White,Male,0,0,44,England,<=50K
23,Private,292284,Bachelors,13,Married-civ-spouse,Sales,Wife,White,Female,0,0,28,United-States,>50K
32,Private,118008,Some-college,10,Never-married,Prof-specialty,Own-child,White,Male,0,0,40,United-States,<=50K
49,Private,120484,Some-college,10,Married-civ-spouse,Prof-specialty,Wife,White,Female,0,0,47,Philippines,>50K
22,Private,88457,11th,7,Never-married,Other-service,Not-in-family,White,Male,0,0,24,United-States,<=50K
78,Private,315041,Bachelors,13,Never-married,Exec-managerial,Own-child,White,Male,0,0,27,Mexico,>50K
24,Private,180549,Some-college,10,Married-civ-spouse,Other-service,Husband,White,Male,0,0,40,United-States,<=50K
31,Private,303208,HS-grad,9,Married-civ-spouse,Other-service,Husband,White,Male,0,0,25,United-States,>50K
26,Private,86796,Doctorate,16,Never-married,Other-service,Own-child,White,Female,0,0,48,United-States,<=50K
52,State-gov,390138,HS-grad,9,Married-civ-spouse,Handlers-cleaners,Husband,White,Male,0,0,19,United-States,<=50K
24,Private,344317,HS-grad,9,Married-civ-spouse,Adm-clerical,Husband,Black,Male,0,0,16,India,<=50K
46,Private,102145,HS-grad,9,Married-civ-spouse,Exec-managerial,Wife,Amer-Indian-Eskimo,Female,0,0,40,United-States,<=50K
43,Private,287352,Some-college,10,Married-civ-spouse,Machine-op-inspct,Husband,White,Male,0,0,40,United-States,<=50K
29,Private,80386,HS-grad,9,Married-civ-spouse,Exec-managerial,Wife,Black,Female,0,2231,40,United-States,>50K
27,Private,347543,Bachelors,13,Married-civ-spouse,Prof-specialty,Husband,White,Male,0,0,23,United-States,>50K
33,Private,342960,HS-grad,9,Married-civ-spouse,Sales,Husband,Black,Male,0,0,40,United-States,<=50K
53,Private,307736,HS-grad,9,Never-married,Tech-support,Other-relative,White,Female,0,0,27,Dominican-Republic,<=50K
28,Self-emp-not-inc,150368,11th,7,Married-civ-spouse,Machine-op-inspct,Husband,White,Male,0,0,40,United-States,<=50K
40,Private,296854,HS-grad,9,Never-married,Exec-managerial,Not-in-family,White,Female,0,0,11,United-States,<=50K
40,Private,291202,Some-college,10,Married-civ-spouse,Machine-op-inspct,Husband,White,Male,0,0,10,United-States,<=50K
36,Federal-gov,289240,Some-college,10,Married-civ-spouse,Other-service,Wife,White,Female,0,0,60,United-States,>50K
19,Local-gov,283591,11th,7,Never-married,Adm-clerical,Not-in-family,White,Male,0,0,40,United-States,<=50K
48,Private,286336,Some-college,10,Never-married,Craft-repair,Not-in-family,White,Male,0,0,14,Jamaica,<=50K
30,Private,285815,11th,7,Married-civ-spouse,Craft-repair,Husband,White,Male,0,0,40,United-States,<=50K
27,State-gov,151998,Some-college,10,Never-married,Exec-managerial,Not-in-family,White,Female,0,0,16,United-States,<=50K
45,Local-gov,345790,HS-grad,9,Widowed,Exec-managerial,Unmarried,White,Male,0,0,27,United-States,>50K
37,Private,291659,Some-college,10,Married-civ-spouse,Prof-specialty,Husband,White,Male,27828,0,41,United-States,>50K
35,Private,330547,HS-grad,9,Married-civ-spouse,Other-service,Husband,White,Male,0,0,15,Taiwan,<=50K
53,Private,80419,11th,7,Divorced,Protective-serv,Unmarried,White,Male,0,0,40,United-States,<=50K
25,Private,298538,Masters,14,Divorced,Prof-specialty,Not-in-family,White,Male,0,0,32,United-States,>50K
33,State-gov,247715,Some-college,10,Married-civ-spouse,Prof-specialty,Husband,White,Male,0,0,40,United-States,<=50K
37,Private,280612,10th,6,Married-civ-spouse,Transport-moving,Wife,White,Female,0,0,23,United-States,>50K
23,Private,160690,Some-college,10,Divorced,Craft-repair,Not-in-family,White,Male,0,0,22,United-States,<=50K
43,Private,249590,Bachelors,13,Married-civ-spouse,Protective-serv,Husband,White,Male,0,0,40,United-States,<=50K
70,Self-emp-not-inc,111767,Assoc-voc,11,Divorced,Adm-clerical,Not-in-family,White,Male,0,0,40,United-States,<=50K
27,Private,175495,1st-4th,2,Married-civ-spouse,Craft-repair,Wife,White,Female,0,0,40,United-States,<=50K
28,Local-gov,149312,HS-grad,9,Widowed,Exec-managerial,Not-in-family,White,Male,0,0,40,United-States,>50K
43,Private,395491,Some-college,10,Never-married,Craft-repair,Own-child,White,Female,0,0,40,United-States,<=50K
55,Private,321579,HS-grad,9,Married-civ-spouse,Craft-repair,Wife,Other,Female,0,0,40,United-States,>50K
54,Private,216266,Some-college,10,Separated,Craft-repair,Unmarried,White,Male,0,0,34,United-States,<=50K
22,Private,263400,HS-grad,9,Married-civ-spouse,Exec-managerial,Husband,White,Male,0,0,37,United-States,<=50K
25,Private,302323,Some-college,10,Separated,Other-service,Unmarried,White,Male,0,0,48,United-States,<=50K
65,Private,144515,Prof-school,15,Divorced,Sales,Not-in-family,White,Male,0,0,14,England,>50K
54,Private,374716,HS-grad,9,Married-civ-spouse,Craft-repair,Husband,White,Male,0,0,19,Mexico,<=50K
52,Self-emp-not-inc,341556,10th,6,Widowed,Exec-managerial,Not-in-family,White,Male,0,0,10,United-States,<=50K
70,Private,103955,11th,7,Married-civ-spouse,Sales,Husband,White,Male,0,0,40,United-States,<=50K
26,Private,389095,Some-college,10,Never-married,Craft-repair,Own-child,White,Male,0,0,33,Mexico,<=50K
40,Private,390607,7th-8th,4,Separated,Craft-repair,Unmarried,Black,Female,0,0,40,United-States,<=50K
41,Private,386176,HS-grad,9,Never-married,Other-service,Not-in-family,White,Female,0,0,47,United-States,<=50K
19,Private,142429,HS-grad,9,Never-married,Transport-moving,Not-in-family,White,Male,0,0,40,United-States,<=50K
29,Private,393051,Bachelors,13,Never-married,Exec-managerial,Other-relative,White,Female,0,0,40,Taiwan,<=50K
50,Private,214852,Some-college,10,Divorced,Craft-repair,Not-in-family,White,Male,0,0,11,United-States,<=50K
22,Self-emp-not-inc,245386,Bachelors,13,Never-married,Craft-repair,Other-relative,White,Male,0,0,40,United-States,<=50K
34,Private,372668,HS-grad,9,Never-married,Adm-clerical,Not-in-family,White,Female,0,0,12,United-States,<=50K
37,Private,159266,HS-grad,9,Separated,Adm-clerical,Not-in-family,White,Female,0,0,50,United-States,<=50K
41,Private,334100,Bachelors,13,Married-civ-spouse,Craft-repair,Husband,Black,Male,0,0,40,United-States,<=50K
37,Private,105389,Doctorate,16,Never-married,Craft-repair,Own-child,White,Male,5013,0,40,United-States,>50K
38,Self-emp-not-inc,134976,Bachelors,13,Married-civ-spouse,Sales,Husband,White,Male,0,0,35,United-States,<=50K
38,Self-emp-not-inc,392378,10th,6,Married-civ-spouse,Other-service,Husband,White,Male,0,0,41,United-States,<=50K
22,Self-emp-inc,382271,HS-grad,9,Married-civ-spouse,Tech-support,Husband,Amer-Indian-Eskimo,Male,0,0,40,Columbia,<=50K
60,Private,141079,Bachelors,13,Never-married,Adm-clerical,Own-child,White,Female,0,0,40,United-States,<=50K
46,Private,102078,HS-grad,9,Married-civ-spouse,Prof-specialty,Husband,White,Male,0,0,40,United-States,>50K
51,Private,201646,Bachelors,13,Married-civ-spouse,Tech-support,Husband,White,Male,0,0,40,Mexico,<=50K
72,Private,279459,Assoc-acdm,12,Divorced,Other-service,Not-in-family,White,Female,0,0,12,United-States,<=50K
32,Private,386355,Bachelors,13,Married-civ-spouse,Exec-managerial,Husband,White,Male,0,0,40,China,>50K
61,Private,386490,HS-grad,9,Widowed,Handlers-cleaners,Unmarried,White,Male,0,0,32,United-States,<=50K
27,Private,240243,Doctorate,16,Married-civ-spouse,Craft-repair,Husband,White,Male,0,0,29,United-States,<=50K
23,Private,162110,HS-grad,9,Divorced,Machine-op-inspct,Not-in-family,White,Female,0,0,40,United-States,<=50K
29,Private,291482,HS-grad,9,Never-married,Machine-op-inspct,Own-child,White,Male,0,0,40,United-States,<=50K
39,Private,238230,Some-college,10,Never-married,Craft-repair,Other-relative,White,Male,0,0,26,United-States,<=50K
33,Federal-gov,240682,HS-grad,9,Married-civ-spouse,Prof-specialty,Wife,White,Female,0,0,40,United-States,<=50K
53,Private,257559,Some-college,10,Never-married,Adm-clerical,Own-child,White,Female,0,0,36,United-States,<=50K
22,Federal-gov,266491,Some-college,10,Never-married,Other-service,Own-child,Black,Male,0,0,24,United-States,<=50K
48,Private,294700,HS-grad,9,Never-married,Transport-moving,Not-in-family,White,Male,0,0,40,United-States,<=50K
22,Private,90974,Some-college,10,Married-civ-spouse,Exec-managerial,Wife,White,Female,0,2113,30,United-States,>50K
23,Private,221806,Assoc-voc,11,Married-civ-spouse,Sales,Husband,White,Male,0,0,11,United-States,<=50K
37,Private,196019,Bachelors,13,Never-married,Transport-moving,Not-in-family,Black,Male,0,0,40,United-States,<=50K
26,Private,108030,Some-college,10,Separated,Exec-managerial,Unmarried,White,Male,0,0,48,United-States,<=50K
56,Private,284587,HS-grad,9,Never-married,Adm-clerical,Not-in-family,White,Female,0,0,40,United-States,<=50K
29,Private,386050,HS-grad,9,Never-married,Tech-support,Not-in-family,White,Male,0,0,15,Mexico,<=50K
51,Private,299714,HS-grad,9,Married-civ-spouse,Armed-Forces,Husband,White,Male,0,0,40,United-States,<=50K
37,Private,83458,HS-grad,9,Separated,Exec-managerial,Unmarried,White,Male,3103,0,40,United-States,>50K
41,Private,268978,HS-grad,9,Never-married,Adm-clerical,Not-in-family,White,Male,0,0,15,Mexico,>50K
39,Private,219602,Some-college,10,Never-married,Adm-clerical,Own-child,White,Male,0,0,40,United-States,<=50K
21,Private,357783,Doctorate,16,Never-married,Sales,Own-child,White,Male,0,0,51,Philippines,>50K
29,Private,197240,Some-college,10,Never-married,Adm-clerical,Own-child,White,Male,0,0,60,Poland,<=50K
41,Private,251630,Assoc-voc,11,Divorced,Sales,Not-in-family,White,Female,0,0,40,United-States,<=50K
24,Private,340137,Doctorate,16,Married-civ-spouse,Exec-managerial,Husband,White,Male,0,0,48,United-States,<=50K
35,Private,293382,Some-college,10,Never-married,Adm-clerical,Not-in-family,White,Male,0,0,40,United-States,<=50K
38,Private,387182,Prof-school,15,Never-married,Farming-fishing,Own-child,White,Male,0,0,40,United-States,>50K
22,Private,355271,Doctorate,16,Married-civ-spouse,Handlers-cleaners,Husband,White,Male,0,0,40,United-States,<=50K
23,Federal-gov,177397,10th,6,Never-married,Transport-moving,Own-child,White,Female,0,0,40,Guatemala,<=50K
61,Private,179029,Some-college,10,Married-civ-spouse,Machine-op-inspct,Wife,White,Female,0,0,28,United-States,<=50K
35,Private,214107,Assoc-voc,11,Never-married,Prof-specialty,Own-child,White,Male,0,0,40,United-States,<=50K
36,Self-emp-not-inc,208299,HS-grad,9,Married-civ-spouse,Exec-managerial,Husband,White,Male,0,1740,40,United-States,>50K
34,Self-emp-not-inc,323428,HS-grad,9,Never-married,Exec-managerial,Not-in-family,White,Male,0,0,46,United-States,<=50K
52,Local-gov,251778,10th,6,Divorced,Machine-op-inspct,Not-in-family,White,Female,0,0,10,England,>50K
34,Private,285390,HS-grad,9,Married-civ-spouse,Farming-fishing,Wife,White,Female,0,0,40,United-States,<=50K
38,Private,186880,Bachelors,13,Separated,Other-service,Unmarried,White,Female,0,0,35,United-States,<=50K
68,Private,264117,HS-grad,9,Married-civ-spouse,Adm-clerical,Husband,White,Male,0,0,41,United-States,<=50K
50,Private,134854,Bachelors,13,Married-civ-spouse,Handlers-cleaners,Wife,White,Female,7688,0,40,Germany,>50K
34,Local-gov,101751,1st-4th,2,Widowed,Craft-repair,Unmarried,White,Female,0,0,29,United-States,<=50K
51,State-gov,270511,Bachelors,13,Married-civ-spouse,Other-service,Husband,White,Male,0,0,15,United-States,<=50K
21,Private,369703,Some-college,10,Never-married,Craft-repair,Own-child,White,Male,0,0,16,United-States,<=50K
80,Private,117688,Masters,14,Divorced,Exec-managerial,Not-in-family,Black,Female,0,0,13,United-States,>50K
49,Private,346136,Bachelors,13,Married-civ-spouse,Sales,Wife,White,Female,5730,0,40,Cuba,<=50K
51,Private,242487,Some-college,10,Never-married,Other-service,Not-in-family,White,Male,0,0,60,United-States,>50K
73,Private,268403,Bachelors,13,Never-married,Machine-op-inspct,Own-child,Amer-Indian-Eskimo,Male,0,0,10,United-States,<=50K
25,Private,98983,HS-grad,9,Widowed,Machine-op-inspct,Not-in-family,White,Female,0,0,29,El-Salvador,<=50K
35,Federal-gov,367853,Assoc-voc,11,Never-married,Exec-managerial,Not-in-family,White,Male,3625,0,25,United-States,<=50K
22,Private,244477,Doctorate,16,Never-married,Exec-managerial,Not-in-family,Black,Male,0,0,60,United-States,>50K
45,Private,377268,HS-grad,9,Married-civ-spouse,Transport-moving,Husband,White,Male,0,0,40,Jamaica,<=50K
40,Federal-gov,103944,HS-grad,9,Never-married,Craft-repair,Not-in-family,White,Male,0,0,40,United-States,<=50K
23,Local-gov,211350,Masters,14,Married-civ-spouse,Adm-clerical,Husband,Black,Male,0,0,28,United-States,<=50K
22,Private,99150,11th,7,Divorced,Sales,Not-in-family,Other,Male,0,0,37,United-States,<=50K
41,Private,131400,HS-grad,9,Divorced,Exec-managerial,Not-in-family,White,Male,0,0,40,United-States,<=50K
24,Local-gov,171079,Bachelors,13,Separated,Transport-moving,Not-in-family,White,Female,0,0,45,United-States,<=50K
45,Private,162184,Some-college,10,Never-married,Other-service,Own-child,Black,Female,0,0,48,United-States,<=50K
42,Private,375357,HS-grad,9,Divorced,Adm-clerical,Not-in-family,White,Female,0,0,22,China,<=50K
64,Private,280988,HS-grad,9,Married-civ-spouse,Transport-moving,Husband,Black,Male,0,0,40,United-States,<=50K
46,Self-emp-not-inc,329589,Masters,14,Never-married,Protective-serv,Not-in-family,White,Female,0,0,19,United-States,<=50K
39,Private,316967,HS-grad,9,Married-civ-spouse,Priv-house-serv,Husband,White,Male,0,0,55,United-States,<=50K
39,Private,128412,HS-grad,9,Never-married,Craft-repair,Not-in-family,White,Male,5337,0,40,United-States,<=50K
32,Local-gov,367782,Assoc-acdm,12,Never-married,Adm-clerical,Own-child,White,Male,0,0,55,United-States,<=50K
23,Private,333451,Assoc-voc,11,Married-civ-spouse,Sales,Husband,White,Male,0,0,50,Portugal,>50K
25,Self-emp-not-inc,285792,Masters,14,Married-civ-spouse,Adm-clerical,Husband,White,Male,3588,0,21,United-States,>50K
37,Private,250925,HS-grad,9,Never-married,Tech-support,Not-in-family,White,Male,0,0,40,United-States,<=50K
24,Private,323294,HS-grad,9,Never-married,Craft-repair,Not-in-family,Black,Male,0,0,40,United-States,<=50K
44,Private,166839,11th,7,Never-married,Sales,Own-child,White,Female,0,0,40,United-States,<=50K
55,Private,99822,Masters,14,Divorced,Adm-clerical,Not-in-family,White,Female,0,0,40,United-States,<=50K
41,Private,217946,5th-6th,3,Divorced,Transport-moving,Unmarried,White,Male,0,0,40,United-States,<=50K
29,Private,80302,Bachelors,13,Divorced,Sales,Unmarried,White,Female,0,0,40,United-States,<=50K
39,Private,237978,HS-grad,9,Never-married,Other-service,Not-in-family,White,Female,0,0,17,United-States,<=50K
39,Self-emp-inc,367417,Assoc-voc,11,Divorced,Craft-repair,Not-in-family,Amer-Indian-Eskimo,Male,0,0,38,United-States,<=50K
43,Local-gov,215415,Some-college,10,Divorced,Adm-clerical,Unmarried,White,Male,0,0,20,United-States,<=50K
27,Private,383423,HS-grad,9,Never-married,Transport-moving,Not-in-family,White,Male,0,0,40,United-States,<=50K
22,Self-emp-inc,164944,Masters,14,Never-married,Exec-managerial,Not-in-family,White,Male,0,0,40,United-States,>50K
36,Private,233840,Assoc-acdm,12,Never-married,Adm-clerical,Own-child,White,Female,5621,0,30,United-States,<=50K
41,Private,391514,Prof-school,15,Married-civ-spouse,Other-service,Husband,White,Male,0,0,22,United-States,>50K
23,Private,132373,Some-college,10,Never-married,Exec-managerial,Not-in-family,White,Male,0,0,22,Mexico,>50K
42,Private,272498,Doctorate,16,Divorced,Craft-repair,Not-in-family,White,Female,0,0,30,United-States,>50K
44,Private,276526,11th,7,Never-married,Adm-clerical,Not-in-family,White,Female,0,0,17,United-States,<=50K
52,Private,178262,HS-grad,9,Married-civ-spouse,Adm-clerical,Husband,White,Male,0,0,28,El-Salvador,>50K
33,Private,118511,Bachelors,13,Married-civ-spouse,Exec-managerial,Husband,White,Male,0,0,40,United-States,<=50K
55,Without-pay,394051,10th,6,Widowed,Farming-fishing,Not-in-family,White,Male,0,0,40,United-States,<=50K
21,Private,261042,7th-8th,4,Never-married,Other-service,Not-in-family,White,Male,0,0,40,United-States,<=50K
22,Private,161140,HS-grad,9,Married-civ-spouse,Transport-moving,Wife,White,Female,0,0,40,United-States,<=50K
22,Private,376467,Some-college,10,Never-married,Craft-repair,Not-in-family,White,Female,0,0,40,United-States,<=50K
45,Private,382569,Bachelors,13,Never-married,Transport-moving,Own-child,White,Female,0,0,40,United-States,<=50K
37,Private,135252,HS-grad,9,Divorced,Craft-repair,Unmarried,White,Female,0,0,40,United-States,>50K
51,Private,304226,Some-college,10,Never-married,Sales,Not-in-family,White,Male,0,0,50,United-States,<=50K
26,Private,272237,HS-grad,9,Married-civ-spouse,Sales,Wife,White,Female,0,0,40,United-States,<=50K
25,Private,363453,Some-college,10,Married-civ-spouse,Craft-repair,Wife,White,Female,0,0,16,United-States,<=50K
22,Self-emp-inc,128328,Bachelors,13,Married-civ-spouse,Craft-repair,Husband,White,Male,0,0,48,United-States,<=50K
58,Private,396589,HS-grad,9,Married-civ-spouse,Other-service,Wife,White,Female,8614,0,26,United-States,>50K
22,Private,239783,HS-grad,9,Married-civ-spouse,Exec-managerial,Husband,White,Male,0,0,52,United-States,>50K
28,Private,285619,Bachelors,13,Never-married,Adm-clerical,Not-in-family,White,Female,0,0,40,United-States,<=50K
51,Private,163654,9th,5,Separated,Farming-fishing,Unmarried,White,Male,0,0,20,Mexico,<=50K
34,Private,172456,HS-grad,9,Married-civ-spouse,Prof-specialty,Husband,Black,Male,0,0,40,Mexico,>50K
21,Self-emp-not-inc,241845,Bachelors,13,Married-civ-spouse,Exec-managerial,Husband,White,Male,0,0,35,United-States,<=50K
40,Self-emp-inc,367692,Bachelors,13,Married-civ-spouse,Other-service,Husband,White,Male,0,0,60,United-States,>50K
27,Private,110807,10th,6,Married-civ-spouse,Other-service,Husband,White,Male,0,0,48,United-States,<=50K
41,Private,272531,Masters,14,Married-civ-spouse,Craft-repair,Husband,White,Male,0,0,40,United-States,<=50K
55,Private,338927,Some-college,10,Separated,Adm-clerical,Unmarried,White,Male,0,0,40,United-States,<=50K
21,Private,109667,HS-grad,9,Never-married,Craft-repair,Other-relative,White,Male,0,0,40,United-States,<=50K
28,Private,134503,HS-grad,9,Married-civ-spouse,Craft-repair,Husband,White,Male,0,0,51,England,>50K
34,Private,250407,11th,7,Married-civ-spouse,Craft-repair,Husband,White,Male,0,0,40,United-States,<=50K
25,Private,277178,7th-8th,4,Divorced,Machine-op-inspct,Not-in-family,White,Male,0,0,40,South,<=50K
22,Private,92100,Some-college,10,Married-civ-spouse,Sales,Wife,White,Female,0,0,40,United-States,<=50K
24,Private,334909,Some-college,10,Married-civ-spouse,Craft-repair,Wife,White,Female,0,0,35,United-States,>50K
29,Private,105594,HS-grad,9,Never-married,Craft-repair,Other-relative,White,Male,0,0,25,United-States,<=50K
22,Private,247061,Some-college,10,Divorced,Farming-fishing,Unmarried,White,Male,0,0,40,United-States,<=50K
28,Private,363268,HS-grad,9,Married-civ-spouse,Craft-repair,Wife,White,Female,0,0,14,United-States,<=50K
30,Self-emp-not-inc,340503,Bachelors,13,Married-civ-spouse,Machine-op-inspct,Husband,White,Male,0,0,18,United-States,<=50K
49,Self-emp-not-inc,149110,HS-grad,9,Divorced,Other-service,Not-in-family,White,Male,0,0,21,United-States,<=50K
45,Private,83239,Bachelors,13,Divorced,Adm-clerical,Unmarried,White,Female,0,0,25,United-States,>50K
79,Local-gov,248229,Some-college,10,Married-civ-spouse,Sales,Wife,White,Female,0,0,50,Jamaica,<=50K
37,Local-gov,149199,12th,8,Married-civ-spouse,Transport-moving,Husband,White,Male,0,0,40,United-States,<=50K
38,Self-emp-not-inc,80368,10th,6,Married-civ-spouse,Sales,Husband,White,Male,0,0,21,United-States,<=50K
17,Private,150582,Some-college,10,Never-married,Exec-managerial,Own-child,White,Male,0,0,18,United-States,<=50K
36,Private,112889,Bachelors,13,Separated,Craft-repair,Unmarried,White,Male,0,0,48,United-States,<=50K
49,Private,86544,Some-college,10,Married-civ-spouse,Craft-repair,Husband,White,Male,0,1485,40,United-States,>50K
31,Private,377402,HS-grad,9,Married-civ-spouse,Sales,Wife,Black,Female,0,0,40,United-States,<=50K
45,Local-gov,176720,Masters,14,Divorced,Sales,Not-in-family,Black,Female,0,0,40,United-States,>50K
30,Private,210543,HS-grad,9,Divorced,Prof-specialty,Not-in-family,Black,Male,0,0,14,United-States,<=50K
36,Private,390746,Bachelors,13,Never-married,Adm-clerical,Own-child,White,Male,0,0,40,Italy,<=50K
54,Self-emp-inc,296263,11th,7,Never-married,Transport-moving,Other-relative,White,Male,0,0,43,United-States,<=50K
44,Private,374742,HS-grad,9,Married-civ-spouse,Tech-support,Husband,White,Male,0,0,40,United-States,<=50K
42,Private,91936,Some-college,10,Married-civ-spouse,Transport-moving,Wife,White,Female,0,0,25,United-States,<=50K
64,Private,163693,Assoc-acdm,12,Married-civ-spouse,Prof-specialty,Wife,White,Female,0,0,31,United-States,<=50K
71,Federal-gov,268290,Some-college,10,Never-married,Craft-repair,Own-child,White,Male,0,0,35,Iran,<=50K
54,Private,206938,HS-grad,9,Never-married,Sales,Not-in-family,Asian-Pac-Islander,Male,0,0,40,United-States,>50K
45,Private,257119,Some-college,10,Married-civ-spouse,Craft-repair,Husband,White,Male,0,0,24,United-States,>50K
37,Private,126702,Some-college,10,Married-civ-spouse,Other-service,Husband,White,Male,0,0,31,United-States,<=50K
33,Private,312175,Some-college,10,Divorced,Farming-fishing,Not-in-family,White,Female,0,0,13,United-States,<=50K
24,Private,383752,Some-college,10,Married-spouse-absent,Other-service,Not-in-family,Black,Female,0,0,26,United-States,<=50K
21,Private,102454,Some-college,10,Never-married,Sales,Own-child,White,Male,0,0,13,United-States,<=50K
71,Private,301338,10th,6,Married-civ-spouse,Craft-repair,Husband,White,Male,0,0,36,United-States,<=50K
41,Private,155692,7th-8th,4,Never-married,Transport-moving,Not-in-family,White,Male,0,0,40,United-States,>50K
48,Self-emp-inc,84463,12th,8,Married-civ-spouse,Craft-repair,Husband,White,Male,0,0,48,Germany,<=50K
80,State-gov,223323,HS-grad,9,Married-civ-spouse,Craft-repair,Husband,Other,Male,0,0,40,United-States,<=50K
27,Private,98474,HS-grad,9,Widowed,Other-service,Not-in-family,White,Female,0,0,21,United-States,<=50K
37,Private,103225,Doctorate,16,Never-married,Craft-repair,Not-in-family,Black,Male,27828,0,40,United-States,>50K
31,Private,387195,Some-college,10,Divorced,Farming-fishing,Not-in-family,White,Male,0,0,26,United-States,<=50K
42,Private,274764,Some-college,10,Never-married,Other-service,Not-in-family,White,Male,0,0,55,United-States,<=50K
53,Private,80263,HS-grad,9,Never-married,Handlers-cleaners,Own-child,White,Male,0,0,12,United-States,<=50K
19,Private,385925,Some-college,10,Never-married,Sales,Not-in-family,Black,Male,0,0,40,United-States,<=50K
19,Private,295626,Some-college,10,Never-married,Sales,Own-child,Other,Female,0,0,48,United-States,<=50K
29,Private,112423,HS-grad,9,Never-married,Prof-specialty,Not-in-family,White,Female,0,0,40,United-States,<=50K
49,Private,348930,HS-grad,9,Never-married,Adm-clerical,Not-in-family,Black,Female,0,0,18,United-States,<=50K
24,Private,160382,10th,6,Married-civ-spouse,Sales,Wife,White,Female,0,0,40,United-States,<=50K
64,Private,196565,Bachelors,13,Married-civ-spouse,Priv-house-serv,Husband,White,Male,0,0,16,United-States,<=50K
51,Self-emp-not-inc,347957,HS-grad,9,Married-civ-spouse,Other-service,Husband,White,Male,0,0,55,United-States,<=50K
34,Self-emp-inc,215880,HS-grad,9,Married-civ-spouse,Machine-op-inspct,Husband,White,Male,0,0,48,United-States,<=50K
48,Private,278150,HS-grad,9,Never-married,Adm-clerical,Own-child,White,Male,0,0,16,El-Salvador,>50K
43,Federal-gov,287435,HS-grad,9,Never-married,Exec-managerial,Other-relative,Black,Male,0,0,40,United-States,>50K
76,Private,358115,Doctorate,16,Never-married,Adm-clerical,Not-in-family,White,Male,4386,1902,17,United-States,>50K
47,Private,267145,7th-8th,4,Never-married,Craft-repair,Own-child,White,Female,0,0,40,United-States,<=50K
56,Private,353313,Some-college,10,Divorced,Craft-repair,Unmarried,White,Female,0,0,40,United-States,<=50K
60,Private,318032,HS-grad,9,Divorced,Transport-moving,Not-in-family,Asian-Pac-Islander,Female,0,0,12,United-States,<=50K
22,Private,111551,Some-college,10,Never-married,Other-service,Own-child,White,Male,0,0,10,India,<=50K
29,Private,210027,HS-grad,9,Married-civ-spouse,Farming-fishing,Wife,White,Female,0,0,16,United-States,>50K
42,Private,137611,Some-college,10,Divorced,Adm-clerical,Not-in-family,White,Male,0,0,40,United-States,<=50K
31,Private,342804,Some-college,10,Married-civ-spouse,Craft-repair,Husband,White,Male,0,0,49,United-States,<=50K
24,Local-gov,192085,Some-college,10,Married-civ-spouse,Machine-op-inspct,Husband,White,Male,0,0,21,United-States,<=50K
38,Self-emp-not-inc,316172,HS-grad,9,Never-married,Other-service,Not-in-family,White,Male,0,0,43,China,<=50K
46,Private,316012,Bachelors,13,Married-civ-spouse,Adm-clerical,Husband,White,Male,0,0,23,United-States,<=50K
40,Private,242221,Bachelors,13,Divorced,Craft-repair,Not-in-family,White,Female,0,0,51,United-States,<=50K
62,Private,150799,Assoc-voc,11,Never-married,Prof-specialty,Not-in-family,White,Male,0,0,34,United-States,<=50K
29,Self-emp-not-inc,281440,Some-college,10,Married-civ-spouse,Machine-op-inspct,Wife,White,Female,0,0,36,United-States,<=50K
26,Private,389676,HS-grad,9,Married-civ-spouse,Tech-support,Husband,Other,Male,0,0,40,United-States,>50K
44,Private,305195,Masters,14,Never-married,Exec-managerial,Not-in-family,White,Male,0,0,40,United-States,>50K
33,Self-emp-not-inc,104214,HS-grad,9,Divorced,Adm-clerical,Not-in-family,Asian-Pac-Islander,Female,0,0,33,Cuba,<=50K
17,Private,208946,Some-college,10,Never-married,Transport-moving,Own-child,White,Male,0,0,40,United-States,<=50K
25,Private,246419,11th,7,Married-civ-spouse,Machine-op-inspct,Husband,White,Male,0,0,40,United-States,<=50K
46,Private,247576,Some-college,10,Married-civ-spouse,Machine-op-inspct,Husband,Amer-Indian-Eskimo,Male,0,0,40,United-States,<=50K
49,Private,384401,Bachelors,13,Married-civ-spouse,Craft-repair,Wife,Black,Female,0,0,52,United-States,>50K
49,Private,271255,Some-college,10,Divorced,Other-service,Not-in-family,White,Male,0,0,40,Haiti,<=50K
20,Private,213625,HS-grad,9,Divorced,Adm-clerical,Not-in-family,White,Male,0,0,50,United-States,<=50K
22,Private,83406,10th,6,Never-married,Exec-managerial,Own-child,White,Male,0,0,40,United-States,>50K
37,Private,129213,HS-grad,9,Never-married,Farming-fishing,Other-relative,White,Male,0,0,19,El-Salvador,<=50K
38,Private,105719,Bachelors,13,Never-married,Prof-specialty,Other-relative,White,Male,0,0,40,United-States,<=50K
24,Self-emp-not-inc,132996,Bachelors,13,Married-civ-spouse,Prof-specialty,Husband,White,Male,0,0,40,United-States,<=50K
26,Private,296860,HS-grad,9,Never-married,Craft-repair,Own-child,White,Male,0,0,40,United-States,<=50K
36,Private,323778,Assoc-voc,11,Never-married,Transport-moving,Own-child,White,Male,0,0,40,United-States,<=50K
23,Private,204670,11th,7,Never-married,Sales,Not-in-family,White,Male,1230,0,48,United-States,<=50K
40,Local-gov,190291,Some-college,10,Married-civ-spouse,Exec-managerial,Husband,White,Male,0,0,17,United-States,<=50K
39,Private,335153,Some-college,10,Married-civ-spouse,Adm-clerical,Husband,Amer-Indian-Eskimo,Male,0,0,17,United-States,<=50K
38,Private,224871,Some-college,10,Married-civ-spouse,Adm-clerical,Wife,White,Female,0,0,40,United-States,<=50K
29,Private,230732,HS-grad,9,Separated,Craft-repair,Unmarried,White,Male,0,0,33,United-States,<=50K
51,Private,227668,Some-college,10,Divorced,Machine-op-inspct,Not-in-family,White,Male,0,0,20,United-States,<=50K
59,Private,325228,Some-college,10,Never-married,Adm-clerical,Other-relative,White,Male,0,0,40,United-States,<=50K
57,Private,327421,Masters,14,Never-married,Prof-specialty,Other-relative,White,Male,0,0,11,United-States,>50K
27,Private,80601,Some-college,10,Married-civ-spouse,Adm-clerical,Husband,White,Male,0,0,40,United-States,<=50K
33,Private,106070,Doctorate,16,Never-married,Farming-fishing,Own-child,Black,Female,0,0,13,Germany,<=50K
17,Private,377921,Bachelors,13,Never-married,Adm-clerical,Own-child,White,Male,0,0,47,United-States,<=50K
31,Private,364082,HS-grad,9,Married-civ-spouse,Sales,Husband,White,Male,0,0,40,United-States,<=50K
44,Self-emp-not-inc,324400,Assoc-acdm,12,Married-civ-spouse,Machine-op-inspct,Husband,White,Male,0,0,40,United-States,>50K
31,Private,160575,Bachelors,13,Married-civ-spouse,Craft-repair,Wife,Black,Female,0,0,40,United-States,<=50K
43,Self-emp-not-inc,356868,Masters,14,Divorced,Tech-support,Not-in-family,White,Female,0,0,40,United-States,<=50K
49,Private,352598,Some-college,10,Married-civ-spouse,Craft-repair,Husband,White,Male,0,0,49,United-States,<=50K
40,Private,218349,HS-grad,9,Married-civ-spouse,Transport-moving,Husband,White,Male,0,0,48,United-States,<=50K
22,Private,385977,HS-grad,9,Never-married,Prof-specialty,Not-in-family,White,Male,0,0,35,India,>50K
36,Private,130565,Bachelors,13,Never-married,Sales,Other-relative,White,Male,0,0,21,United-States,<=50K
42,Private,238986,Preschool,1,Married-civ-spouse,Machine-op-inspct,Husband,White,Male,0,0,40,United-States,<=50K
49,Private,101000,HS-grad,9,Divorced,Prof-specialty,Unmarried,White,Male,10520,0,48,Guatemala,>50K
40,Private,372406,HS-grad,9,Married-civ-spouse,Adm-clerical,Husband,Black,Male,0,0,40,United-States,<=50K
17,Private,381379,Bachelors,13,Never-married,Adm-clerical,Own-child,White,Male,0,0,40,United-States,<=50K
23,Private,208518,Bachelors,13,Married-civ-spouse,Exec-managerial,Wife,White,Female,0,0,30,United-States,>50K
43,Private,231483,11th,7,Married-civ-spouse,Sales,Husband,White,Male,0,0,50,United-States,>50K
46,Private,254469,HS-grad,9,Divorced,Adm-clerical,Not-in-family,White,Male,0,0,40,Germany,<=50K
46,Private,396708,HS-grad,9,Never-married,Craft-repair,Not-in-family,White,Male,0,0,40,United-States,<=50K
39,Private,80058,10th,6,Married-civ-spouse,Transport-moving,Husband,White,Male,0,0,20,United-States,<=50K
52,Private,316846,12th,8,Married-civ-spouse,Other-service,Husband,Black,Male,0,0,42,United-States,<=50K
28,Private,171381,Bachelors,13,Never-married,Craft-repair,Own-child,Black,Female,0,0,40,United-States,<=50K
35,Private,277640,11th,7,Never-married,Sales,Own-child,White,Male,0,0,23,United-States,>50K
22,State-gov,396224,Some-college,10,Married-civ-spouse,Adm-clerical,Husband,White,Male,0,0,35,United-States,<=50K
41,Private,332426,Masters,14,Divorced,Tech-support,Not-in-family,White,Male,0,0,40,United-States,>50K
34,Private,95851,Some-college,10,Divorced,Transport-moving,Not-in-family,White,Male,0,0,40,United-States,<=50K
54,Self-emp-not-inc,238995,Assoc-voc,11,Married-civ-spouse,Prof-specialty,Husband,White,Male,0,0,51,United-States,>50K
20,Private,346677,11th,7,Never-married,Adm-clerical,Own-child,White,Male,0,0,50,United-States,<=50K
33,Private,201323,Assoc-voc,11,Married-civ-spouse,Exec-managerial,Husband,White,Male,0,0,44,Vietnam,<=50K
23,Private,155991,Some-college,10,Divorced,Prof-specialty,Not-in-family,White,Female,0,0,40,United-States,>50K
38,Private,246471,11th,7,Married-civ-spouse,Handlers-cleaners,Husband,White,Male,0,0,40,United-States,<=50K
34,Private,316591,7th-8th,4,Never-married,Transport-moving,Own-child,White,Female,0,0,24,United-States,<=50K
38,Self-emp-inc,186844,Some-college,10,Never-married,Prof-specialty,Not-in-family,White,Male,0,0,24,United-States,>50K
22,Private,277507,Bachelors,13,Never-married,Machine-op-inspct,Not-in-family,White,Male,0,0,40,United-States,<=50K
32,Private,97768,HS-grad,9,Divorced,Other-service,Unmarried,White,Female,0,0,40,Japan,<=50K
39,Private,205310,7th-8th,4,Married-civ-spouse,Craft-repair,Husband,White,Male,0,0,48,United-States,<=50K
52,Private,390188,HS-grad,9,Married-civ-spouse,Prof-specialty,Husband,White,Male,0,0,11,United-States,>50K
32,Private,371486,Some-college,10,Married-civ-spouse,Sales,Husband,White,Male,4442,0,60,United-States,<=50K
38,Private,354899,Bachelors,13,Married-civ-spouse,Sales,Husband,White,Male,14084,0,40,United-States,>50K
44,Private,376973,HS-grad,9,Never-married,Prof-specialty,Other-relative,White,Male,0,0,40,United-States,<=50K
63,Private,229542,Some-college,10,Divorced,Adm-clerical,Not-in-family,White,Male,0,0,40,United-States,<=50K
22,Private,263821,HS-grad,9,Married-civ-spouse,Prof-specialty,Wife,Asian-Pac-Islander,Female,0,0,12,United-States,<=50K
25,Private,196417,HS-grad,9,Never-married,Adm-clerical,Own-child,White,Female,0,0,40,United-States,<=50K
28,Private,346420,HS-grad,9,Never-married,Protective-serv,Own-child,White,Male,0,0,40,United-States,<=50K
42,Private,265747,Bachelors,13,Married-civ-spouse,Craft-repair,Husband,White,Male,0,0,40,Mexico,<=50K
38,Private,195456,Some-college,10,Married-civ-spouse,Other-service,Husband,White,Male,0,0,25,United-States,<=50K
31,Local-gov,322905,HS-grad,9,Never-married,Exec-managerial,Not-in-family,Black,Male,0,0,13,United-States,<=50K
61,Private,335982,Some-college,10,Married-civ-spouse,Prof-specialty,Husband,White,Male,0,0,40,United-States,<=50K
37,Self-emp-inc,130586,HS-grad,9,Never-married,Other-service,Not-in-family,White,Male,0,0,40,United-States,<=50K
34,Private,209445,HS-grad,9,Divorced,Prof-specialty,Not-in-family,White,Male,0,0,13,United-States,<=50K
33,Self-emp-not-inc,388478,Some-college,10,Widowed,Sales,Not-in-family,White,Female,0,0,40,United-States,<=50K
41,Private,217073,HS-grad,9,Never-married,Adm-clerical,Other-relative,White,Male,0,0,14,United-States,<=50K
35,Self-emp-not-inc,374779,HS-grad,9,Married-civ-spouse,Handlers-cleaners,Husband,White,Male,0,0,36,United-States,<=50K
45,Federal-gov,185726,Masters,14,Married-civ-spouse,Prof-specialty,Husband,White,Male,0,0,40,United-States,>50K
39,Private,140081,HS-grad,9,Divorced,Sales,Not-in-family,White,Male,0,0,23,United-States,<=50K
33,Private,83364,HS-grad,9,Never-married,Adm-clerical,Not-in-family,White,Male,0,0,23,United-States,<=50K
40,Private,285998,Some-college,10,Married-civ-spouse,Exec-managerial,Wife,White,Female,0,0,40,United-States,<=50K
30,Private,135523,HS-grad,9,Married-spouse-absent,Craft-repair,Not-in-family,White,Male,0,0,40,United-States,<=50K
44,Self-emp-inc,149504,HS-grad,9,Never-married,Handlers-cleaners,Not-in-family,White,Male,0,0,37,United-States,<=50K
23,Self-emp-not-inc,354298,9th,5,Divorced,Craft-repair,Not-in-family,Black,Male,0,0,30,United-States,<=50K
51,Private,337519,Bachelors,13,Never-married,Adm-clerical,Not-in-family,Black,Female,2878,0,40,United-States,>50K
46,Private,203231,Prof-school,15,Married-civ-spouse,Adm-clerical,Husband,White,Male,0,0,40,United-States,>50K
35,Self-emp-inc,397727,Some-college,10,Widowed,Prof-specialty,Not-in-family,White,Female,0,0,48,United-States,<=50K
50,Private,222757,HS-grad,9,Never-married,Adm-clerical,Not-in-family,White,Male,0,0,55,United-States,<=50K
49,Private,375668,Prof-school,15,Married-civ-spouse,Protective-serv,Wife,White,Female,0,0,40,United-States,<=50K
56,Private,163089,HS-grad,9,Never-married,Craft-repair,Not-in-family,White,Male,0,0,46,United-States,<=50K
50,Private,116002,HS-grad,9,Married-spouse-absent,Craft-repair,Not-in-family,White,Male,0,0,13,United-States,<=50K
41,Private,190202,5th-6th,3,Married-civ-spouse,Adm-clerical,Husband,White,Male,0,0,40,United-States,<=50K
22,Federal-gov,319312,10th,6,Married-civ-spouse,Sales,Husband,White,Male,0,0,40,United-States,<=50K
36,Federal-gov,194214,HS-grad,9,Never-married,Adm-clerical,Other-relative,White,Male,0,0,40,United-States,<=50K
35,Self-emp-inc,129782,7th-8th,4,Married-civ-spouse,Adm-clerical,Husband,White,Male,0,0,40,India,<=50K
37,Private,142506,10th,6,Married-civ-spouse,Sales,Wife,White,Female,0,0,40,United-States,<=50K
34,Private,220532,Bachelors,13,Never-married,Protective-serv,Not-in-family,White,Male,0,0,50,United-States,<=50K
26,Private,151904,HS-grad,9,Married-civ-spouse,Tech-support,Husband,White,Male,0,0,42,United-States,<=50K
46,Private,126990,Some-college,10,Married-civ-spouse,Other-service,Husband,White,Male,0,0,40,United-States,>50K
39,Local-gov,314681,Some-college,10,Married-civ-spouse,Prof-specialty,Husband,Black,Male,0,0,31,El-Salvador,>50K
28,Private,284537,HS-grad,9,Married-civ-spouse,Craft-repair,Husband,White,Male,0,0,40,Mexico,<=50K
27,Private,103791,Bachelors,13,Married-civ-spouse,Farming-fishing,Wife,White,Female,0,2231,40,United-States,>50K
22,Private,105533,Assoc-acdm,12,Married-civ-spouse,Sales,Husband,Black,Male,0,0,24,England,<=50K
50,Private,89170,9th,5,Never-married,Machine-op-inspct,Not-in-family,Asian-Pac-Islander,Male,0,0,36,United-States,<=50K
63,Private,373359,HS-grad,9,Married-civ-spouse,Sales,Husband,Black,Male,0,0,50,United-States,<=50K
38,Private,317103,HS-grad,9,Divorced,Prof-specialty,Not-in-family,White,Male,0,0,26,United-States,<=50K
39,Private,349752,Some-college,10,Married-civ-spouse,Handlers-cleaners,Husband,White,Male,0,0,40,United-States,>50K
52,Private,253754,HS-grad,9,Married-civ-spouse,Prof-specialty,Wife,White,Female,0,0,40,United-States,>50K
54,Federal-gov,191495,Some-college,10,Never-married,Adm-clerical,Not-in-family,White,Male,0,0,23,United-States,<=50K
31,Private,394484,10th,6,Married-civ-spouse,Machine-op-inspct,Wife,White,Female,0,0,40,China,<=50K
36,Private,364776,7th-8th,4,Never-married,Craft-repair,Not-in-family,White,Male,0,0,51,United-States,>50K
74,Private,246826,HS-grad,9,Never-married,Handlers-cleaners,Own-child,White,Female,5106,0,16,United-States,<=50K
53,Private,166936,Preschool,1,Married-civ-spouse,Adm-clerical,Wife,White,Female,0,0,40,United-States,>50K
45,Private,131143,Some-college,10,Never-married,Prof-specialty,Not-in-family,White,Female,0,0,15,Canada,<=50K
44,Private,278394,Some-college,10,Never-married,Prof-specialty,Not-in-family,White,Female,0,0,49,United-States,<=50K
39,Private,148969,HS-grad,9,Widowed,Prof-specialty,Unmarried,White,Male,0,0,24,United-States,<=50K
30,Private,192686,Assoc-acdm,12,Never-married,Tech-support,Not-in-family,White,Male,0,0,48,United-States,<=50K
58,Private,369515,HS-grad,9,Married-civ-spouse,Prof-specialty,Wife,White,Female,0,0,40,United-States,<=50K
25,Self-emp-inc,395591,Bachelors,13,Never-married,Craft-repair,Other-relative,White,Male,0,0,47,United-States,<=50K
46,Private,151684,Some-college,10,Married-civ-spouse,Craft-repair,Wife,White,Female,0,0,40,United-States,<=50K
56,Local-gov,332226,11th,7,Never-married,Craft-repair,Not-in-family,White,Male,0,0,40,United-States,<=50K
43,Self-emp-inc,261410,Some-college,10,Married-civ-spouse,Farming-fishing,Wife,Black,Female,0,0,40,United-States,<=50K
41,State-gov,306623,Some-college,10,Married-civ-spouse,Machine-op-inspct,Husband,White,Male,0,0,45,United-States,<=50K
24,Local-gov,247367,Some-college,10,Never-married,Prof-specialty,Own-child,White,Male,0,0,33,United-States,<=50K
22,Private,251002,HS-grad,9,Separated,Exec-managerial,Not-in-family,White,Female,0,0,40,United-States,<=50K
30,Federal-gov,185232,HS-grad,9,Never-married,Farming-fishing,Not-in-family,White,Male,0,0,40,United-States,<=50K
20,Private,81364,Some-college,10,Never-married,Exec-managerial,Own-child,White,Male,0,0,40,United-States,>50K
30,Federal-gov,82065,Masters,14,Married-civ-spouse,Machine-op-inspct,Husband,White,Male,0,0,40,United-States,<=50K
38,Private,277184,Some-college,10,Widowed,Exec-managerial,Unmarried,White,Female,0,0,40,United-States,<=50K
36,Private,113844,Some-college,10,Married-civ-spouse,Adm-clerical,Wife,White,Female,0,0,40,United-States,>50K
43,Local-gov,232448,Bachelors,13,Separated,Exec-managerial,Unmarried,White,Male,0,0,36,Guatemala,<=50K
25,Private,375609,Some-college,10,Divorced,Other-service,Not-in-family,White,Male,0,0,40,United-States,<=50K
24,Private,319753,Some-college,10,Never-married,Sales,Own-child,White,Male,0,0,25,United-States,<=50K
25,Private,336624,HS-grad,9,Never-married,Adm-clerical,Not-in-family,White,Male,0,0,22,United-States,<=50K
25,Local-gov,89873,Some-college,10,Married-civ-spouse,Craft-repair,Husband,White,Male,0,0,40,United-States,>50K
28,Private,208702,Some-college,10,Widowed,Prof-specialty,Unmarried,Asian-Pac-Islander,Male,0,2174,40,United-States,>50K
24,Private,139579,Bachelors,13,Married-civ-spouse,Handlers-cleaners,Wife,White,Female,0,0,27,United-States,<=50K
41,Private,322347,11th,7,Married-civ-spouse,Other-service,Husband,White,Male,0,0,55,United-States,<=50K
43,Private,163202,Some-college,10,Married-civ-spouse,Sales,Husband,White,Male,10520,0,29,United-States,>50K
50,Private,122820,11th,7,Never-married,Craft-repair,Own-child,White,Female,0,0,45,United-States,<=50K
57,Private,372843,12th,8,Never-married,Handlers-cleaners,Own-child,White,Female,0,0,30,United-States,<=50K
35,Private,168820,Some-college,10,Married-civ-spouse,Sales,Husband,White,Male,0,0,40,United-States,<=50K
32,Private,98522,Some-college,10,Married-civ-spouse,Adm-clerical,Husband,White,Male,0,0,29,United-States,<=50K
47,Private,153597,HS-grad,9,Never-married,Sales,Other-relative,White,Male,5013,0,40,United-States,>50K
22,Private,101095,Masters,14,Divorced,Other-service,Unmarried,White,Male,10520,0,28,United-States,>50K
52,Private,334971,Some-college,10,Never-married,Sales,Not-in-family,White,Male,0,0,37,United-States,<=50K
26,Self-emp-not-inc,133861,HS-grad,9,Divorced,Sales,Not-in-family,White,Male,0,0,40,United-States,<=50K
26,Private,88300,Some-college,10,Never-married,Other-service,Not-in-family,White,Male,0,0,41,United-States,<=50K
52,Private,392515,Some-college,10,Never-married,Craft-repair,Other-relative,White,Female,0,0,40,United-States,<=50K
35,Private,298477,HS-grad,9,Married-civ-spouse,Exec-managerial,Wife,White,Female,3103,0,23,United-States,>50K
37,Self-emp-not-inc,114197,Some-college,10,Married-civ-spouse,Farming-fishing,Husband,Black,Male,0,0,16,United-States,<=50K
32,Private,351669,Assoc-acdm,12,Never-married,Adm-clerical,Other-relative,White,Male,0,0,30,United-States,<=50K
48,Private,237395,11th,7,Never-married,Other-service,Not-in-family,White,Female,0,0,40,United-States,<=50K
51,Self-emp-not-inc,118034,HS-grad,9,Never-married,Prof-specialty,Own-child,Amer-Indian-Eskimo,Male,0,0,49,United-States,<=50K
44,Private,282017,HS-grad,9,Divorced,Other-service,Not-in-family,White,Female,0,0,47,United-States,<=50K
42,Private,341301,Masters,14,Never-married,Machine-op-inspct,Own-child,Black,Male,0,0,48,United-States,>50K
39,Private,135371,Assoc-voc,11,Never-married,Sales,Own-child,White,Male,0,0,40,United-States,>50K
23,Self-emp-not-inc,248921,HS-grad,9,Married-civ-spouse,Craft-repair,Husband,White,Male,0,0,43,United-States,<=50K
52,Private,88003,Bachelors,13,Married-civ-spouse,Adm-clerical,Husband,White,Male,0,0,11,United-States,<=50K
36,Private,257829,Assoc-voc,11,Never-married,Other-service,Own-child,White,Male,0,0,11,United-States,<=50K
30,Private,354914,Bachelors,13,Married-civ-spouse,Craft-repair,Husband,White,Male,0,0,40,United-States,>50K
32,Private,323807,HS-grad,9,Never-married,Adm-clerical,Own-child,White,Male,0,0,28,United-States,<=50K
78,Private,362174,11th,7,Married-civ-spouse,Transport-moving,Husband,White,Male,0,0,40,United-States,>50K
22,Federal-gov,390199,Some-college,10,Never-married,Craft-repair,Own-child,White,Male,0,0,40,South,<=50K
42,Private,260093,12th,8,Married-civ-spouse,Transport-moving,Wife,White,Female,0,0,40,United-States,<=50K
19,Private,125604,Some-college,10,Married-spouse-absent,Craft-repair,Not-in-family,White,Female,0,0,46,United-States,<=50K
45,Private,347894,Some-college,10,Never-married,Transport-moving,Own-child,White,Female,0,0,39,United-States,<=50K
76,Private,333773,HS-grad,9,Never-married,Protective-serv,Own-child,White,Female,0,0,47,United-States,<=50K
24,Self-emp-inc,395603,HS-grad,9,Married-civ-spouse,Other-service,Wife,White,Female,0,0,13,United-States,<=50K
28,Private,231535,HS-grad,9,Never-married,Prof-specialty,Own-child,White,Male,0,0,18,United-States,<=50K
39,Private,235477,Prof-school,15,Married-civ-spouse,Prof-specialty,Husband,White,Male,0,0,40,United-States,<=50K
26,Private,184562,11th,7,Married-civ-spouse,Farming-fishing,Wife,White,Female,0,0,11,United-States,<=50K
29,Private,276539,Bachelors,13,Married-civ-spouse,Other-service,Husband,White,Male,0,0,48,United-States,>50K
34,Private,199778,Bachelors,13,Never-married,Exec-managerial,Not-in-family,White,Female,0,0,55,United-States,<=50K
32,Private,259597,Bachelors,13,Never-married,Transport-moving,Own-child,White,Male,0,0,14,United-States,<=50K
29,Private,162374,Assoc-voc,11,Divorced,Craft-repair,Not-in-family,Asian-Pac-Islander,Male,0,0,11,United-States,<=50K
52,Private,190214,Assoc-acdm,12,Divorced,Transport-moving,Unmarried,White,Male,0,0,45,United-States,<=50K
36,Private,339960,HS-grad,9,Married-civ-spouse,Sales,Husband,White,Male,0,0,50,United-States,<=50K
39,Private,361712,9th,5,Divorced,Adm-clerical,Not-in-family,White,Male,0,0,40,United-States,<=50K
36,Private,324262,Assoc-voc,11,Married-civ-spouse,Other-service,Wife,White,Female,0,0,40,United-States,<=50K
66,Private,316522,HS-grad,9,Married-civ-spouse,Other-service,Husband,White,Male,0,0,40,United-States,<=50K
35,Private,138567,Bachelors,13,Married-civ-spouse,Exec-managerial,Husband,White,Male,0,0,40,United-States,>50K
38,Private,296196,Some-college,10,Divorced,Transport-moving,Not-in-family,White,Male,0,0,45,United-States,<=50K
46,Local-gov,317922,HS-grad,9,Widowed,Craft-repair,Not-in-family,Asian-Pac-Islander,Male,0,0,40,United-States,>50K
38,Private,388569,Bachelors,13,Divorced,Transport-moving,Not-in-family,Amer-Indian-Eskimo,Male,0,0,21,United-States,>50K
38,Private,129747,Bachelors,13,Married-civ-spouse,Handlers-cleaners,Wife,White,Female,0,0,35,United-States,<=50K
47,Private,184378,Some-college,10,Never-married,Prof-specialty,Not-in-family,White,Female,0,0,40,United-States,<=50K
24,Private,230309,5th-6th,3,Divorced,Other-service,Not-in-family,White,Male,0,0,40,United-States,<=50K
22,Private,164366,Bachelors,13,Divorced,Craft-repair,Not-in-family,White,Male,0,0,55,United-States,>50K
69,State-gov,324991,HS-grad,9,Never-married,Exec-managerial,Not-in-family,White,Female,0,0,40,United-States,>50K
41,Private,138543,7th-8th,4,Separated,Machine-op-inspct,Not-in-family,White,Male,0,0,40,United-States,<=50K
18,Private,314050,Some-college,10,Never-married,Adm-clerical,Own-child,White,Male,0,0,31,United-States,<=50K
33,Federal-gov,119654,Some-college,10,Married-civ-spouse,Sales,Husband,White,Male,0,0,40,United-States,<=50K
37,Private,389821,Some-college,10,Married-civ-spouse,Prof-specialty,Husband,White,Male,0,0,40,United-States,>50K
34,Private,157366,HS-grad,9,Never-married,Prof-specialty,Not-in-family,White,Female,0,0,40,United-States,<=50K
41,Private,224019,HS-grad,9,Never-married,Sales,Not-in-family,White,Female,0,0,10,United-States,<=50K
43,Local-gov,346016,Some-college,10,Married-civ-spouse,Exec-managerial,Husband,White,Male,0,0,12,Mexico,<=50K
37,Private,362226,Bachelors,13,Divorced,Farming-fishing,Unmarried,White,Female,0,0,40,United-States,>50K
48,Private,265804,HS-grad,9,Married-civ-spouse,Craft-repair,Husband,Asian-Pac-Islander,Male,0,1190,40,United-States,>50K
64,Private,384227,Some-college,10,Never-married,Craft-repair,Own-child,White,Female,0,0,23,United-States,<=50K
47,Private,207593,HS-grad,9,Widowed,Craft-repair,Unmarried,Black,Male,0,0,40,United-States,>50K
27,Private,298163,HS-grad,9,Never-married,Adm-clerical,Not-in-family,White,Female,0,0,40,United-States,<=50K
23,Private,99544,Assoc-voc,11,Never-married,Exec-managerial,Own-child,White,Female,0,0,40,Jamaica,<=50K
45,Private,219281,10th,6,Married-civ-spouse,Sales,Wife,Black,Female,0,0,55,United-States,>50K
33,Federal-gov,129623,Some-college,10,Married-civ-spouse,Adm-clerical,Husband,White,Male,0,0,40,China,<=50K
40,Private,93806,HS-grad,9,Never-married,Adm-clerical,Not-in-family,White,Female,0,0,28,United-States,<=50K
39,Private,132594,HS-grad,9,Widowed,Sales,Unmarried,White,Female,0,0,40,United-States,<=50K
23,Private,212914,Bachelors,13,Never-married,Armed-Forces,Own-child,Black,Male,0,0,40,United-States,<=50K
59,Private,337336,Some-college,10,Never-married,Machine-op-inspct,Own-child,White,Male,0,0,17,United-States,<=50K
42,Private,237373,10th,6,Separated,Protective-serv,Not-in-family,White,Male,3611,0,40,United-States,<=50K
39,Private,299661,Bachelors,13,Never-married,Sales,Own-child,White,Male,0,0,40,United-States,<=50K
34,Private,294445,HS-grad,9,Never-married,Adm-clerical,Not-in-family,Amer-Indian-Eskimo,Male,0,0,40,United-States,<=50K
44,Private,315107,Masters,14,Never-married,Sales,Not-in-family,White,Male,4723,0,40,United-States,>50K
44,Self-emp-not-inc,286729,HS-grad,9,Married-civ-spouse,Adm-clerical,Husband,White,Male,0,0,40,United-States,<=50K
42,Private,116465,Some-college,10,Married-civ-spouse,Adm-clerical,Husband,White,Male,0,0,10,United-States,<=50K
23,Federal-gov,315809,Bachelors,13,Never-married,Craft-repair,Own-child,White,Male,0,0,22,United-States,<=50K
59,Private,205140,HS-grad,9,Separated,Adm-clerical,Unmarried,White,Male,0,0,19,United-States,<=50K
32,Private,94288,HS-grad,9,Never-married,Transport-moving,Not-in-family,White,Female,0,0,23,United-States,<=50K
23,Private,179868,Bachelors,13,Married-civ-spouse,Exec-managerial,Husband,White,Male,0,0,40,United-States,>50K
32,Local-gov,262352,Assoc-voc,11,Never-married,Protective-serv,Own-child,White,Male,0,0,40,United-States,<=50K
43,Self-emp-not-inc,100627,Bachelors,13,Never-married,Sales,Own-child,Asian-Pac-Islander,Female,0,0,15,United-States,>50K
38,Self-emp-not-inc,296313,11th,7,Never-married,Other-service,Own-child,White,Male,0,0,51,India,<=50K
33,Private,185453,HS-grad,9,Married-civ-spouse,Exec-managerial,Husband,White,Male,0,0,40,United-States,<=50K
20,Private,155659,Assoc-acdm,12,Never-married,Exec-managerial,Own-child,White,Male,0,0,40,United-States,<=50K
25,Private,122067,9th,5,Divorced,Adm-clerical,Not-in-family,Asian-Pac-Islander,Male,0,0,40,El-Salvador,<=50K
47,Private,332608,Bachelors,13,Married-civ-spouse,Adm-clerical,Wife,White,Female,0,0,19,United-States,<=50K
74,Private,94273,Bachelors,13,Never-married,Exec-managerial,Own-child,White,Male,0,0,41,United-States,<=50K
38,Private,216210,HS-grad,9,Divorced,Farming-fishing,Not-in-family,White,Male,0,0,40,United-States,<=50K
35,Private,242193,Assoc-voc,11,Divorced,Exec-managerial,Not-in-family,Amer-Indian-Eskimo,Male,0,0,24,United-States,<=50K
27,Private,263311,11th,7,Divorced,Exec-managerial,Not-in-family,White,Male,0,0,40,United-States,<=50K
35,Private,347998,HS-grad,9,Married-civ-spouse,Sales,Husband,White,Male,0,0,40,Portugal,<=50K
40,Private,383306,HS-grad,9,Married-civ-spouse,Tech-support,Husband,Asian-Pac-Islander,Male,0,0,39,United-States,<=50K
33,Private,364555,HS-grad,9,Never-married,Handlers-cleaners,Own-child,White,Male,0,0,45,United-States,<=50K
17,Self-emp-not-inc,206751,9th,5,Never-married,Transport-moving,Own-child,White,Female,0,0,44,United-States,<=50K
25,Private,255398,Some-college,10,Married-civ-spouse,Machine-op-inspct,Wife,White,Female,0,1902,40,United-States,>50K
52,Private,399662,Assoc-acdm,12,Never-married,Other-service,Other-relative,White,Female,0,0,40,United-States,<=50K
48,Private,256455,Bachelors,13,Never-married,Other-service,Own-child,White,Female,0,0,26,United-States,<=50K
36,Private,319967,Bachelors,13,Never-married,Other-service,Own-child,White,Female,0,0,10,United-States,<=50K
34,Private,394594,Assoc-voc,11,Married-civ-spouse,Exec-managerial,Husband,White,Male,0,0,32,United-States,<=50K
34,Private,304526,Masters,14,Married-civ-spouse,Other-service,Husband,White,Male,0,0,21,United-States,<=50K
65,Local-gov,141657,Bachelors,13,Married-civ-spouse,Sales,Husband,White,Male,0,1485,40,United-States,>50K
26,Self-emp-inc,227248,HS-grad,9,Never-married,Machine-op-inspct,Not-in-family,White,Male,0,0,33,United-States,<=50K
49,Self-emp-inc,195705,10th,6,Married-civ-spouse,Transport-moving,Husband,White,Male,0,0,40,United-States,>50K
55,Private,338996,7th-8th,4,Married-civ-spouse,Transport-moving,Husband,White,Male,0,0,44,United-States,<=50K
19,Private,262063,HS-grad,9,Never-married,Exec-managerial,Not-in-family,White,Male,0,2559,52,United-States,>50K
23,Private,330124,Some-college,10,Married-civ-spouse,Handlers-cleaners,Wife,White,Female,5271,0,40,United-States,<=50K
58,Private,271144,Some-college,10,Divorced,Prof-specialty,Not-in-family,White,Male,0,0,27,United-States,<=50K
38,Private,178931,HS-grad,9,Never-married,Other-service,Not-in-family,White,Male,0,0,30,United-States,<=50K
31,Private,161462,HS-grad,9,Married-civ-spouse,Adm-clerical,Wife,White,Female,0,0,17,United-States,<=50K
28,Private,123077,Bachelors,13,Married-civ-spouse,Other-service,Husband,White,Male,0,0,12,China,<=50K
41,Private,106125,Bachelors,13,Married-civ-spouse,Prof-specialty,Wife,White,Female,0,0,21,United-States,>50K
37,Private,223609,HS-grad,9,Married-civ-spouse,Farming-fishing,Husband,White,Male,0,0,40,United-States,<=50K
53,Federal-gov,299534,Bachelors,13,Never-married,Handlers-cleaners,Own-child,White,Male,0,0,49,United-States,<=50K
40,Private,170660,Bachelors,13,Married-civ-spouse,Prof-specialty,Wife,Amer-Indian-Eskimo,Female,0,0,40,United-States,<=50K
40,Self-emp-not-inc,366583,Masters,14,Married-civ-spouse,Craft-repair,Wife,White,Female,0,0,11,United-States,>50K
28,Private,333693,HS-grad,9,Never-married,Machine-op-inspct,Own-child,Black,Male,0,0,40,United-States,<=50K
54,Private,108127,HS-grad,9,Divorced,Exec-managerial,Not-in-family,White,Female,0,0,32,United-States,<=50K
37,Private,212123,HS-grad,9,Married-civ-spouse,Adm-clerical,Husband,White,Male,0,0,40,United-States,>50K
36,Private,201172,Bachelors,13,Married-civ-spouse,Sales,Wife,White,Female,0,0,40,United-States,>50K
39,Local-gov,365699,Masters,14,Divorced,Sales,Not-in-family,White,Male,0,0,32,United-States,<=50K
50,Private,330862,Some-college,10,Divorced,Craft-repair,Not-in-family,White,Female,0,0,29,United-States,<=50K
44,Private,175871,Bachelors,13,Married-civ-spouse,Prof-specialty,Husband,White,Male,5178,0,26,India,>50K
50,Private,172820,HS-grad,9,Never-married,Sales,Not-in-family,White,Male,0,0,40,United-States,>50K
27,Private,129685,Prof-school,15,Married-civ-spouse,Exec-managerial,Wife,White,Female,0,0,40,United-States,<=50K
47,Private,155697,Some-college,10,Never-married,Craft-repair,Not-in-family,White,Male,0,0,40,United-States,<=50K
58,Self-emp-not-inc,147832,Assoc-voc,11,Married-civ-spouse,Craft-repair,Husband,White,Male,0,0,45,United-States,<=50K
57,Private,155626,HS-grad,9,Married-civ-spouse,Other-service,Husband,White,Male,0,0,50,United-States,>50K
33,Private,375253,Assoc-voc,11,Married-civ-spouse,Adm-clerical,Husband,White,Male,0,0,43,United-States,<=50K
38,Private,321798,HS-grad,9,Married-civ-spouse,Handlers-cleaners,Husband,White,Male,0,0,40,United-States,>50K
79,Local-gov,130228,Some-college,10,Divorced,Craft-repair,Not-in-family,White,Female,0,0,40,United-States,<=50K
36,Private,384981,Bachelors,13,Never-married,Adm-clerical,Not-in-family,White,Male,0,0,17,United-States,<=50K
51,Private,83313,HS-grad,9,Never-married,Handlers-cleaners,Own-child,White,Male,0,0,40,United-States,<=50K
44,Self-emp-inc,125603,HS-grad,9,Married-civ-spouse,Other-service,Husband,White,Male,0,0,20,United-States,>50K
26,Federal-gov,205384,HS-grad,9,Married-civ-spouse,Adm-clerical,Husband,Black,Male,0,0,40,United-States,<=50K
50,Private,243093,Some-college,10,Never-married,Tech-support,Not-in-family,White,Female,0,0,40,United-States,>50K
38,Private,88750,Some-college,10,Never-married,Adm-clerical,Not-in-family,White,Female,0,0,40,United-States,<=50K
38,Private,253794,7th-8th,4,Divorced,Machine-op-inspct,Not-in-family,White,Female,0,0,40,United-States,<=50K
21,Private,293485,Bachelors,13,Married-spouse-absent,Other-service,Not-in-family,White,Female,0,0,19,United-States,<=50K
26,Private,163004,HS-grad,9,Married-spouse-absent,Handlers-cleaners,Not-in-family,White,Female,0,0,50,United-States,<=50K
17,Private,246315,HS-grad,9,Never-married,Transport-moving,Own-child,White,Male,0,0,40,Philippines,<=50K
44,Private,123914,12th,8,Married-civ-spouse,Adm-clerical,Husband,White,Male,0,0,30,United-States,<=50K
25,Self-emp-not-inc,368000,HS-grad,9,Divorced,Machine-op-inspct,Not-in-family,White,Male,0,0,42,United-States,<=50K
71,Local-gov,242113,Some-college,10,Married-civ-spouse,Exec-managerial,Husband,White,Male,0,0,46,United-States,<=50K
42,Private,183928,HS-grad,9,Divorced,Prof-specialty,Not-in-family,White,Female,0,0,37,Mexico,<=50K
35,Local-gov,163923,HS-grad,9,Married-civ-spouse,Exec-managerial,Husband,White,Male,0,0,44,United-States,>50K
41,Private,252872,HS-grad,9,Married-civ-spouse,Adm-clerical,Husband,White,Male,0,0,40,United-States,<=50K
41,Private,260549,Some-college,10,Never-married,Sales,Not-in-family,White,Female,0,0,40,United-States,<=50K
31,Private,266355,Bachelors,13,Married-civ-spouse,Craft-repair,Wife,White,Female,0,0,38,United-States,>50K
39,Private,230986,HS-grad,9,Divorced,Handlers-cleaners,Not-in-family,White,Female,0,0,26,United-States,<=50K
28,Without-pay,343768,HS-grad,9,Never-married,Craft-repair,Own-child,Black,Male,0,0,40,United-States,<=50K
78,Self-emp-not-inc,293450,HS-grad,9,Never-married,Prof-specialty,Not-in-family,White,Male,0,0,17,United-States,>50K
70,Private,385520,HS-grad,9,Married-civ-spouse,Farming-fishing,Wife,White,Female,0,0,46,United-States,<=50K
27,Private,329260,HS-grad,9,Never-married,Machine-op-inspct,Not-in-family,White,Male,0,0,40,United-States,<=50K
51,Private,362431,Bachelors,13,Never-married,Sales,Not-in-family,White,Male,0,0,40,United-States,<=50K
55,Self-emp-not-inc,168757,11th,7,Married-civ-spouse,Handlers-cleaners,Wife,White,Female,0,0,24,United-States,<=50K
22,Private,283170,11th,7,Never-married,Craft-repair,Not-in-family,White,Male,0,0,33,Portugal,<=50K
64,Private,238187,HS-grad,9,Married-civ-spouse,Exec-managerial,Husband,White,Male,0,0,40,United-States,<=50K
40,Private,132320,HS-grad,9,Never-married,Tech-support,Not-in-family,White,Male,0,0,33,United-States,<=50K
51,Private,320267,Some-college,10,Never-married,Other-service,Own-child,White,Male,0,0,17,United-States,<=50K
57,Private,273491,1st-4th,2,Married-civ-spouse,Farming-fishing,Husband,White,Male,0,0,48,United-States,<=50K
46,Private,109800,Assoc-acdm,12,Separated,Prof-specialty,Not-in-family,White,Male,0,0,15,United-States,<=50K
26,Private,309931,Some-college,10,Never-married,Craft-repair,Own-child,White,Male,0,0,17,United-States,<=50K
61,Private,296924,12th,8,Never-married,Farming-fishing,Other-relative,White,Male,0,0,48,United-States,<=50K
21,Private,278366,HS-grad,9,Never-married,Prof-specialty,Own-child,White,Female,0,0,34,United-States,<=50K
32,Private,280535,Bachelors,13,Married-civ-spouse,Prof-specialty,Husband,White,Male,0,0,50,United-States,>50K
44,Private,81137,Some-college,10,Divorced,Adm-clerical,Not-in-family,White,Male,0,0,48,United-States,<=50K
58,Federal-gov,215645,Some-college,10,Never-married,Machine-op-inspct,Own-child,White,Male,0,0,40,United-States,<=50K
27,Private,201762,Assoc-voc,11,Never-married,Exec-managerial,Not-in-family,White,Female,0,2435,30,United-States,<=50K
33,Private,88458,HS-grad,9,Married-civ-spouse,Prof-specialty,Wife,White,Female,0,0,40,United-States,>50K
67,Private,227027,Some-college,10,Never-married,Machine-op-inspct,Not-in-family,Black,Male,0,0,15,Haiti,<=50K
44,Private,373771,HS-grad,9,Never-married,Other-service,Not-in-family,White,Male,0,0,40,United-States,<=50K
39,Private,324002,Bachelors,13,Never-married,Exec-managerial,Not-in-family,White,Male,0,0,20,United-States,<=50K
42,State-gov,92190,HS-grad,9,Never-married,Prof-specialty,Not-in-family,White,Female,0,0,40,United-States,<=50K
38,Private,85666,HS-grad,9,Never-married,Transport-moving,Own-child,White,Male,0,0,12,United-States,<=50K
20,Private,397553,Some-college,10,Married-civ-spouse,Sales,Wife,White,Female,0,0,25,United-States,<=50K
34,Private,327567,HS-grad,9,Never-married,Handlers-cleaners,Other-relative,White,Male,0,0,36,United-States,<=50K
40,Self-emp-inc,329135,HS-grad,9,Never-married,Craft-repair,Not-in-family,White,Male,0,0,35,Germany,<=50K
54,State-gov,353376,HS-grad,9,Never-married,Prof-specialty,Own-child,White,Male,0,0,40,United-States,<=50K
43,Private,194728,Prof-school,15,Never-married,Prof-specialty,Not-in-family,Black,Female,15024,0,34,El-Salvador,>50K
22,State-gov,343702,Some-college,10,Never-married,Exec-managerial,Other-relative,White,Male,10520,0,40,United-States,>50K
50,Private,155097,Some-college,10,Married-civ-spouse,Transport-moving,Husband,White,Male,0,0,28,United-States,<=50K
29,State-gov,344955,Assoc-acdm,12,Married-civ-spouse,Craft-repair,Wife,White,Female,0,1848,48,Germany,>50K
51,Self-emp-not-inc,215634,Masters,14,Married-civ-spouse,Exec-managerial,Husband,White,Male,15024,0,50,United-States,>50K
38,Private,230741,Some-college,10,Married-civ-spouse,Prof-specialty,Wife,White,Female,0,0,44,United-States,>50K
31,State-gov,289165,HS-grad,9,Never-married,Farming-fishing,Own-child,White,Male,0,0,10,United-States,<=50K
37,Private,246812,HS-grad,9,Never-married,Sales,Own-child,White,Male,0,0,40,United-States,<=50K
50,State-gov,152388,HS-grad,9,Widowed,Exec-managerial,Unmarried,White,Male,15024,0,45,United-States,>50K
80,Private,269125,Bachelors,13,Widowed,Machine-op-inspct,Not-in-family,White,Female,0,0,40,United-States,<=50K
72,Local-gov,177618,Bachelors,13,Married-civ-spouse,Adm-clerical,Wife,White,Female,0,0,45,United-States,<=50K
33,Self-emp-inc,120428,HS-grad,9,Never-married,Other-service,Not-in-family,White,Female,0,0,23,United-States,<=50K
23,Local-gov,394532,Prof-school,15,Divorced,Exec-managerial,Not-in-family,White,Male,0,0,39,United-States,<=50K
54,Private,268025,Some-college,10,Never-married,Craft-repair,Not-in-family,Black,Male,0,0,45,United-States,<=50K
54,Private,172374,Some-college,10,Married-civ-spouse,Sales,Husband,White,Male,0,0,20,United-States,>50K
34,Private,274568,HS-grad,9,Married-civ-spouse,Transport-moving,Husband,White,Male,0,0,27,United-States,<=50K
54,Private,132560,Bachelors,13,Never-married,Other-service,Own-child,White,Male,0,0,15,United-States,<=50K
47,Private,103824,7th-8th,4,Married-civ-spouse,Exec-managerial,Husband,White,Male,0,0,40,United-States,>50K
30,Private,232252,HS-grad,9,Widowed,Exec-managerial,Not-in-family,White,Male,0,0,40,United-States,<=50K
25,Private,182608,Some-college,10,Married-civ-spouse,Transport-moving,Husband,White,Male,0,0,11,United-States,<=50K
36,Private,399547,Some-college,10,Divorced,Handlers-cleaners,Not-in-family,White,Female,0,0,20,United-States,<=50K
44,Private,383555,HS-grad,9,Married-civ-spouse,Adm-clerical,Wife,Asian-Pac-Islander,Female,0,1822,14,United-States,>50K
59,Private,190048,Bachelors,13,Never-married,Farming-fishing,Own-child,White,Female,0,1902,35,United-States,>50K
38,Private,221547,10th,6,Separated,Handlers-cleaners,Not-in-family,White,Male,0,0,40,United-States,<=50K
21,Private,244457,Some-college,10,Never-married,Handlers-cleaners,Own-child,White,Male,0,0,60,United-States,<=50K
33,Self-emp-not-inc,150975,Masters,14,Widowed,Farming-fishing,Not-in-family,Black,Male,0,0,40,Japan,<=50K
22,Private,98455,Bachelors,13,Married-civ-spouse,Adm-clerical,Husband,White,Male,0,0,40,United-States,>50K
32,Private,332726,Bachelors,13,Never-married,Machine-op-inspct,Not-in-family,White,Male,0,0,40,United-States,<=50K
34,Private,370581,Assoc-acdm,12,Married-civ-spouse,Sales,Husband,White,Male,0,0,40,United-States,<=50K
47,Private,269675,Assoc-acdm,12,Married-civ-spouse,Exec-managerial,Husband,White,Male,0,0,40,United-States,>50K
40,Private,159280,Bachelors,13,Divorced,Other-service,Not-in-family,White,Male,0,0,40,United-States,<=50K
39,Private,110500,HS-grad,9,Married-civ-spouse,Other-service,Wife,White,Female,0,0,34,United-States,<=50K
29,Private,274365,Some-college,10,Separated,Prof-specialty,Unmarried,Asian-Pac-Islander,Female,0,0,10,United-States,<=50K
33,Private,263749,Assoc-voc,11,Divorced,Prof-specialty,Not-in-family,White,Male,0,0,40,United-States,<=50K
36,Private,283370,HS-grad,9,Married-civ-spouse,Craft-repair,Wife,White,Female,0,0,40,United-States,>50K
34,Private,179195,HS-grad,9,Never-married,Craft-repair,Other-relative,White,Male,0,0,35,United-States,<=50K
30,Federal-gov,367800,HS-grad,9,Separated,Sales,Not-in-family,White,Male,0,0,48,United-States,<=50K
49,Local-gov,279613,HS-grad,9,Never-married,Farming-fishing,Own-child,White,Male,0,0,49,United-States,<=50K
19,Private,93535,Masters,14,Never-married,Craft-repair,Own-child,White,Male,0,0,35,United-States,<=50K
36,Private,153928,HS-grad,9,Divorced,Craft-repair,Unmarried,White,Male,0,0,40,Mexico,<=50K
33,Private,241761,Bachelors,13,Divorced,Exec-managerial,Not-in-family,White,Female,0,0,50,United-States,<=50K
33,Private,179371,HS-grad,9,Never-married,Transport-moving,Not-in-family,White,Male,0,0,40,United-States,<=50K
38,Local-gov,211629,HS-grad,9,Married-civ-spouse,Exec-managerial,Husband,White,Male,0,0,25,United-States,>50K
39,Private,183886,Masters,14,Never-married,Farming-fishing,Not-in-family,White,Male,0,0,40,United-States,<=50K
57,Private,210411,Some-college,10,Separated,Prof-specialty,Unmarried,White,Male,0,0,40,United-States,>50K
53,Self-emp-not-inc,170309,Doctorate,16,Married-civ-spouse,Other-service,Wife,White,Female,0,0,40,United-States,>50K
44,Private,159848,Some-college,10,Never-married,Tech-support,Not-in-family,Asian-Pac-Islander,Female,0,0,40,United-States,>50K
71,Self-emp-not-inc,289487,Some-college,10,Married-civ-spouse,Machine-op-inspct,Husband,White,Male,5264,0,37,United-States,<=50K
47,Private,206500,Some-college,10,Divorced,Craft-repair,Not-in-family,White,Female,0,0,40,United-States,<=50K
35,Private,217424,HS-grad,9,Never-married,Prof-specialty,Not-in-family,White,Male,0,0,29,United-States,<=50K
37,Private,186061,Some-college,10,Never-married,Adm-clerical,Not-in-family,White,Male,0,0,40,United-States,<=50K
64,Federal-gov,316396,Doctorate,16,Divorced,Prof-specialty,Not-in-family,White,Female,0,0,52,United-States,<=50K
40,Private,169605,HS-grad,9,Divorced,Other-service,Not-in-family,White,Male,0,0,45,United-States,>50K
44,Private,359856,HS-grad,9,Married-civ-spouse,Machine-op-inspct,Husband,White,Male,2116,0,40,United-States,<=50K
36,Private,302862,Some-college,10,Married-civ-spouse,Craft-repair,Husband,Asian-Pac-Islander,Male,0,0,27,United-States,<=50K
26,Private,104059,HS-grad,9,Married-civ-spouse,Exec-managerial,Husband,Black,Male,0,0,14,United-States,>50K
27,Self-emp-not-inc,160364,11th,7,Married-civ-spouse,Other-service,Wife,Asian-Pac-Islander,Female,0,0,24,United-States,<=50K
57,State-gov,158432,Doctorate,16,Married-civ-spouse,Prof-specialty,Husband,White,Male,0,0,40,United-States,>50K
43,Self-emp-inc,338509,Some-college,10,Never-married,Exec-managerial,Other-relative,White,Male,0,0,47,United-States,<=50K
44,Private,128492,HS-grad,9,Never-married,Adm-clerical,Own-child,White,Male,0,0,26,United-States,<=50K
48,Private,130889,Prof-school,15,Married-civ-spouse,Prof-specialty,Husband,White,Male,0,0,16,United-States,<=50K
30,Private,236614,11th,7,Never-married,Adm-clerical,Own-child,White,Male,0,0,40,United-States,<=50K
18,Private,264958,12th,8,Never-married,Craft-repair,Own-child,White,Male,0,0,23,United-States,<=50K
24,Private,320442,HS-grad,9,Never-married,Transport-moving,Not-in-family,White,Male,0,0,40,United-States,<=50K
64,Private,90991,Masters,14,Married-civ-spouse,Prof-specialty,Husband,White,Male,0,0,15,United-States,>50K
50,Private,166866,Some-college,10,Divorced,Craft-repair,Not-in-family,White,Male,0,1691,50,United-States,<=50K
32,Local-gov,241247,HS-grad,9,Never-married,Sales,Not-in-family,White,Female,0,0,42,United-States,<=50K
40,Private,333763,Masters,14,Married-civ-spouse,Machine-op-inspct,Husband,Black,Male,0,0,40,United-States,<=50K
40,Private,271895,HS-grad,9,Divorced,Machine-op-inspct,Not-in-family,White,Female,0,0,40,United-States,<=50K
20,Private,352803,Bachelors,13,Never-married,Craft-repair,Own-child,White,Male,0,0,40,United-States,<=50K
29,Private,202670,HS-grad,9,Married-civ-spouse,Machine-op-inspct,Husband,White,Male,0,0,48,United-States,<=50K
41,Private,259109,10th,6,Never-married,Other-service,Not-in-family,White,Male,0,0,47,United-States,<=50K
31,Private,295480,9th,5,Never-married,Adm-clerical,Other-relative,White,Male,0,0,40,United-States,<=50K
29,Self-emp-inc,187432,7th-8th,4,Never-married,Other-service,Not-in-family,White,Female,0,0,60,United-States,<=50K
25,Private,96835,Some-college,10,Married-civ-spouse,Exec-managerial,Husband,White,Male,0,0,40,United-States,<=50K
39,Private,87816,Bachelors,13,Divorced,Other-service,Not-in-family,White,Male,0,0,14,United-States,>50K
66,Private,85473,Some-college,10,Divorced,Exec-managerial,Not-in-family,White,Male,0,0,40,United-States,>50K
39,Private,218766,Prof-school,15,Married-civ-spouse,Tech-support,Husband,White,Male,15024,0,21,United-States,>50K
30,Private,387865,HS-grad,9,Married-civ-spouse,Craft-repair,Wife,White,Female,0,0,40,United-States,<=50K
44,Private,328046,Bachelors,13,Married-civ-spouse,Exec-managerial,Wife,White,Female,0,0,40,United-States,>50K
31,Private,229098,Assoc-acdm,12,Married-civ-spouse,Prof-specialty,Husband,White,Male,0,0,41,United-States,<=50K
49,Self-emp-not-inc,361403,Masters,14,Married-civ-spouse,Exec-managerial,Husband,White,Male,0,0,40,United-States,>50K
70,Private,258120,Bachelors,13,Never-married,Sales,Own-child,White,Male,0,0,40,Italy,<=50K
18,Self-emp-not-inc,103434,Some-college,10,Never-married,Handlers-cleaners,Other-relative,White,Female,0,0,40,United-States,<=50K
22,Private,224054,Doctorate,16,Married-civ-spouse,Adm-clerical,Husband,White,Male,0,0,31,United-States,>50K
46,Private,284253,7th-8th,4,Divorced,Sales,Not-in-family,Black,Female,0,0,40,United-States,<=50K
59,Local-gov,322556,HS-grad,9,Married-civ-spouse,Farming-fishing,Husband,White,Male,0,0,14,United-States,>50K
67,Private,265865,Bachelors,13,Married-civ-spouse,Exec-managerial,Wife,White,Female,0,0,55,United-States,>50K
41,Private,286229,Some-college,10,Separated,Craft-repair,Unmarried,White,Male,0,0,11,United-States,<=50K
44,Private,107494,Some-college,10,Never-married,Adm-clerical,Not-in-family,White,Male,0,2559,34,United-States,>50K
30,Private,175085,Some-college,10,Married-civ-spouse,Adm-clerical,Husband,Other,Male,0,0,49,United-States,<=50K
44,Private,320506,HS-grad,9,Never-married,Craft-repair,Not-in-family,White,Male,0,0,21,United-States,<=50K
48,Self-emp-not-inc,327323,HS-grad,9,Married-civ-spouse,Other-service,Husband,White,Male,0,0,21,United-States,>50K
57,Private,297523,HS-grad,9,Married-civ-spouse,Adm-clerical,Husband,White,Male,0,0,40,United-States,<=50K
26,Private,137155,Bachelors,13,Married-civ-spouse,Craft-repair,Husband,White,Male,1790,0,45,United-States,<=50K
21,Private,145936,Assoc-voc,11,Never-married,Craft-repair,Other-relative,White,Female,2256,0,41,United-States,<=50K
27,Private,90798,Some-college,10,Never-married,Sales,Own-child,White,Female,0,0,40,United-States,<=50K
59,Private,248159,Assoc-acdm,12,Married-civ-spouse,Craft-repair,Wife,White,Female,0,0,60,United-States,<=50K
38,Private,298497,Some-college,10,Married-civ-spouse,Other-service,Wife,White,Female,0,0,13,United-States,<=50K
38,Private,369805,Some-college,10,Never-married,Transport-moving,Not-in-family,Black,Female,0,0,30,United-States,<=50K
33,Local-gov,334053,HS-grad,9,Divorced,Prof-specialty,Not-in-family,White,Male,0,0,40,India,>50K
41,Private,84507,10th,6,Never-married,Craft-repair,Not-in-family,White,Female,0,0,40,United-States,<=50K
23,Private,397158,Bachelors,13,Never-married,Farming-fishing,Own-child,White,Male,0,0,40,United-States,>50K
30,Private,378614,7th-8th,4,Never-married,Tech-support,Other-relative,White,Male,0,0,40,United-States,<=50K
36,Private,225614,HS-grad,9,Never-married,Machine-op-inspct,Own-child,Black,Female,0,0,60,United-States,<=50K
80,Private,97904,Bachelors,13,Divorced,Sales,Unmarried,White,Female,0,0,40,United-States,<=50K
48,State-gov,383159,7th-8th,4,Divorced,Farming-fishing,Not-in-family,White,Male,0,0,33,Philippines,<=50K
32,Private,140722,Assoc-acdm,12,Married-civ-spouse,Exec-managerial,Husband,Black,Male,0,0,35,United-States,>50K
32,Private,399965,HS-grad,9,Married-civ-spouse,Adm-clerical,Husband,White,Male,0,0,43,Greece,<=50K
35,Private,111141,Some-college,10,Married-civ-spouse,Handlers-cleaners,Husband,White,Male,14084,0,31,Cuba,>50K
44,Private,169366,Assoc-voc,11,Married-civ-spouse,Exec-managerial,Husband,White,Male,0,0,28,United-States,>50K
22,Private,133011,Bachelors,13,Never-married,Prof-specialty,Own-child,White,Male,0,0,40,United-States,<=50K
26,Private,96891,HS-grad,9,Married-civ-spouse,Craft-repair,Husband,White,Male,0,0,50,Mexico,<=50K
28,Federal-gov,241835,HS-grad,9,Widowed,Sales,Not-in-family,White,Male,0,0,24,El-Salvador,<=50K
25,Private,305630,HS-grad,9,Never-married,Adm-clerical,Own-child,White,Male,0,0,40,United-States,<=50K
42,Private,279596,9th,5,Married-civ-spouse,Protective-serv,Husband,White,Male,0,0,48,India,<=50K
45,Private,297761,HS-grad,9,Never-married,Prof-specialty,Own-child,White,Male,0,0,37,United-States,>50K
60,Private,311641,Some-college,10,Divorced,Adm-clerical,Not-in-family,White,Male,0,0,40,United-States,<=50K
32,Private,296059,Bachelors,13,Married-civ-spouse,Sales,Husband,White,Male,0,0,35,United-States,>50K
63,Private,90758,HS-grad,9,Married-civ-spouse,Sales,Husband,Other,Male,0,0,47,United-States,<=50K
44,Local-gov,314764,Bachelors,13,Married-civ-spouse,Farming-fishing,Husband,White,Male,0,0,55,United-States,<=50K
17,Private,192488,Some-college,10,Never-married,Other-service,Own-child,White,Male,0,0,24,United-States,<=50K
30,Private,134881,Bachelors,13,Never-married,Adm-clerical,Own-child,White,Male,0,0,40,United-States,<=50K
48,Private,366083,Doctorate,16,Married-civ-spouse,Exec-managerial,Husband,White,Male,0,0,36,United-States,<=50K
40,Private,223947,Bachelors,13,Widowed,Adm-clerical,Unmarried,White,Male,0,0,40,United-States,<=50K
38,Private,272337,Masters,14,Divorced,Protective-serv,Not-in-family,White,Male,0,0,40,United-States,>50K
39,Private,123113,HS-grad,9,Married-civ-spouse,Machine-op-inspct,Wife,White,Female,0,0,40,United-States,<=50K
44,Private,309566,Bachelors,13,Never-married,Craft-repair,Other-relative,White,Female,0,0,40,United-States,>50K
23,Private,321832,Bachelors,13,Never-married,Tech-support,Own-child,White,Female,0,0,35,Mexico,<=50K
45,Private,317338,Bachelors,13,Divorced,Other-service,Unmarried,White,Male,0,0,40,United-States,>50K
27,Local-gov,123294,Masters,14,Divorced,Machine-op-inspct,Not-in-family,Asian-Pac-Islander,Female,0,0,40,United-States,<=50K
47,Private,91421,11th,7,Never-married,Adm-clerical,Other-relative,White,Male,0,0,11,United-States,<=50K
