age,workclass,fnlwgt,education,education-num,marital-status,occupation,relationship,race,sex,capital-gain,capital-loss,hours-per-week,native-country,income
23,Self-emp-not-inc,591412,Masters,14,Never-married,Prof-specialty,Own-child,White,Female,0,0,51,United-States,>50K
46,Self-emp-not-inc,65561,Some-college,10,Divorced,Machine-op-inspct,Not-in-family,White,Male,0,0,40,United-States,<=50K
52,Private,418591,Assoc-voc,11,Separated,Prof-specialty,Unmarried,Black,Male,0,0,30,United-States,<=50K
58,Private,691088,Some-college,10,Married-civ-spouse,Prof-specialty,Wife,White,Female,0,0,43,United-States,>50K
36,Private,169811,Masters,14,Divorced,Exec-managerial,Unmarried,White,Female,0,0,40,United-States,>50K
33,Private,733536,HS-grad,9,Never-married,Exec-managerial,Own-child,White,Female,27828,0,40,Nicaragua,>50K
22,Private,495763,Some-college,10,Never-married,Other-service,Own-child,White,Male,0,0,40,United-States,<=50K
64,Private,576116,HS-grad,9,Married-civ-spouse,Craft-repair,Wife,Black,Female,0,0,40,United-States,<=50K
55,Federal-gov,151869,7th-8th,4,Married-civ-spouse,Farming-fishing,Husband,Black,Male,0,0,42,United-States,<=50K
48,Private,146882,HS-grad,9,Married-civ-spouse,Prof-specialty,Wife,Amer-Indian-Eskimo,Female,0,0,26,Jamaica,<=50K
22,Private,618782,HS-grad,9,Never-married,Prof-specialty,Own-child,White,Male,0,0,40,Philippines,<=50K
37,Private,219448,Bachelors,13,Divorced,Prof-specialty,Not-in-family,White,Female,0,0,42,United-States,>50K
30,Private,267861,Bachelors,13,Married-civ-spouse,Adm-clerical,Husband,White,Male,2407,0,42,Mexico,<=50K
49,Private,530311,HS-grad,9,Divorced,Sales,Own-child,White,Male,0,0,45,Cuba,<=50K
36,Self-emp-not-inc,643939,HS-grad,9,Married-civ-spouse,Sales,Husband,White,Male,0,0,42,United-States,<=50K
73,State-gov,349445,HS-grad,9,Married-civ-spouse,Adm-clerical,Husband,White,Male,0,0,38,United-States,<=50K
43,Federal-gov,92132,HS-grad,9,Never-married,Other-service,Not-in-family,White,Male,0,0,40,United-States,>50K
51,Private,141035,Doctorate,16,Married-civ-spouse,Prof-specialty,Husband,Other,Male,0,0,40,United-States,>50K
64,Private,889634,9th,5,Married-civ-spouse,Transport-moving,Husband,White,Male,0,0,40,United-States,<=50K
18,Private,343232,Some-college,10,Married-civ-spouse,Exec-managerial,Husband,White,Male,0,0,26,United-States,<=50K
77,Private,870155,Some-college,10,Divorced,Adm-clerical,Unmarried,White,Female,0,0,40,United-States,<=50K
44,Federal-gov,340015,HS-grad,9,Never-married,Transport-moving,Not-in-family,Black,Male,0,0,11,United-States,<=50K
72,Private,293903,11th,7,Married-civ-spouse,Machine-op-inspct,Husband,Black,Male,0,0,31,United-States,<=50K
34,Self-emp-not-inc,740221,HS-grad,9,Never-married,Tech-support,Not-in-family,Other,Male,0,0,44,United-States,<=50K
65,Private,751076,Assoc-voc,11,Married-civ-spouse,Other-service,Wife,Asian-Pac-Islander,Female,0,0,52,Philippines,<=50K
26,Private,483638,Some-college,10,Never-married,Exec-managerial,Own-child,White,Male,0,0,50,United-States,<=50K
54,Private,518216,Masters,14,Separated,Exec-managerial,Not-in-family,White,Male,0,1848,51,United-States,>50K
71,Private,249471,Bachelors,13,Married-civ-spouse,Exec-managerial,Husband,White,Male,0,0,32,United-States,<=50K
62,Private,549298,HS-grad,9,Married-civ-spouse,Transport-moving,Husband,White,Male,0,0,40,United-States,<=50K
76,Private,372161,Some-college,10,Separated,Adm-clerical,Not-in-family,White,Male,0,0,40,United-States,<=50K
52,Private,632451,Some-college,10,Married-civ-spouse,Craft-repair,Husband,White,Male,0,0,40,United-States,>50K
29,Private,529232,Prof-school,15,Divorced,Prof-specialty,Not-in-family,White,Female,0,0,38,United-States,<=50K
39,Local-gov,504125,HS-grad,9,Divorced,Other-service,Unmarried,Other,Female,0,0,27,United-States,>50K
34,Private,255113,HS-grad,9,Married-civ-spouse,Machine-op-inspct,Husband,White,Male,0,0,40,United-States,<=50K
71,Private,655324,Masters,14,Married-civ-spouse,Exec-managerial,Wife,Black,Female,0,0,29,United-States,>50K
69,Private,830004,Bachelors,13,Divorced,Prof-specialty,Not-in-family,Asian-Pac-Islander,Female,0,0,40,Thailand,<=50K
61,Self-emp-inc,399781,Some-college,10,Married-civ-spouse,Exec-managerial,Husband,White,Male,0,0,43,United-States,>50K
51,Self-emp-not-inc,277420,Bachelors,13,Married-civ-spouse,Adm-clerical,Wife,White,Female,0,0,69,United-States,<=50K
22,Private,755244,11th,7,Married-civ-spouse,Craft-repair,Husband,White,Male,0,0,40,United-States,<=50K
63,Private,629805,Doctorate,16,Widowed,Prof-specialty,Unmarried,White,Male,0,0,40,United-States,>50K
53,Self-emp-not-inc,743688,Some-college,10,Married-civ-spouse,Adm-clerical,Husband,White,Male,0,0,52,United-States,>50K
31,Private,67726,HS-grad,9,Married-civ-spouse,Machine-op-inspct,Wife,White,Female,0,0,40,Dominican-Republic,<=50K
52,Self-emp-not-inc,882050,5th-6th,3,Widowed,Handlers-cleaners,Not-in-family,White,Male,0,0,42,United-States,>50K
49,Private,492398,HS-grad,9,Never-married,Exec-managerial,Not-in-family,White,Male,0,0,44,Thailand,<=50K
36,Private,184136,9th,5,Married-spouse-absent,Craft-repair,Not-in-family,White,Female,0,0,40,Puerto-Rico,>50K
46,Private,255729,HS-grad,9,Never-married,Adm-clerical,Not-in-family,Black,Female,0,0,37,United-States,<=50K
39,Private,586211,Masters,14,Married-civ-spouse,Prof-specialty,Wife,White,Female,0,0,50,United-States,>50K
27,Private,813005,Bachelors,13,Married-civ-spouse,Exec-managerial,Husband,White,Male,0,0,20,United-States,<=50K
51,Private,539536,HS-grad,9,Separated,Prof-specialty,Unmarried,White,Male,0,0,40,United-States,>50K
78,Private,399353,Some-college,10,Divorced,Adm-clerical,Not-in-family,White,Male,0,0,54,United-States,<=50K
53,Private,599077,Bachelors,13,Divorced,Adm-clerical,Not-in-family,White,Male,0,0,35,United-States,>50K
32,Private,171668,Some-college,10,Separated,Transport-moving,Unmarried,White,Female,0,0,40,United-States,<=50K
76,Private,533425,Some-college,10,Divorced,Transport-moving,Not-in-family,Black,Male,0,0,40,United-States,<=50K
56,Private,515951,Doctorate,16,Married-civ-spouse,Prof-specialty,Husband,White,Male,0,0,40,United-States,<=50K
46,Self-emp-inc,706587,Masters,14,Never-married,Exec-managerial,Unmarried,White,Male,0,0,59,United-States,>50K
21,Private,266174,10th,6,Never-married,Farming-fishing,Not-in-family,Black,Male,0,0,32,United-States,<=50K
40,Private,576968,Bachelors,13,Divorced,Tech-support,Not-in-family,Black,Female,0,0,41,United-States,>50K
61,Private,863718,Some-college,10,Married-civ-spouse,Other-service,Wife,White,Female,0,0,40,United-States,<=50K
40,Private,268728,Bachelors,13,Married-civ-spouse,Prof-specialty,Wife,White,Female,0,0,34,United-States,>50K
40,Self-emp-inc,656553,Some-college,10,Married-spouse-absent,Exec-managerial,Not-in-family,White,Male,0,0,64,United-States,<=50K
32,Private,362589,Assoc-acdm,12,Never-married,Prof-specialty,Own-child,Black,Male,0,0,40,Haiti,<=50K
29,Private,256574,Assoc-voc,11,Divorced,Exec-managerial,Unmarried,White,Male,0,0,34,United-States,<=50K
53,Self-emp-not-inc,727617,Doctorate,16,Divorced,Exec-managerial,Not-in-family,White,Female,0,0,45,United-States,>50K
19,Private,583658,HS-grad,9,Never-married,Prof-specialty,Not-in-family,White,Male,0,0,16,United-States,<=50K
47,Private,484920,HS-grad,9,Widowed,Exec-managerial,Not-in-family,White,Male,0,0,44,Mexico,<=50K
33,Private,242409,Some-college,10,Married-civ-spouse,Exec-managerial,Wife,Amer-Indian-Eskimo,Female,0,0,23,United-States,<=50K
60,Private,644932,Masters,14,Married-civ-spouse,Adm-clerical,Wife,White,Female,0,0,40,United-States,<=50K
72,Self-emp-not-inc,139169,HS-grad,9,Married-spouse-absent,Sales,Unmarried,Black,Female,0,0,38,United-States,<=50K
48,Private,466980,Assoc-voc,11,Married-civ-spouse,Exec-managerial,Husband,White,Male,0,0,57,United-States,>50K
53,State-gov,550108,Masters,14,Married-civ-spouse,Prof-specialty,Wife,White,Female,0,0,60,United-States,>50K
28,Private,347730,Bachelors,13,Married-civ-spouse,Sales,Wife,White,Female,0,0,40,Mexico,<=50K
60,Private,148168,Some-college,10,Widowed,Sales,Not-in-family,White,Male,0,0,37,United-States,<=50K
73,Private,603286,Some-college,10,Divorced,Protective-serv,Unmarried,White,Female,0,0,40,United-States,<=50K
66,Private,756833,Some-college,10,Married-civ-spouse,Exec-managerial,Husband,White,Male,0,0,29,United-States,<=50K
76,Local-gov,776648,Assoc-acdm,12,Married-civ-spouse,Exec-managerial,Husband,White,Male,0,0,40,United-States,>50K
78,Private,557234,Some-college,10,Married-civ-spouse,Craft-repair,Husband,White,Male,0,0,40,United-States,<=50K
45,Private,364061,HS-grad,9,Never-married,Adm-clerical,Own-child,White,Male,0,0,40,Taiwan,<=50K
49,Private,623727,HS-grad,9,Married-civ-spouse,Machine-op-inspct,Wife,White,Female,5178,0,22,United-States,>50K
43,Private,637476,Some-college,10,Married-civ-spouse,Sales,Wife,White,Female,0,0,32,United-States,>50K
23,Private,817143,Some-college,10,Never-married,Exec-managerial,Own-child,White,Male,0,0,40,United-States,>50K
22,Self-emp-not-inc,855012,Assoc-voc,11,Never-married,Exec-managerial,Not-in-family,Asian-Pac-Islander,Male,0,0,44,Philippines,<=50K
21,Private,63015,Some-college,10,Never-married,Adm-clerical,Own-child,White,Male,0,0,35,Guatemala,<=50K
69,Private,569525,Some-college,10,Married-civ-spouse,Exec-managerial,Husband,Asian-Pac-Islander,Male,0,0,51,Taiwan,>50K
32,Self-emp-not-inc,708457,Bachelors,13,Separated,Tech-support,Unmarried,White,Male,0,0,40,United-States,<=50K
55,Private,364432,10th,6,Married-civ-spouse,Handlers-cleaners,Wife,White,Female,0,0,43,Japan,>50K
59,State-gov,257547,11th,7,Widowed,Handlers-cleaners,Other-relative,White,Female,0,0,40,United-States,<=50K
26,Local-gov,868343,Preschool,1,Never-married,Farming-fishing,Unmarried,White,Male,0,0,40,United-States,<=50K
63,Private,223440,9th,5,Married-civ-spouse,Machine-op-inspct,Husband,White,Male,0,0,40,United-States,<=50K
78,Self-emp-not-inc,601478,Some-college,10,Married-civ-spouse,Transport-moving,Husband,White,Male,0,0,37,United-States,>50K
62,Self-emp-not-inc,424924,7th-8th,4,Divorced,Machine-op-inspct,Not-in-family,Black,Female,0,0,21,United-States,<=50K
40,Private,25506,1st-4th,2,Married-civ-spouse,Transport-moving,Husband,White,Male,0,0,45,United-States,>50K
18,Private,645726,9th,5,Never-married,Handlers-cleaners,Not-in-family,White,Male,0,0,34,United-States,<=50K
62,Private,844613,Bachelors,13,Married-civ-spouse,Prof-specialty,Husband,White,Male,0,0,54,United-States,>50K
52,Private,813435,12th,8,Divorced,Other-service,Not-in-family,White,Male,0,0,40,United-States,<=50K
20,Private,229159,Some-college,10,Never-married,Protective-serv,Not-in-family,White,Male,0,0,42,United-States,<=50K
48,Private,481097,Doctorate,16,Never-married,Prof-specialty,Other-relative,White,Female,0,0,40,United-States,<=50K
41,Private,328036,9th,5,Married-civ-spouse,Other-service,Husband,White,Male,0,0,17,United-States,<=50K
23,Private,688480,Some-college,10,Never-married,Exec-managerial,Not-in-family,White,Male,0,0,40,United-States,<=50K
50,Private,491778,Some-college,10,Never-married,Prof-specialty,Other-relative,White,Female,0,0,40,United-States,<=50K
51,Private,292933,Prof-school,15,Married-civ-spouse,Prof-specialty,Husband,White,Male,0,0,44,United-States,>50K
35,Federal-gov,720280,Masters,14,Married-civ-spouse,Prof-specialty,Wife,White,Female,0,0,27,United-States,<=50K
22,Private,620076,Some-college,10,Never-married,Machine-op-inspct,Own-child,White,Male,0,0,42,United-States,<=50K
69,State-gov,693540,Some-college,10,Married-civ-spouse,Sales,Wife,White,Female,0,0,49,United-States,<=50K
47,State-gov,192655,HS-grad,9,Married-civ-spouse,Transport-moving,Wife,White,Female,0,0,26,United-States,>50K
77,Federal-gov,196827,HS-grad,9,Married-civ-spouse,Other-service,Wife,Black,Female,0,0,40,United-States,<=50K
59,Private,619929,Bachelors,13,Never-married,Sales,Own-child,White,Male,0,0,11,United-States,<=50K
58,Private,233933,Some-college,10,Separated,Adm-clerical,Not-in-family,White,Male,0,0,40,United-States,>50K
27,Local-gov,73063,Some-college,10,Married-civ-spouse,Protective-serv,Husband,White,Male,0,0,40,United-States,>50K
42,Federal-gov,541530,Some-college,10,Married-civ-spouse,Other-service,Wife,Black,Female,0,0,40,United-States,<=50K
78,Private,782847,HS-grad,9,Married-civ-spouse,Exec-managerial,Husband,White,Male,0,0,60,United-States,<=50K
43,Private,154913,Some-college,10,Married-civ-spouse,Craft-repair,Husband,White,Male,0,0,39,United-States,<=50K
42,Private,655710,5th-6th,3,Married-spouse-absent,Handlers-cleaners,Unmarried,White,Male,0,0,40,United-States,<=50K
25,Self-emp-not-inc,456774,9th,5,Never-married,Machine-op-inspct,Other-relative,White,Male,3137,0,60,United-States,<=50K
72,Private,669840,Bachelors,13,Divorced,Prof-specialty,Unmarried,White,Female,0,0,59,Columbia,<=50K
42,Federal-gov,791581,Assoc-acdm,12,Never-married,Sales,Not-in-family,White,Male,0,0,40,United-States,<=50K
63,Private,694558,Assoc-voc,11,Married-civ-spouse,Prof-specialty,Husband,White,Male,0,0,40,United-States,>50K
34,Private,854042,Assoc-acdm,12,Married-civ-spouse,Exec-managerial,Husband,White,Male,0,0,50,Columbia,>50K
36,Self-emp-inc,304303,Assoc-voc,11,Never-married,Craft-repair,Not-in-family,Black,Male,0,0,56,United-States,<=50K
61,Self-emp-not-inc,828206,7th-8th,4,Married-civ-spouse,Machine-op-inspct,Husband,White,Male,0,0,38,Philippines,<=50K
53,Private,263500,HS-grad,9,Married-civ-spouse,Other-service,Wife,White,Female,0,0,40,United-States,>50K
68,Federal-gov,29717,Bachelors,13,Married-civ-spouse,Prof-specialty,Wife,Black,Female,0,0,22,United-States,<=50K
56,Self-emp-inc,34768,Some-college,10,Married-spouse-absent,Prof-specialty,Not-in-family,Asian-Pac-Islander,Male,0,0,38,India,<=50K
68,Private,280096,Assoc-voc,11,Never-married,Prof-specialty,Not-in-family,White,Male,0,0,51,United-States,>50K
42,Private,757733,HS-grad,9,Divorced,Machine-op-inspct,Own-child,White,Male,0,0,40,United-States,<=50K
62,Private,885708,Assoc-acdm,12,Separated,Craft-repair,Unmarried,White,Male,0,0,46,United-States,<=50K
33,Private,565617,HS-grad,9,Never-married,Exec-managerial,Unmarried,White,Female,0,0,28,Germany,>50K
61,Private,286817,Some-college,10,Never-married,Transport-moving,Not-in-family,White,Male,0,0,38,United-States,<=50K
64,Private,784715,11th,7,Married-civ-spouse,Transport-moving,Husband,White,Male,0,0,40,United-States,<=50K
48,Federal-gov,253507,Masters,14,Separated,Prof-specialty,Unmarried,White,Male,0,0,40,Honduras,<=50K
65,Private,53782,11th,7,Married-civ-spouse,Craft-repair,Husband,White,Male,0,0,40,United-States,>50K
43,Private,833761,11th,7,Widowed,Handlers-cleaners,Not-in-family,White,Male,0,0,40,United-States,<=50K
50,Federal-gov,308519,HS-grad,9,Married-civ-spouse,Exec-managerial,Wife,White,Female,0,0,33,United-States,<=50K
78,Private,584058,HS-grad,9,Never-married,Exec-managerial,Not-in-family,White,Male,0,0,53,United-States,<=50K
36,Federal-gov,116955,Bachelors,13,Never-married,Prof-specialty,Unmarried,Amer-Indian-Eskimo,Male,14084,0,40,United-States,>50K
34,Private,36078,Bachelors,13,Married-civ-spouse,Exec-managerial,Husband,White,Male,0,0,59,United-States,<=50K
30,Never-worked,396710,HS-grad,9,Married-civ-spouse,Exec-managerial,Wife,White,Female,0,0,47,United-States,<=50K
41,Self-emp-inc,457862,Some-college,10,Never-married,Sales,Not-in-family,Black,Male,0,0,44,United-States,>50K
30,Local-gov,593095,Some-college,10,Married-civ-spouse,Exec-managerial,Husband,White,Male,0,0,49,United-States,<=50K
56,Local-gov,667847,Bachelors,13,Widowed,Exec-managerial,Not-in-family,Black,Female,0,0,45,United-States,>50K
61,Private,207974,Masters,14,Never-married,Prof-specialty,Not-in-family,White,Female,0,0,58,United-States,<=50K
24,Private,104532,HS-grad,9,Married-civ-spouse,Adm-clerical,Husband,White,Male,0,0,40,United-States,<=50K
63,Private,119994,Masters,14,Married-civ-spouse,Prof-specialty,Wife,White,Female,0,0,31,United-States,>50K
75,Local-gov,349761,9th,5,Married-civ-spouse,Farming-fishing,Husband,White,Male,0,0,18,United-States,<=50K
31,Private,779340,HS-grad,9,Divorced,Sales,Unmarried,White,Male,0,0,40,United-States,<=50K
65,Private,259220,HS-grad,9,Married-civ-spouse,Transport-moving,Wife,White,Female,0,0,40,United-States,<=50K
78,Private,795584,Some-college,10,Married-civ-spouse,Tech-support,Husband,White,Male,0,0,40,United-States,>50K
41,Private,601141,Some-college,10,Married-civ-spouse,Adm-clerical,Husband,White,Male,0,0,36,United-States,<=50K
56,Private,537077,HS-grad,9,Divorced,Transport-moving,Not-in-family,White,Female,0,0,40,United-States,<=50K
28,Private,368354,HS-grad,9,Married-civ-spouse,Sales,Husband,White,Male,0,0,40,United-States,>50K
41,Private,325605,11th,7,Married-civ-spouse,Farming-fishing,Wife,Black,Female,0,0,40,United-States,>50K
58,Private,782538,Assoc-voc,11,Never-married,Transport-moving,Not-in-family,White,Male,0,0,28,United-States,<=50K
63,Private,97558,Some-college,10,Divorced,Transport-moving,Unmarried,White,Male,0,0,40,United-States,<=50K
56,Private,826306,Some-college,10,Married-civ-spouse,Other-service,Husband,White,Male,0,0,52,United-States,<=50K
60,Self-emp-inc,741068,HS-grad,9,Never-married,Exec-managerial,Not-in-family,White,Male,0,0,41,Honduras,>50K
50,Private,497450,Bachelors,13,Never-married,Exec-managerial,Own-child,Other,Male,0,0,40,United-States,<=50K
51,Private,275761,Assoc-acdm,12,Never-married,Adm-clerical,Not-in-family,White,Male,0,0,35,United-States,<=50K
57,Private,24666,Bachelors,13,Never-married,Prof-specialty,Other-relative,White,Male,0,0,54,United-States,<=50K
35,Private,645969,Masters,14,Never-married,Sales,Unmarried,White,Male,0,0,40,United-States,<=50K
43,Local-gov,411439,Some-college,10,Married-civ-spouse,Prof-specialty,Husband,Black,Male,0,0,60,United-States,>50K
54,Private,76215,Masters,14,Never-married,Prof-specialty,Own-child,White,Male,0,0,46,Germany,>50K
28,Private,308204,Doctorate,16,Married-civ-spouse,Prof-specialty,Husband,White,Male,7688,0,56,United-States,>50K
36,Self-emp-not-inc,816922,HS-grad,9,Married-civ-spouse,Machine-op-inspct,Husband,White,Male,0,0,53,United-States,<=50K
52,Self-emp-not-inc,833308,Assoc-voc,11,Married-civ-spouse,Prof-specialty,Husband,White,Male,0,0,35,Mexico,<=50K
30,Private,196556,11th,7,Never-married,Craft-repair,Not-in-family,White,Female,0,0,54,United-States,<=50K
63,Private,159136,Some-college,10,Never-married,Other-service,Other-relative,Black,Male,0,0,40,United-States,<=50K
63,Local-gov,806224,HS-grad,9,Married-civ-spouse,Tech-support,Husband,White,Male,0,0,40,United-States,<=50K
77,Private,538746,Some-college,10,Married-civ-spouse,Exec-managerial,Wife,Black,Female,0,0,35,United-States,>50K
71,Local-gov,468580,HS-grad,9,Never-married,Transport-moving,Not-in-family,Black,Male,0,0,13,United-States,<=50K
62,State-gov,781253,HS-grad,9,Divorced,Other-service,Not-in-family,White,Female,0,0,17,United-States,<=50K
36,Private,747744,Masters,14,Married-civ-spouse,Exec-managerial,Husband,White,Male,0,0,40,United-States,>50K
22,Private,777524,HS-grad,9,Married-civ-spouse,Tech-support,Husband,White,Male,3325,0,40,United-States,<=50K
65,Private,279822,HS-grad,9,Married-civ-spouse,Other-service,Husband,White,Male,0,0,18,United-States,<=50K
23,Private,77219,Some-college,10,Married-civ-spouse,Other-service,Husband,White,Male,0,0,24,United-States,<=50K
68,Private,201162,Assoc-acdm,12,Never-married,Prof-specialty,Not-in-family,White,Female,0,0,40,Italy,<=50K
67,Private,665972,Assoc-acdm,12,Never-married,Other-service,Not-in-family,Asian-Pac-Islander,Male,0,0,31,United-States,<=50K
23,Private,475589,HS-grad,9,Never-married,Tech-support,Not-in-family,White,Male,0,0,40,United-States,<=50K
57,Self-emp-not-inc,195073,HS-grad,9,Married-civ-spouse,Machine-op-inspct,Husband,White,Male,0,0,25,United-States,<=50K
65,State-gov,555593,Some-college,10,Married-civ-spouse,Transport-moving,Wife,White,Female,0,0,40,United-States,<=50K
49,Private,177375,Some-college,10,Married-civ-spouse,Transport-moving,Wife,Black,Female,9386,0,11,United-States,>50K
72,Private,254026,HS-grad,9,Divorced,Craft-repair,Unmarried,White,Male,0,0,37,Germany,<=50K
20,Local-gov,537326,Assoc-acdm,12,Never-married,Adm-clerical,Own-child,White,Female,0,0,45,United-States,<=50K
66,Private,782540,Preschool,1,Separated,Handlers-cleaners,Not-in-family,White,Male,2580,0,32,United-States,<=50K
31,Private,804229,Some-college,10,Married-civ-spouse,Sales,Husband,Other,Male,0,0,17,United-States,<=50K
24,Private,837823,HS-grad,9,Never-married,Prof-specialty,Own-child,White,Male,0,0,40,United-States,<=50K
24,Private,652608,Assoc-acdm,12,Never-married,Protective-serv,Own-child,White,Male,0,0,40,United-States,<=50K
71,Private,281989,HS-grad,9,Married-civ-spouse,Protective-serv,Wife,White,Female,0,0,40,United-States,<=50K
24,Self-emp-inc,227356,HS-grad,9,Never-married,Sales,Not-in-family,White,Female,0,0,47,United-States,<=50K
45,Local-gov,467389,9th,5,Married-civ-spouse,Farming-fishing,Wife,White,Female,0,0,40,Canada,<=50K
31,Private,459599,HS-grad,9,Married-civ-spouse,Craft-repair,Wife,White,Female,0,0,23,United-States,<=50K
74,Self-emp-inc,47329,HS-grad,9,Married-civ-spouse,Exec-managerial,Wife,White,Female,0,0,42,United-States,<=50K
32,Self-emp-not-inc,792863,Some-college,10,Divorced,Exec-managerial,Not-in-family,White,Male,0,0,38,United-States,>50K
78,Private,610462,HS-grad,9,Divorced,Transport-moving,Unmarried,Black,Male,0,0,40,United-States,<=50K
59,Private,861403,Prof-school,15,Married-civ-spouse,Exec-managerial,Husband,White,Male,0,0,25,United-States,>50K
37,Private,358273,11th,7,Married-civ-spouse,Handlers-cleaners,Husband,White,Male,0,0,42,United-States,<=50K
28,Private,741942,HS-grad,9,Married-civ-spouse,Exec-managerial,Wife,White,Female,0,0,40,United-States,<=50K
29,Private,801549,Some-college,10,Widowed,Protective-serv,Other-relative,Amer-Indian-Eskimo,Female,0,0,40,United-States,<=50K
40,State-gov,775408,HS-grad,9,Married-civ-spouse,Sales,Wife,White,Female,8614,0,40,United-States,>50K
42,Private,55035,HS-grad,9,Married-civ-spouse,Tech-support,Husband,Black,Male,0,0,53,United-States,<=50K
38,Private,705386,Some-college,10,Married-civ-spouse,Other-service,Husband,White,Male,0,0,17,United-States,<=50K
74,Private,534796,HS-grad,9,Married-civ-spouse,Protective-serv,Husband,White,Male,15024,0,40,United-States,>50K
41,Local-gov,513821,HS-grad,9,Married-civ-spouse,Prof-specialty,Husband,White,Male,0,0,24,United-States,<=50K
64,Private,109870,Bachelors,13,Never-married,Prof-specialty,Not-in-family,White,Male,99999,0,40,United-States,>50K
56,Private,546491,Masters,14,Divorced,Prof-specialty,Not-in-family,White,Male,0,0,56,Honduras,>50K
55,Private,882520,Bachelors,13,Never-married,Sales,Own-child,White,Female,0,0,40,Taiwan,>50K
60,Private,839656,Bachelors,13,Separated,Prof-specialty,Other-relative,White,Male,0,0,27,United-States,>50K
44,Self-emp-inc,200564,Some-college,10,Never-married,Exec-managerial,Own-child,White,Male,0,0,43,United-States,<=50K
27,State-gov,535500,Some-college,10,Never-married,Machine-op-inspct,Not-in-family,White,Male,0,0,40,United-States,<=50K
34,Private,527993,Doctorate,16,Married-civ-spouse,Sales,Wife,White,Female,0,0,40,United-States,>50K
73,Self-emp-not-inc,54677,Assoc-voc,11,Married-civ-spouse,Sales,Husband,White,Male,0,0,43,United-States,<=50K
76,Private,598115,Some-college,10,Married-civ-spouse,Exec-managerial,Husband,White,Male,0,0,41,Cuba,>50K
28,Local-gov,449399,Some-college,10,Married-civ-spouse,Sales,Wife,White,Female,0,0,16,United-States,<=50K
71,Private,336822,Bachelors,13,Never-married,Exec-managerial,Not-in-family,Black,Female,0,0,34,United-States,<=50K
61,Private,360930,Masters,14,Married-civ-spouse,Tech-support,Husband,Black,Male,0,0,45,United-States,>50K
44,Private,292028,Doctorate,16,Widowed,Prof-specialty,Not-in-family,White,Male,0,0,60,United-States,<=50K
42,Private,334777,9th,5,Married-civ-spouse,Craft-repair,Husband,White,Male,0,0,36,United-States,<=50K
70,Private,460897,11th,7,Never-married,Transport-moving,Not-in-family,White,Male,0,0,51,United-States,<=50K
39,Private,332848,Assoc-acdm,12,Never-married,Sales,Not-in-family,White,Male,0,0,25,United-States,<=50K
73,Private,205413,Some-college,10,Married-civ-spouse,Tech-support,Wife,White,Female,9386,0,20,Philippines,>50K
21,Self-emp-not-inc,786151,Some-college,10,Never-married,Exec-managerial,Own-child,White,Male,0,1628,58,United-States,<=50K
18,Private,324955,Some-college,10,Never-married,Machine-op-inspct,Own-child,White,Female,0,0,33,Mexico,<=50K
51,State-gov,782491,Some-college,10,Married-civ-spouse,Protective-serv,Husband,White,Male,0,1628,40,India,<=50K
30,Private,896735,12th,8,Never-married,Craft-repair,Not-in-family,White,Female,0,0,37,Mexico,<=50K
62,Private,163826,HS-grad,9,Married-civ-spouse,Adm-clerical,Husband,White,Male,0,0,45,United-States,<=50K
75,Private,594765,Some-college,10,Never-married,Sales,Not-in-family,White,Male,0,0,26,United-States,<=50K
35,Private,695636,Bachelors,13,Never-married,Exec-managerial,Not-in-family,White,Female,0,0,32,United-States,>50K
36,Local-gov,715578,HS-grad,9,Married-civ-spouse,Other-service,Husband,Black,Male,0,1590,40,United-States,<=50K
43,Private,521476,Masters,14,Married-civ-spouse,Sales,Husband,White,Male,0,0,40,United-States,>50K
59,Private,837012,Assoc-acdm,12,Married-civ-spouse,Machine-op-inspct,Wife,Other,Female,0,0,40,United-States,<=50K
19,Private,374733,Some-college,10,Never-married,Exec-managerial,Not-in-family,Black,Female,0,0,30,United-States,<=50K
66,Private,512085,Bachelors,13,Married-civ-spouse,Exec-managerial,Wife,White,Female,3325,0,32,United-States,<=50K
38,Self-emp-inc,144473,Doctorate,16,Never-married,Exec-managerial,Not-in-family,White,Male,14084,0,47,United-States,>50K
64,Private,377411,5th-6th,3,Married-civ-spouse,Craft-repair,Husband,White,Male,0,0,40,United-States,<=50K
21,Private,326166,Some-college,10,Never-married,Machine-op-inspct,Not-in-family,White,Female,0,0,40,United-States,<=50K
45,Private,884607,Bachelors,13,Married-civ-spouse,Exec-managerial,Wife,White,Female,0,0,40,United-States,>50K
63,Private,473834,Assoc-acdm,12,Divorced,Prof-specialty,Not-in-family,White,Male,0,0,40,India,<=50K
47,Private,819407,11th,7,Divorced,Machine-op-inspct,Own-child,Black,Female,0,0,39,United-States,<=50K
43,Private,247900,HS-grad,9,Widowed,Tech-support,Unmarried,White,Female,0,0,37,United-States,<=50K
57,Private,618357,HS-grad,9,Never-married,Machine-op-inspct,Unmarried,Amer-Indian-Eskimo,Female,0,0,40,United-States,<=50K
62,Private,736586,7th-8th,4,Divorced,Farming-fishing,Unmarried,Black,Male,0,0,40,United-States,<=50K
71,Private,857625,HS-grad,9,Divorced,Adm-clerical,Not-in-family,White,Male,0,0,54,United-States,<=50K
66,Federal-gov,256504,Masters,14,Separated,Adm-clerical,Unmarried,White,Female,0,0,40,United-States,<=50K
62,Private,558807,9th,5,Married-civ-spouse,Transport-moving,Wife,White,Female,0,0,40,United-States,<=50K
20,Private,335783,HS-grad,9,Never-married,Adm-clerical,Own-child,White,Male,0,0,36,United-States,<=50K
58,Private,368005,Bachelors,13,Married-civ-spouse,Prof-specialty,Husband,Asian-Pac-Islander,Male,0,0,46,Japan,>50K
36,Without-pay,356526,Some-college,10,Divorced,Handlers-cleaners,Unmarried,White,Male,0,0,38,United-States,<=50K
68,Private,120617,Some-college,10,Married-civ-spouse,Adm-clerical,Wife,Black,Female,0,0,40,United-States,<=50K
67,Private,697968,HS-grad,9,Married-civ-spouse,Prof-specialty,Husband,White,Male,0,0,54,Mexico,<=50K
21,Private,351773,11th,7,Never-married,Handlers-cleaners,Own-child,White,Female,0,0,17,United-States,<=50K
61,Private,822448,HS-grad,9,Married-civ-spouse,Sales,Husband,White,Male,0,0,40,United-States,<=50K
41,Private,784752,7th-8th,4,Never-married,Handlers-cleaners,Not-in-family,White,Male,0,0,40,United-States,<=50K
22,Private,666850,Masters,14,Never-married,Prof-specialty,Own-child,Asian-Pac-Islander,Male,0,0,26,China,<=50K
29,Private,366922,11th,7,Never-married,Transport-moving,Own-child,Other,Male,0,0,42,United-States,<=50K
60,Private,351699,Some-college,10,Married-civ-spouse,Other-service,Husband,White,Male,0,0,40,United-States,<=50K
38,Private,530626,Prof-school,15,Married-civ-spouse,Sales,Husband,White,Male,0,0,40,United-States,>50K
33,Private,627021,Bachelors,13,Married-civ-spouse,Sales,Husband,Black,Male,0,0,12,United-States,<=50K
55,Private,160384,Some-college,10,Married-civ-spouse,Other-service,Husband,White,Male,0,0,40,United-States,<=50K
54,Private,173300,Bachelors,13,Married-civ-spouse,Exec-managerial,Husband,Amer-Indian-Eskimo,Male,0,0,46,Vietnam,>50K
48,Self-emp-not-inc,68693,Assoc-voc,11,Married-civ-spouse,Craft-repair,Wife,White,Female,0,0,26,United-States,>50K
59,Local-gov,283807,HS-grad,9,Never-married,Transport-moving,Not-in-family,White,Male,0,0,40,United-States,<=50K
76,Local-gov,177538,Some-college,10,Married-civ-spouse,Adm-clerical,Husband,White,Male,0,0,40,Mexico,>50K
41,Private,641121,HS-grad,9,Divorced,Adm-clerical,Unmarried,White,Male,2174,0,40,United-States,<=50K
58,Private,109913,HS-grad,9,Separated,Other-service,Unmarried,White,Male,0,0,40,United-States,<=50K
56,Local-gov,639284,HS-grad,9,Divorced,Prof-specialty,Not-in-family,White,Female,0,0,40,United-States,<=50K
42,Private,841945,HS-grad,9,Married-civ-spouse,Other-service,Husband,White,Male,0,0,40,United-States,<=50K
70,Private,525543,Bachelors,13,Never-married,Sales,Not-in-family,Black,Male,0,0,21,United-States,<=50K
42,Local-gov,626063,Assoc-acdm,12,Divorced,Exec-managerial,Own-child,White,Male,0,1408,48,United-States,<=50K
55,Private,811645,Bachelors,13,Never-married,Prof-specialty,Own-child,White,Male,0,0,49,United-States,>50K
53,Private,753281,HS-grad,9,Never-married,Adm-clerical,Not-in-family,White,Female,0,0,14,United-States,<=50K
34,Private,112422,Prof-school,15,Married-civ-spouse,Prof-specialty,Husband,White,Male,0,0,36,United-States,<=50K
32,Federal-gov,708793,HS-grad,9,Never-married,Tech-support,Own-child,White,Male,0,0,41,United-States,<=50K
50,Private,837546,7th-8th,4,Married-civ-spouse,Other-service,Husband,White,Male,0,0,40,United-States,>50K
60,Self-emp-not-inc,496849,Some-college,10,Never-married,Sales,Not-in-family,White,Male,0,0,43,United-States,<=50K
53,Private,747912,7th-8th,4,Married-civ-spouse,Craft-repair,Husband,White,Male,0,0,26,United-States,<=50K
42,Federal-gov,755236,Some-college,10,Divorced,Exec-managerial,Unmarried,White,Male,0,0,40,United-States,>50K
38,Private,390711,HS-grad,9,Married-civ-spouse,Machine-op-inspct,Husband,White,Male,0,0,51,United-States,>50K
54,State-gov,131871,HS-grad,9,Widowed,Exec-managerial,Not-in-family,White,Male,0,0,40,United-States,>50K
23,Self-emp-not-inc,211755,HS-grad,9,Married-civ-spouse,Exec-managerial,Wife,White,Female,0,0,25,United-States,<=50K
75,Self-emp-not-inc,146215,12th,8,Married-civ-spouse,Handlers-cleaners,Husband,White,Male,0,0,43,United-States,<=50K
51,Private,212847,Masters,14,Married-civ-spouse,Prof-specialty,Husband,White,Male,0,0,40,United-States,>50K
35,Private,858900,Bachelors,13,Divorced,Prof-specialty,Not-in-family,White,Male,0,0,31,Italy,<=50K
37,Private,191276,Prof-school,15,Married-civ-spouse,Exec-managerial,Husband,Black,Male,0,0,40,United-States,<=50K
70,Self-emp-not-inc,624875,HS-grad,9,Divorced,Adm-clerical,Not-in-family,White,Male,0,0,56,United-States,<=50K
63,Private,866952,Bachelors,13,Married-spouse-absent,Prof-specialty,Not-in-family,White,Male,0,0,40,United-States,<=50K
43,Private,400805,7th-8th,4,Never-married,Machine-op-inspct,Unmarried,White,Male,0,0,37,United-States,<=50K
51,Private,76440,Assoc-voc,11,Married-civ-spouse,Sales,Wife,White,Female,0,0,40,United-States,>50K
43,Private,899249,HS-grad,9,Married-AF-spouse,Prof-specialty,Husband,White,Male,0,0,40,Jamaica,>50K
20,Self-emp-inc,568887,HS-grad,9,Never-married,Exec-managerial,Own-child,White,Female,0,0,50,Poland,<=50K
56,Private,320692,Masters,14,Married-civ-spouse,Sales,Husband,White,Male,0,0,40,United-States,>50K
22,Private,769666,Bachelors,13,Married-civ-spouse,Sales,Wife,White,Female,0,0,40,United-States,<=50K
42,Private,91789,Assoc-voc,11,Married-civ-spouse,Prof-specialty,Wife,White,Female,0,0,60,United-States,>50K
36,Private,479713,HS-grad,9,Married-civ-spouse,Machine-op-inspct,Husband,White,Male,0,0,40,United-States,<=50K
32,Private,78760,Assoc-voc,11,Married-civ-spouse,Tech-support,Husband,White,Male,0,0,48,United-States,>50K
43,Local-gov,791041,HS-grad,9,Never-married,Transport-moving,Not-in-family,Black,Male,0,0,34,United-States,<=50K
51,Private,719080,Assoc-acdm,12,Married-civ-spouse,Protective-serv,Wife,Asian-Pac-Islander,Female,0,0,40,China,<=50K
25,Private,185358,HS-grad,9,Never-married,Tech-support,Not-in-family,White,Male,0,0,40,Poland,<=50K
65,Private,864654,Bachelors,13,Separated,Exec-managerial,Other-relative,White,Male,0,0,40,United-States,<=50K
63,Private,511147,9th,5,Never-married,Farming-fishing,Not-in-family,White,Male,0,0,40,United-States,<=50K
71,Private,356272,Some-college,10,Divorced,Exec-managerial,Not-in-family,Black,Male,0,0,36,United-States,<=50K
60,Private,156078,Assoc-voc,11,Divorced,Machine-op-inspct,Not-in-family,White,Female,0,0,40,United-States,<=50K
20,Local-gov,892496,HS-grad,9,Never-married,Prof-specialty,Own-child,White,Male,4416,0,40,United-States,<=50K
69,Self-emp-not-inc,564719,HS-grad,9,Married-civ-spouse,Other-service,Husband,Black,Male,0,0,44,United-States,>50K
64,Private,756677,HS-grad,9,Married-civ-spouse,Prof-specialty,Husband,White,Male,0,0,58,Puerto-Rico,<=50K
28,Private,684001,Masters,14,Married-civ-spouse,Prof-specialty,Husband,White,Male,0,0,55,Scotland,<=50K
64,Private,562752,Some-college,10,Married-civ-spouse,Tech-support,Husband,White,Male,8614,0,24,United-States,>50K
74,Private,59569,HS-grad,9,Married-civ-spouse,Other-service,Husband,White,Male,0,0,23,United-States,<=50K
27,Private,743092,Some-college,10,Married-civ-spouse,Transport-moving,Husband,White,Male,0,0,52,United-States,<=50K
28,Private,704488,Masters,14,Married-civ-spouse,Prof-specialty,Husband,White,Male,0,0,51,United-States,<=50K
28,Private,623198,Doctorate,16,Never-married,Prof-specialty,Not-in-family,White,Male,0,0,48,United-States,<=50K
36,Private,606464,Bachelors,13,Divorced,Prof-specialty,Not-in-family,White,Male,0,0,49,United-States,<=50K
43,Private,385227,HS-grad,9,Married-civ-spouse,Machine-op-inspct,Husband,White,Male,0,0,31,United-States,>50K
40,Private,183568,HS-grad,9,Married-civ-spouse,Protective-serv,Husband,White,Male,0,0,40,France,<=50K
72,Private,592967,Assoc-voc,11,Never-married,Craft-repair,Not-in-family,Black,Male,0,0,40,United-States,<=50K
38,Private,75663,Bachelors,13,Never-married,Tech-support,Other-relative,White,Male,0,0,40,Philippines,>50K
22,State-gov,646111,Bachelors,13,Married-civ-spouse,Prof-specialty,Husband,White,Male,0,0,53,United-States,<=50K
33,Private,545600,Bachelors,13,Widowed,Exec-managerial,Not-in-family,Asian-Pac-Islander,Male,0,0,46,India,>50K
21,Local-gov,662198,Some-college,10,Married-civ-spouse,Sales,Husband,White,Male,0,0,46,United-States,>50K
42,Private,569249,Doctorate,16,Never-married,Tech-support,Not-in-family,White,Male,0,0,50,United-States,>50K
44,Federal-gov,454152,9th,5,Married-spouse-absent,Sales,Not-in-family,White,Female,9386,0,43,United-States,>50K
47,Federal-gov,262129,Prof-school,15,Separated,Prof-specialty,Not-in-family,White,Male,0,0,46,United-States,>50K
44,Local-gov,453108,Masters,14,Divorced,Prof-specialty,Not-in-family,White,Male,3103,0,40,United-States,>50K
60,Federal-gov,775185,HS-grad,9,Divorced,Protective-serv,Not-in-family,Black,Female,0,0,40,United-States,<=50K
57,Private,61158,Some-college,10,Never-married,Machine-op-inspct,Not-in-family,White,Female,0,0,11,United-States,<=50K
55,Private,890206,Bachelors,13,Widowed,Sales,Unmarried,White,Female,0,0,36,United-States,>50K
27,Federal-gov,114560,Masters,14,Married-civ-spouse,Tech-support,Wife,White,Female,0,0,40,United-States,<=50K
62,Self-emp-not-inc,417073,HS-grad,9,Never-married,Sales,Not-in-family,White,Male,0,0,36,United-States,<=50K
24,Private,157962,Bachelors,13,Married-civ-spouse,Exec-managerial,Wife,Black,Female,0,0,54,United-States,<=50K
28,Private,26892,Prof-school,15,Married-civ-spouse,Sales,Husband,White,Male,0,2415,38,United-States,>50K
53,Private,71413,HS-grad,9,Never-married,Craft-repair,Unmarried,White,Male,0,0,54,United-States,<=50K
29,Private,417346,HS-grad,9,Married-civ-spouse,Machine-op-inspct,Husband,White,Male,0,0,40,United-States,>50K
65,Private,574640,11th,7,Never-married,Transport-moving,Not-in-family,White,Male,0,0,40,United-States,>50K
47,Private,541919,12th,8,Never-married,Other-service,Unmarried,Black,Female,0,0,46,United-States,<=50K
33,Private,688470,Bachelors,13,Married-civ-spouse,Exec-managerial,Wife,White,Female,0,0,29,United-States,>50K
58,Self-emp-not-inc,892460,HS-grad,9,Married-civ-spouse,Adm-clerical,Husband,White,Male,0,0,35,United-States,<=50K
39,Private,78743,HS-grad,9,Separated,Sales,Unmarried,White,Female,0,0,27,United-States,<=50K
36,Private,194031,11th,7,Never-married,Craft-repair,Own-child,White,Male,0,0,40,Germany,>50K
46,Self-emp-not-inc,203514,Bachelors,13,Married-civ-spouse,Prof-specialty,Husband,Black,Male,0,0,36,United-States,<=50K
68,Private,170255,HS-grad,9,Married-civ-spouse,Exec-managerial,Husband,White,Male,0,0,25,Philippines,<=50K
24,Private,369479,Assoc-acdm,12,Married-civ-spouse,Machine-op-inspct,Wife,White,Female,0,0,40,United-States,>50K
24,Private,176574,Bachelors,13,Married-civ-spouse,Sales,Husband,White,Male,0,0,40,United-States,>50K
25,Private,73190,HS-grad,9,Never-married,Adm-clerical,Own-child,White,Male,0,0,40,United-States,<=50K
48,Private,767528,HS-grad,9,Married-civ-spouse,Sales,Wife,White,Female,0,0,51,United-States,<=50K
69,Private,170703,Assoc-voc,11,Widowed,Craft-repair,Not-in-family,Black,Male,0,0,38,United-States,<=50K
67,Private,199098,Doctorate,16,Married-civ-spouse,Adm-clerical,Husband,White,Male,0,0,40,Mexico,>50K
40,Private,594566,Some-college,10,Married-civ-spouse,Transport-moving,Husband,White,Male,0,0,35,United-States,<=50K
48,Local-gov,897394,HS-grad,9,Married-civ-spouse,Prof-specialty,Husband,White,Male,0,0,40,United-States,<=50K
59,Private,114930,Bachelors,13,Married-civ-spouse,Prof-specialty,Husband,White,Male,0,0,31,United-States,>50K
26,Private,852932,HS-grad,9,Married-civ-spouse,Craft-repair,Wife,White,Female,0,0,40,United-States,<=50K
36,Federal-gov,75708,9th,5,Widowed,Priv-house-serv,Not-in-family,White,Female,0,0,31,United-States,<=50K
53,Local-gov,714668,HS-grad,9,Married-civ-spouse,Other-service,Wife,White,Female,0,0,40,United-States,<=50K
26,Private,162371,HS-grad,9,Divorced,Protective-serv,Unmarried,White,Male,0,0,40,United-States,<=50K
59,Private,27790,HS-grad,9,Divorced,Other-service,Unmarried,White,Female,0,0,28,United-States,<=50K
68,Private,807042,Bachelors,13,Never-married,Prof-specialty,Not-in-family,Amer-Indian-Eskimo,Male,0,0,52,United-States,<=50K
47,Private,557566,Assoc-acdm,12,Never-married,Prof-specialty,Own-child,White,Male,0,2339,58,United-States,<=50K
53,Federal-gov,197292,9th,5,Married-civ-spouse,Farming-fishing,Wife,White,Female,0,0,52,United-States,<=50K
64,Private,653152,Bachelors,13,Divorced,Exec-managerial,Unmarried,White,Female,0,0,49,United-States,>50K
55,Private,181638,HS-grad,9,Never-married,Transport-moving,Not-in-family,White,Female,0,0,40,United-States,>50K
65,Private,519365,11th,7,Divorced,Craft-repair,Not-in-family,White,Female,0,0,40,United-States,<=50K
65,Private,736047,Some-college,10,Separated,Tech-support,Unmarried,White,Female,0,0,19,United-States,<=50K
34,Private,724527,Prof-school,15,Never-married,Adm-clerical,Other-relative,Black,Female,0,0,35,United-States,<=50K
34,Private,222458,Bachelors,13,Never-married,Exec-managerial,Other-relative,White,Male,0,0,40,United-States,>50K
57,Local-gov,213743,HS-grad,9,Widowed,Protective-serv,Not-in-family,White,Male,0,0,40,United-States,<=50K
61,Private,834854,9th,5,Married-civ-spouse,Handlers-cleaners,Husband,White,Male,0,0,52,Hong,<=50K
42,Federal-gov,248994,HS-grad,9,Married-civ-spouse,Adm-clerical,Husband,White,Male,0,0,40,United-States,<=50K
28,Private,430339,Bachelors,13,Never-married,Prof-specialty,Not-in-family,White,Female,0,0,20,United-States,<=50K
54,Private,734956,Bachelors,13,Divorced,Sales,Not-in-family,Black,Female,0,0,40,United-States,<=50K
21,Federal-gov,131954,Some-college,10,Never-married,Sales,Own-child,White,Male,0,0,40,United-States,<=50K
44,Private,894774,Bachelors,13,Separated,Exec-managerial,Unmarried,White,Male,0,0,40,Trinadad&Tobago,<=50K
18,Private,514109,11th,7,Never-married,Farming-fishing,Own-child,White,Male,0,0,17,United-States,<=50K
56,Private,643879,9th,5,Never-married,Handlers-cleaners,Not-in-family,White,Male,0,0,50,United-States,>50K
32,Private,67800,Assoc-acdm,12,Married-civ-spouse,Transport-moving,Husband,White,Male,0,0,35,United-States,<=50K
43,Self-emp-not-inc,185416,Bachelors,13,Married-civ-spouse,Exec-managerial,Husband,White,Male,0,0,38,United-States,<=50K
49,Federal-gov,203027,HS-grad,9,Married-civ-spouse,Machine-op-inspct,Husband,White,Male,0,0,40,United-States,<=50K
24,Private,818100,Bachelors,13,Married-civ-spouse,Sales,Husband,White,Male,0,0,40,United-States,<=50K
49,Private,239770,12th,8,Divorced,Machine-op-inspct,Unmarried,White,Male,0,0,40,United-States,<=50K
39,Private,361806,Some-college,10,Separated,Sales,Unmarried,White,Male,0,0,40,United-States,<=50K
65,Self-emp-not-inc,246665,Some-college,10,Married-civ-spouse,Adm-clerical,Wife,White,Female,0,0,38,United-States,<=50K
46,Private,500854,7th-8th,4,Married-civ-spouse,Machine-op-inspct,Husband,White,Male,0,0,43,United-States,>50K
66,Self-emp-not-inc,516489,Some-college,10,Separated,Prof-specialty,Not-in-family,White,Male,0,0,52,United-States,<=50K
34,Local-gov,789105,11th,7,Married-civ-spouse,Machine-op-inspct,Husband,White,Male,0,0,28,United-States,<=50K
20,Private,339644,Assoc-acdm,12,Never-married,Exec-managerial,Not-in-family,White,Male,0,1887,40,United-States,>50K
47,Private,744304,HS-grad,9,Divorced,Transport-moving,Not-in-family,Black,Female,0,0,51,United-States,>50K
20,Private,421557,Some-college,10,Never-married,Craft-repair,Not-in-family,White,Male,0,0,37,United-States,<=50K
57,Private,756984,Some-college,10,Married-civ-spouse,Machine-op-inspct,Husband,White,Male,0,0,36,United-States,<=50K
65,State-gov,731257,HS-grad,9,Married-civ-spouse,Exec-managerial,Wife,White,Female,0,0,52,United-States,<=50K
74,Federal-gov,192769,11th,7,Never-married,Farming-fishing,Unmarried,Asian-Pac-Islander,Male,0,0,40,Vietnam,<=50K
62,Private,218244,Some-college,10,Married-civ-spouse,Protective-serv,Husband,White,Male,0,0,40,United-States,<=50K
73,Private,847691,HS-grad,9,Divorced,Exec-managerial,Unmarried,White,Female,0,0,39,United-States,<=50K
68,Self-emp-not-inc,746515,Some-college,10,Never-married,Sales,Other-relative,White,Male,0,0,64,United-States,>50K
67,Private,490211,9th,5,Married-civ-spouse,Machine-op-inspct,Husband,White,Male,0,0,44,United-States,<=50K
32,Private,329913,Bachelors,13,Married-civ-spouse,Adm-clerical,Husband,White,Male,0,0,10,Puerto-Rico,<=50K
40,Private,343047,Bachelors,13,Divorced,Sales,Own-child,White,Female,0,0,52,Cuba,<=50K
57,Private,724179,HS-grad,9,Married-civ-spouse,Sales,Wife,White,Female,0,0,40,United-States,>50K
60,Private,608285,Prof-school,15,Never-married,Exec-managerial,Own-child,White,Male,0,0,40,United-States,>50K
64,Private,570818,HS-grad,9,Never-married,Craft-repair,Not-in-family,White,Female,0,0,38,India,<=50K
21,Private,882767,12th,8,Never-married,Machine-op-inspct,Own-child,White,Female,0,0,40,United-States,<=50K
70,Private,696106,11th,7,Never-married,Farming-fishing,Own-child,White,Male,0,0,42,United-States,<=50K
25,Private,81352,HS-grad,9,Separated,Exec-managerial,Not-in-family,White,Female,0,0,56,United-States,<=50K
47,Private,678537,HS-grad,9,Married-civ-spouse,Adm-clerical,Wife,White,Female,0,0,40,Philippines,<=50K
24,Local-gov,528453,HS-grad,9,Never-married,Transport-moving,Own-child,White,Male,5013,0,37,United-States,<=50K
76,Private,457619,Some-college,10,Married-civ-spouse,Craft-repair,Wife,White,Female,0,0,52,India,<=50K
22,Private,154966,Some-college,10,Never-married,Craft-repair,Own-child,White,Male,0,0,40,Portugal,<=50K
37,Private,851578,Doctorate,16,Married-civ-spouse,Adm-clerical,Wife,White,Female,0,0,42,United-States,<=50K
59,Private,802445,Masters,14,Married-civ-spouse,Exec-managerial,Husband,White,Male,0,1740,44,United-States,>50K
54,Private,200117,7th-8th,4,Married-civ-spouse,Transport-moving,Husband,White,Male,0,0,54,United-States,<=50K
51,Federal-gov,244682,9th,5,Never-married,Farming-fishing,Unmarried,White,Male,0,0,31,United-States,>50K
48,Private,347162,Bachelors,13,Married-spouse-absent,Exec-managerial,Not-in-family,White,Male,0,0,40,United-States,>50K
50,Self-emp-inc,729381,Masters,14,Married-civ-spouse,Craft-repair,Husband,Black,Male,14084,0,10,Dominican-Republic,>50K
27,State-gov,768152,HS-grad,9,Separated,Craft-repair,Not-in-family,White,Male,0,0,40,United-States,<=50K
55,Private,262034,Assoc-acdm,12,Divorced,Exec-managerial,Unmarried,White,Male,0,0,40,United-States,<=50K
30,Private,851239,Bachelors,13,Never-married,Exec-managerial,Unmarried,White,Male,14344,0,51,United-States,>50K
40,Private,54455,Bachelors,13,Never-married,Sales,Not-in-family,White,Female,0,0,40,El-Salvador,>50K
60,Private,519028,HS-grad,9,Married-civ-spouse,Exec-managerial,Wife,White,Female,0,0,56,United-States,<=50K
32,Private,798103,Bachelors,13,Married-civ-spouse,Adm-clerical,Husband,White,Male,0,0,40,United-States,>50K
70,Private,140031,Bachelors,13,Married-civ-spouse,Prof-specialty,Wife,White,Female,0,1902,48,United-States,>50K
19,Private,727905,Some-college,10,Never-married,Tech-support,Own-child,White,Male,0,0,25,United-States,<=50K
49,Private,863687,HS-grad,9,Divorced,Tech-support,Not-in-family,White,Male,0,0,40,United-States,<=50K
65,Private,473939,HS-grad,9,Never-married,Adm-clerical,Own-child,White,Female,0,0,44,United-States,<=50K
42,Private,509994,Masters,14,Married-civ-spouse,Prof-specialty,Husband,White,Male,0,0,41,United-States,>50K
58,Private,450189,HS-grad,9,Never-married,Exec-managerial,Unmarried,White,Male,0,0,40,United-States,<=50K
71,Private,506706,Some-college,10,Never-married,Adm-clerical,Unmarried,White,Female,0,0,40,United-States,>50K
49,Private,332453,Bachelors,13,Separated,Exec-managerial,Unmarried,White,Male,5178,0,20,United-States,>50K
54,Private,284039,Doctorate,16,Never-married,Sales,Unmarried,Black,Female,0,0,39,United-States,<=50K
27,Private,286659,Bachelors,13,Married-civ-spouse,Prof-specialty,Husband,White,Male,0,0,40,United-States,>50K
31,Federal-gov,655242,Doctorate,16,Married-civ-spouse,Prof-specialty,Husband,White,Male,0,0,49,United-States,>50K
65,Self-emp-not-inc,432064,HS-grad,9,Widowed,Craft-repair,Not-in-family,White,Female,0,0,40,United-States,<=50K
75,Local-gov,103985,7th-8th,4,Married-civ-spouse,Machine-op-inspct,Husband,White,Male,0,0,20,India,<=50K
48,Local-gov,495279,11th,7,Married-civ-spouse,Transport-moving,Husband,Black,Male,0,0,40,Jamaica,<=50K
70,Self-emp-not-inc,700715,Masters,14,Never-married,Exec-managerial,Own-child,White,Male,0,0,40,United-States,>50K
72,Federal-gov,895224,Assoc-acdm,12,Married-civ-spouse,Exec-managerial,Husband,Black,Male,0,0,40,United-States,>50K
42,Private,292795,Doctorate,16,Married-civ-spouse,Tech-support,Husband,White,Male,0,0,44,United-States,>50K
41,Private,538172,HS-grad,9,Never-married,Transport-moving,Not-in-family,Asian-Pac-Islander,Male,0,0,40,India,<=50K
45,Private,631218,Some-college,10,Never-married,Prof-specialty,Other-relative,White,Female,0,0,24,United-States,>50K
51,Self-emp-inc,391512,Masters,14,Never-married,Exec-managerial,Unmarried,White,Male,0,0,44,United-States,>50K
59,Private,198117,1st-4th,2,Never-married,Machine-op-inspct,Own-child,White,Female,0,0,40,United-States,<=50K
43,Private,316668,Bachelors,13,Married-civ-spouse,Prof-specialty,Wife,White,Female,0,0,32,United-States,<=50K
33,Private,212037,9th,5,Divorced,Farming-fishing,Not-in-family,White,Male,0,0,36,Cambodia,<=50K
34,State-gov,118123,HS-grad,9,Never-married,Exec-managerial,Not-in-family,White,Male,0,0,58,Greece,<=50K
36,Private,729790,HS-grad,9,Married-civ-spouse,Adm-clerical,Husband,Black,Male,0,0,35,United-States,<=50K
39,Private,708047,HS-grad,9,Never-married,Prof-specialty,Own-child,Asian-Pac-Islander,Male,0,1408,43,United-States,<=50K
50,Federal-gov,206657,Bachelors,13,Never-married,Prof-specialty,Own-child,White,Male,0,1902,50,United-States,>50K
67,Local-gov,738234,HS-grad,9,Married-civ-spouse,Craft-repair,Wife,White,Female,0,0,40,United-States,<=50K
44,Private,117462,Bachelors,13,Divorced,Sales,Unmarried,White,Female,0,0,40,United-States,>50K
39,Private,153997,HS-grad,9,Never-married,Other-service,Own-child,White,Female,0,0,17,United-States,>50K
41,Private,634012,Masters,14,Never-married,Exec-managerial,Not-in-family,White,Female,0,0,54,United-States,<=50K
50,Self-emp-not-inc,377915,HS-grad,9,Never-married,Transport-moving,Not-in-family,White,Male,0,0,55,United-States,<=50K
72,Private,444769,10th,6,Married-civ-spouse,Priv-house-serv,Wife,White,Female,1471,0,40,United-States,<=50K
66,Local-gov,749842,Doctorate,16,Married-civ-spouse,Tech-support,Wife,White,Female,0,0,40,Honduras,>50K
71,Private,486895,10th,6,Never-married,Farming-fishing,Not-in-family,Black,Male,0,0,40,United-States,<=50K
47,Private,786591,10th,6,Married-civ-spouse,Machine-op-inspct,Husband,Black,Male,0,0,40,United-States,<=50K
40,Private,457400,Bachelors,13,Married-civ-spouse,Sales,Husband,Asian-Pac-Islander,Male,0,1887,36,Vietnam,>50K
24,Private,769940,9th,5,Never-married,Machine-op-inspct,Not-in-family,White,Male,0,0,36,United-States,<=50K
30,Private,155367,Masters,14,Never-married,Adm-clerical,Not-in-family,White,Female,0,0,38,United-States,>50K
28,Private,547935,HS-grad,9,Married-civ-spouse,Protective-serv,Husband,White,Male,0,0,21,United-States,<=50K
22,Private,72871,HS-grad,9,Never-married,Protective-serv,Own-child,White,Male,0,0,14,United-States,<=50K
45,Self-emp-inc,326313,7th-8th,4,Widowed,Prof-specialty,Not-in-family,Black,Female,0,0,48,United-States,<=50K
70,Private,109374,Masters,14,Never-married,Prof-specialty,Not-in-family,White,Male,0,0,40,United-States,<=50K
63,Private,853206,HS-grad,9,Married-civ-spouse,Craft-repair,Wife,White,Female,0,0,40,United-States,<=50K
23,Private,622466,Masters,14,Married-civ-spouse,Exec-managerial,Husband,White,Male,0,0,40,United-States,>50K
58,Self-emp-inc,443559,HS-grad,9,Divorced,Craft-repair,Unmarried,White,Female,0,0,10,Mexico,<=50K
31,Private,565752,Some-college,10,Never-married,Adm-clerical,Own-child,Black,Female,0,0,37,United-States,<=50K
35,Private,135806,12th,8,Never-married,Craft-repair,Not-in-family,White,Male,0,0,40,India,<=50K
71,Private,678237,Assoc-voc,11,Never-married,Prof-specialty,Not-in-family,White,Male,0,0,25,United-States,<=50K
60,Private,398816,Masters,14,Married-civ-spouse,Sales,Husband,White,Male,0,0,40,United-States,>50K
27,State-gov,687377,Some-college,10,Never-married,Exec-managerial,Not-in-family,White,Female,0,0,57,United-States,<=50K
46,Private,54191,Some-college,10,Widowed,Craft-repair,Not-in-family,White,Female,0,0,38,United-States,<=50K
78,Local-gov,849637,Assoc-voc,11,Separated,Sales,Unmarried,White,Male,0,0,40,United-States,<=50K
68,State-gov,620896,HS-grad,9,Married-civ-spouse,Other-service,Husband,White,Male,0,0,40,United-States,<=50K
46,Private,673880,Some-college,10,Divorced,Prof-specialty,Not-in-family,White,Female,0,0,40,United-States,<=50K
32,Private,149794,Some-college,10,Married-civ-spouse,Prof-specialty,Wife,White,Female,0,0,43,United-States,<=50K
27,Private,759893,Masters,14,Married-civ-spouse,Prof-specialty,Husband,White,Male,0,0,40,United-States,>50K
54,Private,196324,11th,7,Divorced,Handlers-cleaners,Unmarried,Black,Male,0,0,40,United-States,<=50K
29,Private,359966,Some-college,10,Married-civ-spouse,Tech-support,Husband,White,Male,7298,0,43,United-States,>50K
78,Private,50310,HS-grad,9,Married-civ-spouse,Machine-op-inspct,Wife,White,Female,0,0,40,United-States,<=50K
32,Private,169282,Some-college,10,Married-civ-spouse,Exec-managerial,Wife,White,Female,0,0,45,United-States,>50K
28,State-gov,733029,Some-college,10,Never-married,Exec-managerial,Not-in-family,White,Female,0,0,40,United-States,<=50K
40,Local-gov,313033,Some-college,10,Married-civ-spouse,Adm-clerical,Wife,White,Female,0,0,40,United-States,>50K
41,Private,364412,Doctorate,16,Widowed,Prof-specialty,Unmarried,White,Male,0,0,55,United-States,>50K
62,Private,52450,HS-grad,9,Separated,Sales,Not-in-family,White,Male,0,0,38,United-States,<=50K
69,Local-gov,733612,9th,5,Never-married,Farming-fishing,Not-in-family,White,Female,2174,0,40,United-States,<=50K
39,Self-emp-not-inc,881010,7th-8th,4,Divorced,Machine-op-inspct,Unmarried,Other,Male,0,0,25,Japan,<=50K
29,Private,259038,Masters,14,Never-married,Tech-support,Not-in-family,White,Female,0,0,39,United-States,<=50K
45,Private,473559,Doctorate,16,Never-married,Prof-specialty,Other-relative,White,Male,0,0,55,United-States,<=50K
43,Private,866906,11th,7,Never-married,Transport-moving,Not-in-family,Black,Male,0,0,40,United-States,<=50K
65,Federal-gov,282573,HS-grad,9,Never-married,Craft-repair,Other-relative,White,Male,0,0,40,United-States,>50K
48,Private,83634,HS-grad,9,Married-civ-spouse,Adm-clerical,Husband,White,Male,0,0,50,Canada,<=50K
41,Private,120485,7th-8th,4,Divorced,Sales,Not-in-family,White,Male,0,0,42,United-States,<=50K
48,Private,133253,Bachelors,13,Never-married,Prof-specialty,Own-child,White,Male,3137,0,60,Mexico,<=50K
56,State-gov,346806,HS-grad,9,Never-married,Craft-repair,Unmarried,White,Female,0,0,40,United-States,<=50K
54,State-gov,268918,Bachelors,13,Divorced,Sales,Not-in-family,White,Female,0,0,21,United-States,<=50K
57,Private,334186,Bachelors,13,Married-civ-spouse,Exec-managerial,Wife,Black,Female,0,0,56,United-States,<=50K
28,Private,866485,Some-college,10,Divorced,Other-service,Own-child,White,Male,0,0,40,United-States,<=50K
31,Private,227434,Assoc-voc,11,Divorced,Adm-clerical,Not-in-family,White,Male,0,0,38,United-States,<=50K
32,Private,240449,Some-college,10,Never-married,Craft-repair,Not-in-family,White,Female,0,0,40,United-States,<=50K
33,Private,416566,Some-college,10,Married-civ-spouse,Exec-managerial,Husband,White,Male,0,0,40,United-States,<=50K
42,Private,632454,Masters,14,Married-spouse-absent,Tech-support,Not-in-family,White,Male,0,0,40,United-States,<=50K
41,Private,526773,Doctorate,16,Divorced,Exec-managerial,Unmarried,White,Female,0,0,57,Mexico,>50K
49,Self-emp-not-inc,412279,Assoc-voc,11,Never-married,Prof-specialty,Own-child,White,Male,0,0,42,India,>50K
23,Private,483143,HS-grad,9,Never-married,Exec-managerial,Own-child,White,Male,0,0,40,United-States,<=50K
59,Private,365234,HS-grad,9,Separated,Exec-managerial,Unmarried,White,Male,0,0,40,United-States,>50K
65,Private,443426,HS-grad,9,Never-married,Protective-serv,Not-in-family,Other,Female,0,0,40,United-States,<=50K
26,Private,41222,Some-college,10,Never-married,Adm-clerical,Not-in-family,White,Female,0,0,48,United-States,<=50K
26,Federal-gov,139186,Some-college,10,Married-civ-spouse,Machine-op-inspct,Wife,White,Female,0,0,60,Honduras,<=50K
24,Private,178202,HS-grad,9,Never-married,Machine-op-inspct,Not-in-family,White,Male,0,0,45,United-States,<=50K
39,Self-emp-not-inc,187058,Some-college,10,Separated,Other-service,Not-in-family,Black,Male,0,0,40,United-States,>50K
47,Local-gov,223132,HS-grad,9,Married-civ-spouse,Other-service,Husband,White,Male,0,0,50,United-States,<=50K
45,Private,393217,Assoc-acdm,12,Married-civ-spouse,Handlers-cleaners,Husband,White,Male,0,0,40,United-States,<=50K
40,Private,276480,9th,5,Married-civ-spouse,Handlers-cleaners,Husband,White,Male,0,0,40,United-States,<=50K
51,Private,43813,Some-college,10,Married-spouse-absent,Other-service,Other-relative,White,Female,0,0,40,United-States,<=50K
20,Private,82114,HS-grad,9,Never-married,Exec-managerial,Not-in-family,Asian-Pac-Islander,Female,0,0,40,United-States,<=50K
63,Private,87645,Doctorate,16,Married-civ-spouse,Sales,Husband,Asian-Pac-Islander,Male,0,0,40,Puerto-Rico,>50K
60,Private,353127,Some-college,10,Divorced,Sales,Unmarried,White,Female,0,0,50,United-States,<=50K
37,State-gov,319896,Some-college,10,Never-married,Adm-clerical,Not-in-family,White,Male,0,0,40,United-States,>50K
44,Private,127808,Masters,14,Married-civ-spouse,Craft-repair,Wife,White,Female,14947,0,50,United-States,>50K
35,Private,112443,HS-grad,9,Married-civ-spouse,Craft-repair,Husband,White,Male,0,0,45,United-States,<=50K
26,Federal-gov,383894,Assoc-voc,11,Married-civ-spouse,Exec-managerial,Wife,White,Female,0,0,35,Germany,<=50K
28,Private,141009,Some-college,10,Never-married,Adm-clerical,Unmarried,White,Male,0,0,40,United-States,<=50K
64,Private,120586,Doctorate,16,Widowed,Tech-support,Unmarried,Black,Female,0,0,41,India,<=50K
31,Self-emp-inc,193816,Bachelors,13,Married-civ-spouse,Prof-specialty,Husband,White,Male,0,0,45,United-States,<=50K
22,Private,118189,HS-grad,9,Never-married,Sales,Not-in-family,Asian-Pac-Islander,Male,0,0,47,United-States,<=50K
47,Private,276660,7th-8th,4,Married-civ-spouse,Craft-repair,Wife,White,Female,0,0,40,United-States,<=50K
43,Private,118404,HS-grad,9,Divorced,Sales,Unmarried,White,Male,0,0,40,United-States,<=50K
62,Private,154988,Some-college,10,Married-civ-spouse,Sales,Husband,White,Male,0,0,40,United-States,<=50K
41,Private,199364,7th-8th,4,Married-civ-spouse,Farming-fishing,Husband,White,Male,5194,0,40,United-States,<=50K
56,Self-emp-not-inc,113998,Some-college,10,Divorced,Transport-moving,Unmarried,White,Female,0,0,35,United-States,<=50K
28,Private,174970,Some-college,10,Never-married,Adm-clerical,Other-relative,White,Male,0,0,40,United-States,<=50K
40,Local-gov,211307,Masters,14,Married-civ-spouse,Exec-managerial,Husband,White,Male,0,0,55,United-States,>50K
35,Private,175126,HS-grad,9,Never-married,Handlers-cleaners,Not-in-family,White,Male,0,0,38,United-States,<=50K
34,Self-emp-not-inc,271776,Assoc-voc,11,Married-civ-spouse,Tech-support,Wife,White,Female,0,0,43,Philippines,<=50K
18,Private,305890,Some-college,10,Never-married,Sales,Not-in-family,Black,Male,0,0,38,United-States,<=50K
26,Private,186729,Assoc-acdm,12,Never-married,Sales,Own-child,White,Male,0,0,40,United-States,<=50K
39,Private,220239,11th,7,Divorced,Machine-op-inspct,Not-in-family,White,Male,0,0,45,United-States,<=50K
49,Private,134162,HS-grad,9,Never-married,Transport-moving,Not-in-family,White,Male,0,0,40,United-States,<=50K
32,Private,104420,HS-grad,9,Never-married,Craft-repair,Own-child,Black,Male,0,0,35,United-States,<=50K
33,State-gov,15000,Masters,14,Never-married,Exec-managerial,Not-in-family,White,Male,0,0,50,United-States,>50K
30,Private,123258,Assoc-acdm,12,Married-civ-spouse,Exec-managerial,Husband,White,Male,0,0,47,United-States,<=50K
62,Private,217354,Masters,14,Married-civ-spouse,Exec-managerial,Husband,White,Male,0,0,40,United-States,>50K
39,Private,87919,9th,5,Never-married,Other-service,Not-in-family,White,Male,0,0,40,United-States,<=50K
38,Private,210994,Some-college,10,Married-civ-spouse,Adm-clerical,Husband,Black,Male,0,0,38,United-States,<=50K
68,Private,172569,7th-8th,4,Divorced,Farming-fishing,Unmarried,White,Female,0,0,25,United-States,<=50K
44,State-gov,226501,5th-6th,3,Married-civ-spouse,Transport-moving,Husband,Black,Male,0,0,43,United-States,<=50K
46,Local-gov,245498,Bachelors,13,Married-civ-spouse,Adm-clerical,Husband,White,Male,0,0,30,United-States,<=50K
56,Private,317395,HS-grad,9,Married-civ-spouse,Farming-fishing,Wife,White,Female,0,0,55,United-States,<=50K
43,State-gov,317181,7th-8th,4,Married-civ-spouse,Sales,Husband,White,Male,0,0,50,United-States,<=50K
55,Private,275393,Assoc-acdm,12,Married-civ-spouse,Adm-clerical,Husband,Black,Male,0,0,40,United-States,<=50K
39,Private,217707,Some-college,10,Never-married,Craft-repair,Not-in-family,White,Female,0,0,45,United-States,<=50K
50,Private,275962,Masters,14,Married-civ-spouse,Prof-specialty,Husband,White,Male,0,0,45,United-States,<=50K
44,Private,184158,Assoc-voc,11,Married-civ-spouse,Other-service,Husband,Amer-Indian-Eskimo,Male,0,0,40,United-States,<=50K
23,Private,284904,HS-grad,9,Separated,Other-service,Unmarried,White,Female,0,0,50,United-States,<=50K
22,Private,323731,Bachelors,13,Married-civ-spouse,Other-service,Husband,White,Male,0,0,40,United-States,<=50K
20,Private,163976,12th,8,Never-married,Sales,Not-in-family,White,Female,0,0,40,United-States,<=50K
30,Local-gov,214564,HS-grad,9,Married-civ-spouse,Exec-managerial,Husband,White,Male,0,0,50,United-States,<=50K
51,Private,240249,7th-8th,4,Never-married,Handlers-cleaners,Unmarried,White,Male,0,0,50,United-States,<=50K
41,Private,198098,Assoc-acdm,12,Never-married,Farming-fishing,Not-in-family,White,Female,0,0,45,Puerto-Rico,>50K
47,Private,227753,Assoc-voc,11,Married-civ-spouse,Machine-op-inspct,Husband,White,Male,0,0,45,United-States,>50K
61,Local-gov,255910,HS-grad,9,Divorced,Exec-managerial,Not-in-family,White,Male,0,0,40,United-States,<=50K
44,Private,222716,HS-grad,9,Married-civ-spouse,Exec-managerial,Wife,White,Female,0,1920,50,United-States,>50K
28,Private,234070,Assoc-voc,11,Married-spouse-absent,Other-service,Other-relative,White,Male,0,0,35,United-States,<=50K
27,Federal-gov,201432,Bachelors,13,Never-married,Prof-specialty,Unmarried,White,Male,0,0,45,United-States,<=50K
21,Private,15000,Some-college,10,Married-civ-spouse,Adm-clerical,Wife,White,Female,0,1415,60,United-States,>50K
45,Self-emp-not-inc,57243,HS-grad,9,Widowed,Sales,Not-in-family,White,Female,0,0,40,United-States,<=50K
44,Private,139943,Some-college,10,Never-married,Sales,Not-in-family,White,Male,0,0,40,United-States,<=50K
33,Private,247170,Some-college,10,Married-civ-spouse,Machine-op-inspct,Husband,White,Male,0,0,43,United-States,>50K
35,Private,340664,Masters,14,Never-married,Sales,Not-in-family,White,Male,0,0,52,United-States,<=50K
55,Private,170323,HS-grad,9,Divorced,Adm-clerical,Not-in-family,White,Female,0,0,50,United-States,<=50K
57,Local-gov,27298,5th-6th,3,Widowed,Handlers-cleaners,Other-relative,White,Male,0,2030,45,United-States,<=50K
31,Private,430045,HS-grad,9,Divorced,Exec-managerial,Unmarried,White,Female,0,0,40,United-States,<=50K
68,Private,228804,Some-college,10,Married-civ-spouse,Adm-clerical,Husband,White,Male,0,1571,38,United-States,<=50K
53,Private,167683,Assoc-acdm,12,Married-civ-spouse,Exec-managerial,Wife,White,Female,0,0,70,Cuba,<=50K
68,Self-emp-not-inc,299965,HS-grad,9,Married-civ-spouse,Transport-moving,Husband,White,Male,0,0,40,United-States,<=50K
40,Private,239811,HS-grad,9,Married-civ-spouse,Exec-managerial,Wife,White,Female,0,0,43,United-States,<=50K
36,Private,251875,Some-college,10,Married-civ-spouse,Transport-moving,Husband,White,Male,0,0,47,United-States,<=50K
36,Local-gov,136117,Bachelors,13,Divorced,Prof-specialty,Not-in-family,Black,Male,0,0,40,United-States,>50K
42,Private,118123,Assoc-voc,11,Married-civ-spouse,Craft-repair,Wife,White,Female,0,0,43,United-States,<=50K
33,Private,92693,Bachelors,13,Divorced,Other-service,Own-child,White,Male,0,1403,25,United-States,<=50K
36,Private,261046,11th,7,Married-civ-spouse,Other-service,Wife,White,Female,0,0,25,United-States,<=50K
44,Private,221279,HS-grad,9,Married-civ-spouse,Machine-op-inspct,Wife,White,Female,0,0,52,United-States,>50K
37,Federal-gov,121705,Assoc-voc,11,Divorced,Craft-repair,Unmarried,White,Female,5950,0,25,United-States,<=50K
24,Self-emp-inc,45918,Bachelors,13,Married-civ-spouse,Prof-specialty,Husband,White,Male,0,0,40,Germany,<=50K
43,Private,229719,HS-grad,9,Married-civ-spouse,Handlers-cleaners,Wife,White,Female,0,0,40,United-States,<=50K
29,Private,284962,HS-grad,9,Divorced,Exec-managerial,Not-in-family,White,Male,0,0,40,United-States,<=50K
31,Private,321719,HS-grad,9,Married-civ-spouse,Craft-repair,Husband,White,Male,0,0,32,United-States,<=50K
48,Private,250585,9th,5,Married-civ-spouse,Transport-moving,Wife,Black,Female,0,0,40,Germany,<=50K
24,Private,267428,Bachelors,13,Married-civ-spouse,Craft-repair,Wife,White,Female,0,0,24,United-States,<=50K
33,Private,161651,9th,5,Never-married,Handlers-cleaners,Own-child,White,Female,0,0,45,United-States,<=50K
45,Local-gov,231755,HS-grad,9,Married-civ-spouse,Adm-clerical,Wife,White,Female,0,0,30,Puerto-Rico,>50K
42,Private,84293,Prof-school,15,Married-civ-spouse,Farming-fishing,Husband,Black,Male,0,0,40,United-States,<=50K
37,Private,62600,HS-grad,9,Married-civ-spouse,Craft-repair,Wife,White,Female,0,0,40,United-States,<=50K
37,Private,302939,HS-grad,9,Married-civ-spouse,Exec-managerial,Husband,White,Male,0,0,70,United-States,<=50K
48,Federal-gov,192647,Doctorate,16,Married-civ-spouse,Prof-specialty,Husband,White,Male,0,0,45,Mexico,>50K
31,Self-emp-inc,235351,Doctorate,16,Married-civ-spouse,Prof-specialty,Husband,Black,Male,0,0,60,Philippines,>50K
49,Private,244551,HS-grad,9,Married-civ-spouse,Sales,Husband,White,Male,0,0,40,United-States,<=50K
59,Private,143493,HS-grad,9,Married-civ-spouse,Adm-clerical,Husband,White,Male,0,0,40,United-States,<=50K
65,Private,375641,Some-college,10,Married-civ-spouse,Adm-clerical,Husband,Amer-Indian-Eskimo,Male,6252,0,45,United-States,>50K
50,Private,280393,Assoc-acdm,12,Married-civ-spouse,Exec-managerial,Husband,White,Male,2599,0,50,United-States,<=50K
58,Self-emp-inc,173102,Some-college,10,Married-civ-spouse,Other-service,Husband,White,Male,0,0,40,United-States,<=50K
63,Private,227619,Some-college,10,Married-spouse-absent,Other-service,Own-child,White,Female,0,0,38,United-States,>50K
47,Self-emp-not-inc,137646,Assoc-acdm,12,Married-civ-spouse,Sales,Wife,White,Female,0,0,45,United-States,<=50K
29,Private,291594,Assoc-acdm,12,Never-married,Other-service,Not-in-family,White,Female,0,0,25,United-States,<=50K
68,State-gov,223698,Masters,14,Married-civ-spouse,Prof-specialty,Husband,White,Male,0,0,40,United-States,>50K
69,Federal-gov,178627,Bachelors,13,Divorced,Prof-specialty,Not-in-family,White,Male,0,0,55,United-States,<=50K
49,Private,126406,Assoc-acdm,12,Married-civ-spouse,Sales,Husband,Amer-Indian-Eskimo,Male,3691,0,40,United-States,>50K
30,Private,87029,9th,5,Never-married,Farming-fishing,Own-child,White,Female,0,0,40,United-States,<=50K
19,Private,135517,HS-grad,9,Never-married,Exec-managerial,Own-child,White,Female,0,0,45,El-Salvador,<=50K
62,Federal-gov,135355,9th,5,Married-civ-spouse,Handlers-cleaners,Husband,White,Male,0,0,42,Germany,<=50K
37,Private,37357,HS-grad,9,Married-AF-spouse,Machine-op-inspct,Husband,White,Male,0,0,30,Mexico,>50K
29,State-gov,324728,HS-grad,9,Never-married,Other-service,Unmarried,Black,Male,0,0,15,United-States,<=50K
44,Private,92061,11th,7,Married-civ-spouse,Transport-moving,Husband,White,Male,0,0,49,United-States,<=50K
35,Private,256646,Prof-school,15,Married-civ-spouse,Exec-managerial,Wife,White,Female,0,0,45,United-States,>50K
27,Private,229630,Assoc-acdm,12,Married-spouse-absent,Adm-clerical,Not-in-family,White,Female,0,0,40,United-States,<=50K
59,Private,158056,HS-grad,9,Widowed,Machine-op-inspct,Not-in-family,White,Male,0,0,30,United-States,<=50K
20,Private,191023,Some-college,10,Never-married,Machine-op-inspct,Own-child,White,Female,0,0,35,Philippines,<=50K
38,Private,356526,Masters,14,Married-civ-spouse,Craft-repair,Husband,Black,Male,0,0,40,United-States,>50K
32,Private,190717,11th,7,Married-civ-spouse,Other-service,Husband,White,Male,0,0,20,United-States,<=50K
26,Private,263678,Prof-school,15,Never-married,Sales,Not-in-family,White,Male,5183,0,40,United-States,<=50K
53,Private,280234,Masters,14,Married-civ-spouse,Exec-managerial,Husband,White,Male,0,0,50,United-States,<=50K
41,Private,166064,HS-grad,9,Married-civ-spouse,Other-service,Husband,White,Male,0,0,20,United-States,>50K
41,Private,218900,Some-college,10,Married-civ-spouse,Tech-support,Husband,White,Male,0,0,38,England,>50K
43,Private,143884,HS-grad,9,Married-civ-spouse,Machine-op-inspct,Husband,White,Male,0,0,41,United-States,<=50K
62,Private,281829,HS-grad,9,Married-civ-spouse,Machine-op-inspct,Husband,White,Male,0,0,44,Honduras,<=50K
32,Private,137679,Some-college,10,Married-civ-spouse,Machine-op-inspct,Husband,Black,Male,0,0,50,United-States,>50K
48,Private,156788,Some-college,10,Married-civ-spouse,Transport-moving,Wife,White,Female,0,0,55,Puerto-Rico,>50K
45,Local-gov,205855,Masters,14,Never-married,Sales,Not-in-family,White,Male,0,0,20,United-States,<=50K
38,Private,181193,Bachelors,13,Divorced,Exec-managerial,Not-in-family,Other,Male,0,0,50,United-States,<=50K
41,Self-emp-inc,115959,Doctorate,16,Married-civ-spouse,Adm-clerical,Husband,White,Male,0,0,49,United-States,<=50K
26,Federal-gov,27578,Bachelors,13,Never-married,Tech-support,Not-in-family,Black,Female,0,0,38,United-States,<=50K
36,State-gov,136935,HS-grad,9,Never-married,Transport-moving,Other-relative,White,Male,0,0,37,Honduras,<=50K
34,Private,149576,Some-college,10,Divorced,Exec-managerial,Not-in-family,White,Male,0,0,40,United-States,<=50K
44,Local-gov,378228,HS-grad,9,Married-civ-spouse,Handlers-cleaners,Husband,White,Male,0,0,40,United-States,<=50K
41,Local-gov,129646,HS-grad,9,Separated,Craft-repair,Not-in-family,White,Male,0,0,39,United-States,<=50K
34,Private,389826,Assoc-acdm,12,Married-civ-spouse,Adm-clerical,Husband,White,Male,0,0,50,United-States,<=50K
44,Private,180062,HS-grad,9,Married-civ-spouse,Other-service,Husband,White,Male,0,0,40,United-States,>50K
43,State-gov,143990,9th,5,Married-civ-spouse,Other-service,Husband,White,Male,0,0,16,United-States,<=50K
40,Private,359223,Assoc-acdm,12,Married-civ-spouse,Other-service,Husband,White,Male,0,2588,25,Jamaica,>50K
31,Federal-gov,270293,Masters,14,Married-spouse-absent,Handlers-cleaners,Other-relative,White,Female,0,0,48,United-States,<=50K
27,Private,209096,Masters,14,Never-married,Priv-house-serv,Unmarried,White,Male,0,0,20,United-States,<=50K
46,Local-gov,187791,Some-college,10,Divorced,Transport-moving,Not-in-family,White,Male,0,0,50,United-States,<=50K
38,Private,54734,Prof-school,15,Married-civ-spouse,Exec-managerial,Husband,White,Male,0,0,40,Philippines,>50K
59,Self-emp-not-inc,265139,Masters,14,Divorced,Exec-managerial,Unmarried,White,Male,0,0,60,United-States,<=50K
31,Local-gov,319465,Bachelors,13,Married-civ-spouse,Prof-specialty,Husband,White,Male,0,0,40,United-States,>50K
22,Federal-gov,207083,Bachelors,13,Married-civ-spouse,Tech-support,Wife,White,Female,0,2842,50,Cuba,<=50K
49,Private,177773,HS-grad,9,Married-civ-spouse,Handlers-cleaners,Husband,White,Male,0,0,40,United-States,<=50K
29,Private,241933,Assoc-voc,11,Married-AF-spouse,Other-service,Wife,White,Female,0,0,40,United-States,<=50K
69,Self-emp-not-inc,186761,Bachelors,13,Married-civ-spouse,Prof-specialty,Wife,Black,Female,0,0,35,United-States,>50K
28,Self-emp-inc,122231,Doctorate,16,Never-married,Prof-specialty,Not-in-family,White,Male,0,0,38,United-States,>50K
47,Self-emp-inc,142656,Assoc-acdm,12,Divorced,Prof-specialty,Not-in-family,White,Male,0,0,70,England,>50K
48,Private,301581,HS-grad,9,Married-civ-spouse,Prof-specialty,Husband,White,Male,0,0,45,El-Salvador,<=50K
30,Local-gov,339978,Assoc-voc,11,Married-civ-spouse,Prof-specialty,Wife,White,Female,0,0,60,United-States,<=50K
66,Private,241956,HS-grad,9,Never-married,Sales,Not-in-family,Black,Male,0,0,40,United-States,<=50K
31,Private,190604,Prof-school,15,Divorced,Adm-clerical,Not-in-family,White,Male,0,0,50,United-States,<=50K
55,Private,368524,Assoc-acdm,12,Married-civ-spouse,Adm-clerical,Husband,White,Male,0,0,55,Mexico,<=50K
32,Private,262229,Masters,14,Married-spouse-absent,Protective-serv,Unmarried,White,Male,0,0,40,Jamaica,>50K
23,Self-emp-not-inc,15245,HS-grad,9,Never-married,Exec-managerial,Not-in-family,White,Male,0,0,48,United-States,<=50K
36,Private,266080,Assoc-voc,11,Divorced,Tech-support,Not-in-family,White,Female,0,0,50,United-States,<=50K
33,Private,114527,Bachelors,13,Married-civ-spouse,Exec-managerial,Husband,White,Male,0,0,45,United-States,<=50K
33,Private,337100,9th,5,Never-married,Other-service,Not-in-family,White,Male,0,0,20,United-States,<=50K
65,Private,238510,HS-grad,9,Married-civ-spouse,Other-service,Wife,White,Female,0,0,40,United-States,<=50K
47,Private,249963,Some-college,10,Never-married,Adm-clerical,Unmarried,White,Male,0,0,37,United-States,<=50K
62,Local-gov,82151,HS-grad,9,Married-civ-spouse,Other-service,Husband,White,Male,0,0,25,United-States,<=50K
42,Self-emp-not-inc,185035,HS-grad,9,Divorced,Exec-managerial,Unmarried,White,Male,0,0,70,United-States,<=50K
31,Private,244695,HS-grad,9,Married-civ-spouse,Priv-house-serv,Husband,White,Male,0,0,40,United-States,<=50K
64,Private,158064,Prof-school,15,Never-married,Exec-managerial,Not-in-family,Black,Male,0,0,40,Cuba,>50K
19,Self-emp-not-inc,181930,11th,7,Never-married,Transport-moving,Own-child,White,Male,14338,0,38,United-States,<=50K
37,Private,141107,Some-college,10,Married-civ-spouse,Tech-support,Husband,White,Male,0,0,44,United-States,>50K
36,Private,198223,9th,5,Never-married,Transport-moving,Not-in-family,White,Male,0,0,45,Cuba,<=50K
24,Private,289335,HS-grad,9,Never-married,Adm-clerical,Own-child,White,Female,0,0,50,Puerto-Rico,<=50K
46,State-gov,263540,Some-college,10,Separated,Craft-repair,Not-in-family,White,Male,5216,0,30,Mexico,<=50K
21,Federal-gov,154594,Some-college,10,Never-married,Farming-fishing,Unmarried,Black,Female,0,0,40,United-States,<=50K
36,Private,317948,9th,5,Married-civ-spouse,Other-service,Husband,White,Male,0,1912,25,Canada,<=50K
48,Private,116620,HS-grad,9,Divorced,Machine-op-inspct,Not-in-family,Asian-Pac-Islander,Female,0,0,40,United-States,<=50K
44,Private,145317,11th,7,Married-civ-spouse,Craft-repair,Husband,White,Male,0,0,48,Cuba,<=50K
33,Private,206522,9th,5,Married-civ-spouse,Other-service,Husband,Black,Male,0,0,40,United-States,<=50K
37,Federal-gov,281068,Bachelors,13,Never-married,Exec-managerial,Unmarried,Black,Male,0,0,45,Cuba,<=50K
26,Private,224850,HS-grad,9,Never-married,Exec-managerial,Not-in-family,Black,Male,0,0,80,Puerto-Rico,<=50K
32,Private,202863,Some-college,10,Married-civ-spouse,Adm-clerical,Husband,White,Male,0,0,38,United-States,<=50K
31,State-gov,207766,Doctorate,16,Married-civ-spouse,Prof-specialty,Husband,Black,Male,0,0,55,United-States,>50K
55,Private,141981,5th-6th,3,Married-civ-spouse,Handlers-cleaners,Husband,White,Male,0,0,40,Mexico,>50K
25,Private,148711,Some-college,10,Married-civ-spouse,Other-service,Husband,White,Male,0,0,25,United-States,<=50K
27,Without-pay,220385,Masters,14,Never-married,Exec-managerial,Not-in-family,White,Female,0,0,3,United-States,<=50K
41,Private,241650,Assoc-voc,11,Divorced,Exec-managerial,Own-child,White,Male,0,0,50,United-States,<=50K
51,Federal-gov,358685,HS-grad,9,Married-civ-spouse,Sales,Husband,Asian-Pac-Islander,Male,0,0,38,United-States,<=50K
57,Private,377714,Assoc-acdm,12,Married-civ-spouse,Other-service,Husband,White,Male,0,0,16,United-States,<=50K
42,Local-gov,335021,HS-grad,9,Divorced,Adm-clerical,Not-in-family,White,Male,0,0,38,United-States,<=50K
38,Private,146055,Masters,14,Married-civ-spouse,Exec-managerial,Husband,Black,Male,0,0,35,England,<=50K
58,Local-gov,229595,Bachelors,13,Married-civ-spouse,Tech-support,Husband,White,Male,0,0,38,United-States,>50K
40,Self-emp-not-inc,15000,Some-college,10,Married-civ-spouse,Machine-op-inspct,Wife,White,Female,0,0,39,United-States,<=50K
52,Private,78055,HS-grad,9,Never-married,Craft-repair,Unmarried,White,Female,0,0,40,United-States,<=50K
24,Private,135569,HS-grad,9,Never-married,Machine-op-inspct,Own-child,White,Male,0,1994,40,United-States,<=50K
37,Private,241785,HS-grad,9,Married-civ-spouse,Machine-op-inspct,Husband,White,Male,3045,0,45,United-States,<=50K
50,Self-emp-not-inc,15000,Assoc-voc,11,Married-civ-spouse,Exec-managerial,Husband,White,Male,0,0,50,United-States,>50K
33,Private,15000,Some-college,10,Divorced,Exec-managerial,Not-in-family,White,Male,0,0,40,United-States,<=50K
48,Private,89215,Assoc-voc,11,Married-civ-spouse,Adm-clerical,Husband,White,Male,0,0,46,United-States,<=50K
62,Private,116660,Some-college,10,Married-civ-spouse,Machine-op-inspct,Husband,White,Male,0,0,45,United-States,<=50K
26,Private,156519,Assoc-acdm,12,Never-married,Prof-specialty,Unmarried,White,Female,0,2504,40,United-States,<=50K
30,Private,278050,Doctorate,16,Married-civ-spouse,Exec-managerial,Husband,White,Male,0,0,60,United-States,>50K
26,Private,182252,HS-grad,9,Never-married,Craft-repair,Not-in-family,White,Male,0,0,38,United-States,<=50K
44,Private,90840,HS-grad,9,Separated,Craft-repair,Unmarried,White,Female,0,0,20,Germany,<=50K
27,Private,134575,HS-grad,9,Divorced,Other-service,Own-child,White,Male,0,0,40,United-States,<=50K
36,Private,256837,Masters,14,Married-civ-spouse,Exec-managerial,Husband,White,Male,0,0,45,India,>50K
27,Private,194843,Assoc-voc,11,Never-married,Tech-support,Own-child,Black,Male,3980,0,40,United-States,<=50K
24,Private,295471,HS-grad,9,Never-married,Craft-repair,Own-child,White,Male,0,0,45,United-States,<=50K
62,Self-emp-not-inc,65755,Assoc-voc,11,Married-civ-spouse,Exec-managerial,Wife,Asian-Pac-Islander,Female,0,0,40,United-States,>50K
43,Private,426344,HS-grad,9,Married-AF-spouse,Machine-op-inspct,Husband,White,Male,0,0,40,Honduras,>50K
57,Self-emp-not-inc,130340,HS-grad,9,Separated,Machine-op-inspct,Unmarried,White,Male,0,0,45,United-States,<=50K
44,Private,45935,7th-8th,4,Separated,Other-service,Not-in-family,White,Male,0,0,40,United-States,<=50K
46,Private,127872,Some-college,10,Married-civ-spouse,Craft-repair,Husband,White,Male,0,0,40,United-States,<=50K
51,Private,151755,Bachelors,13,Divorced,Protective-serv,Not-in-family,Black,Male,5917,0,38,United-States,>50K
27,Federal-gov,295598,Some-college,10,Married-civ-spouse,Sales,Husband,White,Male,0,0,19,United-States,<=50K
31,Private,216184,Some-college,10,Married-civ-spouse,Handlers-cleaners,Wife,White,Female,33978,0,40,United-States,>50K
50,Private,403170,9th,5,Married-civ-spouse,Handlers-cleaners,Wife,White,Female,0,0,50,United-States,<=50K
31,Private,40650,Masters,14,Married-civ-spouse,Prof-specialty,Husband,White,Male,0,0,43,United-States,>50K
33,Private,181833,Some-college,10,Married-civ-spouse,Machine-op-inspct,Wife,Asian-Pac-Islander,Female,0,0,40,United-States,<=50K
66,Private,313289,Bachelors,13,Divorced,Exec-managerial,Not-in-family,White,Male,0,0,40,Cuba,<=50K
31,Private,180310,HS-grad,9,Divorced,Adm-clerical,Unmarried,Asian-Pac-Islander,Male,0,0,40,United-States,>50K
48,Private,130771,Bachelors,13,Never-married,Handlers-cleaners,Other-relative,White,Female,0,0,50,United-States,<=50K
29,Private,138488,7th-8th,4,Married-civ-spouse,Machine-op-inspct,Husband,White,Male,0,0,43,Puerto-Rico,<=50K
63,Private,236364,5th-6th,3,Widowed,Other-service,Own-child,White,Male,0,0,38,United-States,<=50K
47,Private,122332,HS-grad,9,Married-civ-spouse,Other-service,Wife,White,Female,4311,0,25,Cuba,<=50K
30,Private,196654,Prof-school,15,Divorced,Exec-managerial,Not-in-family,Asian-Pac-Islander,Female,0,0,40,United-States,>50K
38,Private,322845,Doctorate,16,Married-civ-spouse,Prof-specialty,Husband,White,Male,4812,0,48,United-States,>50K
24,Federal-gov,123453,Assoc-voc,11,Married-civ-spouse,Craft-repair,Husband,Black,Male,0,0,43,United-States,<=50K
26,Private,195323,Masters,14,Married-civ-spouse,Craft-repair,Husband,White,Male,0,0,40,United-States,>50K
44,Private,255891,Assoc-voc,11,Married-civ-spouse,Sales,Husband,White,Male,0,0,40,United-States,>50K
38,Private,226419,5th-6th,3,Married-civ-spouse,Transport-moving,Husband,White,Male,0,0,50,Mexico,<=50K
39,Federal-gov,249952,11th,7,Separated,Other-service,Own-child,White,Female,0,1969,20,United-States,<=50K
28,Self-emp-inc,15000,9th,5,Never-married,Other-service,Own-child,White,Male,0,0,40,United-States,<=50K
26,Private,340217,11th,7,Never-married,Machine-op-inspct,Not-in-family,White,Male,0,0,40,Germany,<=50K
27,Private,226567,Masters,14,Divorced,Exec-managerial,Not-in-family,White,Male,0,0,40,United-States,<=50K
23,Federal-gov,88871,Some-college,10,Never-married,Exec-managerial,Not-in-family,White,Male,0,0,40,United-States,<=50K
42,Self-emp-not-inc,63246,Bachelors,13,Married-civ-spouse,Tech-support,Husband,White,Male,0,0,45,Philippines,>50K
30,Private,98344,Some-college,10,Married-civ-spouse,Exec-managerial,Husband,White,Male,0,0,45,United-States,<=50K
22,Private,162367,HS-grad,9,Never-married,Craft-repair,Own-child,White,Male,0,0,46,Philippines,<=50K
26,Self-emp-not-inc,216917,HS-grad,9,Never-married,Handlers-cleaners,Not-in-family,White,Male,0,0,50,United-States,<=50K
42,Private,200706,Some-college,10,Married-civ-spouse,Other-service,Husband,White,Male,0,0,40,United-States,<=50K
33,Private,210217,HS-grad,9,Divorced,Protective-serv,Not-in-family,Other,Male,0,0,38,United-States,<=50K
23,Self-emp-not-inc,82734,Assoc-acdm,12,Never-married,Handlers-cleaners,Not-in-family,Asian-Pac-Islander,Male,0,0,60,United-States,<=50K
49,Federal-gov,299180,Assoc-acdm,12,Married-civ-spouse,Other-service,Wife,Black,Female,0,0,40,United-States,<=50K
53,Private,152686,HS-grad,9,Married-civ-spouse,Sales,Husband,White,Male,0,0,45,United-States,<=50K
39,Private,259547,HS-grad,9,Divorced,Machine-op-inspct,Not-in-family,White,Male,0,0,40,United-States,<=50K
32,Without-pay,316866,Bachelors,13,Married-civ-spouse,Prof-specialty,Husband,Black,Male,0,0,8,United-States,<=50K
53,Private,237397,HS-grad,9,Married-civ-spouse,Machine-op-inspct,Husband,White,Male,0,0,40,United-States,<=50K
35,Without-pay,273214,Assoc-voc,11,Married-civ-spouse,Adm-clerical,Husband,Black,Male,0,0,7,United-States,>50K
33,Private,241105,HS-grad,9,Separated,Sales,Not-in-family,Black,Male,0,0,43,United-States,<=50K
32,Self-emp-inc,216959,Bachelors,13,Married-civ-spouse,Protective-serv,Wife,Black,Female,0,0,13,India,>50K
39,Private,32870,HS-grad,9,Divorced,Transport-moving,Other-relative,White,Female,0,0,44,United-States,<=50K
36,Private,228174,Bachelors,13,Married-civ-spouse,Other-service,Husband,White,Male,0,0,35,United-States,<=50K
28,Private,137240,HS-grad,9,Divorced,Tech-support,Unmarried,White,Male,0,2373,40,United-States,<=50K
38,Private,254861,Masters,14,Married-civ-spouse,Other-service,Husband,White,Male,0,0,45,United-States,<=50K
62,Federal-gov,161614,1st-4th,2,Married-civ-spouse,Handlers-cleaners,Husband,Black,Male,4794,0,50,United-States,<=50K
33,Private,116668,Some-college,10,Married-civ-spouse,Machine-op-inspct,Husband,Black,Male,0,0,40,United-States,<=50K
51,Private,403041,HS-grad,9,Married-civ-spouse,Transport-moving,Husband,Asian-Pac-Islander,Male,3910,0,23,United-States,<=50K
41,Private,210286,Bachelors,13,Married-civ-spouse,Prof-specialty,Husband,White,Male,0,0,50,United-States,>50K
56,Private,205501,HS-grad,9,Never-married,Machine-op-inspct,Own-child,White,Female,0,0,35,United-States,<=50K
59,Private,227785,7th-8th,4,Widowed,Handlers-cleaners,Unmarried,White,Male,0,0,35,United-States,<=50K
33,Private,236483,Bachelors,13,Divorced,Prof-specialty,Not-in-family,White,Male,0,0,35,United-States,<=50K
27,Private,251512,Assoc-voc,11,Married-civ-spouse,Tech-support,Husband,Black,Male,0,0,55,United-States,<=50K
55,Private,110234,HS-grad,9,Divorced,Sales,Not-in-family,White,Male,0,0,44,United-States,>50K
38,Local-gov,180349,Bachelors,13,Married-civ-spouse,Exec-managerial,Wife,White,Female,0,0,43,United-States,<=50K
69,Federal-gov,309699,HS-grad,9,Married-civ-spouse,Transport-moving,Husband,Black,Male,0,0,43,United-States,>50K
29,Private,231293,HS-grad,9,Married-civ-spouse,Machine-op-inspct,Husband,White,Male,0,0,45,United-States,<=50K
22,Private,162940,Some-college,10,Never-married,Handlers-cleaners,Own-child,White,Male,0,0,45,United-States,<=50K
49,Private,192477,Assoc-voc,11,Married-civ-spouse,Machine-op-inspct,Wife,Black,Female,0,0,60,Canada,<=50K
42,Local-gov,15000,Bachelors,13,Married-civ-spouse,Prof-specialty,Wife,White,Female,0,0,40,United-States,>50K
34,State-gov,212500,Bachelors,13,Never-married,Farming-fishing,Not-in-family,Amer-Indian-Eskimo,Female,0,0,43,United-States,<=50K
38,Private,15000,Some-college,10,Divorced,Farming-fishing,Not-in-family,White,Male,0,0,33,United-States,<=50K
21,Private,278189,Assoc-voc,11,Never-married,Machine-op-inspct,Own-child,Black,Male,0,0,40,United-States,<=50K
55,State-gov,33141,HS-grad,9,Married-civ-spouse,Other-service,Husband,White,Male,0,0,30,United-States,<=50K
37,Private,15000,Masters,14,Never-married,Sales,Not-in-family,Black,Male,0,0,38,Mexico,<=50K
52,Self-emp-not-inc,176699,1st-4th,2,Married-civ-spouse,Transport-moving,Husband,White,Male,0,0,45,United-States,>50K
34,Private,458226,HS-grad,9,Never-married,Sales,Unmarried,White,Male,0,0,40,United-States,<=50K
22,Federal-gov,349913,Some-college,10,Never-married,Other-service,Not-in-family,White,Male,0,0,50,Mexico,<=50K
25,Private,144179,Bachelors,13,Never-married,Prof-specialty,Not-in-family,White,Male,0,0,45,United-States,<=50K
65,Private,291211,HS-grad,9,Married-civ-spouse,Other-service,Husband,White,Male,0,0,40,Puerto-Rico,>50K
31,Private,256639,11th,7,Married-civ-spouse,Handlers-cleaners,Husband,White,Male,0,0,50,United-States,<=50K
26,Private,151348,Bachelors,13,Married-civ-spouse,Exec-managerial,Husband,White,Male,0,0,45,United-States,>50K
38,Private,274000,Assoc-voc,11,Married-civ-spouse,Sales,Wife,White,Female,0,0,45,United-States,<=50K
36,Private,15000,HS-grad,9,Married-civ-spouse,Sales,Husband,White,Male,0,0,55,England,>50K
44,Private,327336,Some-college,10,Married-civ-spouse,Other-service,Husband,Black,Male,0,0,40,United-States,<=50K
72,Private,158516,Some-college,10,Never-married,Craft-repair,Not-in-family,White,Male,4446,0,50,Cuba,>50K
20,Private,353820,Some-college,10,Never-married,Sales,Other-relative,White,Female,27659,0,50,United-States,>50K
34,Self-emp-inc,203885,11th,7,Never-married,Machine-op-inspct,Not-in-family,Black,Female,0,0,50,United-States,<=50K
30,Private,79768,Bachelors,13,Married-civ-spouse,Exec-managerial,Husband,White,Male,0,0,50,United-States,>50K
33,Private,318352,HS-grad,9,Never-married,Prof-specialty,Other-relative,White,Male,0,0,45,United-States,<=50K
50,Private,183825,Masters,14,Married-spouse-absent,Prof-specialty,Own-child,Asian-Pac-Islander,Female,0,0,48,United-States,>50K
28,Private,190561,HS-grad,9,Never-married,Sales,Own-child,White,Female,0,0,47,United-States,<=50K
71,Federal-gov,242378,HS-grad,9,Married-civ-spouse,Transport-moving,Husband,Asian-Pac-Islander,Male,0,0,40,United-States,<=50K
55,Self-emp-not-inc,348715,11th,7,Married-civ-spouse,Other-service,Husband,White,Male,0,0,25,United-States,<=50K
32,Local-gov,326947,Some-college,10,Married-civ-spouse,Adm-clerical,Husband,White,Male,0,0,45,United-States,<=50K
24,Private,191964,11th,7,Married-civ-spouse,Handlers-cleaners,Husband,White,Male,6695,0,45,United-States,<=50K
33,Self-emp-not-inc,152440,Assoc-voc,11,Divorced,Exec-managerial,Own-child,Black,Male,0,0,50,El-Salvador,>50K
49,Private,137846,HS-grad,9,Never-married,Other-service,Other-relative,White,Male,0,0,35,United-States,<=50K
35,Private,246359,Bachelors,13,Married-civ-spouse,Tech-support,Husband,White,Male,0,0,40,United-States,>50K
48,Private,185567,10th,6,Divorced,Transport-moving,Not-in-family,White,Male,0,0,50,United-States,<=50K
34,Self-emp-not-inc,122276,Bachelors,13,Divorced,Tech-support,Unmarried,White,Male,0,0,48,United-States,<=50K
26,Private,62401,HS-grad,9,Never-married,Craft-repair,Other-relative,White,Male,2436,0,35,United-States,<=50K
43,Private,192972,Doctorate,16,Divorced,Handlers-cleaners,Not-in-family,White,Male,0,2413,35,United-States,>50K
29,Private,323781,Masters,14,Married-civ-spouse,Exec-managerial,Husband,White,Male,0,0,53,United-States,>50K
38,Federal-gov,154512,9th,5,Married-AF-spouse,Farming-fishing,Husband,White,Male,0,0,30,United-States,<=50K
43,Private,314832,Doctorate,16,Married-civ-spouse,Adm-clerical,Husband,White,Male,0,0,37,Philippines,>50K
23,Self-emp-not-inc,222124,Some-college,10,Never-married,Craft-repair,Not-in-family,White,Male,0,0,48,United-States,<=50K
55,Private,130290,HS-grad,9,Married-civ-spouse,Exec-managerial,Husband,White,Male,0,0,50,United-States,<=50K
31,Local-gov,163629,Bachelors,13,Married-civ-spouse,Exec-managerial,Husband,White,Male,0,0,45,United-States,<=50K
26,Private,139379,HS-grad,9,Never-married,Other-service,Unmarried,White,Female,0,0,20,United-States,<=50K
45,Federal-gov,15000,Some-college,10,Divorced,Exec-managerial,Unmarried,White,Female,0,0,55,United-States,<=50K
43,Private,113842,Some-college,10,Married-spouse-absent,Machine-op-inspct,Other-relative,White,Female,0,0,40,United-States,<=50K
48,Local-gov,155324,Masters,14,Married-civ-spouse,Exec-managerial,Husband,White,Male,0,0,60,United-States,<=50K
36,Private,263080,Bachelors,13,Married-civ-spouse,Prof-specialty,Husband,White,Male,0,0,70,United-States,>50K
42,Self-emp-not-inc,234144,Some-college,10,Married-civ-spouse,Sales,Husband,Amer-Indian-Eskimo,Male,0,0,50,United-States,<=50K
50,Federal-gov,326686,HS-grad,9,Married-civ-spouse,Farming-fishing,Husband,White,Male,0,0,60,Canada,>50K
23,State-gov,195045,Some-college,10,Married-civ-spouse,Adm-clerical,Husband,White,Male,0,0,50,United-States,<=50K
62,Private,200457,HS-grad,9,Married-civ-spouse,Machine-op-inspct,Husband,White,Male,0,0,40,United-States,<=50K
33,Private,270968,Assoc-acdm,12,Married-civ-spouse,Other-service,Husband,White,Male,0,0,43,United-States,<=50K
34,Private,334661,Bachelors,13,Married-civ-spouse,Prof-specialty,Husband,White,Male,0,0,55,United-States,>50K
60,Private,127131,HS-grad,9,Married-civ-spouse,Sales,Husband,White,Male,0,1651,40,United-States,<=50K
70,Local-gov,124899,HS-grad,9,Married-civ-spouse,Craft-repair,Husband,White,Male,0,0,30,United-States,<=50K
42,Private,215902,Assoc-acdm,12,Married-civ-spouse,Protective-serv,Husband,White,Male,0,0,40,United-States,<=50K
70,Private,166310,Doctorate,16,Widowed,Exec-managerial,Unmarried,White,Male,0,0,70,United-States,<=50K
38,Private,320655,Doctorate,16,Married-civ-spouse,Craft-repair,Husband,White,Male,0,0,48,United-States,>50K
26,Self-emp-not-inc,299795,HS-grad,9,Never-married,Farming-fishing,Not-in-family,White,Female,3606,0,45,United-States,<=50K
21,Private,245157,Bachelors,13,Never-married,Exec-managerial,Own-child,White,Male,0,0,50,United-States,<=50K
27,Private,128972,HS-grad,9,Married-civ-spouse,Machine-op-inspct,Husband,White,Male,0,0,35,United-States,<=50K
50,State-gov,163085,Bachelors,13,Divorced,Prof-specialty,Not-in-family,White,Male,7332,0,50,United-States,>50K
27,Private,226521,HS-grad,9,Separated,Craft-repair,Not-in-family,White,Male,0,0,50,Germany,>50K
32,Private,198345,Assoc-voc,11,Never-married,Protective-serv,Other-relative,Black,Male,0,0,52,United-States,<=50K
34,Private,256305,Bachelors,13,Married-civ-spouse,Sales,Wife,White,Female,0,0,43,United-States,<=50K
49,Self-emp-not-inc,15000,Doctorate,16,Married-spouse-absent,Sales,Own-child,White,Male,0,0,45,United-States,>50K
43,Local-gov,75217,Some-college,10,Divorced,Farming-fishing,Own-child,White,Male,0,0,40,United-States,<=50K
49,Federal-gov,191779,Masters,14,Divorced,Craft-repair,Own-child,White,Female,0,0,42,United-States,>50K
37,Private,139199,Doctorate,16,Married-civ-spouse,Adm-clerical,Wife,Black,Female,0,0,40,Jamaica,>50K
26,Private,101959,Some-college,10,Married-civ-spouse,Tech-support,Wife,White,Female,0,0,38,United-States,<=50K
32,Private,363647,Bachelors,13,Divorced,Craft-repair,Not-in-family,White,Male,0,0,48,United-States,<=50K
55,Private,119467,Doctorate,16,Separated,Sales,Not-in-family,White,Male,0,0,50,Honduras,>50K
65,State-gov,88465,Prof-school,15,Married-spouse-absent,Sales,Not-in-family,White,Male,0,0,40,United-States,<=50K
32,Private,225700,HS-grad,9,Divorced,Prof-specialty,Own-child,White,Male,0,0,60,United-States,<=50K
52,Private,326840,HS-grad,9,Married-civ-spouse,Sales,Wife,White,Female,0,0,40,United-States,<=50K
33,Private,346714,Assoc-acdm,12,Separated,Other-service,Unmarried,White,Male,0,0,16,India,<=50K
58,Self-emp-not-inc,169106,HS-grad,9,Divorced,Adm-clerical,Unmarried,White,Male,0,0,40,United-States,<=50K
49,Private,370496,Prof-school,15,Married-civ-spouse,Craft-repair,Husband,White,Male,0,0,40,Honduras,<=50K
42,Private,264871,Assoc-voc,11,Never-married,Exec-managerial,Not-in-family,White,Male,0,2338,40,United-States,>50K
32,Private,114814,9th,5,Separated,Machine-op-inspct,Not-in-family,White,Male,0,0,50,United-States,<=50K
71,Self-emp-inc,135662,Assoc-acdm,12,Divorced,Transport-moving,Not-in-family,White,Male,7666,0,50,Mexico,>50K
51,Private,150121,Some-college,10,Married-civ-spouse,Exec-managerial,Husband,White,Male,0,0,50,United-States,>50K
38,Private,127027,Some-college,10,Never-married,Other-service,Not-in-family,Black,Male,8870,0,25,India,<=50K
30,Private,232781,Doctorate,16,Married-civ-spouse,Protective-serv,Husband,White,Male,0,0,40,United-States,>50K
33,Private,61363,HS-grad,9,Separated,Prof-specialty,Not-in-family,Black,Female,0,0,45,United-States,<=50K
41,Private,34469,HS-grad,9,Married-civ-spouse,Other-service,Husband,White,Male,0,1521,35,United-States,<=50K
64,Federal-gov,208546,HS-grad,9,Widowed,Protective-serv,Not-in-family,Black,Male,0,0,40,United-States,<=50K
46,Private,15000,HS-grad,9,Married-civ-spouse,Other-service,Husband,White,Male,0,0,15,United-States,<=50K
60,Private,68110,HS-grad,9,Married-civ-spouse,Protective-serv,Husband,White,Male,0,0,40,El-Salvador,<=50K
37,State-gov,145949,Some-college,10,Married-civ-spouse,Machine-op-inspct,Wife,White,Female,0,0,38,United-States,<=50K
67,Self-emp-not-inc,332567,Assoc-voc,11,Widowed,Other-service,Unmarried,White,Female,0,0,15,United-States,<=50K
52,Private,233100,Bachelors,13,Married-civ-spouse,Protective-serv,Husband,White,Male,3688,0,20,United-States,<=50K
36,Private,20993,Some-college,10,Married-civ-spouse,Protective-serv,Husband,Black,Male,0,0,40,England,<=50K
44,Private,184856,Doctorate,16,Widowed,Exec-managerial,Own-child,White,Male,0,0,45,United-States,>50K
28,Private,186072,HS-grad,9,Separated,Machine-op-inspct,Other-relative,Black,Male,0,0,45,United-States,<=50K
54,Private,276473,HS-grad,9,Married-civ-spouse,Handlers-cleaners,Husband,White,Male,0,0,45,Canada,<=50K
33,Private,285729,Doctorate,16,Married-civ-spouse,Craft-repair,Husband,White,Male,0,0,40,United-States,>50K
60,Private,332108,HS-grad,9,Divorced,Protective-serv,Own-child,Black,Male,0,0,44,United-States,<=50K
27,Self-emp-not-inc,285536,HS-grad,9,Never-married,Priv-house-serv,Unmarried,Amer-Indian-Eskimo,Male,0,0,40,United-States,<=50K
29,Federal-gov,182248,11th,7,Never-married,Other-service,Own-child,Asian-Pac-Islander,Male,0,0,40,United-States,<=50K
49,Private,133203,HS-grad,9,Married-civ-spouse,Craft-repair,Wife,White,Female,0,0,40,United-States,>50K
25,Local-gov,72884,11th,7,Married-civ-spouse,Other-service,Husband,White,Male,0,0,40,United-States,<=50K
31,Private,231753,HS-grad,9,Married-civ-spouse,Craft-repair,Wife,White,Female,0,0,40,United-States,<=50K
21,Private,59334,Some-college,10,Never-married,Craft-repair,Not-in-family,White,Male,0,0,55,United-States,<=50K
40,Private,141393,Bachelors,13,Married-civ-spouse,Craft-repair,Husband,White,Male,15937,0,38,United-States,<=50K
61,Private,392466,Some-college,10,Married-civ-spouse,Handlers-cleaners,Wife,Asian-Pac-Islander,Female,0,0,48,Cuba,>50K
51,Private,259390,Bachelors,13,Widowed,Transport-moving,Not-in-family,White,Male,0,0,25,United-States,<=50K
35,Self-emp-not-inc,193079,HS-grad,9,Married-civ-spouse,Other-service,Wife,White,Female,0,0,40,United-States,<=50K
43,Private,231868,Assoc-voc,11,Divorced,Machine-op-inspct,Other-relative,White,Male,0,0,44,United-States,<=50K
30,Private,59450,Bachelors,13,Married-spouse-absent,Exec-managerial,Not-in-family,White,Male,0,0,38,United-States,<=50K
41,Private,240638,Some-college,10,Divorced,Sales,Own-child,White,Male,0,0,55,Honduras,<=50K
28,Private,142509,Some-college,10,Never-married,Transport-moving,Other-relative,White,Male,0,0,40,United-States,<=50K
38,Private,159819,Bachelors,13,Never-married,Prof-specialty,Other-relative,Other,Male,0,1912,57,United-States,<=50K
39,Private,200975,HS-grad,9,Divorced,Other-service,Unmarried,White,Female,0,0,45,United-States,<=50K
34,Private,159016,Some-college,10,Married-spouse-absent,Craft-repair,Unmarried,Black,Male,0,0,55,United-States,<=50K
41,Local-gov,270756,Bachelors,13,Married-civ-spouse,Craft-repair,Husband,White,Male,0,0,40,United-States,<=50K
41,Private,207689,Bachelors,13,Divorced,Exec-managerial,Unmarried,White,Male,0,0,50,United-States,>50K
49,Self-emp-not-inc,201029,Assoc-acdm,12,Never-married,Other-service,Not-in-family,Black,Male,0,0,16,Germany,<=50K
28,Private,62769,HS-grad,9,Never-married,Machine-op-inspct,Unmarried,Black,Male,0,0,48,Mexico,<=50K
51,Private,199913,Bachelors,13,Married-civ-spouse,Exec-managerial,Husband,Black,Male,0,1876,50,United-States,<=50K
36,Private,106039,Bachelors,13,Divorced,Handlers-cleaners,Unmarried,White,Female,0,0,53,United-States,<=50K
35,Private,208063,Bachelors,13,Married-civ-spouse,Prof-specialty,Husband,White,Male,0,0,40,United-States,<=50K
36,Federal-gov,156492,Some-college,10,Never-married,Other-service,Not-in-family,Black,Male,0,0,40,United-States,<=50K
46,Private,290275,Assoc-acdm,12,Widowed,Transport-moving,Other-relative,White,Female,0,0,26,United-States,<=50K
23,Private,338348,Some-college,10,Never-married,Exec-managerial,Own-child,White,Male,0,0,45,United-States,<=50K
59,Private,142582,7th-8th,4,Widowed,Priv-house-serv,Unmarried,Asian-Pac-Islander,Male,0,0,46,El-Salvador,<=50K
47,Self-emp-not-inc,99354,HS-grad,9,Never-married,Adm-clerical,Not-in-family,White,Female,0,0,48,United-States,<=50K
29,Private,140125,HS-grad,9,Divorced,Craft-repair,Not-in-family,White,Male,0,0,38,United-States,<=50K
63,Private,21485,Prof-school,15,Divorced,Exec-managerial,Not-in-family,White,Male,4906,0,40,England,>50K
39,Private,200939,Assoc-voc,11,Married-civ-spouse,Sales,Husband,White,Male,0,0,40,United-States,<=50K
32,Private,206276,Assoc-voc,11,Widowed,Adm-clerical,Not-in-family,White,Male,0,0,50,Cuba,>50K
26,Private,204875,11th,7,Married-civ-spouse,Craft-repair,Husband,Asian-Pac-Islander,Male,0,0,45,United-States,>50K
22,Private,162728,Some-college,10,Married-civ-spouse,Craft-repair,Husband,White,Male,9386,0,23,United-States,<=50K
39,Private,239608,Bachelors,13,Separated,Tech-support,Not-in-family,White,Male,0,0,40,United-States,<=50K
39,Private,66404,Some-college,10,Married-civ-spouse,Exec-managerial,Husband,White,Male,0,0,38,United-States,<=50K
29,Private,291156,Assoc-acdm,12,Married-civ-spouse,Craft-repair,Husband,White,Male,0,0,50,United-States,>50K
28,Private,123114,Masters,14,Divorced,Sales,Unmarried,White,Female,3102,0,40,United-States,>50K
54,Self-emp-inc,245974,Bachelors,13,Married-civ-spouse,Exec-managerial,Husband,White,Male,0,0,38,United-States,>50K
34,Self-emp-not-inc,133433,11th,7,Married-civ-spouse,Machine-op-inspct,Husband,White,Male,0,0,60,United-States,>50K
32,Private,328389,Assoc-acdm,12,Married-civ-spouse,Sales,Husband,White,Male,0,0,45,United-States,<=50K
25,Private,243220,Assoc-acdm,12,Married-spouse-absent,Craft-repair,Own-child,Black,Male,0,0,38,United-States,<=50K
61,Private,109404,Assoc-acdm,12,Never-married,Transport-moving,Unmarried,White,Male,3104,0,40,United-States,>50K
55,Private,95646,HS-grad,9,Divorced,Tech-support,Not-in-family,White,Male,14072,0,40,United-States,<=50K
45,Federal-gov,310089,HS-grad,9,Divorced,Craft-repair,Other-relative,Asian-Pac-Islander,Male,0,0,40,United-States,<=50K
27,Private,245464,HS-grad,9,Never-married,Adm-clerical,Other-relative,Asian-Pac-Islander,Female,0,0,40,United-States,<=50K
27,Private,187878,HS-grad,9,Never-married,Sales,Other-relative,White,Female,0,0,35,United-States,<=50K
55,Private,218706,HS-grad,9,Divorced,Adm-clerical,Other-relative,White,Male,0,0,30,United-States,<=50K
55,Private,15000,HS-grad,9,Married-civ-spouse,Adm-clerical,Husband,White,Male,0,0,50,United-States,<=50K
47,Private,356806,Bachelors,13,Married-civ-spouse,Handlers-cleaners,Husband,White,Male,0,0,39,United-States,<=50K
66,Private,210768,Bachelors,13,Married-civ-spouse,Other-service,Husband,Black,Male,2591,0,40,United-States,<=50K
28,Private,175984,Masters,14,Never-married,Handlers-cleaners,Not-in-family,White,Female,0,0,48,United-States,<=50K
62,Private,181524,Doctorate,16,Married-spouse-absent,Prof-specialty,Own-child,Black,Female,0,0,45,United-States,>50K
22,Private,196605,HS-grad,9,Never-married,Protective-serv,Own-child,White,Male,0,0,40,United-States,<=50K
34,Private,128086,Some-college,10,Never-married,Priv-house-serv,Not-in-family,White,Male,0,0,40,Canada,<=50K
42,Private,280373,Bachelors,13,Married-civ-spouse,Adm-clerical,Husband,White,Male,0,0,40,United-States,>50K
20,Private,73365,Assoc-acdm,12,Never-married,Tech-support,Own-child,White,Male,0,0,35,India,<=50K
28,Private,174148,Assoc-acdm,12,Never-married,Craft-repair,Other-relative,White,Male,0,0,40,United-States,<=50K
59,Private,312527,HS-grad,9,Divorced,Craft-repair,Not-in-family,White,Female,0,0,38,United-States,<=50K
37,State-gov,222252,9th,5,Married-civ-spouse,Machine-op-inspct,Husband,White,Male,0,0,45,United-States,<=50K
40,Private,354109,11th,7,Married-civ-spouse,Protective-serv,Husband,White,Male,0,0,45,Cuba,<=50K
22,Private,328369,Some-college,10,Never-married,Other-service,Own-child,White,Male,0,0,35,United-States,<=50K
36,Federal-gov,209082,Some-college,10,Divorced,Craft-repair,Unmarried,White,Male,0,0,35,United-States,<=50K
28,Private,252018,Some-college,10,Married-civ-spouse,Tech-support,Wife,White,Female,0,0,40,United-States,>50K
28,Private,159139,Assoc-acdm,12,Divorced,Machine-op-inspct,Own-child,White,Male,0,0,43,India,<=50K
42,Private,106590,HS-grad,9,Married-civ-spouse,Sales,Wife,White,Female,0,0,40,United-States,<=50K
45,State-gov,371257,Assoc-voc,11,Divorced,Tech-support,Unmarried,White,Female,0,0,40,United-States,<=50K
43,Private,261553,Assoc-voc,11,Never-married,Exec-managerial,Own-child,White,Male,4614,0,40,United-States,<=50K
45,Federal-gov,187268,Some-college,10,Divorced,Craft-repair,Not-in-family,White,Male,0,0,40,United-States,<=50K
54,Private,293714,5th-6th,3,Married-civ-spouse,Farming-fishing,Husband,Black,Male,0,0,25,United-States,<=50K
30,Private,569949,Bachelors,13,Married-civ-spouse,Prof-specialty,Husband,White,Male,0,0,38,United-States,>50K
51,Private,240803,HS-grad,9,Married-civ-spouse,Transport-moving,Husband,White,Male,0,0,44,United-States,<=50K
20,State-gov,204875,Some-college,10,Never-married,Prof-specialty,Not-in-family,White,Male,0,0,55,United-States,<=50K
35,Self-emp-not-inc,280253,HS-grad,9,Never-married,Craft-repair,Not-in-family,White,Female,0,0,50,United-States,<=50K
39,Local-gov,206664,HS-grad,9,Married-civ-spouse,Prof-specialty,Husband,White,Male,0,1783,35,United-States,<=50K
46,Private,141474,Masters,14,Married-civ-spouse,Prof-specialty,Husband,White,Male,0,0,40,United-States,<=50K
28,Private,106313,Some-college,10,Never-married,Prof-specialty,Not-in-family,Black,Male,0,0,60,United-States,<=50K
36,Self-emp-not-inc,284808,Some-college,10,Divorced,Exec-managerial,Own-child,White,Male,0,0,45,Mexico,<=50K
46,Private,145735,Some-college,10,Widowed,Machine-op-inspct,Unmarried,White,Male,2827,0,50,United-States,>50K
41,Private,213701,HS-grad,9,Married-civ-spouse,Machine-op-inspct,Husband,White,Male,0,0,45,United-States,>50K
31,Self-emp-not-inc,283639,Some-college,10,Married-civ-spouse,Adm-clerical,Wife,White,Female,34235,0,52,United-States,>50K
34,Private,260210,Masters,14,Never-married,Prof-specialty,Own-child,White,Male,0,0,40,Canada,<=50K
39,Private,296024,HS-grad,9,Separated,Protective-serv,Own-child,White,Male,0,0,45,United-States,<=50K
42,Private,70745,Bachelors,13,Married-civ-spouse,Prof-specialty,Husband,White,Male,0,1639,45,United-States,<=50K
51,Private,213294,HS-grad,9,Divorced,Adm-clerical,Not-in-family,White,Male,0,0,50,United-States,<=50K
24,Private,104875,Assoc-acdm,12,Married-civ-spouse,Exec-managerial,Husband,Black,Male,0,0,38,United-States,<=50K
42,Private,158837,Bachelors,13,Divorced,Prof-specialty,Other-relative,White,Male,0,0,37,United-States,<=50K
37,Private,191798,Doctorate,16,Married-civ-spouse,Sales,Husband,White,Male,0,0,48,United-States,>50K
35,Private,188756,Assoc-acdm,12,Married-spouse-absent,Other-service,Not-in-family,White,Male,0,1484,31,United-States,>50K
46,Federal-gov,265649,Bachelors,13,Divorced,Tech-support,Unmarried,White,Female,0,0,53,England,<=50K
19,Private,99129,11th,7,Never-married,Farming-fishing,Own-child,White,Female,0,0,42,United-States,<=50K
36,Private,142576,HS-grad,9,Divorced,Adm-clerical,Own-child,White,Male,0,0,30,Honduras,<=50K
40,Self-emp-not-inc,309427,Bachelors,13,Married-civ-spouse,Prof-specialty,Wife,Black,Female,0,0,50,United-States,>50K
29,Private,268132,Some-college,10,Married-civ-spouse,Handlers-cleaners,Husband,White,Male,0,0,35,United-States,<=50K
34,Self-emp-not-inc,121035,HS-grad,9,Never-married,Machine-op-inspct,Not-in-family,White,Male,0,0,50,United-States,<=50K
58,Private,251055,Masters,14,Widowed,Exec-managerial,Unmarried,White,Female,0,0,55,United-States,>50K
34,Private,199657,Masters,14,Divorced,Prof-specialty,Other-relative,White,Male,0,0,40,United-States,<=50K
43,Private,168168,Masters,14,Married-civ-spouse,Sales,Husband,White,Male,0,0,45,United-States,>50K
36,Private,158141,Doctorate,16,Married-civ-spouse,Adm-clerical,Husband,White,Male,0,0,45,United-States,>50K
63,Private,164219,Some-college,10,Married-civ-spouse,Handlers-cleaners,Wife,White,Female,0,0,35,United-States,<=50K
47,Private,302974,Doctorate,16,Married-civ-spouse,Prof-specialty,Husband,White,Male,0,0,38,Canada,>50K
20,Private,176389,HS-grad,9,Never-married,Protective-serv,Not-in-family,Black,Male,0,0,39,United-States,<=50K
51,Private,138541,HS-grad,9,Married-civ-spouse,Sales,Husband,White,Male,0,0,40,United-States,>50K
30,Private,316576,Masters,14,Separated,Adm-clerical,Unmarried,White,Male,0,0,50,Mexico,<=50K
37,Private,102674,Assoc-voc,11,Married-civ-spouse,Sales,Wife,Black,Female,0,0,35,United-States,<=50K
35,Private,158289,Some-college,10,Married-civ-spouse,Other-service,Husband,White,Male,0,0,40,United-States,<=50K
26,State-gov,15000,Assoc-voc,11,Married-civ-spouse,Protective-serv,Husband,White,Male,0,0,52,United-States,<=50K
34,Private,86808,Some-college,10,Married-civ-spouse,Tech-support,Husband,White,Male,0,0,44,United-States,<=50K
43,Self-emp-inc,177909,Bachelors,13,Never-married,Sales,Not-in-family,White,Male,0,0,50,United-States,<=50K
40,Self-emp-not-inc,122444,Some-college,10,Married-civ-spouse,Prof-specialty,Husband,White,Male,0,0,60,Puerto-Rico,>50K
37,Local-gov,258971,HS-grad,9,Married-AF-spouse,Protective-serv,Husband,White,Male,0,0,61,United-States,<=50K
36,Private,124734,Doctorate,16,Married-spouse-absent,Tech-support,Not-in-family,White,Male,0,0,45,Mexico,>50K
64,Private,40732,Bachelors,13,Married-civ-spouse,Prof-specialty,Husband,White,Male,0,0,60,United-States,<=50K
56,Private,100780,Some-college,10,Separated,Adm-clerical,Not-in-family,White,Male,0,0,40,United-States,<=50K
21,Self-emp-inc,245125,Assoc-voc,11,Never-married,Transport-moving,Not-in-family,White,Female,0,0,60,United-States,<=50K
49,Self-emp-inc,189171,HS-grad,9,Married-civ-spouse,Farming-fishing,Wife,White,Female,0,0,40,United-States,>50K
49,Federal-gov,129643,Some-college,10,Married-civ-spouse,Machine-op-inspct,Wife,Black,Female,0,0,34,United-States,<=50K
58,Private,65197,HS-grad,9,Married-civ-spouse,Machine-op-inspct,Wife,Black,Female,0,0,49,United-States,<=50K
44,Local-gov,230284,Assoc-acdm,12,Never-married,Sales,Not-in-family,White,Male,0,0,50,Honduras,<=50K
48,Private,280630,9th,5,Divorced,Transport-moving,Not-in-family,White,Male,0,0,40,United-States,<=50K
30,Private,144608,Masters,14,Never-married,Prof-specialty,Not-in-family,White,Male,0,0,45,United-States,<=50K
32,Private,231239,HS-grad,9,Married-civ-spouse,Prof-specialty,Wife,White,Female,0,0,55,United-States,<=50K
41,Private,320532,Assoc-acdm,12,Married-civ-spouse,Exec-managerial,Husband,White,Male,0,0,35,United-States,<=50K
61,Private,170587,9th,5,Married-civ-spouse,Adm-clerical,Husband,Black,Male,0,1956,40,United-States,<=50K
49,Private,115583,Assoc-acdm,12,Divorced,Adm-clerical,Other-relative,Black,Male,0,0,20,United-States,<=50K
34,Private,77407,HS-grad,9,Married-spouse-absent,Other-service,Other-relative,White,Male,0,0,40,United-States,<=50K
39,Private,153070,HS-grad,9,Married-civ-spouse,Exec-managerial,Husband,White,Male,0,0,70,United-States,<=50K
54,Private,180030,Some-college,10,Married-civ-spouse,Transport-moving,Husband,White,Male,0,0,40,United-States,<=50K
34,Federal-gov,194455,Assoc-acdm,12,Never-married,Sales,Other-relative,White,Male,0,0,45,United-States,<=50K
51,Private,15000,Bachelors,13,Married-civ-spouse,Adm-clerical,Husband,White,Male,0,0,44,United-States,<=50K
49,Private,143456,Some-college,10,Married-civ-spouse,Craft-repair,Husband,White,Male,2688,0,45,United-States,<=50K
43,State-gov,184934,HS-grad,9,Married-civ-spouse,Machine-op-inspct,Wife,White,Female,0,0,40,United-States,>50K
24,Federal-gov,15000,HS-grad,9,Never-married,Craft-repair,Own-child,White,Male,0,0,45,United-States,<=50K
51,Private,171736,Doctorate,16,Married-civ-spouse,Exec-managerial,Husband,White,Male,0,0,51,United-States,>50K
33,Private,357277,Some-college,10,Married-civ-spouse,Prof-specialty,Husband,White,Male,0,0,40,United-States,<=50K
36,Federal-gov,304149,Bachelors,13,Married-AF-spouse,Tech-support,Husband,White,Male,0,0,43,United-States,<=50K
44,Private,334142,HS-grad,9,Never-married,Other-service,Own-child,White,Male,6333,0,20,United-States,<=50K
37,Private,250942,Assoc-voc,11,Married-AF-spouse,Prof-specialty,Husband,White,Male,0,0,40,United-States,<=50K
32,Private,159541,Doctorate,16,Never-married,Prof-specialty,Own-child,White,Female,0,0,41,Honduras,<=50K
31,Federal-gov,132229,Bachelors,13,Divorced,Exec-managerial,Own-child,White,Female,0,0,55,United-States,<=50K
32,Private,311224,HS-grad,9,Married-civ-spouse,Machine-op-inspct,Husband,White,Male,0,0,40,United-States,>50K
50,Private,168476,Assoc-voc,11,Divorced,Other-service,Other-relative,Asian-Pac-Islander,Male,0,0,35,United-States,<=50K
36,Private,306793,HS-grad,9,Never-married,Other-service,Not-in-family,White,Male,0,0,35,Philippines,<=50K
36,Private,281832,HS-grad,9,Never-married,Protective-serv,Not-in-family,White,Male,0,0,40,Ecuador,<=50K
38,Local-gov,168978,Some-college,10,Married-civ-spouse,Craft-repair,Wife,Black,Female,0,0,40,United-States,<=50K
40,Private,259146,Assoc-acdm,12,Married-civ-spouse,Craft-repair,Husband,White,Male,0,0,40,United-States,<=50K
44,Private,113075,HS-grad,9,Married-civ-spouse,Craft-repair,Husband,White,Male,0,0,44,United-States,>50K
25,Private,170166,HS-grad,9,Never-married,Tech-support,Not-in-family,White,Male,0,0,55,United-States,<=50K
33,Private,226237,Masters,14,Never-married,Prof-specialty,Unmarried,White,Male,0,0,40,China,<=50K
40,Local-gov,311362,Doctorate,16,Married-civ-spouse,Other-service,Wife,White,Female,0,0,25,United-States,<=50K
46,Private,220529,Bachelors,13,Married-civ-spouse,Sales,Wife,White,Female,0,0,35,United-States,<=50K
34,Private,237877,HS-grad,9,Married-civ-spouse,Exec-managerial,Husband,White,Male,0,0,40,United-States,<=50K
41,Private,132686,Some-college,10,Never-married,Sales,Not-in-family,White,Female,0,0,40,Canada,<=50K
33,Self-emp-not-inc,135954,10th,6,Married-civ-spouse,Machine-op-inspct,Wife,White,Female,0,0,60,El-Salvador,<=50K
31,Private,162728,Some-college,10,Married-civ-spouse,Tech-support,Wife,Black,Female,0,0,39,Ireland,<=50K
27,Self-emp-not-inc,156509,Bachelors,13,Never-married,Prof-specialty,Own-child,White,Male,0,0,44,United-States,<=50K
55,Private,215406,7th-8th,4,Married-civ-spouse,Transport-moving,Husband,White,Male,0,0,40,Honduras,<=50K
50,Private,163687,HS-grad,9,Married-civ-spouse,Sales,Husband,White,Male,0,0,50,United-States,<=50K
59,Self-emp-not-inc,291128,Some-college,10,Widowed,Machine-op-inspct,Unmarried,White,Male,0,0,35,United-States,<=50K
43,Local-gov,223205,Doctorate,16,Separated,Exec-managerial,Not-in-family,White,Male,3849,0,48,United-States,>50K
27,Private,86557,Bachelors,13,Married-civ-spouse,Prof-specialty,Husband,White,Male,5452,0,40,United-States,<=50K
63,Self-emp-not-inc,144447,Some-college,10,Widowed,Other-service,Unmarried,White,Male,0,0,40,United-States,<=50K
64,Private,179919,HS-grad,9,Married-civ-spouse,Prof-specialty,Wife,White,Female,0,0,50,United-States,>50K
49,Private,273949,Masters,14,Divorced,Prof-specialty,Other-relative,White,Male,0,0,50,Puerto-Rico,<=50K
25,Private,208746,Some-college,10,Never-married,Craft-repair,Own-child,White,Male,0,0,60,United-States,<=50K
46,Private,166977,Prof-school,15,Married-civ-spouse,Exec-managerial,Husband,White,Male,0,0,50,United-States,<=50K
35,Private,149855,HS-grad,9,Married-civ-spouse,Protective-serv,Wife,Black,Female,0,1625,40,Germany,<=50K
37,Private,215050,HS-grad,9,Divorced,Adm-clerical,Unmarried,White,Female,0,0,40,United-States,>50K
32,Private,210366,Bachelors,13,Divorced,Sales,Not-in-family,White,Male,0,0,40,Germany,<=50K
37,Self-emp-not-inc,171252,Assoc-voc,11,Married-civ-spouse,Prof-specialty,Husband,Black,Male,0,0,60,United-States,<=50K
23,Private,158881,Bachelors,13,Married-civ-spouse,Sales,Husband,White,Male,0,0,52,India,<=50K
27,Self-emp-not-inc,211150,Some-college,10,Never-married,Craft-repair,Not-in-family,White,Male,0,0,30,United-States,<=50K
22,Private,331188,Bachelors,13,Never-married,Exec-managerial,Own-child,Black,Male,0,0,40,United-States,<=50K
40,Self-emp-not-inc,362885,HS-grad,9,Married-civ-spouse,Craft-repair,Husband,White,Male,0,0,50,United-States,>50K
57,Private,411974,HS-grad,9,Married-civ-spouse,Craft-repair,Husband,White,Male,0,0,40,United-States,<=50K
40,Private,265221,7th-8th,4,Divorced,Machine-op-inspct,Not-in-family,White,Male,0,0,40,United-States,<=50K
39,Private,117558,Bachelors,13,Married-civ-spouse,Adm-clerical,Husband,White,Male,0,0,38,United-States,<=50K
47,Self-emp-not-inc,210904,HS-grad,9,Married-civ-spouse,Transport-moving,Husband,White,Male,0,0,50,United-States,<=50K
55,Private,100956,HS-grad,9,Widowed,Exec-managerial,Unmarried,White,Male,0,0,50,Greece,<=50K
59,Private,190653,Prof-school,15,Married-civ-spouse,Tech-support,Wife,White,Female,0,0,40,United-States,>50K
66,Private,190230,Bachelors,13,Married-civ-spouse,Protective-serv,Husband,White,Male,0,0,55,United-States,<=50K
71,Self-emp-not-inc,195856,Bachelors,13,Married-civ-spouse,Prof-specialty,Husband,White,Male,0,2326,50,United-States,>50K
27,Federal-gov,268178,Assoc-voc,11,Married-civ-spouse,Sales,Husband,Black,Male,0,0,50,England,<=50K
27,Private,416563,Masters,14,Divorced,Sales,Own-child,White,Male,0,0,45,United-States,<=50K
49,Private,149754,Some-college,10,Married-civ-spouse,Handlers-cleaners,Husband,White,Male,0,0,44,Mexico,<=50K
34,Private,268615,HS-grad,9,Never-married,Adm-clerical,Not-in-family,White,Male,0,0,40,United-States,<=50K
42,Private,150631,Assoc-acdm,12,Married-civ-spouse,Handlers-cleaners,Husband,White,Male,0,0,34,United-States,<=50K
67,Private,222449,10th,6,Married-civ-spouse,Machine-op-inspct,Husband,White,Male,0,0,38,United-States,<=50K
37,Local-gov,224293,Bachelors,13,Married-spouse-absent,Prof-specialty,Unmarried,White,Male,0,0,40,United-States,<=50K
41,Private,186710,Assoc-voc,11,Married-spouse-absent,Other-service,Own-child,White,Male,0,0,40,India,<=50K
60,Private,141417,Bachelors,13,Never-married,Sales,Not-in-family,White,Female,0,0,47,England,<=50K
30,Self-emp-not-inc,120265,Bachelors,13,Never-married,Other-service,Not-in-family,White,Male,0,0,40,India,<=50K
36,Self-emp-not-inc,330543,Assoc-voc,11,Married-civ-spouse,Prof-specialty,Wife,White,Female,0,0,50,United-States,>50K
68,Private,127837,Some-college,10,Married-civ-spouse,Transport-moving,Wife,White,Female,0,0,25,Philippines,<=50K
32,Private,133187,Assoc-acdm,12,Never-married,Sales,Other-relative,White,Male,0,0,42,United-States,<=50K
36,Federal-gov,309277,HS-grad,9,Married-civ-spouse,Exec-managerial,Husband,White,Male,2637,0,40,United-States,>50K
32,Private,89891,HS-grad,9,Married-civ-spouse,Craft-repair,Husband,White,Male,0,0,38,United-States,<=50K
28,Private,179226,Prof-school,15,Never-married,Exec-managerial,Not-in-family,White,Female,0,0,60,Italy,<=50K
30,Private,125576,Masters,14,Married-spouse-absent,Craft-repair,Not-in-family,White,Male,4231,0,40,Jamaica,>50K
47,Private,125797,Bachelors,13,Married-civ-spouse,Prof-specialty,Husband,White,Male,0,0,35,United-States,>50K
39,Private,123317,Assoc-voc,11,Married-civ-spouse,Other-service,Husband,White,Male,0,0,35,United-States,<=50K
44,Self-emp-not-inc,292102,7th-8th,4,Married-civ-spouse,Farming-fishing,Husband,Asian-Pac-Islander,Male,0,0,35,United-States,<=50K
57,Private,144416,HS-grad,9,Never-married,Adm-clerical,Not-in-family,White,Male,0,0,40,United-States,<=50K
27,Private,138629,Assoc-voc,11,Divorced,Exec-managerial,Other-relative,White,Male,0,0,40,United-States,<=50K
32,Private,193562,9th,5,Married-civ-spouse,Handlers-cleaners,Wife,White,Female,0,1979,40,United-States,<=50K
51,Federal-gov,288316,Masters,14,Married-civ-spouse,Craft-repair,Husband,White,Male,0,0,48,United-States,<=50K
44,Private,457732,Doctorate,16,Married-civ-spouse,Exec-managerial,Husband,White,Male,0,0,40,United-States,>50K
30,Federal-gov,155476,HS-grad,9,Divorced,Craft-repair,Not-in-family,White,Male,0,0,50,United-States,>50K
24,Private,192614,HS-grad,9,Married-civ-spouse,Sales,Husband,White,Male,0,0,40,United-States,<=50K
29,Private,139512,Some-college,10,Married-civ-spouse,Transport-moving,Husband,White,Male,14266,0,41,United-States,<=50K
63,Private,217070,5th-6th,3,Married-civ-spouse,Other-service,Husband,White,Male,0,0,20,United-States,<=50K
43,Private,153274,Some-college,10,Married-civ-spouse,Other-service,Wife,White,Female,0,0,30,United-States,<=50K
52,Self-emp-not-inc,299669,Assoc-acdm,12,Never-married,Adm-clerical,Other-relative,White,Male,0,0,30,United-States,<=50K
33,Private,205421,Bachelors,13,Married-civ-spouse,Exec-managerial,Husband,White,Male,0,0,60,United-States,<=50K
38,Private,261923,Prof-school,15,Married-spouse-absent,Exec-managerial,Not-in-family,White,Female,0,0,40,United-States,<=50K
35,Private,109304,Doctorate,16,Married-civ-spouse,Sales,Husband,White,Male,0,0,40,United-States,>50K
34,Private,85720,Doctorate,16,Divorced,Protective-serv,Own-child,White,Female,0,0,48,United-States,>50K
34,State-gov,201594,Prof-school,15,Married-civ-spouse,Sales,Husband,White,Male,0,0,45,United-States,>50K
27,State-gov,216446,Masters,14,Married-civ-spouse,Protective-serv,Husband,White,Male,0,0,50,Hungary,<=50K
44,Private,248241,HS-grad,9,Never-married,Other-service,Not-in-family,White,Male,0,0,40,United-States,<=50K
57,Private,113087,Bachelors,13,Married-civ-spouse,Prof-specialty,Husband,White,Male,0,0,35,United-States,<=50K
30,Private,214625,Masters,14,Never-married,Prof-specialty,Not-in-family,White,Male,0,0,40,India,>50K
64,Private,491738,HS-grad,9,Divorced,Machine-op-inspct,Other-relative,White,Male,0,0,40,United-States,<=50K
36,Private,222788,Bachelors,13,Married-civ-spouse,Exec-managerial,Wife,Asian-Pac-Islander,Female,0,0,50,United-States,<=50K
37,Private,143144,HS-grad,9,Married-civ-spouse,Exec-managerial,Husband,White,Male,9725,0,50,Mexico,<=50K
36,Private,232618,5th-6th,3,Married-civ-spouse,Machine-op-inspct,Husband,White,Male,0,0,40,United-States,<=50K
32,Private,99712,Bachelors,13,Married-civ-spouse,Protective-serv,Husband,White,Male,0,0,60,Hong,>50K
29,Self-emp-not-inc,103738,Prof-school,15,Never-married,Exec-managerial,Not-in-family,White,Male,0,0,45,United-States,<=50K
45,Private,174727,HS-grad,9,Never-married,Sales,Unmarried,Black,Female,0,0,40,United-States,<=50K
29,Private,86052,Bachelors,13,Married-civ-spouse,Prof-specialty,Husband,Black,Male,0,0,40,United-States,<=50K
42,Private,176394,Bachelors,13,Married-civ-spouse,Exec-managerial,Husband,White,Male,0,0,50,United-States,>50K
36,Private,124841,Some-college,10,Divorced,Exec-managerial,Not-in-family,White,Male,0,0,40,United-States,<=50K
47,Private,152638,Some-college,10,Married-civ-spouse,Sales,Husband,White,Male,0,0,48,United-States,<=50K
56,Private,298826,Some-college,10,Married-civ-spouse,Sales,Husband,Asian-Pac-Islander,Male,0,0,38,United-States,<=50K
28,Private,112941,Bachelors,13,Never-married,Exec-managerial,Own-child,White,Male,0,0,60,United-States,<=50K
33,Private,124151,Bachelors,13,Married-civ-spouse,Exec-managerial,Husband,White,Male,0,0,55,United-States,>50K
33,Self-emp-not-inc,251534,Masters,14,Divorced,Exec-managerial,Not-in-family,Asian-Pac-Islander,Male,0,0,40,United-States,<=50K
49,Private,230971,HS-grad,9,Never-married,Other-service,Unmarried,Asian-Pac-Islander,Male,0,0,25,United-States,<=50K
60,Federal-gov,282635,HS-grad,9,Married-civ-spouse,Machine-op-inspct,Husband,White,Male,0,0,55,United-States,<=50K
53,Private,537973,Assoc-voc,11,Never-married,Craft-repair,Own-child,White,Male,0,0,40,United-States,<=50K
56,Private,135623,HS-grad,9,Married-civ-spouse,Prof-specialty,Husband,White,Male,0,0,38,United-States,<=50K
66,Private,237608,5th-6th,3,Married-civ-spouse,Machine-op-inspct,Wife,White,Female,0,0,45,United-States,<=50K
45,Self-emp-not-inc,339920,HS-grad,9,Never-married,Tech-support,Unmarried,Black,Male,0,0,60,United-States,>50K
54,State-gov,133064,Doctorate,16,Married-civ-spouse,Prof-specialty,Wife,White,Female,0,0,45,United-States,>50K
33,Private,258916,11th,7,Married-civ-spouse,Sales,Husband,White,Male,0,0,49,United-States,<=50K
59,Never-worked,116418,Masters,14,Married-civ-spouse,Sales,Husband,White,Male,0,0,1,United-States,>50K
23,Private,82603,Bachelors,13,Never-married,Prof-specialty,Not-in-family,White,Male,0,0,35,United-States,<=50K
26,Private,134463,HS-grad,9,Never-married,Sales,Own-child,Black,Male,0,0,40,United-States,<=50K
38,Federal-gov,327897,Some-college,10,Divorced,Craft-repair,Own-child,White,Male,0,0,45,United-States,<=50K
42,Private,233714,HS-grad,9,Married-civ-spouse,Other-service,Wife,Black,Female,0,0,25,United-States,<=50K
41,Self-emp-not-inc,232720,Masters,14,Separated,Prof-specialty,Not-in-family,White,Male,0,0,50,United-States,<=50K
33,Self-emp-not-inc,368319,Bachelors,13,Married-civ-spouse,Exec-managerial,Wife,White,Female,0,0,60,United-States,>50K
55,Private,293306,7th-8th,4,Married-civ-spouse,Other-service,Husband,White,Male,0,0,38,England,<=50K
28,Local-gov,321383,Doctorate,16,Divorced,Exec-managerial,Unmarried,White,Female,0,0,45,Puerto-Rico,<=50K
50,Private,89923,Some-college,10,Married-civ-spouse,Protective-serv,Husband,White,Male,0,0,60,England,<=50K
48,Private,212089,5th-6th,3,Widowed,Priv-house-serv,Other-relative,White,Female,0,0,15,United-States,<=50K
37,Private,142397,Bachelors,13,Married-civ-spouse,Exec-managerial,Husband,White,Male,0,0,40,United-States,<=50K
25,Private,201709,HS-grad,9,Married-civ-spouse,Tech-support,Wife,White,Female,0,0,40,United-States,<=50K
41,Self-emp-not-inc,285029,HS-grad,9,Married-civ-spouse,Tech-support,Husband,White,Male,0,0,70,Cuba,>50K
32,Private,129021,Assoc-voc,11,Divorced,Other-service,Not-in-family,White,Female,0,0,40,United-States,<=50K
52,Private,145953,Bachelors,13,Married-civ-spouse,Sales,Husband,White,Male,0,0,40,India,<=50K
57,Private,111158,Some-college,10,Never-married,Adm-clerical,Own-child,White,Female,0,0,40,United-States,<=50K
39,Private,158777,Assoc-voc,11,Married-civ-spouse,Sales,Husband,White,Male,0,0,41,United-States,<=50K
33,State-gov,291179,Bachelors,13,Divorced,Craft-repair,Not-in-family,White,Male,0,0,40,United-States,<=50K
27,Private,203535,HS-grad,9,Never-married,Prof-specialty,Other-relative,White,Male,0,0,60,United-States,<=50K
54,Private,222155,Masters,14,Married-civ-spouse,Tech-support,Husband,White,Male,0,1863,38,United-States,>50K
50,Private,89520,Some-college,10,Married-civ-spouse,Prof-specialty,Husband,White,Male,0,0,55,United-States,>50K
35,Private,156497,Some-college,10,Married-civ-spouse,Prof-specialty,Husband,Black,Male,0,0,50,United-States,<=50K
46,Self-emp-not-inc,160085,Assoc-voc,11,Divorced,Handlers-cleaners,Own-child,White,Male,0,0,40,Cambodia,<=50K
22,Federal-gov,44486,HS-grad,9,Married-civ-spouse,Sales,Husband,White,Male,8010,0,40,United-States,>50K
26,Private,171970,Some-college,10,Never-married,Transport-moving,Other-relative,Black,Male,0,0,48,United-States,<=50K
47,Private,139025,HS-grad,9,Married-civ-spouse,Craft-repair,Husband,Asian-Pac-Islander,Male,0,0,50,United-States,<=50K
31,Private,211274,Masters,14,Divorced,Prof-specialty,Own-child,White,Male,0,0,70,United-States,>50K
21,Private,131149,Some-college,10,Never-married,Other-service,Own-child,White,Female,0,0,40,United-States,<=50K
51,Private,67545,Bachelors,13,Separated,Exec-managerial,Own-child,White,Male,0,0,40,United-States,>50K
31,Private,127368,Some-college,10,Married-civ-spouse,Adm-clerical,Wife,White,Female,0,0,40,United-States,<=50K
62,Private,292115,5th-6th,3,Married-civ-spouse,Machine-op-inspct,Husband,White,Male,0,0,40,United-States,<=50K
55,Private,193594,9th,5,Married-civ-spouse,Transport-moving,Husband,White,Male,0,0,55,United-States,>50K
41,Private,101143,Prof-school,15,Divorced,Transport-moving,Not-in-family,White,Male,0,0,40,Iran,>50K
21,Federal-gov,318970,Some-college,10,Never-married,Exec-managerial,Unmarried,Black,Female,0,0,60,United-States,<=50K
33,Private,351844,Bachelors,13,Married-civ-spouse,Exec-managerial,Wife,White,Female,0,0,54,United-States,>50K
50,Private,135016,Some-college,10,Never-married,Handlers-cleaners,Not-in-family,White,Female,0,0,40,United-States,<=50K
70,Private,443371,Prof-school,15,Married-spouse-absent,Exec-managerial,Unmarried,White,Male,0,0,40,United-States,<=50K
33,Private,80242,Bachelors,13,Married-civ-spouse,Prof-specialty,Husband,White,Male,0,0,40,Cuba,<=50K
28,State-gov,91776,9th,5,Married-civ-spouse,Craft-repair,Husband,Black,Male,0,0,38,United-States,<=50K
33,Private,299252,HS-grad,9,Married-civ-spouse,Exec-managerial,Husband,White,Male,0,0,45,United-States,<=50K
57,Private,528809,9th,5,Married-AF-spouse,Craft-repair,Husband,Amer-Indian-Eskimo,Male,0,0,40,United-States,<=50K
54,Private,221830,HS-grad,9,Widowed,Adm-clerical,Unmarried,White,Male,0,0,48,Mexico,>50K
30,Self-emp-not-inc,289977,Bachelors,13,Married-civ-spouse,Sales,Husband,White,Male,0,0,45,United-States,>50K
18,Private,148967,Some-college,10,Never-married,Adm-clerical,Own-child,White,Male,0,0,38,United-States,<=50K
54,Private,101209,Bachelors,13,Married-civ-spouse,Tech-support,Wife,Black,Female,0,0,40,United-States,<=50K
36,Private,346873,HS-grad,9,Divorced,Sales,Own-child,White,Male,0,0,40,United-States,<=50K
64,Private,200805,9th,5,Widowed,Transport-moving,Other-relative,White,Female,0,0,40,United-States,<=50K
34,Private,231787,Masters,14,Divorced,Sales,Own-child,White,Male,3782,0,40,United-States,<=50K
55,Private,364931,Bachelors,13,Widowed,Tech-support,Own-child,White,Male,0,0,43,United-States,>50K
23,Self-emp-not-inc,115615,Some-college,10,Married-civ-spouse,Adm-clerical,Husband,White,Male,0,0,48,United-States,<=50K
33,Private,124577,Assoc-voc,11,Never-married,Adm-clerical,Other-relative,White,Male,0,0,45,United-States,<=50K
52,Private,84821,Bachelors,13,Divorced,Prof-specialty,Not-in-family,White,Female,0,0,55,United-States,<=50K
51,Private,257337,HS-grad,9,Never-married,Transport-moving,Not-in-family,White,Female,0,0,48,United-States,<=50K
36,Private,166060,9th,5,Married-civ-spouse,Craft-repair,Husband,White,Male,0,0,38,Honduras,<=50K
27,Private,182814,Some-college,10,Never-married,Craft-repair,Own-child,White,Male,0,0,40,United-States,<=50K
25,Private,303666,Doctorate,16,Divorced,Exec-managerial,Not-in-family,White,Male,0,0,50,United-States,<=50K
32,Private,251190,Bachelors,13,Married-civ-spouse,Adm-clerical,Wife,Amer-Indian-Eskimo,Female,0,0,35,United-States,<=50K
46,Private,187473,Masters,14,Never-married,Sales,Own-child,White,Male,0,0,40,Mexico,<=50K
28,Private,192870,Masters,14,Married-civ-spouse,Sales,Wife,White,Female,0,0,50,United-States,<=50K
34,Private,119345,Assoc-acdm,12,Married-spouse-absent,Sales,Other-relative,Asian-Pac-Islander,Male,0,0,44,United-States,<=50K
32,Private,247244,HS-grad,9,Married-civ-spouse,Exec-managerial,Husband,White,Male,0,0,40,United-States,>50K
32,Private,134745,Prof-school,15,Never-married,Exec-managerial,Unmarried,White,Male,0,0,50,United-States,<=50K
32,Private,51964,HS-grad,9,Never-married,Craft-repair,Own-child,White,Male,0,0,41,Cuba,<=50K
47,Private,285133,HS-grad,9,Married-civ-spouse,Machine-op-inspct,Wife,White,Female,0,0,45,Philippines,<=50K
45,Local-gov,197143,Some-college,10,Divorced,Other-service,Unmarried,White,Male,0,0,50,United-States,>50K
35,Private,367535,Assoc-acdm,12,Married-civ-spouse,Transport-moving,Wife,White,Female,0,0,40,United-States,<=50K
45,Private,83730,Masters,14,Married-civ-spouse,Other-service,Wife,White,Female,100177,0,35,United-States,<=50K
33,Private,320817,Some-college,10,Married-civ-spouse,Other-service,Husband,Other,Male,0,0,38,United-States,<=50K
28,Private,167783,11th,7,Never-married,Machine-op-inspct,Not-in-family,White,Male,0,0,40,United-States,<=50K
40,Private,75029,Assoc-acdm,12,Separated,Other-service,Not-in-family,White,Male,0,0,35,Ecuador,<=50K
39,Self-emp-inc,176863,HS-grad,9,Never-married,Craft-repair,Other-relative,White,Male,5184,0,60,United-States,<=50K
38,Private,143483,Assoc-acdm,12,Divorced,Sales,Other-relative,White,Male,0,0,50,India,<=50K
58,Private,99248,HS-grad,9,Married-civ-spouse,Handlers-cleaners,Husband,White,Male,0,0,40,India,<=50K
48,Private,252649,Bachelors,13,Widowed,Prof-specialty,Unmarried,White,Male,0,0,38,United-States,>50K
25,Private,148165,Bachelors,13,Married-civ-spouse,Other-service,Husband,White,Male,0,0,12,United-States,<=50K
35,Private,142486,Bachelors,13,Married-civ-spouse,Prof-specialty,Husband,Black,Male,0,0,50,United-States,<=50K
32,Private,114462,HS-grad,9,Never-married,Tech-support,Not-in-family,Asian-Pac-Islander,Male,0,0,40,United-States,<=50K
26,Self-emp-inc,84205,Bachelors,13,Married-AF-spouse,Prof-specialty,Husband,White,Male,0,0,55,Mexico,<=50K
36,Self-emp-not-inc,222442,HS-grad,9,Married-civ-spouse,Priv-house-serv,Husband,White,Male,0,0,40,United-States,<=50K
37,Self-emp-not-inc,105041,HS-grad,9,Divorced,Sales,Not-in-family,Black,Male,0,0,55,United-States,<=50K
36,Private,169072,Some-college,10,Married-civ-spouse,Protective-serv,Wife,White,Female,0,1528,45,United-States,>50K
29,Local-gov,213644,Bachelors,13,Married-civ-spouse,Prof-specialty,Wife,Asian-Pac-Islander,Female,0,0,35,United-States,<=50K
57,Private,121945,7th-8th,4,Separated,Other-service,Other-relative,White,Male,0,0,45,United-States,<=50K
61,Private,280488,Prof-school,15,Married-civ-spouse,Tech-support,Wife,White,Female,0,0,40,United-States,<=50K
27,Private,252330,HS-grad,9,Married-civ-spouse,Other-service,Husband,White,Male,0,0,35,United-States,<=50K
41,Local-gov,280682,HS-grad,9,Married-civ-spouse,Other-service,Wife,White,Female,0,0,40,United-States,<=50K
23,Private,243680,Bachelors,13,Never-married,Farming-fishing,Not-in-family,Asian-Pac-Islander,Male,6520,0,40,United-States,<=50K
51,Self-emp-inc,107302,5th-6th,3,Married-AF-spouse,Other-service,Husband,Black,Male,0,0,15,United-States,<=50K
35,Private,144130,HS-grad,9,Separated,Exec-managerial,Not-in-family,White,Female,0,0,45,United-States,<=50K
30,Federal-gov,173196,Some-college,10,Married-civ-spouse,Machine-op-inspct,Husband,Black,Male,0,0,42,United-States,>50K
28,Private,317180,Bachelors,13,Never-married,Farming-fishing,Not-in-family,White,Male,0,0,40,Jamaica,>50K
23,Private,216540,HS-grad,9,Married-civ-spouse,Sales,Husband,White,Male,0,0,35,United-States,<=50K
29,Private,444032,Some-college,10,Married-civ-spouse,Handlers-cleaners,Husband,White,Male,0,0,52,United-States,<=50K
44,Private,198708,Masters,14,Married-civ-spouse,Protective-serv,Wife,White,Female,0,0,38,United-States,>50K
27,Private,307699,HS-grad,9,Never-married,Prof-specialty,Not-in-family,White,Male,0,0,40,United-States,<=50K
30,Private,229331,11th,7,Never-married,Machine-op-inspct,Unmarried,White,Male,0,0,48,United-States,<=50K
37,Private,240569,Some-college,10,Married-civ-spouse,Sales,Wife,White,Female,0,0,40,United-States,<=50K
31,Self-emp-not-inc,224258,HS-grad,9,Married-civ-spouse,Handlers-cleaners,Husband,White,Male,5174,0,40,United-States,>50K
54,Private,125929,Some-college,10,Widowed,Craft-repair,Not-in-family,White,Male,0,0,40,United-States,<=50K
27,Private,161097,Prof-school,15,Never-married,Exec-managerial,Own-child,White,Male,0,0,40,England,<=50K
23,Private,247536,Bachelors,13,Never-married,Exec-managerial,Other-relative,White,Male,0,0,55,United-States,<=50K
44,Private,250546,Bachelors,13,Married-civ-spouse,Exec-managerial,Husband,White,Male,0,2588,45,England,>50K
48,Private,161013,Bachelors,13,Married-civ-spouse,Prof-specialty,Husband,Amer-Indian-Eskimo,Male,0,0,40,United-States,>50K
26,Private,225478,Bachelors,13,Never-married,Exec-managerial,Own-child,White,Male,0,0,48,United-States,<=50K
42,Federal-gov,491179,HS-grad,9,Married-civ-spouse,Adm-clerical,Husband,Black,Male,0,0,45,United-States,<=50K
54,Self-emp-not-inc,182818,7th-8th,4,Married-spouse-absent,Priv-house-serv,Other-relative,Asian-Pac-Islander,Male,0,0,25,United-States,<=50K
37,Private,174269,HS-grad,9,Married-civ-spouse,Tech-support,Husband,White,Male,0,0,42,United-States,<=50K
72,Self-emp-not-inc,271460,HS-grad,9,Married-civ-spouse,Machine-op-inspct,Husband,Black,Male,0,0,50,United-States,>50K
33,Local-gov,155343,Some-college,10,Married-civ-spouse,Craft-repair,Husband,White,Male,6444,0,50,United-States,<=50K
30,Private,81982,HS-grad,9,Never-married,Prof-specialty,Other-relative,White,Female,0,0,50,United-States,>50K
32,Self-emp-not-inc,296856,HS-grad,9,Married-civ-spouse,Handlers-cleaners,Husband,White,Male,0,0,70,United-States,<=50K
44,Private,98675,HS-grad,9,Married-civ-spouse,Other-service,Husband,White,Male,0,0,35,United-States,>50K
21,Federal-gov,105272,HS-grad,9,Never-married,Other-service,Own-child,Asian-Pac-Islander,Male,0,0,38,United-States,<=50K
52,Private,203341,HS-grad,9,Married-civ-spouse,Exec-managerial,Husband,Black,Male,0,0,40,India,>50K
54,Private,206954,Bachelors,13,Widowed,Protective-serv,Unmarried,White,Female,0,0,52,United-States,>50K
63,Private,281762,HS-grad,9,Married-spouse-absent,Craft-repair,Other-relative,White,Male,0,0,54,United-States,<=50K
32,Private,154585,Assoc-voc,11,Widowed,Transport-moving,Unmarried,White,Male,0,0,40,United-States,<=50K
28,Private,224332,Bachelors,13,Married-spouse-absent,Exec-managerial,Own-child,White,Male,0,0,40,United-States,<=50K
65,Self-emp-not-inc,63687,HS-grad,9,Divorced,Exec-managerial,Not-in-family,White,Male,0,0,36,United-States,<=50K
26,Private,200143,Bachelors,13,Married-civ-spouse,Other-service,Husband,White,Male,4117,0,20,United-States,>50K
45,Private,163301,Masters,14,Divorced,Other-service,Unmarried,Asian-Pac-Islander,Female,0,0,15,Puerto-Rico,<=50K
41,Private,506252,Prof-school,15,Divorced,Prof-specialty,Own-child,White,Male,0,0,40,United-States,>50K
30,Private,173750,Some-college,10,Married-civ-spouse,Adm-clerical,Husband,Black,Male,0,0,25,United-States,<=50K
40,Private,110026,Some-college,10,Married-civ-spouse,Sales,Husband,White,Male,0,0,40,United-States,<=50K
30,Private,274678,Bachelors,13,Never-married,Prof-specialty,Not-in-family,White,Male,0,0,50,United-States,<=50K
37,Private,223927,5th-6th,3,Married-civ-spouse,Handlers-cleaners,Husband,White,Male,0,0,40,United-States,<=50K
53,Private,220067,HS-grad,9,Married-civ-spouse,Machine-op-inspct,Wife,White,Female,0,0,40,United-States,<=50K
30,Private,165577,Masters,14,Never-married,Exec-managerial,Unmarried,White,Male,0,0,38,Poland,<=50K
54,Private,207590,Some-college,10,Widowed,Transport-moving,Other-relative,Other,Female,0,0,40,England,<=50K
38,Private,173864,Some-college,10,Never-married,Protective-serv,Own-child,White,Female,0,0,40,United-States,<=50K
34,Private,410968,Some-college,10,Married-civ-spouse,Exec-managerial,Husband,Black,Male,0,0,50,Puerto-Rico,>50K
38,Private,587097,Prof-school,15,Married-civ-spouse,Prof-specialty,Wife,White,Female,0,0,38,United-States,>50K
34,Private,252841,Bachelors,13,Divorced,Exec-managerial,Not-in-family,White,Female,0,0,45,United-States,<=50K
64,Private,474112,Bachelors,13,Widowed,Adm-clerical,Not-in-family,White,Male,0,1624,45,United-States,<=50K
33,Private,141378,HS-grad,9,Married-civ-spouse,Other-service,Wife,White,Female,0,0,30,United-States,<=50K
45,Private,147835,Some-college,10,Never-married,Protective-serv,Unmarried,Black,Male,0,0,35,United-States,<=50K
40,Private,191013,Masters,14,Separated,Exec-managerial,Not-in-family,Asian-Pac-Islander,Male,0,0,45,United-States,>50K
33,Federal-gov,372597,Bachelors,13,Married-civ-spouse,Adm-clerical,Wife,White,Female,0,2628,40,United-States,>50K
35,Private,231184,Assoc-voc,11,Separated,Other-service,Unmarried,White,Male,0,0,16,United-States,>50K
44,Private,207949,Doctorate,16,Married-civ-spouse,Prof-specialty,Husband,White,Male,0,0,45,United-States,>50K
46,Private,135900,Masters,14,Married-civ-spouse,Sales,Husband,White,Male,0,0,30,United-States,<=50K
49,Private,134859,Prof-school,15,Divorced,Protective-serv,Own-child,White,Male,0,0,40,United-States,<=50K
30,Private,174123,Some-college,10,Married-spouse-absent,Machine-op-inspct,Not-in-family,White,Male,0,0,50,United-States,<=50K
37,Private,131011,Bachelors,13,Married-civ-spouse,Prof-specialty,Husband,White,Male,0,0,40,United-States,>50K
27,Private,172543,HS-grad,9,Married-civ-spouse,Craft-repair,Husband,Black,Male,0,0,40,United-States,<=50K
71,Private,100855,Some-college,10,Separated,Machine-op-inspct,Unmarried,Asian-Pac-Islander,Female,0,0,45,Thailand,<=50K
40,Self-emp-not-inc,117283,9th,5,Divorced,Handlers-cleaners,Not-in-family,White,Male,0,0,50,Germany,<=50K
58,Self-emp-not-inc,74601,7th-8th,4,Married-civ-spouse,Transport-moving,Husband,Black,Male,0,0,40,United-States,<=50K
25,Private,275139,Bachelors,13,Married-civ-spouse,Sales,Husband,White,Male,0,0,45,Cuba,<=50K
53,Private,443356,Assoc-voc,11,Married-civ-spouse,Other-service,Wife,White,Female,0,0,45,United-States,<=50K
44,Private,216343,9th,5,Married-civ-spouse,Craft-repair,Husband,White,Male,0,0,40,United-States,<=50K
21,Self-emp-inc,210842,11th,7,Never-married,Machine-op-inspct,Own-child,White,Male,0,0,48,United-States,<=50K
29,Federal-gov,205859,Masters,14,Married-civ-spouse,Exec-managerial,Husband,White,Male,0,0,40,United-States,>50K
41,Private,518422,Bachelors,13,Separated,Sales,Own-child,White,Male,0,0,43,India,<=50K
59,Self-emp-not-inc,90169,Masters,14,Married-spouse-absent,Sales,Unmarried,White,Male,0,0,38,United-States,>50K
51,Private,76895,Doctorate,16,Divorced,Prof-specialty,Own-child,Black,Male,0,0,48,United-States,>50K
28,Federal-gov,309211,Bachelors,13,Never-married,Protective-serv,Unmarried,White,Male,0,0,45,United-States,<=50K
40,Private,113367,HS-grad,9,Married-civ-spouse,Exec-managerial,Husband,Black,Male,0,0,45,United-States,<=50K
62,Private,121061,HS-grad,9,Divorced,Prof-specialty,Not-in-family,White,Male,0,0,40,United-States,>50K
37,Federal-gov,160731,HS-grad,9,Divorced,Craft-repair,Not-in-family,White,Male,0,0,40,United-States,<=50K
34,Federal-gov,263301,HS-grad,9,Married-civ-spouse,Machine-op-inspct,Husband,White,Male,0,0,44,United-States,<=50K
35,Private,370637,Some-college,10,Divorced,Handlers-cleaners,Own-child,White,Male,0,0,49,United-States,<=50K
65,Private,143015,HS-grad,9,Married-AF-spouse,Prof-specialty,Husband,Black,Male,0,0,50,Mexico,<=50K
48,Private,172462,7th-8th,4,Divorced,Transport-moving,Unmarried,White,Female,0,0,40,United-States,<=50K
33,Private,333166,Assoc-acdm,12,Divorced,Adm-clerical,Own-child,White,Male,0,0,40,United-States,<=50K
48,Self-emp-not-inc,213922,Some-college,10,Married-civ-spouse,Machine-op-inspct,Husband,White,Male,13330,0,40,United-States,>50K
39,Private,228987,Some-college,10,Married-civ-spouse,Exec-managerial,Husband,Black,Male,0,0,45,United-States,>50K
33,Private,365304,Some-college,10,Married-civ-spouse,Sales,Husband,White,Male,0,0,40,United-States,<=50K
32,Private,259508,Some-college,10,Married-civ-spouse,Prof-specialty,Wife,White,Female,0,0,61,United-States,>50K
38,Private,167288,Bachelors,13,Married-civ-spouse,Sales,Husband,White,Male,0,0,40,United-States,>50K
33,Private,241932,HS-grad,9,Divorced,Transport-moving,Not-in-family,White,Male,0,0,55,United-States,>50K
40,Private,383529,Some-college,10,Married-civ-spouse,Machine-op-inspct,Husband,White,Male,0,0,45,United-States,<=50K
45,Private,395964,Assoc-acdm,12,Divorced,Prof-specialty,Unmarried,White,Female,0,0,40,United-States,<=50K
31,Private,208014,Masters,14,Married-civ-spouse,Farming-fishing,Husband,White,Male,0,0,40,United-States,>50K
47,Private,297042,Assoc-voc,11,Divorced,Adm-clerical,Not-in-family,Black,Male,0,0,35,United-States,<=50K
51,Private,187069,Masters,14,Married-civ-spouse,Prof-specialty,Husband,White,Male,0,0,60,United-States,>50K
36,Private,278101,Some-college,10,Married-civ-spouse,Craft-repair,Husband,White,Male,0,0,48,Philippines,<=50K
56,Private,197983,Assoc-acdm,12,Divorced,Craft-repair,Not-in-family,White,Male,0,0,50,United-States,<=50K
48,Private,148028,HS-grad,9,Widowed,Machine-op-inspct,Other-relative,White,Male,0,0,45,United-States,<=50K
30,State-gov,239384,Masters,14,Married-civ-spouse,Exec-managerial,Husband,White,Male,0,0,50,Mexico,<=50K
56,Private,223572,Some-college,10,Married-civ-spouse,Adm-clerical,Wife,White,Female,0,0,40,United-States,<=50K
19,Private,217730,HS-grad,9,Never-married,Protective-serv,Own-child,White,Male,0,0,52,United-States,<=50K
25,Private,325439,Bachelors,13,Never-married,Exec-managerial,Unmarried,Black,Male,0,0,40,Honduras,>50K
47,Private,177167,Assoc-acdm,12,Never-married,Machine-op-inspct,Own-child,White,Male,0,0,40,United-States,<=50K
24,Private,371278,Doctorate,16,Married-civ-spouse,Prof-specialty,Husband,White,Male,0,0,35,United-States,>50K
50,Private,210622,HS-grad,9,Separated,Machine-op-inspct,Other-relative,Black,Male,0,0,48,United-States,<=50K
36,Self-emp-inc,157678,HS-grad,9,Divorced,Other-service,Own-child,White,Male,6350,0,25,United-States,<=50K
47,Private,269717,Masters,14,Married-civ-spouse,Exec-managerial,Husband,White,Male,0,0,45,United-States,>50K
28,Self-emp-not-inc,302073,HS-grad,9,Married-civ-spouse,Craft-repair,Husband,White,Male,0,0,30,United-States,<=50K
42,Local-gov,306668,HS-grad,9,Married-civ-spouse,Sales,Husband,White,Male,0,0,55,United-States,<=50K
38,Private,378510,7th-8th,4,Never-married,Handlers-cleaners,Unmarried,Black,Male,0,0,50,United-States,>50K
30,Private,117627,Some-college,10,Married-civ-spouse,Handlers-cleaners,Husband,White,Male,0,0,40,United-States,<=50K
20,Private,208381,HS-grad,9,Never-married,Craft-repair,Own-child,White,Female,0,0,50,Cuba,<=50K
32,Private,162168,Doctorate,16,Married-civ-spouse,Exec-managerial,Wife,White,Female,0,0,50,United-States,<=50K
47,Private,164962,Some-college,10,Separated,Farming-fishing,Unmarried,White,Male,0,0,25,El-Salvador,<=50K
60,Private,374141,5th-6th,3,Divorced,Other-service,Unmarried,Other,Male,0,0,20,United-States,<=50K
37,Federal-gov,477379,HS-grad,9,Married-civ-spouse,Farming-fishing,Husband,White,Male,0,0,40,Hungary,<=50K
27,Private,149410,Some-college,10,Married-spouse-absent,Protective-serv,Other-relative,Black,Male,0,0,35,United-States,>50K
44,Private,469359,Bachelors,13,Divorced,Farming-fishing,Not-in-family,White,Male,0,0,41,United-States,<=50K
45,Self-emp-not-inc,237489,HS-grad,9,Divorced,Protective-serv,Other-relative,White,Male,0,0,50,United-States,>50K
38,Self-emp-inc,106807,11th,7,Divorced,Machine-op-inspct,Unmarried,White,Male,0,0,50,United-States,<=50K
34,Private,197776,Assoc-acdm,12,Married-civ-spouse,Adm-clerical,Wife,Black,Female,0,0,30,United-States,<=50K
35,Private,231415,Assoc-voc,11,Married-civ-spouse,Adm-clerical,Wife,White,Female,0,1651,40,United-States,<=50K
55,Federal-gov,145356,Some-college,10,Never-married,Protective-serv,Own-child,White,Male,0,0,39,United-States,<=50K
27,State-gov,226232,HS-grad,9,Never-married,Prof-specialty,Not-in-family,Black,Female,0,0,48,United-States,<=50K
36,Federal-gov,425010,Bachelors,13,Married-civ-spouse,Sales,Husband,White,Male,0,0,45,United-States,<=50K
30,Private,214985,Assoc-acdm,12,Married-civ-spouse,Protective-serv,Wife,White,Female,0,0,48,United-States,<=50K
34,Private,89759,Masters,14,Married-civ-spouse,Prof-specialty,Husband,Black,Male,0,0,37,United-States,<=50K
33,Private,199257,Bachelors,13,Never-married,Exec-managerial,Not-in-family,White,Female,0,0,84,United-States,<=50K
54,Federal-gov,204793,Some-college,10,Widowed,Machine-op-inspct,Other-relative,White,Male,0,0,46,United-States,<=50K
27,Private,56880,9th,5,Married-civ-spouse,Farming-fishing,Husband,White,Male,0,0,40,Philippines,<=50K
40,Private,141275,Bachelors,13,Divorced,Prof-specialty,Unmarried,White,Male,0,0,40,United-States,<=50K
51,Private,316359,Prof-school,15,Married-civ-spouse,Tech-support,Husband,White,Male,0,0,35,India,>50K
63,Private,60877,HS-grad,9,Married-civ-spouse,Handlers-cleaners,Husband,White,Male,0,0,38,Mexico,<=50K
66,Self-emp-not-inc,74416,7th-8th,4,Divorced,Adm-clerical,Not-in-family,Black,Male,0,0,45,United-States,<=50K
27,Federal-gov,213959,Some-college,10,Never-married,Farming-fishing,Own-child,White,Male,0,0,40,United-States,<=50K
30,Local-gov,177296,HS-grad,9,Married-civ-spouse,Tech-support,Husband,White,Male,4724,0,45,United-States,<=50K
60,Private,217825,Bachelors,13,Divorced,Machine-op-inspct,Not-in-family,Black,Male,0,0,30,United-States,<=50K
30,Private,184506,Bachelors,13,Married-civ-spouse,Sales,Wife,Black,Female,0,0,38,Mexico,<=50K
32,Private,330287,Doctorate,16,Married-civ-spouse,Machine-op-inspct,Wife,White,Female,0,0,40,El-Salvador,<=50K
32,Private,84170,HS-grad,9,Never-married,Sales,Own-child,White,Female,0,0,48,United-States,<=50K
21,Private,313584,HS-grad,9,Never-married,Craft-repair,Not-in-family,Black,Male,0,0,44,United-States,<=50K
48,Private,165857,Assoc-acdm,12,Married-spouse-absent,Adm-clerical,Other-relative,White,Male,0,0,44,United-States,<=50K
23,Private,107824,HS-grad,9,Never-married,Exec-managerial,Own-child,White,Female,0,2305,55,United-States,<=50K
34,Private,136523,Bachelors,13,Married-civ-spouse,Exec-managerial,Husband,White,Male,0,0,52,United-States,>50K
29,Private,184448,Some-college,10,Married-civ-spouse,Exec-managerial,Husband,White,Male,0,0,37,United-States,<=50K
30,Private,96839,Some-college,10,Never-married,Sales,Not-in-family,White,Male,0,0,35,United-States,<=50K
24,Private,290435,11th,7,Never-married,Machine-op-inspct,Own-child,White,Male,0,0,55,Columbia,<=50K
49,Private,200014,HS-grad,9,Married-civ-spouse,Sales,Wife,White,Female,0,0,55,United-States,<=50K
73,Private,143554,Bachelors,13,Divorced,Adm-clerical,Not-in-family,White,Male,0,0,52,United-States,<=50K
48,Private,130379,Assoc-acdm,12,Married-civ-spouse,Machine-op-inspct,Wife,White,Female,0,0,40,United-States,<=50K
38,Private,119441,Bachelors,13,Married-civ-spouse,Exec-managerial,Husband,White,Male,0,0,50,United-States,>50K
35,Private,366426,HS-grad,9,Married-civ-spouse,Handlers-cleaners,Husband,Black,Male,0,0,44,United-States,<=50K
44,Private,134798,Some-college,10,Married-civ-spouse,Craft-repair,Husband,White,Male,0,1935,38,United-States,<=50K
26,Private,279082,Masters,14,Never-married,Exec-managerial,Not-in-family,White,Female,0,0,38,United-States,<=50K
40,Private,157225,HS-grad,9,Married-civ-spouse,Prof-specialty,Husband,Amer-Indian-Eskimo,Male,0,0,48,Japan,<=50K
20,Self-emp-not-inc,175643,Assoc-voc,11,Never-married,Sales,Not-in-family,White,Female,0,0,38,United-States,<=50K
36,Federal-gov,280210,Bachelors,13,Never-married,Farming-fishing,Not-in-family,Black,Female,0,0,40,United-States,<=50K
60,Private,214170,Masters,14,Divorced,Adm-clerical,Unmarried,White,Male,0,0,38,United-States,<=50K
25,Private,212741,Assoc-acdm,12,Separated,Adm-clerical,Not-in-family,White,Male,0,0,52,United-States,<=50K
41,Federal-gov,150700,Bachelors,13,Married-civ-spouse,Protective-serv,Husband,Black,Male,0,0,40,United-States,>50K
27,Private,138077,Assoc-acdm,12,Never-married,Other-service,Not-in-family,White,Male,0,0,20,United-States,<=50K
53,Private,202956,10th,6,Widowed,Farming-fishing,Unmarried,Black,Male,0,0,40,United-States,<=50K
42,Private,145512,HS-grad,9,Divorced,Prof-specialty,Not-in-family,Asian-Pac-Islander,Male,0,0,40,United-States,<=50K
35,Private,210953,Bachelors,13,Married-civ-spouse,Prof-specialty,Wife,White,Female,0,0,40,United-States,<=50K
46,Private,168796,Masters,14,Married-civ-spouse,Prof-specialty,Husband,White,Male,0,0,40,United-States,<=50K
33,Private,133103,Bachelors,13,Divorced,Craft-repair,Other-relative,White,Male,0,0,35,United-States,<=50K
31,Federal-gov,161428,Some-college,10,Never-married,Machine-op-inspct,Not-in-family,Amer-Indian-Eskimo,Male,0,0,43,United-States,<=50K
40,Private,230284,Assoc-voc,11,Widowed,Other-service,Other-relative,White,Male,0,0,15,Mexico,<=50K
20,Private,204374,9th,5,Never-married,Machine-op-inspct,Own-child,White,Male,0,0,48,United-States,<=50K
30,Private,119530,Bachelors,13,Married-civ-spouse,Exec-managerial,Husband,White,Male,0,0,45,Mexico,<=50K
28,Private,114826,HS-grad,9,Married-civ-spouse,Other-service,Husband,White,Male,0,0,16,United-States,<=50K
35,Private,157372,Bachelors,13,Married-civ-spouse,Prof-specialty,Husband,White,Male,0,0,57,United-States,>50K
42,Private,273153,11th,7,Married-civ-spouse,Other-service,Wife,White,Female,0,0,35,United-States,<=50K
40,Local-gov,149110,Masters,14,Never-married,Exec-managerial,Not-in-family,White,Male,0,0,45,United-States,<=50K
43,Private,218433,Some-college,10,Married-civ-spouse,Sales,Husband,White,Male,0,0,40,United-States,<=50K
25,Private,289792,Bachelors,13,Married-civ-spouse,Exec-managerial,Husband,Black,Male,28110,0,38,United-States,>50K
38,Private,89394,Some-college,10,Married-civ-spouse,Exec-managerial,Husband,Asian-Pac-Islander,Male,0,0,40,United-States,<=50K
37,Federal-gov,198906,HS-grad,9,Married-civ-spouse,Craft-repair,Wife,White,Female,0,0,45,United-States,>50K
48,Private,112663,Doctorate,16,Married-AF-spouse,Adm-clerical,Husband,Black,Male,0,0,47,United-States,>50K
64,Private,396232,Bachelors,13,Divorced,Exec-managerial,Unmarried,White,Male,0,0,50,United-States,>50K
24,Private,231178,HS-grad,9,Never-married,Other-service,Own-child,White,Male,0,0,35,United-States,<=50K
31,Private,324959,Prof-school,15,Never-married,Craft-repair,Not-in-family,White,Male,0,0,40,United-States,>50K
31,Private,271758,HS-grad,9,Never-married,Craft-repair,Not-in-family,White,Male,0,0,40,United-States,<=50K
37,Private,110910,Some-college,10,Married-civ-spouse,Tech-support,Husband,White,Male,0,0,38,United-States,>50K
37,Private,257824,Doctorate,16,Married-civ-spouse,Exec-managerial,Wife,Asian-Pac-Islander,Female,0,0,40,United-States,>50K
36,Private,262515,HS-grad,9,Widowed,Tech-support,Not-in-family,White,Female,0,0,40,Jamaica,<=50K
41,Self-emp-not-inc,80252,HS-grad,9,Married-civ-spouse,Craft-repair,Wife,White,Female,0,0,30,United-States,>50K
37,Private,149363,10th,6,Never-married,Sales,Own-child,White,Male,0,0,40,United-States,<=50K
69,Private,192426,7th-8th,4,Married-AF-spouse,Handlers-cleaners,Husband,Asian-Pac-Islander,Male,0,0,60,United-States,<=50K
32,State-gov,207158,HS-grad,9,Married-civ-spouse,Exec-managerial,Husband,White,Male,0,0,50,United-States,<=50K
32,Private,156214,Assoc-voc,11,Married-civ-spouse,Sales,Husband,White,Male,0,0,50,United-States,<=50K
33,Private,145888,Bachelors,13,Never-married,Tech-support,Not-in-family,White,Male,0,0,50,Mexico,<=50K
34,Private,304037,Assoc-acdm,12,Married-civ-spouse,Craft-repair,Husband,White,Male,0,0,48,United-States,<=50K
22,Private,223192,HS-grad,9,Never-married,Machine-op-inspct,Own-child,Black,Female,0,0,40,United-States,<=50K
37,Private,191411,HS-grad,9,Divorced,Exec-managerial,Not-in-family,White,Male,0,0,39,United-States,<=50K
44,Private,217878,Bachelors,13,Married-spouse-absent,Protective-serv,Unmarried,Asian-Pac-Islander,Female,0,0,40,United-States,<=50K
68,Private,237474,Prof-school,15,Married-civ-spouse,Sales,Husband,White,Male,0,0,40,United-States,>50K
46,Self-emp-not-inc,208562,Some-college,10,Married-AF-spouse,Other-service,Husband,Black,Male,0,0,40,Germany,<=50K
25,Local-gov,157807,Bachelors,13,Married-civ-spouse,Sales,Wife,White,Female,0,0,44,United-States,>50K
55,Private,135536,Some-college,10,Married-civ-spouse,Farming-fishing,Husband,White,Male,0,0,45,United-States,<=50K
38,Private,166406,Some-college,10,Married-civ-spouse,Exec-managerial,Husband,White,Male,0,0,55,Puerto-Rico,>50K
40,Federal-gov,320021,HS-grad,9,Married-civ-spouse,Craft-repair,Husband,White,Male,0,0,45,United-States,<=50K
29,Private,116875,Masters,14,Divorced,Tech-support,Not-in-family,White,Male,0,0,35,United-States,<=50K
33,Private,210162,Some-college,10,Never-married,Machine-op-inspct,Not-in-family,White,Male,0,0,40,United-States,<=50K
42,Private,209211,7th-8th,4,Married-civ-spouse,Other-service,Husband,Black,Male,0,0,45,Dominican-Republic,<=50K
61,Private,234650,Some-college,10,Widowed,Farming-fishing,Unmarried,White,Female,0,0,40,United-States,<=50K
48,Private,290066,Bachelors,13,Married-civ-spouse,Prof-specialty,Husband,White,Male,0,0,40,United-States,>50K
35,Private,166310,Masters,14,Married-civ-spouse,Prof-specialty,Husband,White,Male,0,0,40,United-States,>50K
57,Local-gov,342971,Masters,14,Widowed,Craft-repair,Unmarried,White,Male,0,0,35,United-States,<=50K
48,State-gov,307713,Some-college,10,Married-civ-spouse,Sales,Wife,White,Female,0,0,40,United-States,<=50K
38,Self-emp-not-inc,203320,Bachelors,13,Married-civ-spouse,Craft-repair,Husband,White,Male,0,0,48,United-States,<=50K
45,Local-gov,436268,Some-college,10,Widowed,Prof-specialty,Not-in-family,Amer-Indian-Eskimo,Male,0,0,49,United-States,>50K
39,Local-gov,71504,Some-college,10,Divorced,Handlers-cleaners,Other-relative,White,Male,0,0,30,United-States,<=50K
38,Private,218696,Some-college,10,Divorced,Handlers-cleaners,Own-child,White,Female,4455,0,40,United-States,<=50K
42,Private,172993,HS-grad,9,Married-civ-spouse,Sales,Husband,White,Male,0,0,49,United-States,<=50K
36,Private,295377,HS-grad,9,Married-civ-spouse,Machine-op-inspct,Wife,White,Female,0,0,40,United-States,<=50K
18,Private,244168,HS-grad,9,Never-married,Transport-moving,Own-child,White,Female,0,0,48,United-States,<=50K
69,Private,158272,Some-college,10,Married-civ-spouse,Sales,Husband,White,Male,0,0,45,Mexico,<=50K
57,Private,222178,Assoc-acdm,12,Married-civ-spouse,Exec-managerial,Husband,White,Male,0,0,40,United-States,>50K
39,Private,240216,Doctorate,16,Divorced,Prof-specialty,Not-in-family,White,Male,0,0,63,United-States,<=50K
19,Private,228139,11th,7,Never-married,Handlers-cleaners,Not-in-family,White,Male,0,0,40,United-States,<=50K
31,Self-emp-not-inc,304093,Bachelors,13,Married-civ-spouse,Tech-support,Husband,Asian-Pac-Islander,Male,0,0,50,United-States,>50K
35,Private,247410,9th,5,Divorced,Adm-clerical,Not-in-family,White,Male,0,0,50,United-States,<=50K
30,Private,219000,HS-grad,9,Never-married,Other-service,Not-in-family,White,Female,11396,0,30,United-States,>50K
29,Private,263971,Some-college,10,Married-civ-spouse,Craft-repair,Husband,White,Male,0,0,40,Cuba,<=50K
60,Private,332916,Bachelors,13,Married-civ-spouse,Farming-fishing,Husband,White,Male,0,0,45,United-States,<=50K
64,Private,242755,HS-grad,9,Married-spouse-absent,Sales,Not-in-family,Black,Male,0,0,42,United-States,<=50K
49,Private,103609,Some-college,10,Never-married,Sales,Other-relative,White,Male,0,0,50,United-States,<=50K
48,Private,91820,HS-grad,9,Married-civ-spouse,Exec-managerial,Wife,White,Female,0,0,40,United-States,>50K
53,Private,234177,Bachelors,13,Married-civ-spouse,Protective-serv,Husband,White,Male,0,0,40,United-States,<=50K
64,Federal-gov,199115,HS-grad,9,Divorced,Craft-repair,Not-in-family,White,Male,0,0,43,United-States,<=50K
38,Self-emp-not-inc,340154,Bachelors,13,Married-AF-spouse,Craft-repair,Husband,White,Male,0,0,45,United-States,<=50K
44,Private,446367,Assoc-acdm,12,Married-civ-spouse,Transport-moving,Husband,White,Male,0,0,40,United-States,<=50K
29,State-gov,269588,Prof-school,15,Never-married,Prof-specialty,Own-child,White,Male,11679,0,60,United-States,>50K
22,Private,94886,Bachelors,13,Never-married,Adm-clerical,Own-child,White,Male,0,0,35,United-States,<=50K
39,Local-gov,253627,11th,7,Divorced,Machine-op-inspct,Other-relative,White,Male,0,0,40,United-States,<=50K
61,Private,166245,9th,5,Divorced,Craft-repair,Own-child,White,Male,0,0,40,United-States,<=50K
41,Federal-gov,146669,HS-grad,9,Divorced,Other-service,Not-in-family,Black,Male,0,0,40,United-States,<=50K
52,Private,69382,9th,5,Widowed,Transport-moving,Unmarried,White,Male,0,0,32,United-States,<=50K
22,Federal-gov,366221,Some-college,10,Married-civ-spouse,Other-service,Wife,White,Female,0,0,35,United-States,<=50K
30,Private,212697,Some-college,10,Never-married,Machine-op-inspct,Not-in-family,Amer-Indian-Eskimo,Male,0,0,40,Honduras,<=50K
49,Self-emp-inc,540373,Bachelors,13,Married-civ-spouse,Tech-support,Husband,White,Male,0,0,70,United-States,>50K
38,Federal-gov,71382,HS-grad,9,Never-married,Sales,Own-child,White,Male,0,0,40,United-States,<=50K
50,State-gov,181715,HS-grad,9,Divorced,Exec-managerial,Unmarried,White,Male,0,0,61,Mexico,>50K
54,Private,315439,Doctorate,16,Widowed,Protective-serv,Unmarried,Black,Male,0,0,40,Haiti,>50K
30,Never-worked,178875,Bachelors,13,Never-married,Prof-specialty,Not-in-family,White,Male,5016,0,10,United-States,<=50K
50,Private,133558,Bachelors,13,Married-civ-spouse,Sales,Husband,White,Male,0,0,40,United-States,>50K
55,Local-gov,240089,Masters,14,Divorced,Sales,Unmarried,Black,Female,0,0,38,United-States,<=50K
49,Private,161087,Some-college,10,Married-civ-spouse,Craft-repair,Wife,White,Female,0,0,48,United-States,<=50K
60,State-gov,127655,1st-4th,2,Married-civ-spouse,Machine-op-inspct,Husband,White,Male,0,0,50,United-States,<=50K
50,Private,197593,HS-grad,9,Married-civ-spouse,Exec-managerial,Husband,White,Male,0,0,50,United-States,>50K
62,Private,224081,HS-grad,9,Married-civ-spouse,Sales,Husband,White,Male,0,0,40,Mexico,<=50K
57,Private,85343,HS-grad,9,Widowed,Other-service,Not-in-family,White,Male,0,0,32,United-States,<=50K
43,Without-pay,130530,HS-grad,9,Never-married,Sales,Own-child,White,Male,0,0,7,United-States,<=50K
60,Local-gov,296996,Bachelors,13,Separated,Craft-repair,Not-in-family,White,Female,0,0,40,United-States,<=50K
44,Private,184941,Bachelors,13,Never-married,Prof-specialty,Other-relative,White,Male,0,1554,50,China,<=50K
43,Self-emp-not-inc,210185,Some-college,10,Divorced,Other-service,Not-in-family,Black,Male,0,0,22,United-States,<=50K
29,Private,142617,Assoc-voc,11,Divorced,Other-service,Not-in-family,Black,Male,0,0,25,United-States,<=50K
62,Private,114617,10th,6,Divorced,Machine-op-inspct,Not-in-family,White,Male,0,0,55,United-States,<=50K
48,Self-emp-not-inc,66160,Masters,14,Married-civ-spouse,Protective-serv,Husband,White,Male,0,0,55,Honduras,<=50K
47,Private,250854,Masters,14,Divorced,Adm-clerical,Unmarried,White,Male,0,0,40,United-States,<=50K
25,Private,310264,9th,5,Married-civ-spouse,Transport-moving,Husband,White,Male,0,0,45,United-States,<=50K
36,Private,305404,Bachelors,13,Married-civ-spouse,Prof-specialty,Husband,White,Male,0,0,40,United-States,>50K
49,Private,194607,Some-college,10,Divorced,Other-service,Not-in-family,White,Male,0,0,40,United-States,<=50K
19,Private,177459,12th,8,Never-married,Machine-op-inspct,Own-child,White,Male,0,0,38,India,<=50K
56,State-gov,182978,Bachelors,13,Divorced,Sales,Own-child,White,Male,0,0,45,United-States,<=50K
31,Local-gov,289240,Bachelors,13,Never-married,Machine-op-inspct,Other-relative,White,Male,0,0,52,England,<=50K
49,Private,146265,Some-college,10,Married-civ-spouse,Transport-moving,Husband,Black,Male,0,0,35,United-States,<=50K
27,Private,294301,HS-grad,9,Married-civ-spouse,Handlers-cleaners,Wife,White,Female,0,0,50,United-States,>50K
52,Private,262260,Some-college,10,Married-civ-spouse,Machine-op-inspct,Husband,White,Male,0,0,38,United-States,<=50K
18,State-gov,146847,11th,7,Never-married,Handlers-cleaners,Own-child,White,Male,0,0,48,United-States,<=50K
65,Private,163651,Assoc-voc,11,Married-spouse-absent,Exec-managerial,Unmarried,White,Male,0,0,40,United-States,>50K
50,Private,179321,HS-grad,9,Widowed,Exec-managerial,Unmarried,Black,Male,14464,0,45,United-States,>50K
36,Private,217813,Bachelors,13,Married-civ-spouse,Sales,Husband,Black,Male,0,0,40,China,>50K
40,Local-gov,162451,Assoc-acdm,12,Married-civ-spouse,Other-service,Husband,White,Male,0,0,40,United-States,<=50K
33,Private,147814,Bachelors,13,Married-civ-spouse,Prof-specialty,Husband,White,Male,0,0,40,United-States,>50K
37,Private,151971,Prof-school,15,Married-civ-spouse,Prof-specialty,Wife,White,Female,0,0,44,United-States,>50K
63,Private,187547,Assoc-voc,11,Married-civ-spouse,Tech-support,Wife,White,Female,0,0,40,United-States,>50K
22,Private,150097,Masters,14,Married-civ-spouse,Prof-specialty,Husband,Asian-Pac-Islander,Male,2647,0,55,United-States,<=50K
37,Private,187042,Assoc-voc,11,Never-married,Sales,Not-in-family,White,Female,0,0,40,United-States,<=50K
36,Private,115033,Bachelors,13,Never-married,Exec-managerial,Unmarried,White,Female,0,0,40,United-States,<=50K
26,Federal-gov,286001,Masters,14,Divorced,Sales,Unmarried,Black,Male,0,0,40,United-States,<=50K
36,Federal-gov,120007,Assoc-voc,11,Married-civ-spouse,Other-service,Husband,Asian-Pac-Islander,Male,0,0,40,United-States,<=50K
61,Federal-gov,451533,Bachelors,13,Married-civ-spouse,Armed-Forces,Husband,White,Male,0,0,20,India,<=50K
43,Private,369180,HS-grad,9,Separated,Sales,Unmarried,Black,Female,0,0,45,United-States,<=50K
36,Private,252747,HS-grad,9,Separated,Priv-house-serv,Unmarried,White,Female,0,0,25,United-States,<=50K
48,Private,138927,HS-grad,9,Married-civ-spouse,Adm-clerical,Husband,White,Male,0,0,56,United-States,<=50K
30,Private,106720,HS-grad,9,Married-civ-spouse,Protective-serv,Wife,White,Female,0,0,35,United-States,<=50K
41,Private,378473,Bachelors,13,Married-civ-spouse,Prof-specialty,Husband,Black,Male,0,0,45,United-States,>50K
33,Federal-gov,182189,HS-grad,9,Married-civ-spouse,Adm-clerical,Wife,White,Female,0,0,40,United-States,<=50K
26,Private,170919,Masters,14,Married-civ-spouse,Prof-specialty,Husband,White,Male,0,0,50,United-States,<=50K
39,Self-emp-not-inc,191951,10th,6,Married-civ-spouse,Machine-op-inspct,Wife,White,Female,0,0,50,United-States,<=50K
50,Private,299211,Doctorate,16,Married-civ-spouse,Prof-specialty,Husband,White,Male,3755,0,40,England,>50K
54,Private,73701,Preschool,1,Divorced,Transport-moving,Unmarried,White,Male,0,0,40,Honduras,<=50K
59,Private,72456,9th,5,Divorced,Machine-op-inspct,Unmarried,White,Male,0,0,60,United-States,<=50K
29,Private,322619,Some-college,10,Married-civ-spouse,Handlers-cleaners,Husband,Black,Male,0,0,44,England,<=50K
29,Private,226111,Some-college,10,Married-civ-spouse,Exec-managerial,Husband,White,Male,5160,0,50,United-States,>50K
56,Private,273937,HS-grad,9,Married-civ-spouse,Sales,Husband,Black,Male,0,1749,43,United-States,>50K
39,Private,298874,Assoc-acdm,12,Divorced,Prof-specialty,Unmarried,Black,Female,0,0,50,United-States,<=50K
24,State-gov,152869,HS-grad,9,Married-civ-spouse,Sales,Husband,White,Male,0,0,49,United-States,<=50K
42,Private,265743,HS-grad,9,Married-civ-spouse,Prof-specialty,Wife,White,Female,0,0,50,India,<=50K
42,Private,207744,Assoc-voc,11,Never-married,Handlers-cleaners,Unmarried,White,Male,0,0,40,United-States,<=50K
58,Local-gov,96991,HS-grad,9,Married-civ-spouse,Prof-specialty,Wife,White,Female,0,0,50,United-States,<=50K
46,Private,68879,Bachelors,13,Married-civ-spouse,Exec-managerial,Husband,White,Male,0,0,40,India,>50K
42,Local-gov,165850,Some-college,10,Married-civ-spouse,Machine-op-inspct,Husband,White,Male,0,0,40,United-States,<=50K
28,State-gov,123874,Bachelors,13,Married-civ-spouse,Prof-specialty,Husband,White,Male,100233,0,50,United-States,>50K
31,Private,289531,HS-grad,9,Married-civ-spouse,Protective-serv,Husband,White,Male,0,0,30,Philippines,<=50K
27,Private,221537,Some-college,10,Married-civ-spouse,Craft-repair,Husband,White,Male,0,0,38,United-States,<=50K
32,Self-emp-not-inc,235185,Doctorate,16,Married-civ-spouse,Exec-managerial,Husband,White,Male,0,0,40,United-States,>50K
59,Private,193558,HS-grad,9,Married-civ-spouse,Other-service,Husband,Asian-Pac-Islander,Male,0,0,45,United-States,<=50K
30,Private,206423,Bachelors,13,Never-married,Prof-specialty,Unmarried,White,Female,0,0,40,United-States,>50K
46,State-gov,74298,Some-college,10,Married-civ-spouse,Farming-fishing,Husband,White,Male,0,0,35,United-States,<=50K
27,Private,120467,Doctorate,16,Never-married,Prof-specialty,Not-in-family,White,Male,4128,0,45,United-States,>50K
41,Private,134380,Bachelors,13,Never-married,Sales,Not-in-family,White,Male,0,0,40,United-States,<=50K
71,Private,160919,Bachelors,13,Married-civ-spouse,Exec-managerial,Husband,White,Male,0,2244,50,United-States,<=50K
52,Private,219066,Some-college,10,Married-civ-spouse,Machine-op-inspct,Husband,White,Male,0,0,40,United-States,<=50K
20,Private,164575,7th-8th,4,Never-married,Craft-repair,Own-child,White,Male,0,0,40,Mexico,<=50K
39,Private,234851,Some-college,10,Never-married,Tech-support,Unmarried,White,Male,0,0,40,United-States,<=50K
54,Private,229813,Assoc-voc,11,Widowed,Tech-support,Not-in-family,White,Male,0,0,40,United-States,<=50K
27,Private,251430,Bachelors,13,Never-married,Prof-specialty,Not-in-family,White,Male,0,0,45,United-States,<=50K
53,Self-emp-not-inc,270888,11th,7,Married-civ-spouse,Craft-repair,Husband,White,Male,0,0,35,United-States,<=50K
32,Private,265786,Some-college,10,Divorced,Craft-repair,Unmarried,White,Male,0,0,40,Mexico,<=50K
57,Private,343337,Some-college,10,Married-AF-spouse,Other-service,Husband,White,Male,0,0,11,United-States,<=50K
51,Local-gov,253289,Some-college,10,Separated,Other-service,Own-child,White,Male,0,0,25,United-States,<=50K
47,Self-emp-not-inc,230988,Bachelors,13,Divorced,Prof-specialty,Unmarried,Black,Female,0,0,40,United-States,>50K
54,Private,348005,Bachelors,13,Married-civ-spouse,Other-service,Husband,White,Male,7165,0,16,United-States,>50K
54,Private,213404,HS-grad,9,Married-civ-spouse,Adm-clerical,Husband,White,Male,0,0,25,United-States,<=50K
64,Private,650618,Assoc-voc,11,Married-civ-spouse,Other-service,Wife,Black,Female,0,0,35,United-States,<=50K
52,Private,253003,Bachelors,13,Married-civ-spouse,Prof-specialty,Wife,White,Female,0,0,40,United-States,<=50K
37,Private,130351,Some-college,10,Married-civ-spouse,Handlers-cleaners,Husband,White,Male,0,0,44,Puerto-Rico,<=50K
36,Private,299121,HS-grad,9,Married-civ-spouse,Other-service,Husband,Black,Male,0,0,45,United-States,>50K
68,Private,218864,Some-college,10,Widowed,Adm-clerical,Not-in-family,White,Male,0,0,48,United-States,<=50K
35,Private,144157,Some-college,10,Married-AF-spouse,Sales,Husband,Asian-Pac-Islander,Male,0,0,50,United-States,<=50K
25,Private,72723,Bachelors,13,Never-married,Prof-specialty,Own-child,White,Female,0,0,40,United-States,>50K
21,Local-gov,124241,HS-grad,9,Never-married,Craft-repair,Unmarried,Black,Male,0,0,55,United-States,<=50K
34,Private,152005,HS-grad,9,Divorced,Other-service,Not-in-family,White,Male,0,0,15,United-States,<=50K
23,Private,173890,Some-college,10,Never-married,Handlers-cleaners,Own-child,White,Male,0,0,23,United-States,<=50K
29,Private,156474,HS-grad,9,Never-married,Craft-repair,Not-in-family,White,Male,0,0,35,United-States,<=50K
40,Local-gov,282976,7th-8th,4,Married-civ-spouse,Farming-fishing,Husband,White,Male,0,0,45,United-States,<=50K
37,Private,117603,Bachelors,13,Married-civ-spouse,Exec-managerial,Husband,White,Male,0,0,35,United-States,<=50K
63,Private,122947,Assoc-voc,11,Divorced,Sales,Not-in-family,White,Male,0,1637,52,United-States,<=50K
46,Private,282970,HS-grad,9,Married-civ-spouse,Adm-clerical,Wife,White,Female,0,0,55,United-States,<=50K
24,Private,247865,Bachelors,13,Married-civ-spouse,Adm-clerical,Wife,White,Female,0,0,52,United-States,>50K
37,Private,172921,Some-college,10,Never-married,Sales,Unmarried,White,Female,0,0,42,United-States,<=50K
25,Private,239881,Masters,14,Never-married,Exec-managerial,Not-in-family,White,Male,0,1605,45,United-States,>50K
33,Private,154706,Prof-school,15,Divorced,Prof-specialty,Not-in-family,Black,Male,0,0,40,United-States,<=50K
20,Private,143867,11th,7,Never-married,Craft-repair,Own-child,White,Male,0,1859,35,United-States,<=50K
26,Private,188144,11th,7,Never-married,Transport-moving,Not-in-family,White,Male,7643,0,31,United-States,<=50K
22,Private,139696,Some-college,10,Never-married,Sales,Not-in-family,White,Male,0,0,40,United-States,<=50K
23,State-gov,153132,Doctorate,16,Married-civ-spouse,Sales,Own-child,Black,Male,0,0,30,United-States,>50K
32,Private,117495,Bachelors,13,Married-civ-spouse,Transport-moving,Husband,White,Male,0,0,35,United-States,<=50K
31,Private,98330,Masters,14,Married-spouse-absent,Exec-managerial,Not-in-family,White,Male,0,0,40,Mexico,>50K
32,Self-emp-inc,99529,HS-grad,9,Divorced,Tech-support,Own-child,White,Female,0,0,50,United-States,>50K
32,Private,191992,Prof-school,15,Married-civ-spouse,Exec-managerial,Husband,White,Male,2062,0,50,United-States,>50K
45,State-gov,137880,Bachelors,13,Married-civ-spouse,Exec-managerial,Husband,Black,Male,0,0,55,United-States,<=50K
42,Private,182714,HS-grad,9,Divorced,Farming-fishing,Own-child,White,Male,33738,0,40,United-States,<=50K
62,Private,276656,HS-grad,9,Married-AF-spouse,Prof-specialty,Husband,White,Male,0,0,50,United-States,<=50K
33,Self-emp-not-inc,259583,Bachelors,13,Divorced,Exec-managerial,Own-child,White,Male,0,0,42,United-States,<=50K
50,Private,166021,HS-grad,9,Married-civ-spouse,Protective-serv,Wife,White,Female,0,0,50,United-States,<=50K
49,State-gov,227900,11th,7,Divorced,Transport-moving,Not-in-family,White,Male,0,0,50,United-States,<=50K
50,Federal-gov,137071,Bachelors,13,Married-civ-spouse,Adm-clerical,Wife,White,Female,0,0,40,United-States,<=50K
38,Private,223238,Bachelors,13,Separated,Craft-repair,Not-in-family,White,Male,0,0,38,United-States,<=50K
35,Private,241065,Masters,14,Married-civ-spouse,Exec-managerial,Husband,Black,Male,0,0,55,United-States,>50K
60,Private,323492,HS-grad,9,Divorced,Adm-clerical,Not-in-family,White,Female,0,0,40,United-States,<=50K
47,Private,162568,Bachelors,13,Married-civ-spouse,Exec-managerial,Wife,White,Female,0,0,50,United-States,<=50K
41,Private,80494,Bachelors,13,Never-married,Prof-specialty,Unmarried,White,Male,4754,0,40,United-States,<=50K
37,Private,253615,HS-grad,9,Never-married,Sales,Not-in-family,White,Male,0,0,48,United-States,<=50K
28,Private,401378,Doctorate,16,Married-civ-spouse,Exec-managerial,Husband,White,Male,0,0,50,United-States,>50K
34,Private,203046,HS-grad,9,Divorced,Exec-managerial,Not-in-family,White,Male,0,0,50,United-States,<=50K
62,Private,155843,HS-grad,9,Divorced,Craft-repair,Not-in-family,White,Female,0,0,43,United-States,<=50K
44,Private,159486,Some-college,10,Married-civ-spouse,Sales,Wife,White,Female,0,0,45,United-States,<=50K
37,Private,169852,9th,5,Never-married,Machine-op-inspct,Unmarried,White,Female,0,0,44,United-States,<=50K
38,Private,351510,Some-college,10,Married-civ-spouse,Prof-specialty,Husband,White,Male,0,0,55,United-States,>50K
52,Private,488097,Prof-school,15,Married-civ-spouse,Sales,Husband,Amer-Indian-Eskimo,Male,0,0,55,United-States,>50K
56,Self-emp-not-inc,399160,Bachelors,13,Married-civ-spouse,Sales,Husband,White,Male,0,0,45,United-States,>50K
38,Federal-gov,316459,Some-college,10,Married-spouse-absent,Adm-clerical,Not-in-family,White,Male,0,0,40,United-States,<=50K
35,Private,122411,Masters,14,Married-civ-spouse,Tech-support,Husband,White,Male,0,0,60,United-States,<=50K
34,Private,189083,Some-college,10,Married-civ-spouse,Sales,Wife,Asian-Pac-Islander,Female,0,0,40,United-States,<=50K
45,Private,173169,Prof-school,15,Never-married,Protective-serv,Not-in-family,White,Female,0,0,38,United-States,>50K
70,Private,321344,HS-grad,9,Divorced,Farming-fishing,Not-in-family,White,Male,3481,0,45,United-States,<=50K
42,Private,175130,Some-college,10,Married-civ-spouse,Protective-serv,Husband,White,Male,0,0,48,United-States,>50K
59,Private,127808,HS-grad,9,Married-civ-spouse,Machine-op-inspct,Husband,White,Male,0,0,45,United-States,<=50K
44,State-gov,187404,Bachelors,13,Married-civ-spouse,Prof-specialty,Other-relative,White,Male,0,0,45,Mexico,>50K
37,Private,239806,Some-college,10,Married-civ-spouse,Prof-specialty,Husband,White,Male,0,0,35,Italy,<=50K
21,State-gov,264810,9th,5,Never-married,Transport-moving,Own-child,White,Female,0,0,43,United-States,<=50K
33,Private,250297,Assoc-acdm,12,Married-civ-spouse,Machine-op-inspct,Husband,White,Male,0,0,40,United-States,<=50K
48,Private,304918,HS-grad,9,Divorced,Other-service,Not-in-family,White,Male,0,0,35,United-States,<=50K
33,Private,228960,Bachelors,13,Married-civ-spouse,Exec-managerial,Wife,Black,Female,0,0,38,United-States,<=50K
55,Private,74079,HS-grad,9,Divorced,Machine-op-inspct,Not-in-family,Asian-Pac-Islander,Male,0,0,40,United-States,<=50K
51,Private,96960,Some-college,10,Divorced,Craft-repair,Not-in-family,White,Female,0,0,40,United-States,<=50K
25,Private,134851,HS-grad,9,Married-civ-spouse,Exec-managerial,Wife,White,Female,0,0,45,United-States,>50K
46,Self-emp-inc,108749,Bachelors,13,Married-civ-spouse,Adm-clerical,Husband,Black,Male,0,0,35,United-States,<=50K
54,Self-emp-not-inc,591710,Doctorate,16,Married-civ-spouse,Adm-clerical,Wife,White,Female,2172,0,45,United-States,>50K
42,Private,196572,Some-college,10,Divorced,Adm-clerical,Unmarried,White,Female,3855,0,45,United-States,<=50K
44,Private,66852,HS-grad,9,Married-civ-spouse,Tech-support,Husband,Asian-Pac-Islander,Male,0,0,45,United-States,<=50K
64,Private,179754,HS-grad,9,Married-civ-spouse,Other-service,Husband,Black,Male,0,0,20,United-States,<=50K
25,Federal-gov,164256,Assoc-voc,11,Married-AF-spouse,Sales,Husband,White,Male,0,0,25,United-States,>50K
31,Federal-gov,158756,Assoc-acdm,12,Divorced,Tech-support,Not-in-family,White,Male,0,0,40,United-States,>50K
59,Self-emp-not-inc,236645,HS-grad,9,Divorced,Sales,Unmarried,White,Male,0,0,40,United-States,<=50K
52,Federal-gov,238197,HS-grad,9,Separated,Adm-clerical,Own-child,White,Male,0,0,40,England,<=50K
37,Private,194524,11th,7,Married-civ-spouse,Other-service,Wife,White,Female,0,0,16,Hong,<=50K
26,Local-gov,336614,Assoc-voc,11,Never-married,Adm-clerical,Other-relative,White,Male,0,0,35,United-States,<=50K
38,Federal-gov,168996,Some-college,10,Married-civ-spouse,Craft-repair,Husband,White,Male,0,0,48,United-States,>50K
35,Private,491436,Bachelors,13,Married-civ-spouse,Exec-managerial,Husband,White,Male,4604,0,50,United-States,>50K
37,Private,303177,Some-college,10,Divorced,Exec-managerial,Not-in-family,White,Male,0,0,35,United-States,>50K
34,Private,555358,HS-grad,9,Married-civ-spouse,Sales,Husband,White,Male,0,1666,40,United-States,<=50K
39,Private,175389,11th,7,Married-civ-spouse,Machine-op-inspct,Husband,White,Male,0,0,49,United-States,<=50K
29,Private,299514,Some-college,10,Married-civ-spouse,Handlers-cleaners,Wife,White,Female,0,1618,38,United-States,>50K
26,Private,94136,Bachelors,13,Married-civ-spouse,Prof-specialty,Husband,Black,Male,0,0,50,United-States,<=50K
40,Private,145928,Masters,14,Married-civ-spouse,Sales,Husband,White,Male,0,0,49,United-States,<=50K
47,Self-emp-not-inc,196539,HS-grad,9,Divorced,Adm-clerical,Unmarried,White,Female,0,0,60,United-States,<=50K
38,State-gov,149318,Some-college,10,Never-married,Machine-op-inspct,Unmarried,White,Male,0,0,38,Germany,<=50K
48,Private,163149,Bachelors,13,Married-civ-spouse,Exec-managerial,Husband,White,Male,0,0,45,United-States,>50K
34,Private,146098,Some-college,10,Married-civ-spouse,Other-service,Husband,Amer-Indian-Eskimo,Male,0,0,40,United-States,<=50K
59,Self-emp-not-inc,322361,HS-grad,9,Divorced,Machine-op-inspct,Not-in-family,White,Male,0,0,60,United-States,>50K
56,Private,121550,Masters,14,Married-civ-spouse,Craft-repair,Husband,White,Male,0,0,52,United-States,>50K
45,Private,110041,Some-college,10,Married-civ-spouse,Craft-repair,Husband,White,Male,0,0,45,United-States,<=50K
44,Private,159843,Bachelors,13,Married-civ-spouse,Exec-managerial,Husband,White,Male,0,0,40,United-States,>50K
39,Private,150996,10th,6,Divorced,Machine-op-inspct,Unmarried,Black,Male,0,0,42,Japan,<=50K
25,Private,261489,Bachelors,13,Married-civ-spouse,Prof-specialty,Husband,White,Male,0,0,60,United-States,<=50K
35,Private,296204,Bachelors,13,Divorced,Tech-support,Other-relative,White,Male,0,0,40,United-States,<=50K
40,Self-emp-not-inc,175622,Some-college,10,Widowed,Adm-clerical,Other-relative,White,Male,0,0,45,United-States,<=50K
37,Private,173633,HS-grad,9,Never-married,Sales,Not-in-family,White,Male,0,0,40,United-States,<=50K
63,Private,88929,Assoc-acdm,12,Divorced,Prof-specialty,Not-in-family,Black,Female,0,0,50,United-States,<=50K
66,Self-emp-not-inc,210144,9th,5,Married-civ-spouse,Farming-fishing,Husband,White,Male,0,0,45,United-States,<=50K
45,Self-emp-not-inc,433795,Some-college,10,Married-civ-spouse,Other-service,Own-child,White,Male,0,0,50,United-States,>50K
27,Self-emp-not-inc,323977,HS-grad,9,Never-married,Other-service,Own-child,White,Female,0,0,40,United-States,<=50K
40,Private,205678,Masters,14,Married-civ-spouse,Sales,Husband,White,Male,0,0,55,United-States,>50K
49,Private,566589,11th,7,Married-civ-spouse,Adm-clerical,Wife,Other,Female,0,2442,44,Mexico,<=50K
26,Self-emp-inc,327072,Assoc-acdm,12,Never-married,Handlers-cleaners,Not-in-family,White,Male,0,0,35,United-States,<=50K
73,Private,175632,Assoc-voc,11,Never-married,Machine-op-inspct,Not-in-family,White,Female,0,0,40,United-States,<=50K
71,Private,157098,Masters,14,Divorced,Prof-specialty,Unmarried,White,Female,0,0,50,United-States,<=50K
52,Self-emp-not-inc,309633,Masters,14,Never-married,Prof-specialty,Not-in-family,White,Male,0,0,50,United-States,<=50K
64,Private,183841,Some-college,10,Married-civ-spouse,Other-service,Husband,White,Male,0,0,25,United-States,<=50K
31,Private,218070,Bachelors,13,Divorced,Protective-serv,Own-child,White,Female,0,0,40,England,<=50K
48,Private,208736,Some-college,10,Divorced,Other-service,Other-relative,Black,Male,13772,0,28,United-States,<=50K
66,Private,124145,HS-grad,9,Married-spouse-absent,Sales,Not-in-family,Asian-Pac-Islander,Male,0,0,40,United-States,<=50K
50,Federal-gov,211915,HS-grad,9,Married-civ-spouse,Adm-clerical,Husband,White,Male,0,0,38,England,<=50K
28,Private,120628,HS-grad,9,Never-married,Sales,Not-in-family,White,Male,0,0,30,United-States,<=50K
42,Private,107449,Bachelors,13,Married-civ-spouse,Exec-managerial,Husband,Black,Male,4406,0,60,United-States,>50K
30,Private,183920,Some-college,10,Married-civ-spouse,Adm-clerical,Husband,White,Male,0,0,45,United-States,>50K
44,Private,125035,Bachelors,13,Married-civ-spouse,Prof-specialty,Husband,White,Male,0,0,55,United-States,<=50K
34,Private,123734,Doctorate,16,Married-civ-spouse,Exec-managerial,Husband,White,Male,0,0,40,United-States,>50K
70,Private,389240,Bachelors,13,Divorced,Exec-managerial,Own-child,White,Male,0,0,40,Cambodia,<=50K
27,Local-gov,135170,Some-college,10,Never-married,Other-service,Not-in-family,White,Male,0,0,25,United-States,<=50K
31,Private,161408,Assoc-voc,11,Married-civ-spouse,Other-service,Husband,White,Male,0,0,25,United-States,<=50K
52,Self-emp-not-inc,256641,Assoc-acdm,12,Divorced,Other-service,Own-child,White,Male,0,0,45,Philippines,<=50K
50,Private,119819,Masters,14,Married-civ-spouse,Prof-specialty,Husband,White,Male,0,0,71,United-States,<=50K
50,Private,230210,Masters,14,Married-civ-spouse,Prof-specialty,Husband,White,Male,0,0,40,United-States,>50K
27,State-gov,144350,Doctorate,16,Married-civ-spouse,Exec-managerial,Husband,White,Male,0,0,50,Mexico,>50K
44,Private,165552,10th,6,Married-civ-spouse,Other-service,Husband,White,Male,0,0,30,United-States,<=50K
43,Private,64310,Assoc-voc,11,Married-civ-spouse,Adm-clerical,Husband,White,Male,0,1926,35,United-States,<=50K
48,Federal-gov,232346,Prof-school,15,Married-spouse-absent,Prof-specialty,Not-in-family,White,Male,0,0,40,United-States,>50K
32,Private,131781,HS-grad,9,Divorced,Handlers-cleaners,Not-in-family,White,Male,0,0,35,United-States,<=50K
19,Self-emp-not-inc,317805,HS-grad,9,Never-married,Protective-serv,Not-in-family,White,Male,0,0,40,United-States,<=50K
41,Private,318924,10th,6,Married-civ-spouse,Machine-op-inspct,Wife,Black,Female,0,2499,45,United-States,<=50K
36,Private,189876,Bachelors,13,Never-married,Exec-managerial,Own-child,Asian-Pac-Islander,Female,0,0,45,India,<=50K
36,Federal-gov,328559,HS-grad,9,Never-married,Sales,Not-in-family,White,Female,0,0,40,United-States,<=50K
41,Private,207369,Some-college,10,Married-civ-spouse,Sales,Husband,White,Male,4211,0,48,Mexico,<=50K
35,Private,121031,Bachelors,13,Widowed,Exec-managerial,Other-relative,White,Male,0,0,38,United-States,<=50K
64,Local-gov,428948,Some-college,10,Married-civ-spouse,Other-service,Husband,White,Male,3231,0,40,United-States,>50K
32,Private,304866,HS-grad,9,Married-civ-spouse,Craft-repair,Husband,White,Male,0,0,20,United-States,<=50K
43,Private,135420,Prof-school,15,Married-civ-spouse,Exec-managerial,Wife,Asian-Pac-Islander,Female,0,0,48,United-States,>50K
41,Private,257939,Some-college,10,Divorced,Craft-repair,Unmarried,Black,Female,0,0,48,United-States,<=50K
32,State-gov,152175,Masters,14,Married-spouse-absent,Exec-managerial,Not-in-family,White,Male,0,0,50,United-States,<=50K
47,Self-emp-inc,88865,Doctorate,16,Married-civ-spouse,Tech-support,Husband,White,Male,0,0,43,United-States,>50K
22,Private,253227,Assoc-acdm,12,Never-married,Craft-repair,Own-child,White,Male,0,0,38,United-States,<=50K
66,Private,220036,HS-grad,9,Widowed,Adm-clerical,Other-relative,White,Male,0,0,50,United-States,<=50K
27,Private,137693,HS-grad,9,Married-civ-spouse,Transport-moving,Husband,Black,Male,0,0,60,United-States,>50K
24,Private,177963,Some-college,10,Married-civ-spouse,Adm-clerical,Husband,White,Male,4806,0,44,United-States,<=50K
39,Private,242711,Doctorate,16,Separated,Exec-managerial,Own-child,White,Male,0,0,60,United-States,>50K
30,Private,139753,HS-grad,9,Married-spouse-absent,Farming-fishing,Not-in-family,Asian-Pac-Islander,Male,0,0,45,United-States,<=50K
40,Private,334456,HS-grad,9,Married-civ-spouse,Sales,Husband,White,Male,0,2215,48,United-States,<=50K
64,Private,168460,Some-college,10,Married-civ-spouse,Adm-clerical,Husband,White,Male,0,0,40,United-States,<=50K
72,Private,355556,Assoc-voc,11,Widowed,Adm-clerical,Unmarried,Black,Male,0,0,40,United-States,<=50K
51,Private,204484,HS-grad,9,Divorced,Protective-serv,Other-relative,White,Male,0,0,30,United-States,>50K
25,Self-emp-not-inc,382945,HS-grad,9,Married-civ-spouse,Other-service,Wife,White,Female,0,0,40,United-States,<=50K
31,Local-gov,273666,Bachelors,13,Married-civ-spouse,Sales,Husband,White,Male,0,0,40,United-States,<=50K
39,Self-emp-inc,319512,HS-grad,9,Married-civ-spouse,Sales,Husband,White,Male,0,0,45,United-States,<=50K
30,Private,197218,Assoc-voc,11,Never-married,Handlers-cleaners,Own-child,Black,Male,0,0,45,United-States,<=50K
36,Self-emp-inc,177752,HS-grad,9,Married-civ-spouse,Machine-op-inspct,Wife,Black,Female,0,0,48,United-States,<=50K
41,Private,187627,Masters,14,Divorced,Exec-managerial,Not-in-family,Black,Male,0,0,40,Poland,<=50K
35,Private,215807,Bachelors,13,Married-civ-spouse,Transport-moving,Husband,White,Male,0,0,45,Jamaica,<=50K
20,Private,236807,HS-grad,9,Never-married,Adm-clerical,Own-child,White,Female,0,0,40,United-States,<=50K
40,Private,79104,Some-college,10,Married-civ-spouse,Tech-support,Husband,White,Male,0,0,50,United-States,<=50K
44,Private,116010,Some-college,10,Divorced,Transport-moving,Unmarried,White,Male,0,0,35,Dominican-Republic,<=50K
53,Private,111297,9th,5,Married-civ-spouse,Farming-fishing,Husband,Black,Male,34216,0,44,United-States,<=50K
48,Private,163313,Masters,14,Married-civ-spouse,Sales,Husband,White,Male,0,0,48,United-States,>50K
28,Self-emp-not-inc,378148,Some-college,10,Married-civ-spouse,Prof-specialty,Husband,White,Male,0,0,35,United-States,<=50K
48,State-gov,253255,Bachelors,13,Married-civ-spouse,Prof-specialty,Husband,White,Male,0,0,50,United-States,>50K
32,Private,146889,Assoc-voc,11,Married-civ-spouse,Prof-specialty,Husband,White,Male,0,0,50,United-States,<=50K
27,Private,183194,Some-college,10,Married-civ-spouse,Sales,Own-child,White,Male,0,0,38,Puerto-Rico,<=50K
40,Private,122892,Assoc-voc,11,Married-civ-spouse,Exec-managerial,Husband,White,Male,0,0,60,United-States,>50K
42,Never-worked,339693,Masters,14,Never-married,Tech-support,Other-relative,Black,Male,0,0,8,Japan,<=50K
59,Private,167994,Masters,14,Married-civ-spouse,Prof-specialty,Husband,White,Male,0,0,60,United-States,<=50K
34,Federal-gov,206289,Some-college,10,Never-married,Other-service,Not-in-family,White,Male,0,0,15,Germany,<=50K
33,Private,457089,Some-college,10,Never-married,Machine-op-inspct,Unmarried,White,Male,0,0,40,United-States,<=50K
38,Federal-gov,186908,Some-college,10,Married-civ-spouse,Other-service,Husband,White,Male,0,0,35,United-States,<=50K
65,State-gov,117344,HS-grad,9,Married-civ-spouse,Craft-repair,Husband,White,Male,0,0,40,United-States,>50K
35,Federal-gov,73411,Some-college,10,Separated,Exec-managerial,Not-in-family,White,Male,0,2077,40,United-States,<=50K
24,Private,352882,Some-college,10,Separated,Adm-clerical,Not-in-family,Other,Male,0,2257,40,United-States,<=50K
45,Private,329098,7th-8th,4,Separated,Other-service,Other-relative,White,Male,0,0,16,Philippines,<=50K
37,Private,92733,HS-grad,9,Married-civ-spouse,Craft-repair,Husband,Asian-Pac-Islander,Male,0,0,45,Italy,<=50K
45,Private,98734,Assoc-acdm,12,Never-married,Machine-op-inspct,Not-in-family,White,Male,0,0,50,United-States,<=50K
54,Private,160291,7th-8th,4,Married-spouse-absent,Transport-moving,Not-in-family,Black,Female,0,0,44,United-States,<=50K
27,Private,147183,Bachelors,13,Married-civ-spouse,Exec-managerial,Husband,Asian-Pac-Islander,Male,0,0,50,United-States,<=50K
34,Private,176562,Bachelors,13,Divorced,Exec-managerial,Own-child,White,Male,0,0,45,United-States,<=50K
19,Private,317805,Some-college,10,Married-civ-spouse,Handlers-cleaners,Wife,White,Female,0,0,40,United-States,<=50K
71,Private,80922,9th,5,Married-civ-spouse,Machine-op-inspct,Husband,White,Male,0,0,26,Germany,<=50K
35,Federal-gov,160473,Doctorate,16,Widowed,Prof-specialty,Not-in-family,Black,Male,0,0,55,United-States,<=50K
36,Private,217652,Some-college,10,Never-married,Adm-clerical,Own-child,White,Male,0,0,55,United-States,<=50K
25,Private,196262,Bachelors,13,Married-civ-spouse,Prof-specialty,Wife,White,Female,0,0,38,United-States,<=50K
57,Private,118108,HS-grad,9,Never-married,Craft-repair,Not-in-family,White,Female,0,0,40,United-States,<=50K
41,Private,327644,Bachelors,13,Separated,Prof-specialty,Not-in-family,White,Male,0,0,40,United-States,<=50K
42,Private,200849,HS-grad,9,Married-civ-spouse,Adm-clerical,Husband,White,Male,0,1971,40,United-States,<=50K
33,Private,69103,Bachelors,13,Married-civ-spouse,Exec-managerial,Wife,White,Female,0,0,50,United-States,<=50K
33,Private,113325,Some-college,10,Married-civ-spouse,Exec-managerial,Husband,White,Male,0,1761,45,United-States,<=50K
68,Local-gov,164894,Doctorate,16,Married-civ-spouse,Exec-managerial,Husband,White,Male,0,0,50,United-States,>50K
48,Private,171085,HS-grad,9,Married-civ-spouse,Craft-repair,Husband,White,Male,0,0,40,United-States,<=50K
46,Private,191149,Assoc-acdm,12,Married-civ-spouse,Sales,Husband,White,Male,0,0,40,Puerto-Rico,>50K
67,Private,101652,10th,6,Widowed,Craft-repair,Unmarried,White,Male,4894,0,45,United-States,<=50K
21,Private,213052,11th,7,Never-married,Handlers-cleaners,Own-child,White,Male,0,0,40,United-States,<=50K
57,Private,224911,HS-grad,9,Divorced,Sales,Not-in-family,Black,Male,0,0,48,Jamaica,<=50K
33,Private,212805,HS-grad,9,Married-civ-spouse,Adm-clerical,Husband,White,Male,0,0,50,United-States,<=50K
60,Private,150411,HS-grad,9,Married-civ-spouse,Machine-op-inspct,Wife,White,Female,0,0,50,Cuba,<=50K
54,Private,150352,7th-8th,4,Divorced,Machine-op-inspct,Not-in-family,Black,Male,0,0,40,United-States,<=50K
30,Self-emp-inc,446369,Some-college,10,Never-married,Priv-house-serv,Not-in-family,White,Male,0,0,50,Mexico,<=50K
44,Private,222327,HS-grad,9,Married-civ-spouse,Craft-repair,Husband,White,Male,0,0,40,Jamaica,<=50K
38,Local-gov,373464,HS-grad,9,Separated,Sales,Unmarried,White,Female,0,0,40,United-States,<=50K
35,Private,187579,Some-college,10,Never-married,Adm-clerical,Other-relative,White,Female,0,0,49,United-States,<=50K
63,Private,151240,Some-college,10,Married-civ-spouse,Craft-repair,Husband,White,Male,0,0,50,Guatemala,>50K
39,Private,117483,Assoc-acdm,12,Married-spouse-absent,Craft-repair,Other-relative,White,Male,7578,0,40,United-States,>50K
52,Private,57868,Doctorate,16,Married-civ-spouse,Transport-moving,Wife,Black,Female,0,0,50,United-States,>50K
29,Private,117488,Doctorate,16,Married-civ-spouse,Protective-serv,Husband,White,Male,0,0,50,United-States,>50K
35,Private,176132,Doctorate,16,Divorced,Tech-support,Not-in-family,White,Male,0,0,48,Haiti,>50K
36,Private,134894,Bachelors,13,Never-married,Prof-specialty,Own-child,White,Male,0,0,60,United-States,>50K
52,Self-emp-not-inc,503120,Some-college,10,Married-civ-spouse,Craft-repair,Husband,White,Male,0,0,70,United-States,<=50K
50,Private,157798,Some-college,10,Divorced,Handlers-cleaners,Not-in-family,White,Male,0,0,45,United-States,<=50K
47,Private,80770,Bachelors,13,Married-civ-spouse,Prof-specialty,Wife,White,Female,0,0,48,United-States,<=50K
32,Private,189299,Some-college,10,Divorced,Adm-clerical,Not-in-family,White,Male,0,0,40,Jamaica,<=50K
37,Private,166775,Bachelors,13,Married-civ-spouse,Tech-support,Wife,White,Female,0,0,40,United-States,>50K
40,Private,217057,Bachelors,13,Married-civ-spouse,Tech-support,Husband,White,Male,0,0,40,United-States,>50K
46,Private,121930,HS-grad,9,Married-civ-spouse,Adm-clerical,Husband,Black,Male,0,0,44,Cuba,>50K
33,Private,213782,HS-grad,9,Married-civ-spouse,Machine-op-inspct,Husband,Other,Male,0,0,49,United-States,<=50K
25,Private,267271,Bachelors,13,Never-married,Sales,Other-relative,Black,Male,0,0,40,United-States,<=50K
37,State-gov,264593,Bachelors,13,Never-married,Exec-managerial,Unmarried,White,Female,0,0,48,United-States,>50K
36,Private,224919,Bachelors,13,Divorced,Craft-repair,Unmarried,White,Male,0,0,48,South,<=50K
44,Private,128760,HS-grad,9,Never-married,Other-service,Unmarried,White,Male,0,0,20,United-States,<=50K
38,Private,272780,Some-college,10,Married-civ-spouse,Sales,Husband,White,Male,0,0,40,United-States,<=50K
47,Federal-gov,146212,Some-college,10,Separated,Machine-op-inspct,Other-relative,White,Female,0,0,40,United-States,<=50K
41,Federal-gov,357026,Bachelors,13,Widowed,Prof-specialty,Other-relative,White,Male,0,0,49,United-States,<=50K
38,Self-emp-not-inc,449210,HS-grad,9,Married-civ-spouse,Sales,Husband,Black,Male,0,0,50,United-States,<=50K
38,Private,206117,Assoc-voc,11,Married-civ-spouse,Sales,Husband,White,Male,0,0,50,United-States,<=50K
45,Private,197209,HS-grad,9,Divorced,Other-service,Not-in-family,White,Male,0,0,40,United-States,<=50K
25,Federal-gov,182997,Bachelors,13,Never-married,Exec-managerial,Not-in-family,Black,Male,0,2519,60,United-States,<=50K
39,Private,168234,7th-8th,4,Married-civ-spouse,Machine-op-inspct,Husband,Black,Male,0,0,62,United-States,<=50K
33,Private,243946,HS-grad,9,Divorced,Adm-clerical,Own-child,White,Male,3220,0,45,Iran,<=50K
44,Private,91385,Doctorate,16,Divorced,Prof-specialty,Unmarried,White,Male,0,0,40,United-States,>50K
42,Private,165001,Masters,14,Divorced,Protective-serv,Own-child,White,Female,0,0,40,United-States,<=50K
39,Private,388503,Assoc-voc,11,Widowed,Prof-specialty,Own-child,White,Male,0,0,60,United-States,<=50K
31,Federal-gov,216458,11th,7,Married-civ-spouse,Other-service,Own-child,White,Male,0,0,35,United-States,<=50K
42,Private,160028,HS-grad,9,Married-civ-spouse,Other-service,Husband,White,Male,0,0,35,United-States,<=50K
50,Private,212354,Bachelors,13,Separated,Prof-specialty,Unmarried,Other,Female,0,0,70,United-States,<=50K
46,Private,97548,Prof-school,15,Married-civ-spouse,Sales,Husband,White,Male,0,0,45,El-Salvador,>50K
31,Private,197760,HS-grad,9,Widowed,Exec-managerial,Other-relative,Other,Male,0,0,55,Guatemala,<=50K
35,Private,294825,Bachelors,13,Married-civ-spouse,Prof-specialty,Wife,Asian-Pac-Islander,Female,0,0,45,Cuba,<=50K
29,Private,111183,Some-college,10,Never-married,Adm-clerical,Own-child,White,Male,0,0,40,United-States,<=50K
61,Local-gov,467832,Assoc-acdm,12,Widowed,Prof-specialty,Not-in-family,White,Male,0,0,35,India,<=50K
47,Private,112050,Bachelors,13,Married-civ-spouse,Tech-support,Husband,White,Male,0,0,40,United-States,<=50K
66,Private,228550,1st-4th,2,Married-civ-spouse,Other-service,Wife,Black,Female,0,0,40,United-States,<=50K
35,Private,130320,HS-grad,9,Married-civ-spouse,Machine-op-inspct,Husband,Amer-Indian-Eskimo,Male,0,2256,52,United-States,<=50K
39,Self-emp-not-inc,236590,Bachelors,13,Divorced,Exec-managerial,Other-relative,White,Male,0,0,35,United-States,<=50K
61,Private,259191,Masters,14,Widowed,Prof-specialty,Unmarried,White,Female,0,0,38,Mexico,<=50K
38,Self-emp-not-inc,343997,Assoc-voc,11,Married-civ-spouse,Sales,Husband,Black,Male,0,0,55,United-States,>50K
29,Private,336987,Bachelors,13,Married-civ-spouse,Sales,Husband,White,Male,0,0,40,United-States,<=50K
30,Private,131798,Assoc-acdm,12,Married-spouse-absent,Other-service,Own-child,White,Male,0,0,26,El-Salvador,<=50K
25,State-gov,246413,Prof-school,15,Married-civ-spouse,Craft-repair,Wife,Black,Female,0,0,50,United-States,>50K
27,Private,132981,Some-college,10,Married-civ-spouse,Protective-serv,Husband,Black,Male,0,0,20,United-States,<=50K
26,Self-emp-not-inc,204920,Bachelors,13,Never-married,Prof-specialty,Not-in-family,Other,Male,0,0,53,Mexico,<=50K
33,Private,264796,Some-college,10,Married-civ-spouse,Transport-moving,Husband,White,Male,0,0,60,United-States,<=50K
56,Self-emp-inc,293820,Some-college,10,Married-civ-spouse,Protective-serv,Wife,White,Female,0,0,40,United-States,<=50K
35,Private,232136,11th,7,Divorced,Other-service,Unmarried,White,Female,0,0,40,United-States,<=50K
53,Private,132767,Some-college,10,Widowed,Exec-managerial,Not-in-family,White,Female,0,0,40,United-States,<=50K
37,Private,149302,Some-college,10,Married-civ-spouse,Exec-managerial,Husband,White,Male,0,0,70,United-States,>50K
40,State-gov,385693,HS-grad,9,Divorced,Farming-fishing,Not-in-family,White,Female,0,0,40,United-States,<=50K
30,Private,141753,Prof-school,15,Never-married,Machine-op-inspct,Not-in-family,White,Female,4487,0,40,Italy,<=50K
30,Self-emp-not-inc,211666,Masters,14,Never-married,Exec-managerial,Own-child,White,Male,0,0,55,United-States,<=50K
36,State-gov,213124,Bachelors,13,Married-civ-spouse,Craft-repair,Husband,White,Male,0,0,55,United-States,>50K
54,Private,153091,Prof-school,15,Married-civ-spouse,Exec-managerial,Wife,Black,Female,0,0,40,United-States,<=50K
63,Private,101121,Some-college,10,Married-spouse-absent,Other-service,Unmarried,Asian-Pac-Islander,Male,0,0,30,United-States,<=50K
52,State-gov,269930,Some-college,10,Married-AF-spouse,Craft-repair,Husband,White,Male,0,0,40,United-States,<=50K
70,Local-gov,257795,Some-college,10,Married-civ-spouse,Exec-managerial,Husband,White,Male,0,0,50,United-States,<=50K
27,Private,33225,Bachelors,13,Never-married,Other-service,Not-in-family,White,Female,0,0,30,United-States,<=50K
46,State-gov,144754,Some-college,10,Married-civ-spouse,Sales,Husband,White,Male,0,0,40,United-States,>50K
67,Local-gov,158397,HS-grad,9,Divorced,Prof-specialty,Own-child,Black,Male,0,0,40,Mexico,<=50K
68,Private,348703,HS-grad,9,Divorced,Exec-managerial,Other-relative,White,Male,0,0,44,United-States,<=50K
55,Federal-gov,175172,Bachelors,13,Separated,Protective-serv,Unmarried,White,Male,0,0,50,United-States,<=50K
57,Private,127367,HS-grad,9,Married-civ-spouse,Sales,Wife,White,Female,0,0,49,United-States,<=50K
26,Private,346223,Assoc-voc,11,Separated,Protective-serv,Not-in-family,Asian-Pac-Islander,Male,0,0,40,United-States,<=50K
29,Private,137030,HS-grad,9,Married-civ-spouse,Craft-repair,Wife,White,Female,0,1886,40,United-States,<=50K
46,Private,285106,HS-grad,9,Married-civ-spouse,Sales,Husband,Black,Male,0,0,40,United-States,<=50K
48,Private,103270,Bachelors,13,Married-civ-spouse,Exec-managerial,Husband,White,Male,0,0,50,United-States,>50K
30,Local-gov,438146,Bachelors,13,Never-married,Tech-support,Unmarried,White,Male,0,0,50,India,<=50K
33,State-gov,283189,HS-grad,9,Divorced,Craft-repair,Not-in-family,Black,Male,0,0,40,United-States,<=50K
37,Private,302002,Bachelors,13,Married-civ-spouse,Prof-specialty,Wife,White,Female,0,0,38,United-States,<=50K
32,Private,83218,Bachelors,13,Married-spouse-absent,Tech-support,Own-child,Black,Male,0,0,43,United-States,<=50K
64,Private,261546,Some-college,10,Married-spouse-absent,Sales,Own-child,White,Female,0,0,52,United-States,<=50K
31,Private,404794,Bachelors,13,Married-civ-spouse,Prof-specialty,Husband,White,Male,0,0,70,Mexico,>50K
59,Private,180762,5th-6th,3,Widowed,Transport-moving,Unmarried,White,Female,0,1563,55,Taiwan,<=50K
59,Private,316607,9th,5,Widowed,Other-service,Not-in-family,White,Male,0,0,40,United-States,<=50K
58,Federal-gov,238816,Prof-school,15,Separated,Exec-managerial,Not-in-family,White,Male,0,0,40,United-States,<=50K
51,Self-emp-inc,380194,Bachelors,13,Divorced,Prof-specialty,Not-in-family,White,Male,0,0,55,United-States,>50K
43,Private,161386,7th-8th,4,Divorced,Transport-moving,Other-relative,White,Male,0,0,40,United-States,<=50K
35,Local-gov,123032,Bachelors,13,Married-civ-spouse,Sales,Husband,White,Male,0,0,35,United-States,<=50K
62,Private,425166,Masters,14,Separated,Sales,Own-child,White,Male,0,0,60,United-States,>50K
37,Private,163023,HS-grad,9,Married-civ-spouse,Prof-specialty,Husband,White,Male,0,0,38,United-States,<=50K
31,Private,298718,11th,7,Married-civ-spouse,Handlers-cleaners,Husband,White,Male,0,0,40,United-States,<=50K
49,Private,136047,HS-grad,9,Divorced,Machine-op-inspct,Not-in-family,White,Male,0,0,38,United-States,<=50K
50,Private,176437,Some-college,10,Married-civ-spouse,Handlers-cleaners,Husband,White,Male,0,0,40,United-States,<=50K
27,Local-gov,143292,Some-college,10,Never-married,Craft-repair,Not-in-family,White,Male,40966,0,38,United-States,>50K
49,Self-emp-not-inc,117481,HS-grad,9,Married-civ-spouse,Transport-moving,Wife,Black,Female,0,0,50,United-States,>50K
44,Federal-gov,222559,Bachelors,13,Separated,Sales,Unmarried,White,Male,3505,0,50,United-States,<=50K
39,Private,108450,Some-college,10,Married-civ-spouse,Other-service,Wife,Black,Female,0,0,25,United-States,<=50K
39,Private,99157,Doctorate,16,Divorced,Sales,Not-in-family,White,Male,0,0,40,United-States,>50K
35,Private,147675,11th,7,Never-married,Farming-fishing,Not-in-family,Other,Male,0,0,40,United-States,<=50K
33,Private,56601,5th-6th,3,Married-civ-spouse,Machine-op-inspct,Husband,White,Male,0,0,35,United-States,<=50K
34,Private,272676,Some-college,10,Married-civ-spouse,Exec-managerial,Husband,White,Male,0,0,50,United-States,<=50K
30,Private,199064,Doctorate,16,Never-married,Sales,Not-in-family,Black,Female,0,0,40,Mexico,<=50K
31,Private,141364,Masters,14,Married-civ-spouse,Sales,Husband,White,Male,0,1803,45,United-States,>50K
22,Private,215882,Some-college,10,Never-married,Protective-serv,Own-child,White,Male,0,0,38,United-States,<=50K
33,Private,116295,Bachelors,13,Divorced,Prof-specialty,Not-in-family,Black,Male,0,0,45,United-States,<=50K
21,Private,103111,11th,7,Never-married,Machine-op-inspct,Not-in-family,White,Female,0,0,40,United-States,<=50K
38,State-gov,95000,HS-grad,9,Married-civ-spouse,Craft-repair,Husband,White,Male,0,0,45,United-States,<=50K
61,Self-emp-inc,233497,Assoc-voc,11,Married-civ-spouse,Other-service,Husband,Black,Male,0,0,35,Poland,<=50K
41,Private,196966,Bachelors,13,Separated,Exec-managerial,Own-child,White,Female,0,0,45,United-States,<=50K
52,State-gov,170765,Some-college,10,Never-married,Exec-managerial,Unmarried,Black,Male,0,0,45,Poland,<=50K
34,Private,209677,Bachelors,13,Married-civ-spouse,Exec-managerial,Wife,White,Female,0,0,60,United-States,>50K
29,Private,192843,Masters,14,Never-married,Prof-specialty,Not-in-family,White,Male,0,0,50,United-States,<=50K
31,Federal-gov,551132,Doctorate,16,Never-married,Prof-specialty,Not-in-family,White,Male,0,0,40,United-States,<=50K
62,Self-emp-not-inc,231752,HS-grad,9,Married-civ-spouse,Other-service,Wife,Amer-Indian-Eskimo,Female,0,0,40,United-States,<=50K
36,Private,162687,Assoc-voc,11,Divorced,Craft-repair,Own-child,Black,Male,0,0,40,United-States,<=50K
48,Private,304496,HS-grad,9,Never-married,Handlers-cleaners,Unmarried,White,Male,0,0,20,United-States,<=50K
38,Private,411558,11th,7,Married-civ-spouse,Machine-op-inspct,Husband,White,Male,0,0,40,Mexico,<=50K
39,Local-gov,118386,HS-grad,9,Never-married,Other-service,Unmarried,Asian-Pac-Islander,Female,0,0,40,United-States,<=50K
26,State-gov,196457,Some-college,10,Never-married,Protective-serv,Not-in-family,White,Female,0,0,22,United-States,<=50K
31,Private,251282,HS-grad,9,Married-civ-spouse,Other-service,Husband,White,Male,0,0,16,United-States,<=50K
35,Federal-gov,124076,11th,7,Separated,Other-service,Own-child,Black,Male,0,0,39,United-States,<=50K
32,Private,323525,HS-grad,9,Divorced,Handlers-cleaners,Not-in-family,White,Male,0,0,44,India,<=50K
41,Private,157319,HS-grad,9,Married-civ-spouse,Other-service,Husband,White,Male,0,0,40,United-States,<=50K
61,Private,152399,Some-college,10,Married-civ-spouse,Other-service,Husband,White,Male,0,0,28,United-States,<=50K
17,Self-emp-inc,340836,11th,7,Never-married,Transport-moving,Own-child,White,Male,0,0,50,United-States,<=50K
34,Private,129975,Some-college,10,Married-spouse-absent,Adm-clerical,Unmarried,White,Male,0,0,40,United-States,<=50K
45,Private,561478,Some-college,10,Married-civ-spouse,Tech-support,Husband,Amer-Indian-Eskimo,Male,0,0,40,United-States,<=50K
26,Local-gov,101453,Doctorate,16,Divorced,Tech-support,Own-child,White,Male,0,0,20,United-States,<=50K
38,Local-gov,171954,HS-grad,9,Divorced,Exec-managerial,Not-in-family,White,Male,0,0,60,United-States,>50K
26,Private,125332,Bachelors,13,Never-married,Prof-specialty,Not-in-family,Asian-Pac-Islander,Female,0,0,50,United-States,<=50K
33,Self-emp-inc,104466,Doctorate,16,Married-civ-spouse,Prof-specialty,Wife,White,Female,0,0,38,Germany,>50K
40,Private,172122,Bachelors,13,Divorced,Adm-clerical,Own-child,White,Male,0,0,50,United-States,<=50K
30,Private,118472,Bachelors,13,Married-civ-spouse,Tech-support,Wife,White,Female,0,0,40,United-States,>50K
41,Private,142645,Masters,14,Married-civ-spouse,Exec-managerial,Husband,White,Male,0,0,50,United-States,<=50K
39,Private,271718,HS-grad,9,Married-civ-spouse,Farming-fishing,Husband,White,Male,0,0,35,United-States,<=50K
53,Self-emp-not-inc,180562,Bachelors,13,Married-civ-spouse,Exec-managerial,Husband,White,Male,0,0,50,United-States,>50K
44,Local-gov,171566,Assoc-acdm,12,Never-married,Craft-repair,Not-in-family,White,Female,0,2646,40,United-States,>50K
55,Private,315325,HS-grad,9,Married-spouse-absent,Sales,Own-child,Asian-Pac-Islander,Female,0,0,35,United-States,<=50K
33,Private,192369,HS-grad,9,Divorced,Handlers-cleaners,Not-in-family,White,Male,0,0,40,United-States,<=50K
48,Local-gov,175497,Assoc-acdm,12,Married-civ-spouse,Exec-managerial,Husband,White,Male,0,0,80,United-States,<=50K
38,Private,161439,Bachelors,13,Married-civ-spouse,Prof-specialty,Other-relative,White,Male,0,0,50,United-States,<=50K
31,Private,319228,HS-grad,9,Divorced,Sales,Not-in-family,White,Male,0,0,35,United-States,<=50K
50,Private,329439,Assoc-voc,11,Married-civ-spouse,Craft-repair,Husband,Black,Male,0,0,40,United-States,<=50K
19,Private,145180,Bachelors,13,Never-married,Sales,Own-child,White,Male,0,0,52,United-States,<=50K
63,Private,160948,Prof-school,15,Never-married,Exec-managerial,Other-relative,Black,Female,0,0,40,United-States,<=50K
31,Private,378789,HS-grad,9,Married-civ-spouse,Farming-fishing,Husband,White,Male,0,0,48,United-States,<=50K
27,Private,127420,Some-college,10,Divorced,Sales,Unmarried,White,Male,0,0,48,United-States,<=50K
51,Private,163855,Doctorate,16,Married-civ-spouse,Prof-specialty,Other-relative,Black,Male,0,0,35,United-States,>50K
57,Private,326735,Some-college,10,Divorced,Machine-op-inspct,Unmarried,White,Female,0,0,43,United-States,<=50K
30,Self-emp-not-inc,112318,Some-college,10,Married-civ-spouse,Transport-moving,Husband,White,Male,0,0,60,United-States,<=50K
48,Self-emp-not-inc,98025,Prof-school,15,Married-civ-spouse,Exec-managerial,Wife,Asian-Pac-Islander,Female,0,0,40,United-States,<=50K
33,Private,121440,Some-college,10,Married-civ-spouse,Tech-support,Husband,White,Male,0,0,50,United-States,>50K
30,Private,203590,Bachelors,13,Married-civ-spouse,Exec-managerial,Husband,White,Male,0,0,40,United-States,>50K
44,Private,106752,Assoc-voc,11,Married-civ-spouse,Priv-house-serv,Husband,White,Male,0,0,40,United-States,<=50K
44,Private,184477,HS-grad,9,Married-civ-spouse,Handlers-cleaners,Husband,White,Male,0,0,40,United-States,<=50K
55,State-gov,230011,Bachelors,13,Married-civ-spouse,Sales,Husband,Black,Male,0,0,45,United-States,>50K
44,Private,120627,HS-grad,9,Married-civ-spouse,Sales,Husband,White,Male,0,0,40,United-States,<=50K
43,Self-emp-not-inc,183070,HS-grad,9,Married-civ-spouse,Craft-repair,Wife,White,Female,0,0,42,Canada,<=50K
65,Private,369327,Masters,14,Married-civ-spouse,Tech-support,Husband,White,Male,0,0,50,United-States,<=50K
23,Private,248529,Bachelors,13,Never-married,Exec-managerial,Own-child,White,Male,0,0,60,United-States,<=50K
32,Private,93341,Bachelors,13,Never-married,Exec-managerial,Own-child,White,Male,0,0,38,El-Salvador,<=50K
47,Self-emp-not-inc,134748,Doctorate,16,Divorced,Sales,Own-child,Black,Male,0,0,51,United-States,>50K
50,Private,143085,Bachelors,13,Divorced,Exec-managerial,Own-child,White,Male,0,0,50,United-States,<=50K
31,Private,164265,10th,6,Never-married,Farming-fishing,Not-in-family,White,Female,7720,0,35,Iran,<=50K
27,Private,254258,HS-grad,9,Married-civ-spouse,Machine-op-inspct,Wife,White,Female,0,0,55,United-States,<=50K
28,Local-gov,162903,Bachelors,13,Married-civ-spouse,Prof-specialty,Husband,Black,Male,0,0,40,United-States,<=50K
36,Private,191700,Bachelors,13,Married-spouse-absent,Craft-repair,Unmarried,White,Female,0,0,44,United-States,>50K
26,Private,132642,Assoc-acdm,12,Never-married,Transport-moving,Not-in-family,White,Male,0,0,45,United-States,<=50K
35,Private,181554,HS-grad,9,Never-married,Tech-support,Unmarried,Other,Male,0,0,60,United-States,<=50K
55,Private,286781,7th-8th,4,Separated,Other-service,Other-relative,White,Female,0,0,20,Nicaragua,<=50K
33,Private,118397,Bachelors,13,Divorced,Exec-managerial,Not-in-family,Amer-Indian-Eskimo,Male,0,1930,60,United-States,<=50K
32,Private,123804,HS-grad,9,Married-civ-spouse,Prof-specialty,Husband,White,Male,0,0,40,United-States,<=50K
53,Private,246906,HS-grad,9,Widowed,Craft-repair,Unmarried,White,Female,0,0,30,United-States,<=50K
37,Private,219446,Masters,14,Married-civ-spouse,Prof-specialty,Husband,White,Male,0,0,50,United-States,>50K
34,Private,205702,Some-college,10,Married-civ-spouse,Tech-support,Husband,White,Male,0,0,62,United-States,<=50K
48,Federal-gov,437523,Bachelors,13,Never-married,Sales,Unmarried,White,Male,0,0,40,United-States,<=50K
38,Private,179204,Some-college,10,Married-spouse-absent,Other-service,Not-in-family,White,Female,0,0,30,Nicaragua,<=50K
41,Private,152310,Bachelors,13,Married-civ-spouse,Tech-support,Husband,White,Male,0,0,40,United-States,>50K
52,Private,242874,7th-8th,4,Married-civ-spouse,Machine-op-inspct,Husband,White,Male,0,0,40,United-States,<=50K
32,Private,281209,Bachelors,13,Married-civ-spouse,Sales,Husband,White,Male,0,0,50,United-States,<=50K
46,Private,330102,HS-grad,9,Married-civ-spouse,Prof-specialty,Wife,White,Female,0,0,40,Italy,<=50K
29,Private,102985,Bachelors,13,Married-civ-spouse,Exec-managerial,Husband,Asian-Pac-Islander,Male,0,0,40,United-States,>50K
66,Private,296241,Doctorate,16,Divorced,Craft-repair,Not-in-family,White,Male,0,0,40,United-States,>50K
38,Private,183415,HS-grad,9,Married-civ-spouse,Exec-managerial,Husband,White,Male,0,0,40,United-States,>50K
55,Private,261257,9th,5,Married-civ-spouse,Machine-op-inspct,Husband,White,Male,0,2270,40,United-States,>50K
41,Private,495969,Bachelors,13,Divorced,Exec-managerial,Not-in-family,White,Male,0,0,35,Trinadad&Tobago,<=50K
40,Private,210324,11th,7,Married-civ-spouse,Sales,Husband,White,Male,0,0,34,United-States,<=50K
57,Local-gov,250355,11th,7,Married-civ-spouse,Machine-op-inspct,Husband,White,Male,0,1685,40,United-States,<=50K
69,Private,360347,7th-8th,4,Married-civ-spouse,Transport-moving,Wife,White,Female,0,0,17,United-States,<=50K
25,Private,178716,Bachelors,13,Married-civ-spouse,Prof-specialty,Husband,White,Male,0,2169,45,United-States,<=50K
34,Private,286677,Bachelors,13,Married-civ-spouse,Adm-clerical,Husband,White,Male,0,0,40,United-States,>50K
62,Private,212113,7th-8th,4,Separated,Transport-moving,Not-in-family,Black,Male,0,0,40,United-States,<=50K
41,State-gov,164383,HS-grad,9,Married-civ-spouse,Craft-repair,Wife,White,Female,0,0,44,United-States,<=50K
34,State-gov,141723,Some-college,10,Widowed,Exec-managerial,Other-relative,White,Female,0,0,40,United-States,<=50K
68,Private,156093,Masters,14,Married-civ-spouse,Adm-clerical,Husband,White,Male,0,0,50,United-States,>50K
37,Private,125874,HS-grad,9,Divorced,Other-service,Not-in-family,White,Male,0,0,25,United-States,<=50K
28,Private,396739,11th,7,Never-married,Other-service,Unmarried,White,Male,0,0,35,United-States,<=50K
29,Private,112815,Some-college,10,Married-civ-spouse,Other-service,Wife,Black,Female,0,1690,40,United-States,<=50K
71,Private,151220,HS-grad,9,Married-civ-spouse,Other-service,Husband,White,Male,0,0,40,United-States,<=50K
59,Private,150495,HS-grad,9,Married-civ-spouse,Prof-specialty,Husband,Amer-Indian-Eskimo,Male,0,0,40,United-States,>50K
32,Local-gov,93391,HS-grad,9,Married-civ-spouse,Adm-clerical,Wife,White,Female,0,0,40,United-States,<=50K
47,Private,226749,Bachelors,13,Married-civ-spouse,Prof-specialty,Husband,White,Male,0,0,40,United-States,<=50K
53,Private,88030,Prof-school,15,Married-civ-spouse,Sales,Husband,White,Male,0,0,40,United-States,>50K
32,Private,254453,HS-grad,9,Divorced,Craft-repair,Not-in-family,Amer-Indian-Eskimo,Male,0,0,40,United-States,<=50K
48,Private,561980,Masters,14,Married-civ-spouse,Tech-support,Husband,White,Male,0,0,40,United-States,>50K
45,Local-gov,210078,11th,7,Married-civ-spouse,Other-service,Husband,White,Male,0,0,16,Cuba,<=50K
21,Private,315721,11th,7,Never-married,Farming-fishing,Not-in-family,White,Female,0,0,45,Iran,<=50K
67,Self-emp-inc,126934,Bachelors,13,Divorced,Prof-specialty,Not-in-family,White,Male,0,0,40,United-States,<=50K
57,Self-emp-not-inc,161080,Preschool,1,Divorced,Craft-repair,Not-in-family,White,Male,0,0,48,United-States,<=50K
30,Private,196985,Some-college,10,Married-civ-spouse,Exec-managerial,Wife,White,Female,0,0,50,United-States,>50K
37,Private,385024,Bachelors,13,Married-civ-spouse,Sales,Husband,Asian-Pac-Islander,Male,0,0,55,United-States,<=50K
34,State-gov,118882,HS-grad,9,Divorced,Adm-clerical,Own-child,White,Male,0,0,30,United-States,<=50K
36,Private,100724,Assoc-voc,11,Married-civ-spouse,Handlers-cleaners,Husband,White,Male,0,0,40,United-States,<=50K
57,Self-emp-inc,201017,Prof-school,15,Divorced,Exec-managerial,Not-in-family,Amer-Indian-Eskimo,Male,0,0,38,United-States,<=50K
31,Private,131497,Some-college,10,Never-married,Tech-support,Not-in-family,Asian-Pac-Islander,Male,6402,0,40,United-States,<=50K
52,Federal-gov,174279,7th-8th,4,Married-civ-spouse,Handlers-cleaners,Husband,Black,Male,0,0,40,United-States,<=50K
36,Private,120249,Bachelors,13,Married-civ-spouse,Prof-specialty,Wife,Asian-Pac-Islander,Female,0,0,45,United-States,<=50K
46,Private,586025,Bachelors,13,Married-civ-spouse,Machine-op-inspct,Husband,White,Male,0,1696,50,United-States,>50K
42,Private,137247,HS-grad,9,Divorced,Exec-managerial,Not-in-family,Asian-Pac-Islander,Male,0,0,45,United-States,<=50K
39,Private,138125,Masters,14,Married-civ-spouse,Exec-managerial,Husband,White,Male,0,0,40,United-States,<=50K
72,State-gov,212866,HS-grad,9,Widowed,Machine-op-inspct,Unmarried,White,Male,0,0,43,United-States,<=50K
25,Private,264164,HS-grad,9,Married-civ-spouse,Prof-specialty,Husband,White,Male,0,0,48,United-States,>50K
48,Self-emp-not-inc,166986,Bachelors,13,Married-civ-spouse,Prof-specialty,Husband,White,Male,0,0,53,United-States,>50K
53,Private,112557,Assoc-voc,11,Divorced,Prof-specialty,Not-in-family,Asian-Pac-Islander,Male,0,0,40,United-States,>50K
52,Private,68466,Bachelors,13,Married-civ-spouse,Prof-specialty,Husband,Black,Male,0,0,50,Mexico,<=50K
32,Private,252153,9th,5,Married-civ-spouse,Farming-fishing,Husband,White,Male,0,0,40,United-States,<=50K
54,Private,79343,Some-college,10,Married-civ-spouse,Machine-op-inspct,Other-relative,White,Male,0,0,50,United-States,<=50K
37,Local-gov,202091,Doctorate,16,Married-civ-spouse,Exec-managerial,Wife,White,Female,0,0,40,United-States,>50K
57,Private,207670,7th-8th,4,Divorced,Machine-op-inspct,Not-in-family,Black,Male,0,0,40,United-States,<=50K
57,Private,128508,HS-grad,9,Divorced,Machine-op-inspct,Unmarried,White,Female,0,0,20,United-States,<=50K
26,Self-emp-inc,140222,Bachelors,13,Never-married,Prof-specialty,Other-relative,White,Male,0,0,50,United-States,<=50K
40,Private,206843,Masters,14,Married-civ-spouse,Prof-specialty,Husband,White,Male,0,0,40,United-States,>50K
51,Self-emp-not-inc,243976,Bachelors,13,Married-civ-spouse,Craft-repair,Wife,White,Female,0,0,48,United-States,>50K
29,Private,81885,Assoc-acdm,12,Married-civ-spouse,Sales,Wife,Asian-Pac-Islander,Female,0,0,38,Honduras,<=50K
51,Private,182517,Doctorate,16,Married-civ-spouse,Exec-managerial,Husband,White,Male,0,0,54,United-States,>50K
46,Private,136893,Prof-school,15,Married-civ-spouse,Sales,Husband,White,Male,0,0,40,United-States,>50K
25,Federal-gov,238805,Bachelors,13,Never-married,Adm-clerical,Own-child,White,Male,0,0,30,United-States,<=50K
37,Private,219779,Some-college,10,Married-civ-spouse,Machine-op-inspct,Husband,Black,Male,0,0,40,United-States,<=50K
37,Local-gov,191650,Assoc-voc,11,Divorced,Handlers-cleaners,Not-in-family,White,Male,0,0,40,United-States,<=50K
34,Private,401124,7th-8th,4,Married-civ-spouse,Handlers-cleaners,Husband,White,Male,0,0,40,United-States,<=50K
28,Private,229440,HS-grad,9,Married-civ-spouse,Other-service,Husband,White,Male,0,0,20,United-States,<=50K
37,Private,156401,Masters,14,Married-civ-spouse,Prof-specialty,Husband,White,Male,0,0,45,United-States,<=50K
43,Private,112544,HS-grad,9,Married-civ-spouse,Protective-serv,Husband,White,Male,0,0,40,United-States,<=50K
22,Private,246429,Assoc-voc,11,Never-married,Adm-clerical,Own-child,White,Male,0,0,40,United-States,<=50K
31,Private,78591,Bachelors,13,Married-civ-spouse,Prof-specialty,Wife,White,Female,0,0,45,United-States,>50K
29,Private,282098,Bachelors,13,Never-married,Protective-serv,Unmarried,White,Female,0,0,35,United-States,<=50K
29,Federal-gov,77383,Assoc-acdm,12,Never-married,Priv-house-serv,Not-in-family,White,Female,0,1818,30,United-States,<=50K
55,Private,116373,Some-college,10,Married-civ-spouse,Adm-clerical,Husband,White,Male,0,0,45,United-States,>50K
29,Private,147352,Assoc-acdm,12,Never-married,Other-service,Own-child,White,Female,0,0,39,United-States,<=50K
47,Private,145168,HS-grad,9,Widowed,Sales,Unmarried,White,Male,0,0,40,United-States,<=50K
60,State-gov,448940,Bachelors,13,Married-civ-spouse,Prof-specialty,Husband,Black,Male,0,0,50,United-States,>50K
49,Private,110455,Some-college,10,Widowed,Transport-moving,Unmarried,White,Male,0,0,40,United-States,<=50K
37,Federal-gov,166816,Bachelors,13,Married-civ-spouse,Exec-managerial,Husband,White,Male,0,2398,35,United-States,>50K
46,Private,194146,Prof-school,15,Married-civ-spouse,Exec-managerial,Husband,Black,Male,0,0,40,United-States,>50K
23,Federal-gov,339198,Bachelors,13,Never-married,Exec-managerial,Own-child,White,Male,0,0,38,United-States,<=50K
64,Private,155422,Bachelors,13,Divorced,Adm-clerical,Unmarried,White,Female,0,0,48,United-States,>50K
34,Private,133914,Some-college,10,Married-civ-spouse,Adm-clerical,Wife,White,Female,0,0,47,Mexico,<=50K
41,Private,89236,9th,5,Married-civ-spouse,Farming-fishing,Husband,Black,Male,0,0,40,United-States,<=50K
31,Self-emp-not-inc,167753,Some-college,10,Married-civ-spouse,Sales,Wife,White,Female,0,0,20,United-States,<=50K
38,Private,211058,HS-grad,9,Married-civ-spouse,Machine-op-inspct,Husband,White,Male,4286,0,40,United-States,>50K
38,Private,156631,Doctorate,16,Separated,Adm-clerical,Own-child,White,Female,0,0,40,United-States,<=50K
68,Private,210752,Masters,14,Married-spouse-absent,Prof-specialty,Not-in-family,White,Male,0,0,40,Mexico,<=50K
47,Federal-gov,141793,HS-grad,9,Married-civ-spouse,Transport-moving,Husband,White,Male,0,0,38,United-States,<=50K
64,Private,183175,HS-grad,9,Married-AF-spouse,Sales,Husband,White,Male,0,0,50,Germany,<=50K
30,Private,171489,Some-college,10,Divorced,Other-service,Not-in-family,White,Male,0,0,16,Cuba,<=50K
30,Private,339839,Bachelors,13,Divorced,Exec-managerial,Own-child,White,Female,0,0,40,United-States,>50K
43,Private,245841,HS-grad,9,Never-married,Transport-moving,Not-in-family,White,Male,0,0,35,United-States,<=50K
49,Private,118609,Some-college,10,Divorced,Exec-managerial,Unmarried,White,Female,0,0,60,United-States,>50K
32,Private,445463,Masters,14,Married-civ-spouse,Transport-moving,Husband,White,Male,0,0,40,United-States,<=50K
70,Federal-gov,218234,11th,7,Married-civ-spouse,Other-service,Husband,White,Male,0,0,40,United-States,<=50K
33,Private,174969,Assoc-voc,11,Divorced,Tech-support,Other-relative,White,Male,0,0,45,United-States,<=50K
29,Private,153204,Bachelors,13,Never-married,Other-service,Own-child,White,Female,0,0,35,Greece,<=50K
36,State-gov,67719,Some-college,10,Married-civ-spouse,Craft-repair,Wife,Black,Female,0,0,40,United-States,<=50K
19,Private,112241,HS-grad,9,Never-married,Handlers-cleaners,Own-child,White,Female,0,0,38,United-States,<=50K
57,Local-gov,131440,Bachelors,13,Separated,Prof-specialty,Not-in-family,Black,Male,0,0,45,United-States,<=50K
47,Federal-gov,149880,Bachelors,13,Divorced,Prof-specialty,Not-in-family,White,Male,0,0,37,United-States,<=50K
32,Private,96537,Some-college,10,Separated,Handlers-cleaners,Own-child,White,Male,0,0,40,United-States,<=50K
51,Private,110141,Some-college,10,Married-civ-spouse,Exec-managerial,Husband,Asian-Pac-Islander,Male,0,0,50,United-States,<=50K
32,Local-gov,110290,Some-college,10,Married-civ-spouse,Exec-managerial,Husband,White,Male,0,0,70,United-States,>50K
37,Federal-gov,285645,HS-grad,9,Divorced,Exec-managerial,Unmarried,White,Female,0,0,50,United-States,>50K
49,Self-emp-not-inc,65824,Some-college,10,Married-civ-spouse,Sales,Husband,White,Male,0,0,40,United-States,>50K
36,State-gov,214364,Doctorate,16,Married-civ-spouse,Prof-specialty,Husband,White,Male,0,0,55,India,>50K
51,Local-gov,198219,HS-grad,9,Married-civ-spouse,Farming-fishing,Husband,White,Male,0,0,45,United-States,>50K
41,Private,289434,Some-college,10,Never-married,Adm-clerical,Other-relative,White,Female,0,0,40,Mexico,<=50K
44,Private,221093,Assoc-voc,11,Married-civ-spouse,Other-service,Husband,White,Male,0,0,20,United-States,<=50K
40,Private,201734,HS-grad,9,Married-civ-spouse,Adm-clerical,Wife,White,Female,0,0,38,United-States,<=50K
48,Private,99421,Masters,14,Married-civ-spouse,Farming-fishing,Husband,White,Male,0,2602,40,United-States,<=50K
39,Private,149386,HS-grad,9,Married-civ-spouse,Adm-clerical,Husband,White,Male,0,0,45,United-States,>50K
55,Private,120770,5th-6th,3,Divorced,Priv-house-serv,Not-in-family,Black,Male,0,0,40,Mexico,<=50K
41,Private,159212,Doctorate,16,Married-civ-spouse,Prof-specialty,Wife,Black,Female,0,0,45,United-States,>50K
35,Local-gov,157085,HS-grad,9,Never-married,Other-service,Not-in-family,White,Female,0,0,30,United-States,<=50K
37,Self-emp-not-inc,202362,Assoc-acdm,12,Divorced,Craft-repair,Unmarried,White,Female,0,0,50,United-States,<=50K
51,Private,287329,9th,5,Married-civ-spouse,Priv-house-serv,Husband,White,Male,0,0,25,United-States,<=50K
39,Private,202716,Assoc-voc,11,Divorced,Handlers-cleaners,Other-relative,White,Female,0,0,48,United-States,>50K
55,Private,48498,HS-grad,9,Married-civ-spouse,Other-service,Husband,White,Male,0,0,40,United-States,<=50K
64,Private,418295,HS-grad,9,Married-civ-spouse,Transport-moving,Wife,White,Female,0,0,35,Mexico,<=50K
62,Self-emp-inc,104230,Bachelors,13,Married-AF-spouse,Exec-managerial,Husband,White,Male,0,0,35,United-States,<=50K
32,Private,144330,HS-grad,9,Never-married,Machine-op-inspct,Not-in-family,White,Male,0,0,45,United-States,<=50K
54,State-gov,119395,HS-grad,9,Married-civ-spouse,Tech-support,Husband,White,Male,6893,0,55,Japan,>50K
51,Self-emp-not-inc,129489,Assoc-acdm,12,Divorced,Other-service,Other-relative,White,Male,0,0,38,Mexico,<=50K
57,Private,227631,Bachelors,13,Never-married,Exec-managerial,Unmarried,White,Female,0,0,46,United-States,<=50K
53,Private,123328,Bachelors,13,Married-civ-spouse,Protective-serv,Husband,White,Male,0,0,30,United-States,<=50K
50,Private,176240,Doctorate,16,Divorced,Sales,Other-relative,White,Male,0,0,45,United-States,>50K
27,Private,245646,Some-college,10,Never-married,Sales,Not-in-family,White,Male,0,0,38,United-States,<=50K
37,Private,116428,HS-grad,9,Married-civ-spouse,Protective-serv,Wife,White,Female,0,0,35,United-States,<=50K
45,Self-emp-not-inc,354442,Masters,14,Married-civ-spouse,Exec-managerial,Husband,White,Male,0,0,55,United-States,>50K
31,Private,149717,Some-college,10,Married-civ-spouse,Exec-managerial,Wife,Asian-Pac-Islander,Female,0,0,55,United-States,>50K
64,Private,267631,Doctorate,16,Married-civ-spouse,Sales,Husband,White,Male,0,0,48,United-States,>50K
42,Private,235062,Bachelors,13,Married-civ-spouse,Prof-specialty,Husband,White,Male,0,2292,40,United-States,>50K
58,Private,299654,Assoc-voc,11,Married-civ-spouse,Craft-repair,Husband,White,Male,0,0,45,United-States,<=50K
47,Federal-gov,135114,Doctorate,16,Divorced,Transport-moving,Unmarried,White,Male,0,0,40,United-States,<=50K
35,Private,273272,Doctorate,16,Divorced,Prof-specialty,Unmarried,White,Male,0,0,80,United-States,>50K
43,Private,156552,Bachelors,13,Married-civ-spouse,Prof-specialty,Husband,White,Male,0,0,80,United-States,<=50K
50,Self-emp-not-inc,178421,HS-grad,9,Married-civ-spouse,Handlers-cleaners,Husband,White,Male,0,0,55,United-States,>50K
27,Private,219386,Bachelors,13,Never-married,Prof-specialty,Not-in-family,White,Female,0,0,45,United-States,<=50K
33,Private,89507,Bachelors,13,Married-civ-spouse,Protective-serv,Husband,White,Male,0,0,55,United-States,<=50K
30,Private,109941,Bachelors,13,Never-married,Prof-specialty,Unmarried,White,Male,0,0,38,United-States,<=50K
46,Private,107330,Bachelors,13,Divorced,Craft-repair,Unmarried,White,Male,0,0,38,United-States,<=50K
57,Private,161620,7th-8th,4,Married-civ-spouse,Transport-moving,Wife,Black,Female,0,2407,48,United-States,<=50K
45,Private,179400,11th,7,Married-civ-spouse,Farming-fishing,Wife,White,Female,14203,0,40,United-States,>50K
31,Private,228183,Bachelors,13,Married-civ-spouse,Prof-specialty,Husband,White,Male,0,0,60,Vietnam,<=50K
18,Private,119011,11th,7,Never-married,Machine-op-inspct,Not-in-family,White,Male,0,0,48,Mexico,<=50K
74,Private,247413,HS-grad,9,Widowed,Adm-clerical,Unmarried,Asian-Pac-Islander,Male,0,0,40,United-States,<=50K
51,State-gov,109910,10th,6,Married-civ-spouse,Handlers-cleaners,Husband,White,Male,0,0,35,United-States,<=50K
34,Private,124839,HS-grad,9,Divorced,Adm-clerical,Not-in-family,White,Male,0,0,50,Cuba,>50K
45,Private,185207,10th,6,Married-civ-spouse,Handlers-cleaners,Husband,White,Male,0,0,41,United-States,<=50K
36,Private,195636,Assoc-acdm,12,Never-married,Handlers-cleaners,Unmarried,Black,Female,0,0,40,United-States,<=50K
62,Private,204759,Masters,14,Married-spouse-absent,Exec-managerial,Other-relative,White,Male,0,0,40,United-States,<=50K
25,Private,171443,HS-grad,9,Separated,Prof-specialty,Unmarried,White,Male,0,0,45,United-States,<=50K
54,Self-emp-inc,114626,Assoc-acdm,12,Divorced,Exec-managerial,Not-in-family,White,Male,0,0,50,United-States,<=50K
28,Private,454892,11th,7,Married-civ-spouse,Handlers-cleaners,Husband,Asian-Pac-Islander,Male,0,0,40,United-States,<=50K
49,Federal-gov,75550,11th,7,Married-AF-spouse,Craft-repair,Husband,Black,Male,0,0,40,United-States,>50K
70,Self-emp-not-inc,214549,Bachelors,13,Divorced,Prof-specialty,Not-in-family,White,Male,0,0,45,United-States,<=50K
23,Self-emp-not-inc,91324,Some-college,10,Divorced,Craft-repair,Not-in-family,White,Male,0,0,50,United-States,<=50K
54,Private,183971,Preschool,1,Divorced,Handlers-cleaners,Not-in-family,Black,Male,0,0,40,United-States,<=50K
38,Private,155740,HS-grad,9,Never-married,Exec-managerial,Not-in-family,White,Male,7658,0,76,United-States,>50K
74,Private,147548,HS-grad,9,Never-married,Other-service,Own-child,White,Male,0,0,30,United-States,<=50K
28,Private,303680,Assoc-acdm,12,Married-civ-spouse,Other-service,Husband,White,Male,0,0,25,United-States,<=50K
54,Private,248162,Assoc-voc,11,Married-civ-spouse,Other-service,Husband,White,Male,0,0,40,Jamaica,<=50K
36,Federal-gov,310711,Some-college,10,Married-civ-spouse,Craft-repair,Husband,Black,Male,0,0,48,United-States,<=50K
38,Private,243555,Bachelors,13,Married-civ-spouse,Exec-managerial,Wife,White,Female,0,0,50,United-States,>50K
39,Local-gov,169126,HS-grad,9,Married-spouse-absent,Prof-specialty,Not-in-family,White,Male,0,0,45,Philippines,<=50K
31,Private,138555,HS-grad,9,Married-civ-spouse,Protective-serv,Wife,Black,Female,0,0,40,United-States,>50K
66,Local-gov,75031,Bachelors,13,Widowed,Protective-serv,Own-child,White,Male,0,0,40,United-States,>50K
63,Federal-gov,290414,Masters,14,Widowed,Exec-managerial,Unmarried,White,Male,0,0,50,Philippines,<=50K
38,Private,353979,Doctorate,16,Married-civ-spouse,Prof-specialty,Husband,White,Male,0,0,40,United-States,>50K
34,Private,320077,HS-grad,9,Married-civ-spouse,Handlers-cleaners,Husband,White,Male,0,0,43,United-States,<=50K
38,Private,127726,Masters,14,Married-civ-spouse,Adm-clerical,Husband,White,Male,0,0,30,Mexico,<=50K
48,Private,291616,Doctorate,16,Married-civ-spouse,Prof-specialty,Husband,Asian-Pac-Islander,Male,0,0,50,United-States,>50K
30,Private,230446,Assoc-voc,11,Married-civ-spouse,Machine-op-inspct,Husband,White,Male,0,2547,50,United-States,<=50K
34,Private,269695,HS-grad,9,Never-married,Protective-serv,Not-in-family,White,Male,0,0,40,United-States,<=50K
36,Private,151056,Bachelors,13,Divorced,Exec-managerial,Not-in-family,White,Male,0,0,45,United-States,>50K
30,Private,135263,Some-college,10,Married-civ-spouse,Handlers-cleaners,Husband,White,Male,0,1840,28,United-States,<=50K
47,Private,93547,9th,5,Married-civ-spouse,Craft-repair,Wife,White,Female,0,0,40,United-States,<=50K
64,Private,107896,Bachelors,13,Married-civ-spouse,Prof-specialty,Husband,Asian-Pac-Islander,Male,0,0,40,United-States,>50K
52,Private,113179,10th,6,Married-civ-spouse,Machine-op-inspct,Wife,White,Female,0,0,40,United-States,<=50K
51,Private,313597,Some-college,10,Married-spouse-absent,Exec-managerial,Own-child,White,Male,0,0,52,United-States,<=50K
31,Private,132893,Some-college,10,Divorced,Exec-managerial,Not-in-family,White,Male,0,0,35,United-States,<=50K
28,Federal-gov,189267,Bachelors,13,Never-married,Other-service,Own-child,White,Male,0,0,38,India,<=50K
24,Federal-gov,99658,Some-college,10,Never-married,Prof-specialty,Own-child,White,Male,0,0,40,United-States,<=50K
32,Private,103886,Some-college,10,Divorced,Other-service,Not-in-family,White,Male,0,1753,30,United-States,<=50K
50,Private,234797,HS-grad,9,Married-civ-spouse,Other-service,Husband,White,Male,0,0,40,United-States,<=50K
53,State-gov,147519,HS-grad,9,Widowed,Other-service,Not-in-family,White,Male,0,0,30,United-States,<=50K
21,Private,219239,HS-grad,9,Never-married,Farming-fishing,Own-child,White,Male,0,0,40,United-States,<=50K
30,Local-gov,216872,Some-college,10,Never-married,Handlers-cleaners,Own-child,White,Male,0,0,40,United-States,<=50K
35,Private,136687,HS-grad,9,Married-spouse-absent,Prof-specialty,Other-relative,White,Male,0,0,50,United-States,<=50K
30,Self-emp-not-inc,197047,11th,7,Married-civ-spouse,Other-service,Husband,Black,Male,0,0,25,United-States,<=50K
53,Private,88636,7th-8th,4,Divorced,Farming-fishing,Not-in-family,White,Male,0,1606,40,United-States,<=50K
35,Private,147225,Bachelors,13,Married-civ-spouse,Prof-specialty,Husband,Asian-Pac-Islander,Male,0,0,40,Dominican-Republic,>50K
28,Private,138102,Bachelors,13,Married-civ-spouse,Sales,Husband,Black,Male,0,2234,35,United-States,>50K
35,Private,311157,HS-grad,9,Married-civ-spouse,Transport-moving,Husband,White,Male,0,0,40,Cuba,<=50K
41,Private,229410,HS-grad,9,Never-married,Craft-repair,Own-child,White,Male,0,0,45,United-States,>50K
55,Private,241084,Assoc-voc,11,Divorced,Craft-repair,Unmarried,Black,Female,0,0,35,United-States,<=50K
48,Federal-gov,435919,5th-6th,3,Married-spouse-absent,Craft-repair,Not-in-family,White,Male,0,0,41,United-States,<=50K
45,Private,130185,Prof-school,15,Married-civ-spouse,Prof-specialty,Husband,White,Male,0,0,45,United-States,>50K
36,Private,328750,Masters,14,Widowed,Adm-clerical,Not-in-family,White,Female,0,0,48,United-States,>50K
52,Federal-gov,239144,Assoc-voc,11,Married-civ-spouse,Craft-repair,Husband,White,Male,0,0,40,United-States,<=50K
26,Local-gov,207918,Some-college,10,Never-married,Other-service,Not-in-family,White,Male,0,0,25,United-States,<=50K
31,Private,171584,Some-college,10,Never-married,Protective-serv,Own-child,White,Male,0,0,50,United-States,<=50K
35,Private,214255,Prof-school,15,Widowed,Sales,Unmarried,Asian-Pac-Islander,Female,0,0,40,United-States,>50K
55,Private,234085,10th,6,Married-spouse-absent,Other-service,Unmarried,White,Male,0,0,40,United-States,<=50K
50,Private,152362,HS-grad,9,Married-civ-spouse,Sales,Wife,White,Female,0,0,40,United-States,<=50K
28,Private,264052,HS-grad,9,Never-married,Farming-fishing,Other-relative,White,Male,10341,0,50,United-States,<=50K
48,Private,325521,Bachelors,13,Divorced,Prof-specialty,Unmarried,White,Male,0,0,40,Portugal,<=50K
39,Private,74032,Masters,14,Married-civ-spouse,Exec-managerial,Husband,White,Male,0,0,60,United-States,<=50K
66,Private,190771,Doctorate,16,Divorced,Prof-specialty,Not-in-family,White,Male,0,0,40,United-States,<=50K
39,Private,116588,Doctorate,16,Widowed,Adm-clerical,Not-in-family,White,Male,0,0,40,United-States,>50K
38,Private,202402,Assoc-acdm,12,Married-spouse-absent,Transport-moving,Own-child,White,Male,0,0,46,United-States,>50K
32,Local-gov,165999,Assoc-voc,11,Married-civ-spouse,Craft-repair,Husband,Asian-Pac-Islander,Male,0,0,48,United-States,>50K
61,Private,428307,Some-college,10,Widowed,Tech-support,Other-relative,White,Male,0,0,40,United-States,<=50K
30,State-gov,77585,Bachelors,13,Separated,Protective-serv,Not-in-family,White,Male,0,0,47,United-States,<=50K
33,Self-emp-inc,274994,Bachelors,13,Married-civ-spouse,Sales,Husband,White,Male,0,0,48,United-States,>50K
64,Private,94540,Bachelors,13,Married-civ-spouse,Prof-specialty,Wife,White,Female,0,2539,40,United-States,<=50K
31,Federal-gov,279265,Prof-school,15,Married-civ-spouse,Exec-managerial,Husband,White,Male,0,0,48,United-States,<=50K
48,Private,120724,HS-grad,9,Married-civ-spouse,Craft-repair,Husband,White,Male,0,0,40,Dominican-Republic,<=50K
27,Private,387848,Assoc-acdm,12,Never-married,Tech-support,Not-in-family,White,Male,0,0,44,India,>50K
62,Private,247271,HS-grad,9,Married-civ-spouse,Craft-repair,Husband,White,Male,0,1654,38,United-States,<=50K
69,Private,141917,HS-grad,9,Married-civ-spouse,Tech-support,Husband,White,Male,0,0,40,United-States,<=50K
21,Private,327592,12th,8,Never-married,Transport-moving,Not-in-family,White,Male,0,0,35,United-States,<=50K
44,State-gov,214123,Masters,14,Married-civ-spouse,Exec-managerial,Wife,White,Female,0,0,35,United-States,<=50K
44,Private,336555,Masters,14,Married-civ-spouse,Prof-specialty,Husband,White,Male,0,0,50,United-States,<=50K
29,Private,144551,HS-grad,9,Divorced,Adm-clerical,Not-in-family,White,Male,4809,0,40,United-States,<=50K
49,Local-gov,73292,Some-college,10,Married-civ-spouse,Craft-repair,Wife,White,Female,0,0,43,England,<=50K
37,Private,111179,Bachelors,13,Married-civ-spouse,Protective-serv,Wife,White,Female,0,0,43,United-States,<=50K
51,Never-worked,117297,Bachelors,13,Married-AF-spouse,Farming-fishing,Husband,White,Male,0,1952,2,Cuba,<=50K
43,Private,204640,HS-grad,9,Married-civ-spouse,Sales,Husband,White,Male,0,0,40,United-States,<=50K
31,Self-emp-not-inc,504967,Assoc-voc,11,Married-civ-spouse,Other-service,Husband,White,Male,0,0,40,United-States,<=50K
24,Private,98857,Bachelors,13,Married-civ-spouse,Prof-specialty,Wife,White,Female,0,0,50,United-States,<=50K
32,Self-emp-not-inc,166506,HS-grad,9,Married-civ-spouse,Handlers-cleaners,Wife,White,Female,0,0,50,United-States,<=50K
61,Private,219836,9th,5,Divorced,Machine-op-inspct,Unmarried,White,Female,0,0,39,India,<=50K
49,Private,252370,Some-college,10,Divorced,Machine-op-inspct,Not-in-family,White,Male,0,0,45,India,<=50K
32,Self-emp-not-inc,99714,Prof-school,15,Married-civ-spouse,Exec-managerial,Husband,Black,Male,0,0,40,United-States,>50K
39,Private,161670,HS-grad,9,Married-spouse-absent,Transport-moving,Not-in-family,White,Male,0,0,55,United-States,>50K
49,Private,173431,Some-college,10,Divorced,Machine-op-inspct,Unmarried,White,Female,0,0,45,United-States,<=50K
44,Private,260240,Some-college,10,Married-civ-spouse,Machine-op-inspct,Husband,White,Male,0,0,40,United-States,<=50K
46,Private,199833,Assoc-acdm,12,Married-civ-spouse,Adm-clerical,Husband,White,Male,0,0,45,United-States,<=50K
66,State-gov,126907,Some-college,10,Widowed,Machine-op-inspct,Unmarried,White,Female,0,0,45,United-States,<=50K
35,Private,71707,HS-grad,9,Never-married,Other-service,Not-in-family,Asian-Pac-Islander,Male,0,0,35,United-States,<=50K
31,Private,428928,HS-grad,9,Separated,Tech-support,Not-in-family,White,Male,0,2081,40,United-States,<=50K
28,Private,127364,Bachelors,13,Married-civ-spouse,Exec-managerial,Husband,White,Male,0,0,40,United-States,<=50K
26,Private,144917,Some-college,10,Married-civ-spouse,Machine-op-inspct,Wife,White,Female,0,0,40,United-States,<=50K
61,Private,331202,7th-8th,4,Married-civ-spouse,Other-service,Husband,White,Male,0,1603,44,United-States,<=50K
37,State-gov,208999,11th,7,Never-married,Craft-repair,Not-in-family,White,Male,0,0,40,United-States,<=50K
25,Self-emp-inc,156841,Bachelors,13,Never-married,Prof-specialty,Own-child,White,Female,0,0,51,United-States,<=50K
39,State-gov,188206,HS-grad,9,Divorced,Sales,Not-in-family,White,Male,5146,0,48,United-States,<=50K
31,Private,420096,HS-grad,9,Married-spouse-absent,Handlers-cleaners,Not-in-family,White,Male,0,0,35,United-States,<=50K
64,Private,206417,Assoc-acdm,12,Divorced,Tech-support,Not-in-family,White,Male,0,0,45,United-States,>50K
31,Private,380911,HS-grad,9,Married-AF-spouse,Protective-serv,Wife,White,Female,0,0,40,Mexico,>50K
46,Private,86195,Bachelors,13,Married-civ-spouse,Prof-specialty,Husband,White,Male,0,0,60,United-States,<=50K
45,Private,354986,Assoc-acdm,12,Married-civ-spouse,Exec-managerial,Husband,White,Male,0,0,38,United-States,>50K
50,Self-emp-inc,164233,Bachelors,13,Married-civ-spouse,Exec-managerial,Husband,Black,Male,0,0,60,United-States,>50K
55,Federal-gov,257830,Bachelors,13,Married-civ-spouse,Prof-specialty,Husband,White,Male,0,1827,40,United-States,<=50K
52,Never-worked,161715,Assoc-acdm,12,Married-civ-spouse,Priv-house-serv,Wife,White,Female,0,0,3,United-States,<=50K
38,Federal-gov,254433,Masters,14,Divorced,Exec-managerial,Not-in-family,White,Female,0,0,50,Mexico,<=50K
38,Private,264019,Some-college,10,Never-married,Other-service,Own-child,White,Male,0,0,40,United-States,<=50K
43,Private,315733,HS-grad,9,Married-civ-spouse,Craft-repair,Husband,White,Male,0,0,45,United-States,>50K
23,Private,145954,HS-grad,9,Never-married,Adm-clerical,Own-child,White,Male,0,0,20,United-States,<=50K
38,Private,319742,HS-grad,9,Widowed,Other-service,Other-relative,White,Male,0,0,40,United-States,<=50K
44,Private,413286,HS-grad,9,Never-married,Farming-fishing,Not-in-family,White,Female,0,0,45,United-States,<=50K
61,Private,194965,HS-grad,9,Separated,Handlers-cleaners,Not-in-family,Black,Male,0,0,40,United-States,<=50K
31,Private,156345,5th-6th,3,Married-civ-spouse,Craft-repair,Husband,White,Male,0,0,50,Puerto-Rico,<=50K
25,Federal-gov,220443,HS-grad,9,Never-married,Exec-managerial,Not-in-family,White,Male,0,0,40,United-States,<=50K
56,Private,128076,7th-8th,4,Divorced,Handlers-cleaners,Not-in-family,Black,Male,0,0,36,United-States,<=50K
49,Private,190992,9th,5,Married-spouse-absent,Farming-fishing,Own-child,White,Male,0,0,40,United-States,<=50K
42,Self-emp-not-inc,149652,HS-grad,9,Married-civ-spouse,Adm-clerical,Husband,White,Male,13431,0,60,United-States,<=50K
58,Private,182412,HS-grad,9,Widowed,Other-service,Unmarried,White,Male,0,0,40,United-States,<=50K
30,Private,172314,HS-grad,9,Divorced,Machine-op-inspct,Not-in-family,White,Female,0,0,40,United-States,<=50K
56,Private,133986,Some-college,10,Married-civ-spouse,Adm-clerical,Wife,White,Female,0,0,48,United-States,<=50K
35,Private,269159,HS-grad,9,Married-civ-spouse,Sales,Husband,White,Male,0,0,40,United-States,>50K
52,Private,158866,Assoc-acdm,12,Married-civ-spouse,Other-service,Husband,White,Male,0,0,50,United-States,<=50K
37,Private,187512,Bachelors,13,Married-civ-spouse,Prof-specialty,Husband,White,Male,0,0,35,United-States,<=50K
33,Private,233486,HS-grad,9,Married-spouse-absent,Machine-op-inspct,Other-relative,Black,Male,0,0,40,United-States,<=50K
36,Self-emp-not-inc,185194,Bachelors,13,Married-civ-spouse,Prof-specialty,Husband,White,Male,0,2270,50,United-States,>50K
52,Private,238195,Assoc-acdm,12,Married-civ-spouse,Sales,Husband,White,Male,0,0,45,United-States,>50K
44,Private,156867,HS-grad,9,Divorced,Exec-managerial,Other-relative,White,Male,0,0,38,Thailand,>50K
57,Private,116247,Bachelors,13,Divorced,Exec-managerial,Not-in-family,White,Male,0,0,35,United-States,<=50K
47,Private,456857,Doctorate,16,Married-civ-spouse,Sales,Husband,White,Male,6980,0,44,United-States,>50K
42,Private,177502,Doctorate,16,Married-civ-spouse,Exec-managerial,Husband,White,Male,0,0,38,United-States,>50K
36,State-gov,146840,Bachelors,13,Married-civ-spouse,Transport-moving,Husband,White,Male,0,0,35,United-States,<=50K
43,Private,309382,HS-grad,9,Never-married,Craft-repair,Not-in-family,White,Male,0,2241,40,United-States,<=50K
46,Private,193786,HS-grad,9,Married-civ-spouse,Transport-moving,Wife,White,Female,0,0,45,United-States,<=50K
44,Private,256358,Bachelors,13,Married-civ-spouse,Tech-support,Husband,White,Male,0,0,20,United-States,>50K
28,Self-emp-inc,133742,Some-college,10,Married-civ-spouse,Craft-repair,Husband,White,Male,0,0,55,United-States,<=50K
32,Local-gov,147208,Bachelors,13,Married-civ-spouse,Exec-managerial,Wife,White,Female,0,0,55,France,>50K
24,Private,287480,HS-grad,9,Married-civ-spouse,Prof-specialty,Wife,White,Female,0,0,50,United-States,<=50K
24,Self-emp-inc,238256,HS-grad,9,Never-married,Handlers-cleaners,Own-child,White,Male,0,0,40,United-States,<=50K
23,Federal-gov,217081,Bachelors,13,Married-civ-spouse,Sales,Wife,White,Female,0,0,44,United-States,<=50K
36,Private,139734,HS-grad,9,Never-married,Sales,Not-in-family,White,Male,0,0,43,United-States,<=50K
55,Private,330124,7th-8th,4,Married-civ-spouse,Machine-op-inspct,Husband,White,Male,0,0,38,United-States,<=50K
30,Self-emp-not-inc,157395,Doctorate,16,Never-married,Prof-specialty,Not-in-family,Black,Male,0,0,43,United-States,<=50K
44,Private,238149,Assoc-acdm,12,Never-married,Transport-moving,Unmarried,White,Male,0,0,38,United-States,<=50K
35,Private,278422,HS-grad,9,Married-civ-spouse,Transport-moving,Husband,White,Male,0,0,35,United-States,<=50K
41,Private,96629,HS-grad,9,Never-married,Machine-op-inspct,Not-in-family,White,Male,0,0,45,United-States,<=50K
34,Private,167541,HS-grad,9,Divorced,Machine-op-inspct,Not-in-family,White,Male,10770,0,45,United-States,<=50K
31,Private,193487,7th-8th,4,Married-civ-spouse,Machine-op-inspct,Husband,White,Male,0,0,41,United-States,<=50K
31,Self-emp-not-inc,367479,Some-college,10,Divorced,Adm-clerical,Unmarried,White,Female,0,0,45,United-States,<=50K
33,Federal-gov,156970,9th,5,Married-civ-spouse,Transport-moving,Husband,White,Male,0,0,45,United-States,<=50K
37,Private,227074,Some-college,10,Married-civ-spouse,Craft-repair,Husband,White,Male,0,0,45,United-States,<=50K
49,Local-gov,140354,Bachelors,13,Married-civ-spouse,Prof-specialty,Wife,White,Female,0,0,45,United-States,>50K
48,Private,224042,Masters,14,Married-civ-spouse,Exec-managerial,Husband,White,Male,0,0,40,United-States,<=50K
45,Self-emp-not-inc,224851,Some-college,10,Married-civ-spouse,Adm-clerical,Husband,White,Male,0,0,35,United-States,<=50K
38,Private,239084,HS-grad,9,Divorced,Exec-managerial,Unmarried,Black,Female,0,0,70,United-States,<=50K
26,Private,215774,Some-college,10,Never-married,Adm-clerical,Unmarried,White,Male,0,0,40,United-States,<=50K
46,State-gov,238683,10th,6,Married-civ-spouse,Machine-op-inspct,Husband,White,Male,2045,0,35,United-States,<=50K
35,Private,203373,Masters,14,Never-married,Prof-specialty,Not-in-family,White,Male,0,0,45,Honduras,>50K
53,Federal-gov,99874,Bachelors,13,Married-AF-spouse,Craft-repair,Husband,White,Male,0,0,40,United-States,<=50K
53,Private,151930,1st-4th,2,Widowed,Handlers-cleaners,Not-in-family,Black,Male,0,0,35,United-States,<=50K
36,Self-emp-not-inc,245718,HS-grad,9,Married-civ-spouse,Tech-support,Husband,White,Male,0,0,40,Philippines,<=50K
50,Private,189734,Some-college,10,Divorced,Exec-managerial,Not-in-family,White,Male,0,0,50,United-States,<=50K
37,Private,221681,Masters,14,Married-civ-spouse,Prof-specialty,Husband,White,Male,0,0,60,United-States,<=50K
45,Private,281595,Doctorate,16,Divorced,Exec-managerial,Own-child,Asian-Pac-Islander,Male,4137,0,50,United-States,>50K
29,Private,106982,Some-college,10,Never-married,Tech-support,Not-in-family,White,Male,0,0,38,United-States,<=50K
37,Private,193372,Some-college,10,Divorced,Prof-specialty,Not-in-family,White,Male,3155,0,40,Jamaica,<=50K
56,Federal-gov,115399,HS-grad,9,Separated,Other-service,Not-in-family,White,Male,0,0,16,United-States,<=50K
22,Self-emp-inc,194096,11th,7,Married-civ-spouse,Other-service,Other-relative,Black,Male,0,0,38,United-States,<=50K
35,Private,167068,Bachelors,13,Divorced,Prof-specialty,Own-child,White,Male,0,0,81,United-States,>50K
43,Private,61160,7th-8th,4,Divorced,Sales,Unmarried,White,Female,0,0,45,India,<=50K
46,Private,152974,HS-grad,9,Married-civ-spouse,Other-service,Husband,White,Male,0,0,42,United-States,<=50K
51,Private,236409,HS-grad,9,Divorced,Machine-op-inspct,Unmarried,White,Male,0,0,44,United-States,<=50K
62,Private,197779,HS-grad,9,Divorced,Prof-specialty,Unmarried,Black,Male,0,0,59,United-States,<=50K
43,Private,155813,HS-grad,9,Widowed,Handlers-cleaners,Unmarried,White,Male,0,0,20,Mexico,<=50K
51,Private,172539,Some-college,10,Married-civ-spouse,Machine-op-inspct,Wife,White,Female,3262,0,40,South,<=50K
48,Private,163111,HS-grad,9,Married-civ-spouse,Craft-repair,Wife,White,Female,0,0,50,United-States,<=50K
61,Private,86622,7th-8th,4,Married-civ-spouse,Machine-op-inspct,Husband,White,Male,0,0,55,United-States,<=50K
44,Private,208000,HS-grad,9,Divorced,Craft-repair,Own-child,White,Female,0,0,52,Hungary,<=50K
45,Private,266242,Some-college,10,Married-civ-spouse,Exec-managerial,Wife,Black,Female,0,0,40,United-States,<=50K
34,Local-gov,185235,Masters,14,Married-civ-spouse,Sales,Husband,White,Male,0,0,40,United-States,>50K
39,State-gov,196328,11th,7,Never-married,Craft-repair,Unmarried,White,Male,0,0,40,United-States,<=50K
24,Self-emp-not-inc,268173,Assoc-voc,11,Never-married,Other-service,Own-child,White,Male,0,0,15,United-States,<=50K
41,Private,113802,Bachelors,13,Married-civ-spouse,Tech-support,Husband,White,Male,0,0,40,El-Salvador,>50K
31,Federal-gov,146502,Bachelors,13,Divorced,Sales,Not-in-family,White,Male,0,0,27,United-States,<=50K
31,State-gov,116382,Some-college,10,Divorced,Other-service,Unmarried,White,Female,0,0,20,United-States,<=50K
26,Private,166311,Bachelors,13,Never-married,Prof-specialty,Other-relative,White,Male,0,0,42,United-States,<=50K
26,Local-gov,322285,Bachelors,13,Never-married,Prof-specialty,Not-in-family,White,Male,0,0,45,United-States,>50K
34,Private,397844,Assoc-acdm,12,Married-civ-spouse,Sales,Wife,White,Female,0,0,35,Cuba,<=50K
30,Private,44188,Bachelors,13,Never-married,Prof-specialty,Unmarried,Asian-Pac-Islander,Female,0,0,48,United-States,<=50K
20,Private,88667,HS-grad,9,Never-married,Prof-specialty,Own-child,White,Male,0,0,50,United-States,<=50K
38,Self-emp-not-inc,265360,7th-8th,4,Widowed,Craft-repair,Not-in-family,White,Female,0,0,30,United-States,<=50K
43,Federal-gov,101716,Assoc-acdm,12,Divorced,Other-service,Not-in-family,Amer-Indian-Eskimo,Male,0,0,30,United-States,<=50K
32,Private,78859,HS-grad,9,Married-civ-spouse,Adm-clerical,Wife,White,Female,0,0,35,United-States,<=50K
68,Private,423099,Doctorate,16,Married-civ-spouse,Prof-specialty,Husband,White,Male,4129,0,35,United-States,>50K
45,Private,133693,Assoc-acdm,12,Divorced,Sales,Own-child,White,Male,0,0,35,United-States,<=50K
57,Self-emp-not-inc,88961,Bachelors,13,Divorced,Prof-specialty,Unmarried,Black,Female,0,0,48,United-States,<=50K
48,Private,162807,Bachelors,13,Married-civ-spouse,Transport-moving,Husband,White,Male,0,0,40,United-States,<=50K
27,Private,247618,Some-college,10,Never-married,Sales,Not-in-family,White,Male,4966,0,60,United-States,>50K
33,Private,479387,Masters,14,Married-civ-spouse,Tech-support,Husband,White,Male,0,0,40,Mexico,<=50K
65,Private,137874,HS-grad,9,Divorced,Exec-managerial,Not-in-family,White,Female,0,0,60,United-States,<=50K
58,Private,411688,Some-college,10,Married-civ-spouse,Transport-moving,Wife,White,Female,0,0,45,United-States,<=50K
33,Local-gov,247039,Bachelors,13,Divorced,Sales,Not-in-family,White,Male,0,0,30,United-States,<=50K
55,Private,360463,Bachelors,13,Divorced,Other-service,Not-in-family,White,Male,0,0,35,United-States,<=50K
30,Private,194284,Assoc-voc,11,Married-AF-spouse,Tech-support,Wife,White,Female,0,0,40,United-States,<=50K
26,Private,172796,Bachelors,13,Never-married,Prof-specialty,Not-in-family,White,Male,4680,0,40,United-States,<=50K
26,Private,162836,Masters,14,Married-civ-spouse,Exec-managerial,Husband,White,Male,0,0,60,United-States,>50K
32,Private,310358,HS-grad,9,Married-civ-spouse,Other-service,Wife,White,Female,0,0,35,United-States,<=50K
30,State-gov,154124,Masters,14,Married-civ-spouse,Exec-managerial,Husband,White,Male,0,2439,40,Philippines,<=50K
24,Private,182642,Some-college,10,Divorced,Adm-clerical,Not-in-family,White,Male,0,0,48,United-States,<=50K
57,Private,369565,Assoc-voc,11,Married-spouse-absent,Machine-op-inspct,Not-in-family,Black,Female,0,0,55,United-States,<=50K
31,Private,96168,Bachelors,13,Married-civ-spouse,Prof-specialty,Husband,White,Male,0,0,44,United-States,>50K
41,Private,75422,Assoc-acdm,12,Divorced,Prof-specialty,Not-in-family,White,Female,0,0,50,Iran,<=50K
21,Private,102191,9th,5,Never-married,Craft-repair,Unmarried,White,Male,0,0,38,United-States,<=50K
26,Self-emp-not-inc,195398,Bachelors,13,Never-married,Exec-managerial,Unmarried,White,Female,0,0,50,United-States,<=50K
33,Federal-gov,177835,Bachelors,13,Divorced,Sales,Not-in-family,White,Male,0,0,50,United-States,>50K
29,Private,100411,12th,8,Married-civ-spouse,Other-service,Husband,White,Male,0,0,25,United-States,<=50K
43,Private,87451,Bachelors,13,Married-civ-spouse,Exec-managerial,Husband,Black,Male,5851,0,48,United-States,>50K
32,Private,212581,Bachelors,13,Married-civ-spouse,Exec-managerial,Wife,White,Female,0,0,60,United-States,>50K
44,Private,191729,Some-college,10,Married-civ-spouse,Adm-clerical,Husband,White,Male,3813,0,48,United-States,>50K
24,State-gov,295553,Some-college,10,Never-married,Exec-managerial,Own-child,White,Male,0,0,50,Mexico,<=50K
55,Private,307893,HS-grad,9,Divorced,Sales,Not-in-family,Other,Male,0,0,40,Mexico,<=50K
41,Private,95721,Assoc-acdm,12,Married-spouse-absent,Machine-op-inspct,Unmarried,White,Female,0,0,40,United-States,<=50K
47,Private,45240,Prof-school,15,Never-married,Prof-specialty,Unmarried,White,Male,0,0,55,United-States,>50K
36,Local-gov,233074,Prof-school,15,Married-civ-spouse,Exec-managerial,Husband,White,Male,0,2259,45,Columbia,>50K
37,Private,225060,Assoc-acdm,12,Separated,Protective-serv,Unmarried,White,Male,0,0,40,United-States,<=50K
20,Self-emp-inc,303202,9th,5,Never-married,Sales,Other-relative,Other,Male,0,0,40,United-States,<=50K
32,Private,385772,HS-grad,9,Married-civ-spouse,Handlers-cleaners,Husband,Black,Male,0,0,41,United-States,<=50K
41,Private,115231,HS-grad,9,Never-married,Prof-specialty,Own-child,White,Male,0,0,40,United-States,<=50K
39,Self-emp-not-inc,347887,Assoc-acdm,12,Divorced,Craft-repair,Not-in-family,White,Male,0,0,55,United-States,<=50K
53,Private,85864,HS-grad,9,Married-civ-spouse,Handlers-cleaners,Wife,Asian-Pac-Islander,Female,0,0,40,United-States,<=50K
30,State-gov,197604,HS-grad,9,Separated,Farming-fishing,Not-in-family,White,Male,0,0,45,Haiti,<=50K
33,Private,248996,Masters,14,Never-married,Protective-serv,Not-in-family,Black,Female,0,2449,38,United-States,<=50K
51,Private,143167,Masters,14,Married-civ-spouse,Exec-managerial,Husband,Asian-Pac-Islander,Male,0,0,50,United-States,>50K
42,Private,104331,Some-college,10,Married-civ-spouse,Adm-clerical,Husband,White,Male,0,0,48,United-States,>50K
41,Private,201834,Masters,14,Never-married,Other-service,Own-child,White,Male,0,0,35,United-States,<=50K
49,Private,204534,HS-grad,9,Married-civ-spouse,Prof-specialty,Husband,Black,Male,0,0,50,Mexico,>50K
30,Private,87709,Doctorate,16,Never-married,Prof-specialty,Unmarried,White,Female,0,0,40,United-States,>50K
28,Private,66627,Bachelors,13,Never-married,Craft-repair,Not-in-family,White,Female,0,0,40,United-States,<=50K
44,Federal-gov,267901,Some-college,10,Divorced,Craft-repair,Unmarried,Asian-Pac-Islander,Male,0,0,40,United-States,<=50K
51,Private,113928,Bachelors,13,Married-civ-spouse,Prof-specialty,Husband,White,Male,0,1349,50,United-States,<=50K
38,Private,94007,HS-grad,9,Married-civ-spouse,Craft-repair,Husband,White,Male,0,0,40,United-States,<=50K
28,Private,476844,Assoc-acdm,12,Married-civ-spouse,Sales,Wife,Black,Female,0,0,40,United-States,>50K
29,State-gov,280531,Some-college,10,Married-civ-spouse,Other-service,Husband,White,Male,0,0,40,United-States,<=50K
37,Self-emp-not-inc,211889,Some-college,10,Married-civ-spouse,Other-service,Husband,White,Male,0,0,30,India,<=50K
31,Private,142149,Bachelors,13,Married-civ-spouse,Exec-managerial,Own-child,Asian-Pac-Islander,Male,14686,0,50,Vietnam,>50K
42,Private,122352,HS-grad,9,Married-spouse-absent,Machine-op-inspct,Own-child,White,Female,0,0,40,United-States,<=50K
41,Federal-gov,180051,Bachelors,13,Divorced,Exec-managerial,Unmarried,White,Male,0,0,55,United-States,<=50K
36,Private,164725,Bachelors,13,Married-civ-spouse,Exec-managerial,Wife,White,Female,0,0,50,United-States,>50K
47,Self-emp-not-inc,168952,Bachelors,13,Married-civ-spouse,Prof-specialty,Husband,Asian-Pac-Islander,Male,0,0,38,Jamaica,>50K
62,Private,184323,1st-4th,2,Widowed,Priv-house-serv,Not-in-family,Asian-Pac-Islander,Male,0,0,35,United-States,<=50K
52,Private,136938,Assoc-acdm,12,Divorced,Machine-op-inspct,Not-in-family,White,Male,0,0,40,United-States,<=50K
37,Private,141550,Masters,14,Widowed,Prof-specialty,Unmarried,White,Male,0,0,48,United-States,<=50K
38,Federal-gov,186203,Some-college,10,Divorced,Machine-op-inspct,Not-in-family,White,Male,0,0,40,United-States,<=50K
49,Private,273447,HS-grad,9,Married-civ-spouse,Sales,Husband,White,Male,0,2447,35,United-States,<=50K
66,Local-gov,355503,Some-college,10,Divorced,Other-service,Own-child,Black,Male,0,0,50,India,<=50K
21,Local-gov,231450,Some-college,10,Never-married,Other-service,Not-in-family,Asian-Pac-Islander,Male,0,0,25,United-States,<=50K
54,Local-gov,102341,Some-college,10,Married-civ-spouse,Adm-clerical,Husband,White,Male,5779,0,43,United-States,<=50K
47,Private,273482,7th-8th,4,Separated,Craft-repair,Not-in-family,White,Male,0,0,50,United-States,<=50K
31,Self-emp-not-inc,180739,Bachelors,13,Married-civ-spouse,Craft-repair,Husband,White,Male,0,0,35,United-States,>50K
45,Local-gov,216976,Bachelors,13,Married-civ-spouse,Exec-managerial,Wife,White,Female,0,0,55,United-States,<=50K
31,State-gov,175706,Masters,14,Married-civ-spouse,Prof-specialty,Wife,White,Female,2021,0,60,United-States,>50K
41,Private,188806,Some-college,10,Divorced,Exec-managerial,Not-in-family,White,Female,0,0,70,United-States,<=50K
26,Federal-gov,206270,HS-grad,9,Never-married,Exec-managerial,Not-in-family,Black,Male,0,0,60,United-States,>50K
48,Private,197000,Some-college,10,Married-civ-spouse,Machine-op-inspct,Husband,White,Male,3843,0,48,United-States,>50K
66,Self-emp-inc,223686,7th-8th,4,Married-spouse-absent,Farming-fishing,Unmarried,White,Male,0,0,38,United-States,<=50K
28,Private,132569,Some-college,10,Never-married,Adm-clerical,Own-child,White,Male,0,0,44,United-States,<=50K
35,State-gov,256304,Some-college,10,Married-civ-spouse,Sales,Wife,White,Female,0,0,45,Philippines,<=50K
64,Private,269535,Some-college,10,Married-civ-spouse,Adm-clerical,Husband,White,Male,0,0,44,Trinadad&Tobago,<=50K
24,Private,217163,Bachelors,13,Never-married,Exec-managerial,Not-in-family,White,Female,0,0,49,Philippines,<=50K
62,Self-emp-not-inc,123561,Masters,14,Married-civ-spouse,Exec-managerial,Husband,White,Male,0,0,38,United-States,>50K
58,Private,346495,Doctorate,16,Divorced,Prof-specialty,Unmarried,White,Male,0,0,40,United-States,>50K
38,Private,142747,Some-college,10,Married-civ-spouse,Prof-specialty,Husband,White,Male,0,0,50,United-States,>50K
21,Private,268278,HS-grad,9,Never-married,Machine-op-inspct,Own-child,White,Female,0,0,35,United-States,<=50K
26,Local-gov,227026,Masters,14,Never-married,Adm-clerical,Not-in-family,White,Male,0,0,43,United-States,<=50K
47,Private,162247,HS-grad,9,Divorced,Handlers-cleaners,Own-child,White,Male,0,0,48,United-States,<=50K
26,Federal-gov,202649,Some-college,10,Divorced,Sales,Not-in-family,White,Male,0,0,40,United-States,<=50K
46,Private,268818,Assoc-acdm,12,Never-married,Adm-clerical,Unmarried,White,Male,0,0,45,United-States,>50K
31,Private,257981,Bachelors,13,Married-civ-spouse,Prof-specialty,Husband,White,Male,0,0,35,United-States,>50K
40,Private,168899,Bachelors,13,Married-civ-spouse,Tech-support,Husband,Asian-Pac-Islander,Male,0,0,45,United-States,<=50K
63,State-gov,113636,Assoc-voc,11,Divorced,Adm-clerical,Unmarried,White,Female,0,0,40,United-States,<=50K
33,Local-gov,149711,Prof-school,15,Divorced,Adm-clerical,Own-child,White,Male,0,0,40,United-States,<=50K
34,Local-gov,160893,Some-college,10,Never-married,Other-service,Other-relative,White,Male,0,0,45,United-States,<=50K
51,Private,110369,HS-grad,9,Married-civ-spouse,Craft-repair,Husband,Black,Male,0,0,40,Dominican-Republic,>50K
43,Private,179627,Masters,14,Divorced,Prof-specialty,Unmarried,Black,Male,0,0,50,United-States,<=50K
41,Private,171904,HS-grad,9,Married-civ-spouse,Adm-clerical,Husband,White,Male,0,0,45,United-States,<=50K
32,Private,69416,Bachelors,13,Never-married,Protective-serv,Other-relative,White,Male,0,0,40,United-States,<=50K
28,Private,221800,Assoc-acdm,12,Married-civ-spouse,Craft-repair,Husband,White,Male,0,0,48,United-States,<=50K
31,Private,279107,Assoc-voc,11,Married-civ-spouse,Other-service,Husband,White,Male,0,0,15,United-States,<=50K
29,Private,170346,Assoc-voc,11,Never-married,Other-service,Not-in-family,White,Male,6164,0,34,El-Salvador,<=50K
73,Private,236531,11th,7,Married-civ-spouse,Other-service,Wife,White,Female,0,0,50,United-States,<=50K
25,Self-emp-not-inc,319907,Assoc-acdm,12,Never-married,Machine-op-inspct,Unmarried,White,Male,0,0,45,United-States,<=50K
48,Private,103124,Assoc-voc,11,Married-civ-spouse,Handlers-cleaners,Husband,White,Male,0,0,48,United-States,<=50K
57,Federal-gov,97151,Assoc-voc,11,Divorced,Sales,Own-child,White,Male,0,1791,35,United-States,<=50K
45,Self-emp-not-inc,79473,HS-grad,9,Never-married,Transport-moving,Own-child,White,Male,0,0,40,United-States,<=50K
57,Private,463076,5th-6th,3,Married-civ-spouse,Other-service,Wife,White,Female,0,0,40,United-States,<=50K
36,Federal-gov,191075,Assoc-voc,11,Divorced,Sales,Own-child,White,Male,0,0,40,United-States,<=50K
18,Private,122174,Some-college,10,Never-married,Prof-specialty,Not-in-family,Asian-Pac-Islander,Male,0,0,40,United-States,<=50K
51,Local-gov,169680,Some-college,10,Married-civ-spouse,Craft-repair,Husband,Black,Male,0,0,50,United-States,>50K
39,Self-emp-not-inc,190111,Some-college,10,Never-married,Farming-fishing,Unmarried,White,Female,0,0,45,United-States,<=50K
44,Private,157011,Bachelors,13,Never-married,Prof-specialty,Not-in-family,Asian-Pac-Islander,Male,0,0,45,Cuba,>50K
43,Private,74620,Bachelors,13,Married-civ-spouse,Exec-managerial,Husband,White,Male,0,0,50,United-States,<=50K
40,Self-emp-not-inc,186085,7th-8th,4,Divorced,Machine-op-inspct,Not-in-family,White,Male,0,0,40,United-States,<=50K
57,Private,127935,Masters,14,Married-civ-spouse,Sales,Wife,Black,Female,0,0,40,United-States,<=50K
46,Private,341902,Bachelors,13,Married-civ-spouse,Protective-serv,Husband,White,Male,0,0,40,United-States,>50K
45,Federal-gov,250750,Bachelors,13,Married-civ-spouse,Tech-support,Husband,White,Male,0,0,55,United-States,>50K
32,Private,113196,Some-college,10,Separated,Craft-repair,Not-in-family,White,Male,0,0,45,United-States,<=50K
69,Private,125059,HS-grad,9,Married-spouse-absent,Craft-repair,Not-in-family,White,Male,0,0,30,United-States,<=50K
30,State-gov,117813,11th,7,Never-married,Transport-moving,Not-in-family,White,Male,0,0,38,United-States,<=50K
53,Private,183240,Bachelors,13,Married-civ-spouse,Craft-repair,Husband,White,Male,0,0,45,United-States,<=50K
54,Private,179788,Assoc-acdm,12,Widowed,Other-service,Other-relative,White,Female,0,0,35,United-States,<=50K
20,Private,326409,12th,8,Never-married,Craft-repair,Own-child,White,Male,0,0,35,United-States,<=50K
36,Federal-gov,170733,Masters,14,Married-civ-spouse,Exec-managerial,Wife,White,Female,0,0,40,United-States,<=50K
54,Private,268066,Doctorate,16,Married-civ-spouse,Exec-managerial,Wife,White,Female,0,0,38,United-States,>50K
50,Private,89476,HS-grad,9,Divorced,Sales,Not-in-family,White,Female,4218,0,40,United-States,<=50K
51,Private,133699,Doctorate,16,Never-married,Protective-serv,Unmarried,Asian-Pac-Islander,Male,0,0,45,United-States,<=50K
33,Self-emp-not-inc,130072,Masters,14,Divorced,Adm-clerical,Not-in-family,White,Male,0,2307,57,United-States,>50K
41,Private,148773,10th,6,Widowed,Handlers-cleaners,Not-in-family,White,Male,0,0,48,United-States,<=50K
30,Federal-gov,393472,Some-college,10,Never-married,Sales,Not-in-family,Black,Female,0,0,40,United-States,<=50K
35,Self-emp-not-inc,152187,7th-8th,4,Married-civ-spouse,Other-service,Husband,White,Male,0,0,40,United-States,<=50K
37,State-gov,156715,HS-grad,9,Married-civ-spouse,Exec-managerial,Wife,White,Female,0,0,45,United-States,>50K
45,Private,290043,Masters,14,Married-civ-spouse,Craft-repair,Other-relative,White,Male,0,0,45,United-States,>50K
27,Private,282823,HS-grad,9,Married-civ-spouse,Adm-clerical,Own-child,White,Male,0,0,53,United-States,<=50K
42,Private,175710,Bachelors,13,Married-civ-spouse,Sales,Husband,White,Male,0,0,35,United-States,<=50K
48,Self-emp-not-inc,103019,HS-grad,9,Married-civ-spouse,Prof-specialty,Husband,Asian-Pac-Islander,Male,0,0,40,Greece,<=50K
24,Self-emp-inc,137873,HS-grad,9,Married-civ-spouse,Other-service,Wife,White,Female,0,0,30,United-States,<=50K
36,Local-gov,186891,Prof-school,15,Divorced,Tech-support,Other-relative,White,Male,0,0,40,United-States,>50K
20,Local-gov,185994,12th,8,Never-married,Transport-moving,Other-relative,White,Male,0,0,48,United-States,<=50K
31,Private,273463,HS-grad,9,Married-civ-spouse,Farming-fishing,Wife,White,Female,0,1618,40,Puerto-Rico,<=50K
40,Private,188833,HS-grad,9,Married-civ-spouse,Handlers-cleaners,Wife,White,Female,0,0,35,United-States,>50K
57,Self-emp-not-inc,123453,HS-grad,9,Separated,Protective-serv,Unmarried,White,Male,0,0,60,United-States,<=50K
37,Private,299262,Masters,14,Never-married,Exec-managerial,Own-child,Black,Male,0,0,60,United-States,<=50K
32,State-gov,142552,Masters,14,Married-civ-spouse,Transport-moving,Husband,White,Male,0,0,40,United-States,<=50K
68,Private,480621,HS-grad,9,Married-civ-spouse,Adm-clerical,Husband,White,Male,0,0,40,United-States,<=50K
43,Private,184650,Doctorate,16,Divorced,Farming-fishing,Not-in-family,Black,Male,0,0,40,United-States,>50K
23,Private,187890,HS-grad,9,Married-civ-spouse,Sales,Wife,White,Female,14304,0,40,United-States,>50K
29,Private,125075,Bachelors,13,Divorced,Adm-clerical,Unmarried,White,Female,0,0,20,United-States,<=50K
60,Private,156605,HS-grad,9,Married-civ-spouse,Handlers-cleaners,Husband,Black,Male,0,0,49,United-States,<=50K
30,Private,325268,Some-college,10,Married-civ-spouse,Adm-clerical,Own-child,White,Male,0,0,40,United-States,<=50K
21,Private,120156,11th,7,Never-married,Other-service,Not-in-family,White,Male,0,0,30,Trinadad&Tobago,<=50K
60,Private,163473,Some-college,10,Married-civ-spouse,Transport-moving,Husband,White,Male,0,0,40,India,<=50K
42,Private,324784,Some-college,10,Married-civ-spouse,Sales,Husband,White,Male,0,0,38,United-States,>50K
28,Private,134362,Some-college,10,Separated,Farming-fishing,Unmarried,Black,Female,0,0,44,Jamaica,>50K
49,Private,201828,Bachelors,13,Married-civ-spouse,Adm-clerical,Husband,Black,Male,0,0,40,United-States,<=50K
21,Private,117727,HS-grad,9,Married-civ-spouse,Craft-repair,Husband,Black,Male,0,0,45,United-States,<=50K
36,Private,84699,Doctorate,16,Married-AF-spouse,Machine-op-inspct,Husband,Black,Male,0,0,38,United-States,<=50K
40,Private,82656,9th,5,Never-married,Machine-op-inspct,Unmarried,Black,Female,0,0,45,United-States,<=50K
56,Private,114755,Assoc-voc,11,Married-civ-spouse,Sales,Husband,White,Male,0,0,40,United-States,<=50K
50,Private,164435,Prof-school,15,Married-civ-spouse,Tech-support,Husband,White,Male,0,0,55,United-States,>50K
36,Private,158576,HS-grad,9,Married-spouse-absent,Exec-managerial,Not-in-family,White,Male,0,0,60,United-States,<=50K
42,Private,361589,Masters,14,Married-civ-spouse,Exec-managerial,Wife,Other,Female,0,0,45,United-States,<=50K
48,Private,93987,HS-grad,9,Married-civ-spouse,Tech-support,Husband,White,Male,0,0,55,United-States,>50K
31,Private,93288,HS-grad,9,Separated,Tech-support,Unmarried,White,Male,0,0,43,India,<=50K
58,Private,266816,Bachelors,13,Widowed,Tech-support,Not-in-family,White,Male,0,0,35,United-States,<=50K
42,Private,90130,Prof-school,15,Married-civ-spouse,Exec-managerial,Wife,Black,Female,0,0,45,United-States,>50K
51,Private,253980,Doctorate,16,Divorced,Sales,Own-child,White,Male,0,0,45,United-States,>50K
32,Private,142059,HS-grad,9,Never-married,Prof-specialty,Not-in-family,White,Male,0,0,50,England,<=50K
22,Private,253740,Assoc-acdm,12,Never-married,Handlers-cleaners,Own-child,White,Male,0,0,40,Trinadad&Tobago,<=50K
29,Private,582989,Assoc-acdm,12,Never-married,Machine-op-inspct,Own-child,White,Male,0,0,40,United-States,<=50K
33,Local-gov,195187,10th,6,Married-civ-spouse,Farming-fishing,Wife,White,Female,0,0,25,United-States,<=50K
53,Private,181039,HS-grad,9,Married-civ-spouse,Adm-clerical,Wife,White,Female,0,0,55,United-States,<=50K
35,Federal-gov,144912,Doctorate,16,Never-married,Prof-specialty,Not-in-family,White,Male,0,0,40,Philippines,>50K
58,Local-gov,97565,Assoc-voc,11,Married-civ-spouse,Machine-op-inspct,Husband,Black,Male,0,0,40,United-States,<=50K
61,Private,95402,HS-grad,9,Married-civ-spouse,Sales,Wife,Black,Female,0,0,38,United-States,<=50K
42,State-gov,85271,Bachelors,13,Married-civ-spouse,Exec-managerial,Husband,White,Male,0,0,50,Philippines,>50K
53,Private,156843,7th-8th,4,Married-civ-spouse,Priv-house-serv,Husband,White,Male,0,0,22,United-States,<=50K
33,Private,102444,10th,6,Married-civ-spouse,Craft-repair,Wife,Black,Female,0,0,50,United-States,<=50K
40,Private,384309,HS-grad,9,Never-married,Machine-op-inspct,Not-in-family,White,Male,0,0,40,United-States,<=50K
33,Self-emp-not-inc,153987,Some-college,10,Separated,Adm-clerical,Unmarried,Black,Male,0,0,50,United-States,<=50K
67,Federal-gov,151889,Some-college,10,Married-civ-spouse,Other-service,Wife,Asian-Pac-Islander,Female,0,0,44,Hong,<=50K
41,Private,132051,Bachelors,13,Never-married,Exec-managerial,Not-in-family,White,Male,0,0,37,United-States,<=50K
43,Self-emp-not-inc,166845,Assoc-voc,11,Married-civ-spouse,Other-service,Wife,White,Female,0,0,30,United-States,<=50K
44,Private,258358,HS-grad,9,Married-civ-spouse,Transport-moving,Wife,Black,Female,0,0,40,United-States,<=50K
36,Private,532655,Assoc-voc,11,Never-married,Prof-specialty,Other-relative,White,Male,0,0,40,United-States,<=50K
65,Federal-gov,210509,HS-grad,9,Married-civ-spouse,Other-service,Own-child,White,Male,0,0,40,Mexico,<=50K
56,Private,123453,HS-grad,9,Married-civ-spouse,Craft-repair,Husband,White,Male,0,0,35,United-States,<=50K
64,Private,285396,HS-grad,9,Married-civ-spouse,Prof-specialty,Husband,White,Male,0,0,50,United-States,<=50K
64,Self-emp-not-inc,117614,HS-grad,9,Married-civ-spouse,Tech-support,Husband,White,Male,0,0,60,United-States,>50K
25,Self-emp-inc,118937,Some-college,10,Married-civ-spouse,Sales,Husband,Black,Male,0,0,50,United-States,<=50K
43,Private,225601,HS-grad,9,Divorced,Craft-repair,Unmarried,White,Male,0,0,40,United-States,<=50K
41,Private,273290,HS-grad,9,Married-civ-spouse,Machine-op-inspct,Husband,White,Male,0,0,35,United-States,>50K
38,Private,253817,Prof-school,15,Divorced,Exec-managerial,Not-in-family,White,Female,0,0,40,United-States,>50K
28,Self-emp-not-inc,283816,HS-grad,9,Divorced,Other-service,Other-relative,White,Male,0,0,35,United-States,<=50K
57,Private,159734,Some-college,10,Never-married,Machine-op-inspct,Other-relative,White,Male,0,2215,40,United-States,>50K
58,Private,264269,HS-grad,9,Married-civ-spouse,Tech-support,Wife,White,Female,0,0,45,United-States,<=50K
59,Private,352664,HS-grad,9,Married-civ-spouse,Craft-repair,Husband,White,Male,0,0,44,Mexico,<=50K
28,Private,220771,Assoc-voc,11,Never-married,Other-service,Own-child,Black,Male,0,0,40,United-States,<=50K
19,Private,297344,9th,5,Never-married,Farming-fishing,Own-child,White,Male,0,0,50,United-States,<=50K
26,Private,238373,Assoc-acdm,12,Never-married,Farming-fishing,Not-in-family,White,Male,0,0,40,Mexico,<=50K
38,Private,81591,Masters,14,Married-civ-spouse,Protective-serv,Husband,White,Male,0,0,40,United-States,>50K
53,State-gov,58717,Masters,14,Married-AF-spouse,Tech-support,Husband,White,Male,0,0,60,United-States,<=50K
61,Private,427315,Masters,14,Married-civ-spouse,Exec-managerial,Husband,White,Male,0,0,50,United-States,<=50K
48,Private,309160,Some-college,10,Married-civ-spouse,Craft-repair,Husband,Black,Male,0,0,30,Puerto-Rico,<=50K
31,Private,94658,HS-grad,9,Married-civ-spouse,Transport-moving,Wife,Black,Female,0,0,45,United-States,<=50K
51,Private,80380,HS-grad,9,Married-civ-spouse,Craft-repair,Husband,White,Male,0,0,48,Poland,<=50K
29,Private,131486,Some-college,10,Married-civ-spouse,Sales,Wife,White,Female,0,1520,48,United-States,<=50K
30,Private,251634,Assoc-voc,11,Married-civ-spouse,Craft-repair,Husband,White,Male,0,0,40,United-States,<=50K
66,Private,216470,Assoc-voc,11,Married-civ-spouse,Adm-clerical,Husband,White,Male,0,0,35,India,<=50K
68,Private,179213,Assoc-acdm,12,Married-civ-spouse,Sales,Husband,Other,Male,0,0,40,United-States,<=50K
70,Private,158465,HS-grad,9,Married-civ-spouse,Machine-op-inspct,Wife,White,Female,0,0,40,United-States,<=50K
50,Private,126870,HS-grad,9,Married-civ-spouse,Other-service,Husband,Other,Male,0,0,15,United-States,<=50K
30,Federal-gov,89867,Bachelors,13,Married-civ-spouse,Prof-specialty,Husband,Black,Male,0,0,80,United-States,>50K
27,Private,204325,Assoc-voc,11,Married-AF-spouse,Other-service,Husband,White,Male,0,0,40,United-States,<=50K
44,Private,181105,9th,5,Married-civ-spouse,Transport-moving,Wife,White,Female,0,1725,45,United-States,<=50K
30,Self-emp-not-inc,103334,11th,7,Never-married,Priv-house-serv,Not-in-family,White,Male,0,0,40,United-States,<=50K
28,Private,252891,Assoc-acdm,12,Never-married,Adm-clerical,Not-in-family,White,Female,0,0,48,United-States,<=50K
32,Private,165315,Bachelors,13,Never-married,Prof-specialty,Unmarried,White,Male,0,0,50,South,<=50K
30,Private,171664,Some-college,10,Never-married,Handlers-cleaners,Not-in-family,White,Female,11931,0,35,United-States,>50K
43,Private,96349,Some-college,10,Separated,Exec-managerial,Not-in-family,White,Male,0,0,44,United-States,<=50K
64,Local-gov,214258,HS-grad,9,Married-civ-spouse,Machine-op-inspct,Wife,White,Female,0,0,41,United-States,<=50K
30,Self-emp-inc,149815,HS-grad,9,Divorced,Craft-repair,Unmarried,White,Female,0,0,60,United-States,<=50K
42,Private,779059,Bachelors,13,Married-AF-spouse,Adm-clerical,Wife,Black,Female,0,0,35,United-States,<=50K
45,Self-emp-not-inc,208963,Masters,14,Married-civ-spouse,Prof-specialty,Husband,White,Male,0,0,50,Mexico,>50K
39,Private,290447,HS-grad,9,Married-civ-spouse,Handlers-cleaners,Wife,White,Female,0,0,48,Italy,>50K
55,Federal-gov,334172,10th,6,Separated,Transport-moving,Not-in-family,White,Male,0,0,40,United-States,<=50K
43,Private,357857,Assoc-acdm,12,Divorced,Prof-specialty,Other-relative,White,Male,0,0,50,United-States,<=50K
26,Private,102564,Bachelors,13,Never-married,Exec-managerial,Own-child,Asian-Pac-Islander,Male,0,0,50,United-States,<=50K
48,Private,205931,Some-college,10,Never-married,Sales,Own-child,White,Male,0,0,48,United-States,<=50K
28,Private,70391,Some-college,10,Never-married,Other-service,Unmarried,Asian-Pac-Islander,Female,0,0,25,India,<=50K
47,Private,104851,HS-grad,9,Divorced,Prof-specialty,Own-child,Black,Male,0,0,50,United-States,>50K
22,Federal-gov,111325,HS-grad,9,Never-married,Other-service,Not-in-family,White,Male,0,0,35,United-States,<=50K
46,Private,131200,Some-college,10,Married-civ-spouse,Other-service,Husband,White,Male,0,0,16,United-States,<=50K
18,Private,238207,Bachelors,13,Never-married,Prof-specialty,Own-child,White,Male,0,0,50,United-States,<=50K
40,Private,360138,HS-grad,9,Married-civ-spouse,Craft-repair,Wife,White,Female,0,0,38,United-States,<=50K
57,State-gov,226104,Assoc-acdm,12,Divorced,Craft-repair,Not-in-family,White,Male,0,0,38,United-States,<=50K
30,Local-gov,179726,Bachelors,13,Married-civ-spouse,Exec-managerial,Wife,Asian-Pac-Islander,Female,0,0,40,United-States,>50K
29,Self-emp-not-inc,117746,Some-college,10,Never-married,Craft-repair,Own-child,White,Female,0,0,40,United-States,<=50K
33,Self-emp-not-inc,66397,Assoc-acdm,12,Married-civ-spouse,Other-service,Husband,White,Male,0,0,15,United-States,<=50K
50,Private,204843,Some-college,10,Married-civ-spouse,Adm-clerical,Husband,White,Male,0,0,40,United-States,>50K
52,State-gov,540164,Bachelors,13,Married-spouse-absent,Transport-moving,Other-relative,White,Female,0,0,35,Jamaica,<=50K
42,Private,184412,Assoc-acdm,12,Divorced,Other-service,Other-relative,White,Male,0,0,40,United-States,<=50K
57,Private,154739,HS-grad,9,Married-civ-spouse,Other-service,Husband,Black,Male,0,0,30,United-States,<=50K
30,Private,123549,HS-grad,9,Never-married,Exec-managerial,Not-in-family,White,Female,0,0,40,United-States,<=50K
50,Private,55337,HS-grad,9,Married-civ-spouse,Exec-managerial,Husband,Black,Male,0,2536,45,United-States,>50K
40,Private,234302,HS-grad,9,Separated,Exec-managerial,Not-in-family,White,Male,0,0,40,United-States,>50K
28,Self-emp-inc,167045,Bachelors,13,Married-civ-spouse,Tech-support,Husband,White,Male,0,0,40,United-States,<=50K
27,Private,185303,Some-college,10,Married-civ-spouse,Sales,Husband,White,Male,0,0,30,Mexico,<=50K
38,Private,251666,HS-grad,9,Married-civ-spouse,Transport-moving,Husband,White,Male,0,0,40,United-States,<=50K
62,Private,181943,Prof-school,15,Married-civ-spouse,Exec-managerial,Own-child,White,Male,0,0,48,United-States,<=50K
28,Private,343494,Prof-school,15,Divorced,Prof-specialty,Unmarried,White,Female,0,0,40,United-States,<=50K
32,Private,510333,Some-college,10,Married-civ-spouse,Sales,Husband,White,Male,0,0,45,Canada,<=50K
39,Private,129994,Masters,14,Married-civ-spouse,Other-service,Husband,White,Male,0,0,35,United-States,<=50K
53,Private,344634,Masters,14,Married-civ-spouse,Prof-specialty,Husband,White,Male,0,0,45,United-States,>50K
47,Private,234325,Some-college,10,Married-civ-spouse,Machine-op-inspct,Husband,White,Male,0,0,50,United-States,<=50K
57,Private,246163,Some-college,10,Never-married,Prof-specialty,Own-child,Black,Male,0,0,50,United-States,<=50K
40,Private,82231,Bachelors,13,Divorced,Adm-clerical,Unmarried,White,Male,0,0,50,United-States,<=50K
43,Federal-gov,154799,HS-grad,9,Married-civ-spouse,Exec-managerial,Husband,White,Male,0,0,48,Mexico,<=50K
34,Private,360632,HS-grad,9,Never-married,Machine-op-inspct,Not-in-family,White,Male,0,0,55,United-States,<=50K
27,Private,179701,Bachelors,13,Married-civ-spouse,Adm-clerical,Husband,Black,Male,0,0,40,United-States,<=50K
52,Federal-gov,242190,Masters,14,Married-civ-spouse,Exec-managerial,Husband,White,Male,0,0,40,United-States,>50K
28,Private,134853,Bachelors,13,Married-civ-spouse,Prof-specialty,Own-child,Black,Male,0,0,55,United-States,<=50K
52,Private,195128,HS-grad,9,Married-civ-spouse,Adm-clerical,Husband,White,Male,0,0,44,United-States,<=50K
24,Private,168923,Some-college,10,Married-civ-spouse,Handlers-cleaners,Husband,White,Male,0,0,40,United-States,<=50K
37,Private,180842,Bachelors,13,Married-civ-spouse,Prof-specialty,Husband,White,Male,0,0,40,Greece,<=50K
50,State-gov,276697,Prof-school,15,Married-civ-spouse,Sales,Husband,Black,Male,0,0,40,United-States,>50K
19,Private,119385,HS-grad,9,Never-married,Farming-fishing,Not-in-family,White,Female,0,0,40,United-States,<=50K
36,Private,144782,HS-grad,9,Married-civ-spouse,Adm-clerical,Husband,White,Male,0,0,39,United-States,<=50K
40,Self-emp-not-inc,110018,9th,5,Married-civ-spouse,Transport-moving,Husband,White,Male,8557,0,64,United-States,<=50K
57,Private,96975,HS-grad,9,Widowed,Other-service,Unmarried,White,Female,0,0,30,Mexico,<=50K
56,Self-emp-not-inc,233276,Masters,14,Married-civ-spouse,Prof-specialty,Wife,White,Female,0,0,40,Puerto-Rico,>50K
38,Private,302602,Some-college,10,Married-civ-spouse,Other-service,Husband,Asian-Pac-Islander,Male,0,0,40,United-States,<=50K
37,State-gov,327619,Some-college,10,Married-civ-spouse,Sales,Husband,Other,Male,0,0,40,United-States,>50K
29,Private,295460,Assoc-voc,11,Married-spouse-absent,Farming-fishing,Unmarried,White,Female,0,0,40,United-States,<=50K
52,Private,121731,Some-college,10,Married-civ-spouse,Machine-op-inspct,Own-child,White,Male,0,0,40,United-States,>50K
61,Private,164575,HS-grad,9,Separated,Farming-fishing,Not-in-family,White,Male,0,0,40,Mexico,<=50K
39,Private,234851,Some-college,10,Never-married,Tech-support,Unmarried,White,Male,0,0,40,United-States,<=50K
54,Private,229813,Assoc-voc,11,Widowed,Tech-support,Not-in-family,White,Male,0,0,40,United-States,<=50K
27,Private,251430,Bachelors,13,Never-married,Prof-specialty,Not-in-family,White,Male,0,0,45,United-States,<=50K
53,Self-emp-not-inc,270888,11th,7,Married-civ-spouse,Craft-repair,Husband,White,Male,0,0,35,United-States,<=50K
32,Private,265786,Some-college,10,Divorced,Craft-repair,Unmarried,White,Male,0,0,40,Mexico,<=50K
57,Private,87261,Some-college,10,Married-AF-spouse,Other-service,Other-relative,White,Male,0,0,40,United-States,<=50K
51,Local-gov,253289,Some-college,10,Separated,Other-service,Own-child,White,Male,0,0,25,United-States,<=50K
47,Self-emp-not-inc,230988,Bachelors,13,Divorced,Prof-specialty,Unmarried,Black,Female,0,0,40,United-States,>50K
54,Private,348005,Bachelors,13,Married-civ-spouse,Other-service,Husband,White,Male,7165,0,16,United-States,>50K
54,Private,213404,HS-grad,9,Married-civ-spouse,Adm-clerical,Husband,White,Male,0,0,25,United-States,<=50K
64,Private,650618,Assoc-voc,11,Married-civ-spouse,Other-service,Wife,Black,Female,0,0,35,United-States,<=50K
52,Private,253003,Bachelors,13,Married-civ-spouse,Prof-specialty,Wife,White,Female,0,0,40,United-States,<=50K
37,Private,130351,Some-college,10,Married-civ-spouse,Handlers-cleaners,Husband,White,Male,0,0,44,Puerto-Rico,<=50K
36,Private,219213,HS-grad,9,Married-civ-spouse,Sales,Other-relative,White,Male,0,0,38,United-States,<=50K
65,Local-gov,233180,5th-6th,3,Divorced,Machine-op-inspct,Unmarried,White,Male,0,0,45,United-States,<=50K
69,Private,209092,Some-college,10,Married-civ-spouse,Sales,Husband,White,Male,0,0,40,United-States,<=50K
37,Private,204587,Some-college,10,Divorced,Sales,Not-in-family,White,Male,0,0,30,United-States,<=50K
42,Private,95361,Masters,14,Married-civ-spouse,Prof-specialty,Husband,Asian-Pac-Islander,Male,0,0,60,United-States,>50K
29,Private,135133,Some-college,10,Never-married,Exec-managerial,Unmarried,White,Male,0,0,80,United-States,<=50K
32,State-gov,409001,Doctorate,16,Never-married,Exec-managerial,Not-in-family,White,Male,0,0,40,United-States,>50K
52,Private,192868,HS-grad,9,Married-spouse-absent,Other-service,Not-in-family,White,Male,0,0,38,United-States,<=50K
58,Private,220948,7th-8th,4,Separated,Other-service,Not-in-family,White,Male,0,0,30,United-States,<=50K
31,Private,249714,Bachelors,13,Married-civ-spouse,Sales,Husband,White,Male,6772,0,40,United-States,<=50K
56,Private,209126,Some-college,10,Married-spouse-absent,Prof-specialty,Unmarried,White,Male,0,0,40,United-States,>50K
55,Private,177084,10th,6,Separated,Machine-op-inspct,Own-child,White,Male,0,0,40,United-States,<=50K
53,Private,190753,HS-grad,9,Married-civ-spouse,Craft-repair,Husband,White,Male,0,0,40,United-States,>50K
38,Private,338873,Masters,14,Divorced,Sales,Own-child,Black,Female,0,1748,30,United-States,>50K
39,Self-emp-not-inc,139109,Bachelors,13,Married-civ-spouse,Exec-managerial,Husband,White,Male,0,0,45,United-States,<=50K
28,Private,274282,9th,5,Married-civ-spouse,Machine-op-inspct,Husband,White,Male,0,0,40,United-States,<=50K
55,Private,354124,Some-college,10,Married-civ-spouse,Exec-managerial,Wife,White,Female,0,0,70,United-States,<=50K
43,State-gov,86848,Bachelors,13,Never-married,Adm-clerical,Not-in-family,White,Male,0,0,40,United-States,<=50K
35,Private,192726,Masters,14,Married-civ-spouse,Other-service,Husband,White,Male,0,0,20,United-States,>50K
29,Private,95323,HS-grad,9,Married-civ-spouse,Prof-specialty,Husband,White,Male,0,0,35,United-States,<=50K
62,Federal-gov,183718,Masters,14,Married-civ-spouse,Prof-specialty,Husband,White,Male,0,0,45,United-States,>50K
43,Self-emp-not-inc,141419,Prof-school,15,Married-civ-spouse,Prof-specialty,Husband,White,Male,0,0,50,United-States,>50K
31,Local-gov,165775,HS-grad,9,Married-AF-spouse,Priv-house-serv,Husband,White,Male,0,0,40,United-States,<=50K
46,Local-gov,102563,HS-grad,9,Married-civ-spouse,Exec-managerial,Husband,Black,Male,0,1380,50,United-States,<=50K
45,State-gov,137880,Bachelors,13,Married-civ-spouse,Exec-managerial,Husband,Black,Male,0,0,55,United-States,<=50K
42,Private,182714,HS-grad,9,Divorced,Farming-fishing,Own-child,White,Male,33738,0,40,United-States,<=50K
62,Private,276656,HS-grad,9,Married-AF-spouse,Prof-specialty,Husband,White,Male,0,0,50,United-States,<=50K
33,Self-emp-not-inc,259583,Bachelors,13,Divorced,Exec-managerial,Own-child,White,Male,0,0,42,United-States,<=50K
50,Private,166021,HS-grad,9,Married-civ-spouse,Protective-serv,Wife,White,Female,0,0,50,United-States,<=50K
49,State-gov,227900,11th,7,Divorced,Transport-moving,Not-in-family,White,Male,0,0,50,United-States,<=50K
50,Federal-gov,137071,Bachelors,13,Married-civ-spouse,Adm-clerical,Wife,White,Female,0,0,40,United-States,<=50K
38,Private,223238,Bachelors,13,Separated,Craft-repair,Not-in-family,White,Male,0,0,38,United-States,<=50K
35,Private,241065,Masters,14,Married-civ-spouse,Exec-managerial,Husband,Black,Male,0,0,55,United-States,>50K
60,Private,323492,HS-grad,9,Divorced,Adm-clerical,Not-in-family,White,Female,0,0,40,United-States,<=50K
47,Private,162568,Bachelors,13,Married-civ-spouse,Exec-managerial,Wife,White,Female,0,0,50,United-States,<=50K
41,Private,80494,Bachelors,13,Never-married,Prof-specialty,Unmarried,White,Male,4754,0,40,United-States,>50K
37,Private,253615,HS-grad,9,Never-married,Sales,Not-in-family,White,Male,0,0,48,United-States,<=50K
28,Private,401378,Doctorate,16,Married-civ-spouse,Exec-managerial,Husband,White,Male,0,0,50,United-States,>50K
34,Private,203046,HS-grad,9,Divorced,Exec-managerial,Not-in-family,White,Male,0,0,50,United-States,<=50K
62,Private,155843,HS-grad,9,Divorced,Craft-repair,Not-in-family,White,Female,0,0,43,United-States,<=50K
44,Private,159486,Some-college,10,Married-civ-spouse,Sales,Wife,White,Female,0,0,45,United-States,<=50K
37,Private,169852,9th,5,Never-married,Machine-op-inspct,Unmarried,White,Female,0,0,44,United-States,<=50K
38,Private,351510,Some-college,10,Married-civ-spouse,Prof-specialty,Husband,White,Male,0,0,55,United-States,>50K
52,Private,488097,Prof-school,15,Married-civ-spouse,Sales,Husband,Amer-Indian-Eskimo,Male,0,0,55,United-States,>50K
56,Self-emp-not-inc,399160,Bachelors,13,Married-civ-spouse,Sales,Husband,White,Male,0,0,45,United-States,>50K
38,Federal-gov,316459,Some-college,10,Married-spouse-absent,Adm-clerical,Not-in-family,White,Male,0,0,40,United-States,<=50K
35,Private,122411,Masters,14,Married-civ-spouse,Tech-support,Husband,White,Male,0,0,60,United-States,<=50K
34,Private,189083,Some-college,10,Married-civ-spouse,Sales,Wife,Asian-Pac-Islander,Female,0,0,40,United-States,<=50K
45,Private,173169,Prof-school,15,Never-married,Protective-serv,Not-in-family,White,Female,0,0,38,United-States,>50K
70,Private,321344,HS-grad,9,Divorced,Farming-fishing,Not-in-family,White,Male,3481,0,45,United-States,<=50K
42,Private,175130,Some-college,10,Married-civ-spouse,Protective-serv,Husband,White,Male,0,0,48,United-States,>50K
59,Private,127808,HS-grad,9,Married-civ-spouse,Machine-op-inspct,Husband,White,Male,0,0,45,United-States,<=50K
44,State-gov,187404,Bachelors,13,Married-civ-spouse,Prof-specialty,Husband,White,Male,0,0,45,Mexico,>50K
37,Private,239806,Some-college,10,Married-civ-spouse,Prof-specialty,Husband,White,Male,0,0,35,Italy,<=50K
21,State-gov,264810,9th,5,Never-married,Transport-moving,Own-child,White,Female,0,0,43,United-States,<=50K
33,Private,250297,Assoc-acdm,12,Married-civ-spouse,Machine-op-inspct,Husband,White,Male,0,0,40,United-States,<=50K
48,Private,304918,HS-grad,9,Divorced,Other-service,Not-in-family,White,Male,0,0,35,United-States,<=50K
33,Private,228960,Bachelors,13,Married-civ-spouse,Exec-managerial,Wife,Black,Female,0,0,38,United-States,<=50K
55,Private,74079,HS-grad,9,Divorced,Machine-op-inspct,Not-in-family,Asian-Pac-Islander,Male,0,0,40,United-States,<=50K
51,Private,96960,Some-college,10,Divorced,Craft-repair,Not-in-family,White,Female,0,0,40,United-States,<=50K
25,Private,134851,HS-grad,9,Married-civ-spouse,Exec-managerial,Wife,White,Female,0,0,45,United-States,>50K
46,Self-emp-inc,108749,Bachelors,13,Married-civ-spouse,Adm-clerical,Husband,Black,Male,0,0,35,United-States,<=50K
54,Self-emp-not-inc,591710,Doctorate,16,Married-civ-spouse,Adm-clerical,Wife,White,Female,2172,0,45,United-States,>50K
42,Private,196572,Some-college,10,Divorced,Adm-clerical,Unmarried,White,Female,3855,0,45,United-States,<=50K
44,Private,249928,HS-grad,9,Married-civ-spouse,Protective-serv,Own-child,White,Male,0,0,45,United-States,<=50K
36,Private,162766,Bachelors,13,Married-civ-spouse,Craft-repair,Husband,White,Male,0,0,50,Mexico,>50K
56,Private,164256,HS-grad,9,Married-civ-spouse,Sales,Wife,White,Female,0,0,25,United-States,>50K
31,Federal-gov,158756,Assoc-acdm,12,Divorced,Tech-support,Not-in-family,White,Male,0,0,40,United-States,>50K
59,Self-emp-not-inc,236645,HS-grad,9,Divorced,Sales,Unmarried,White,Male,0,0,40,United-States,<=50K
52,Federal-gov,238197,HS-grad,9,Separated,Adm-clerical,Own-child,White,Male,0,0,40,England,<=50K
37,Private,194524,11th,7,Married-civ-spouse,Other-service,Wife,White,Female,0,0,16,Hong,<=50K
26,Local-gov,336614,Assoc-voc,11,Never-married,Adm-clerical,Other-relative,White,Male,0,0,35,United-States,<=50K
38,Federal-gov,168996,Some-college,10,Married-civ-spouse,Craft-repair,Husband,White,Male,0,0,48,United-States,>50K
35,Private,491436,Bachelors,13,Married-civ-spouse,Exec-managerial,Husband,White,Male,4604,0,50,United-States,>50K
37,Private,303177,Some-college,10,Divorced,Exec-managerial,Not-in-family,White,Male,0,0,35,United-States,>50K
34,Private,555358,HS-grad,9,Married-civ-spouse,Sales,Husband,White,Male,0,1666,40,United-States,<=50K
39,Private,175389,11th,7,Married-civ-spouse,Machine-op-inspct,Husband,White,Male,0,0,49,United-States,<=50K
29,Private,299514,Some-college,10,Married-civ-spouse,Handlers-cleaners,Wife,White,Female,0,1618,38,United-States,>50K
26,Private,94136,Bachelors,13,Married-civ-spouse,Prof-specialty,Husband,Black,Male,0,0,50,United-States,<=50K
40,Private,145928,Masters,14,Married-civ-spouse,Sales,Husband,White,Male,0,0,49,United-States,<=50K
47,Self-emp-not-inc,196539,HS-grad,9,Divorced,Adm-clerical,Unmarried,White,Female,0,0,60,United-States,<=50K
38,State-gov,149318,Some-college,10,Never-married,Machine-op-inspct,Unmarried,White,Male,0,0,38,Germany,<=50K
48,Private,163149,Bachelors,13,Married-civ-spouse,Exec-managerial,Husband,White,Male,0,0,45,United-States,>50K
34,Private,146098,Some-college,10,Married-civ-spouse,Other-service,Husband,Amer-Indian-Eskimo,Male,0,0,40,United-States,<=50K
59,Self-emp-not-inc,322361,HS-grad,9,Divorced,Machine-op-inspct,Not-in-family,White,Male,0,0,60,United-States,>50K
56,Private,121550,Masters,14,Married-civ-spouse,Craft-repair,Husband,White,Male,0,0,52,United-States,>50K
45,Private,110041,Some-college,10,Married-civ-spouse,Craft-repair,Husband,White,Male,0,0,45,United-States,<=50K
44,Private,159843,Bachelors,13,Married-civ-spouse,Exec-managerial,Husband,White,Male,0,0,40,United-States,>50K
39,Private,150996,10th,6,Divorced,Machine-op-inspct,Unmarried,Black,Male,0,0,42,Japan,<=50K
25,Private,261489,Bachelors,13,Married-civ-spouse,Prof-specialty,Husband,White,Male,0,0,60,United-States,<=50K
35,Private,296204,Bachelors,13,Divorced,Tech-support,Other-relative,White,Male,0,0,40,United-States,<=50K
40,Self-emp-not-inc,175622,Some-college,10,Widowed,Adm-clerical,Other-relative,White,Male,0,0,45,United-States,<=50K
37,Private,173633,HS-grad,9,Never-married,Sales,Not-in-family,White,Male,0,0,40,United-States,<=50K
63,Private,88929,Assoc-acdm,12,Divorced,Prof-specialty,Not-in-family,Black,Female,0,0,50,United-States,>50K
66,Self-emp-not-inc,210144,9th,5,Married-civ-spouse,Farming-fishing,Husband,White,Male,0,0,45,United-States,<=50K
45,Self-emp-not-inc,433795,Some-college,10,Married-civ-spouse,Other-service,Husband,White,Male,0,0,50,United-States,>50K
27,Self-emp-not-inc,323977,HS-grad,9,Never-married,Other-service,Own-child,White,Female,0,0,40,United-States,<=50K
40,Private,205678,Masters,14,Married-civ-spouse,Sales,Husband,White,Male,0,0,55,United-States,>50K
49,Private,566589,11th,7,Married-civ-spouse,Adm-clerical,Wife,Other,Female,0,2442,44,Mexico,<=50K
26,Self-emp-inc,327072,Assoc-acdm,12,Never-married,Handlers-cleaners,Not-in-family,White,Male,0,0,35,United-States,<=50K
73,Private,175632,Assoc-voc,11,Never-married,Machine-op-inspct,Not-in-family,White,Female,0,0,40,United-States,<=50K
71,Private,157098,Masters,14,Divorced,Prof-specialty,Unmarried,White,Female,0,0,50,United-States,<=50K
52,Self-emp-not-inc,309633,Masters,14,Never-married,Prof-specialty,Not-in-family,White,Male,0,0,50,United-States,<=50K
64,Private,183841,Some-college,10,Married-civ-spouse,Other-service,Husband,White,Male,0,0,25,United-States,<=50K
31,Private,218070,Bachelors,13,Divorced,Protective-serv,Own-child,White,Female,0,0,40,England,<=50K
48,Private,208736,Some-college,10,Divorced,Other-service,Other-relative,Black,Male,13772,0,28,United-States,>50K
66,Private,124145,HS-grad,9,Married-spouse-absent,Sales,Not-in-family,Asian-Pac-Islander,Male,0,0,40,United-States,<=50K
50,Federal-gov,211915,HS-grad,9,Married-civ-spouse,Adm-clerical,Husband,White,Male,0,0,38,England,<=50K
28,Private,120628,HS-grad,9,Never-married,Sales,Not-in-family,White,Male,0,0,30,United-States,<=50K
42,Private,107449,Bachelors,13,Married-civ-spouse,Exec-managerial,Husband,Black,Male,4406,0,60,United-States,>50K
30,Private,183920,Some-college,10,Married-civ-spouse,Adm-clerical,Husband,White,Male,0,0,45,United-States,>50K
44,Private,125035,Bachelors,13,Married-civ-spouse,Prof-specialty,Husband,White,Male,0,0,55,United-States,<=50K
34,Private,123734,Doctorate,16,Married-civ-spouse,Exec-managerial,Husband,White,Male,0,0,40,United-States,>50K
70,Private,389240,Bachelors,13,Divorced,Exec-managerial,Own-child,White,Male,0,0,40,Cambodia,<=50K
27,Local-gov,135170,Some-college,10,Never-married,Other-service,Not-in-family,White,Male,0,0,25,United-States,<=50K
31,Private,161408,Assoc-voc,11,Married-civ-spouse,Other-service,Husband,White,Male,0,0,25,United-States,<=50K
52,Self-emp-not-inc,256641,Assoc-acdm,12,Divorced,Other-service,Own-child,White,Male,0,0,45,Philippines,<=50K
50,Private,119819,Masters,14,Married-civ-spouse,Prof-specialty,Husband,White,Male,0,0,71,United-States,<=50K
50,Private,230210,Masters,14,Married-civ-spouse,Prof-specialty,Husband,White,Male,0,0,40,United-States,>50K
27,State-gov,144350,Doctorate,16,Married-civ-spouse,Exec-managerial,Husband,White,Male,0,0,50,Mexico,>50K
44,Private,165552,10th,6,Married-civ-spouse,Other-service,Husband,White,Male,0,0,30,United-States,<=50K
43,Private,64310,Assoc-voc,11,Married-civ-spouse,Adm-clerical,Husband,White,Male,0,1926,35,United-States,<=50K
48,Federal-gov,232346,Prof-school,15,Married-spouse-absent,Prof-specialty,Not-in-family,White,Male,0,0,40,United-States,>50K
32,Private,131781,HS-grad,9,Divorced,Handlers-cleaners,Not-in-family,White,Male,0,0,35,United-States,<=50K
19,Self-emp-not-inc,317805,HS-grad,9,Never-married,Protective-serv,Not-in-family,White,Male,0,0,40,United-States,<=50K
41,Private,318924,10th,6,Married-civ-spouse,Machine-op-inspct,Wife,Black,Female,0,2499,45,United-States,<=50K
36,Private,189876,Bachelors,13,Never-married,Exec-managerial,Own-child,Asian-Pac-Islander,Female,0,0,45,India,<=50K
36,Federal-gov,328559,HS-grad,9,Never-married,Sales,Not-in-family,White,Female,0,0,40,United-States,<=50K
41,Private,207369,Some-college,10,Married-civ-spouse,Sales,Husband,White,Male,4211,0,48,Mexico,<=50K
35,Private,121031,Bachelors,13,Widowed,Exec-managerial,Other-relative,White,Male,0,0,38,United-States,<=50K
64,Local-gov,428948,Some-college,10,Married-civ-spouse,Other-service,Husband,White,Male,3231,0,40,United-States,>50K
32,Private,304866,HS-grad,9,Married-civ-spouse,Craft-repair,Husband,White,Male,0,0,20,United-States,<=50K
43,Private,135420,Prof-school,15,Married-civ-spouse,Exec-managerial,Wife,Asian-Pac-Islander,Female,0,0,48,United-States,>50K
41,Private,257939,Some-college,10,Divorced,Craft-repair,Unmarried,Black,Female,0,0,48,United-States,<=50K
32,State-gov,152175,Masters,14,Married-spouse-absent,Exec-managerial,Not-in-family,White,Male,0,0,50,United-States,<=50K
47,Self-emp-inc,88865,Doctorate,16,Married-civ-spouse,Tech-support,Husband,White,Male,0,0,43,United-States,>50K
22,Private,253227,Assoc-acdm,12,Never-married,Craft-repair,Own-child,White,Male,0,0,38,United-States,<=50K
66,Private,220036,HS-grad,9,Widowed,Adm-clerical,Other-relative,White,Male,0,0,50,United-States,<=50K
27,Private,137693,HS-grad,9,Married-civ-spouse,Transport-moving,Husband,Black,Male,0,0,60,United-States,>50K
24,Private,177963,Some-college,10,Married-civ-spouse,Adm-clerical,Husband,White,Male,4806,0,44,United-States,<=50K
39,Private,242711,Doctorate,16,Separated,Exec-managerial,Own-child,White,Male,0,0,60,United-States,>50K
30,Private,139753,HS-grad,9,Married-spouse-absent,Farming-fishing,Not-in-family,Asian-Pac-Islander,Male,0,0,45,United-States,<=50K
40,Private,334456,HS-grad,9,Married-civ-spouse,Sales,Husband,White,Male,0,2215,48,United-States,<=50K
64,Private,168460,Some-college,10,Married-civ-spouse,Adm-clerical,Husband,White,Male,0,0,40,United-States,<=50K
72,Private,355556,Assoc-voc,11,Widowed,Adm-clerical,Unmarried,Black,Male,0,0,40,United-States,<=50K
51,Private,204484,HS-grad,9,Divorced,Protective-serv,Other-relative,White,Male,0,0,30,United-States,>50K
25,Self-emp-not-inc,382945,HS-grad,9,Married-civ-spouse,Other-service,Wife,White,Female,0,0,40,United-States,<=50K
31,Local-gov,273666,Bachelors,13,Married-civ-spouse,Sales,Husband,White,Male,0,0,40,United-States,<=50K
39,Self-emp-inc,319512,HS-grad,9,Married-civ-spouse,Sales,Husband,White,Male,0,0,45,United-States,<=50K
30,Private,197218,Assoc-voc,11,Never-married,Handlers-cleaners,Own-child,Black,Male,0,0,45,United-States,<=50K
36,Self-emp-inc,177752,HS-grad,9,Married-civ-spouse,Machine-op-inspct,Wife,Black,Female,0,0,48,United-States,<=50K
41,Private,187627,Masters,14,Divorced,Exec-managerial,Not-in-family,Black,Male,0,0,40,Poland,<=50K
35,Private,215807,Bachelors,13,Married-civ-spouse,Transport-moving,Husband,White,Male,0,0,45,Jamaica,<=50K
20,Private,236807,HS-grad,9,Never-married,Adm-clerical,Own-child,White,Female,0,0,40,United-States,<=50K
40,Private,79104,Some-college,10,Married-civ-spouse,Tech-support,Husband,White,Male,0,0,50,United-States,<=50K
44,Private,116010,Some-college,10,Divorced,Transport-moving,Unmarried,White,Male,0,0,35,Dominican-Republic,<=50K
53,Private,111297,9th,5,Married-civ-spouse,Farming-fishing,Husband,Black,Male,34216,0,44,United-States,<=50K
48,Private,163313,Masters,14,Married-civ-spouse,Sales,Husband,White,Male,0,0,48,United-States,>50K
28,Self-emp-not-inc,378148,Some-college,10,Married-civ-spouse,Prof-specialty,Husband,White,Male,0,0,35,United-States,<=50K
48,State-gov,253255,Bachelors,13,Married-civ-spouse,Prof-specialty,Husband,White,Male,0,0,50,United-States,>50K
32,Private,146889,Assoc-voc,11,Married-civ-spouse,Prof-specialty,Husband,White,Male,0,0,50,United-States,<=50K
27,Private,183194,Some-college,10,Married-civ-spouse,Sales,Husband,White,Male,0,0,38,Puerto-Rico,<=50K
40,Private,118431,Assoc-voc,11,Married-civ-spouse,Prof-specialty,Other-relative,White,Male,6645,0,60,United-States,>50K
42,Never-worked,339693,Masters,14,Never-married,Tech-support,Other-relative,Black,Male,0,0,8,Japan,<=50K
59,Private,167994,Masters,14,Married-civ-spouse,Prof-specialty,Husband,White,Male,0,0,60,United-States,<=50K
34,Federal-gov,206289,Some-college,10,Never-married,Other-service,Not-in-family,White,Male,0,0,15,Germany,<=50K
33,Private,457089,Some-college,10,Never-married,Machine-op-inspct,Unmarried,White,Male,0,0,40,United-States,<=50K
38,Federal-gov,186908,Some-college,10,Married-civ-spouse,Other-service,Husband,White,Male,0,0,35,United-States,<=50K
65,State-gov,117344,HS-grad,9,Married-civ-spouse,Craft-repair,Husband,White,Male,0,0,40,United-States,>50K
35,Federal-gov,73411,Some-college,10,Separated,Exec-managerial,Not-in-family,White,Male,0,2077,40,United-States,<=50K
24,Private,352882,Some-college,10,Separated,Adm-clerical,Not-in-family,Other,Male,0,2257,40,United-States,<=50K
45,Private,329098,7th-8th,4,Separated,Other-service,Other-relative,White,Male,0,0,16,Philippines,<=50K
37,Private,92733,HS-grad,9,Married-civ-spouse,Craft-repair,Husband,Asian-Pac-Islander,Male,0,0,45,Italy,>50K
45,Private,98734,Assoc-acdm,12,Never-married,Machine-op-inspct,Not-in-family,White,Male,0,0,50,United-States,<=50K
54,Private,160291,7th-8th,4,Married-spouse-absent,Transport-moving,Not-in-family,Black,Female,0,0,44,United-States,<=50K
27,Private,116186,Bachelors,13,Married-civ-spouse,Sales,Other-relative,White,Male,0,0,40,United-States,<=50K
32,Private,102036,Bachelors,13,Married-civ-spouse,Tech-support,Husband,Black,Male,0,0,31,United-States,>50K
43,Private,354432,HS-grad,9,Married-civ-spouse,Protective-serv,Husband,White,Male,0,0,40,United-States,>50K
34,Private,170048,HS-grad,9,Divorced,Machine-op-inspct,Unmarried,White,Female,0,0,40,United-States,<=50K
55,Federal-gov,192053,HS-grad,9,Widowed,Handlers-cleaners,Unmarried,White,Female,0,0,38,China,<=50K
48,Private,217652,Bachelors,13,Married-civ-spouse,Exec-managerial,Wife,White,Female,0,0,48,United-States,>50K
25,Private,196262,Bachelors,13,Married-civ-spouse,Prof-specialty,Wife,White,Female,0,0,38,United-States,<=50K
57,Private,118108,HS-grad,9,Never-married,Craft-repair,Not-in-family,White,Female,0,0,40,United-States,<=50K
41,Private,327644,Bachelors,13,Separated,Prof-specialty,Not-in-family,White,Male,0,0,40,United-States,<=50K
42,Private,200849,HS-grad,9,Married-civ-spouse,Adm-clerical,Husband,White,Male,0,1971,40,United-States,<=50K
33,Private,69103,Bachelors,13,Married-civ-spouse,Exec-managerial,Wife,White,Female,0,0,50,United-States,<=50K
33,Private,113325,Some-college,10,Married-civ-spouse,Exec-managerial,Husband,White,Male,0,1761,45,United-States,<=50K
68,Local-gov,164894,Doctorate,16,Married-civ-spouse,Exec-managerial,Husband,White,Male,0,0,50,United-States,>50K
48,Private,171085,HS-grad,9,Married-civ-spouse,Craft-repair,Husband,White,Male,0,0,40,United-States,<=50K
46,Private,267888,Assoc-acdm,12,Married-civ-spouse,Other-service,Own-child,White,Male,0,0,25,United-States,<=50K
33,Private,150655,Masters,14,Never-married,Exec-managerial,Own-child,White,Female,0,0,48,United-States,<=50K
29,Private,364644,Some-college,10,Never-married,Sales,Other-relative,White,Female,0,0,38,United-States,<=50K
31,Private,121690,Assoc-voc,11,Married-civ-spouse,Craft-repair,Husband,Black,Male,0,0,44,United-States,<=50K
62,Self-emp-not-inc,184665,HS-grad,9,Married-civ-spouse,Exec-managerial,Husband,White,Male,0,1985,50,United-States,>50K
63,Local-gov,150411,Bachelors,13,Widowed,Tech-support,Not-in-family,White,Male,0,0,50,Cuba,<=50K
54,Private,150352,7th-8th,4,Divorced,Machine-op-inspct,Not-in-family,Black,Male,0,0,40,United-States,>50K
30,Self-emp-inc,446369,Some-college,10,Never-married,Priv-house-serv,Not-in-family,White,Male,0,0,50,Mexico,<=50K
44,Private,222327,HS-grad,9,Married-civ-spouse,Craft-repair,Husband,White,Male,0,0,40,Jamaica,<=50K
38,Local-gov,373464,HS-grad,9,Separated,Sales,Unmarried,White,Female,0,0,40,United-States,<=50K
35,Private,187579,Some-college,10,Never-married,Adm-clerical,Other-relative,White,Female,0,0,49,United-States,<=50K
63,Private,151240,Some-college,10,Married-civ-spouse,Craft-repair,Husband,White,Male,0,0,50,Guatemala,>50K
39,Private,117483,Assoc-acdm,12,Married-spouse-absent,Craft-repair,Other-relative,White,Male,7578,0,40,United-States,>50K
52,Private,57868,Doctorate,16,Married-civ-spouse,Transport-moving,Wife,Black,Female,0,0,50,United-States,>50K
29,Private,117488,Doctorate,16,Married-civ-spouse,Protective-serv,Husband,White,Male,0,0,50,United-States,>50K
35,Private,176132,Doctorate,16,Divorced,Tech-support,Not-in-family,White,Male,0,0,48,Haiti,>50K
36,Private,134894,Bachelors,13,Never-married,Prof-specialty,Own-child,White,Male,0,0,60,United-States,>50K
52,Self-emp-not-inc,216652,Some-college,10,Married-civ-spouse,Transport-moving,Own-child,White,Male,0,0,31,United-States,>50K
34,Private,232411,Doctorate,16,Married-civ-spouse,Prof-specialty,Wife,White,Female,0,0,50,United-States,>50K
36,Private,354679,Bachelors,13,Married-civ-spouse,Prof-specialty,Husband,White,Male,0,0,35,Germany,<=50K
29,Private,238332,Some-college,10,Married-civ-spouse,Craft-repair,Wife,White,Female,0,0,20,United-States,<=50K
45,Private,136474,Some-college,10,Married-civ-spouse,Sales,Husband,White,Male,0,0,40,United-States,<=50K
35,Private,139774,Bachelors,13,Married-civ-spouse,Exec-managerial,Husband,White,Male,0,0,50,United-States,<=50K
52,Private,75955,Prof-school,15,Married-civ-spouse,Exec-managerial,Husband,White,Male,0,0,60,United-States,>50K
50,Federal-gov,378915,Bachelors,13,Married-civ-spouse,Exec-managerial,Husband,White,Male,0,0,50,United-States,>50K
49,Private,267271,HS-grad,9,Married-civ-spouse,Transport-moving,Other-relative,White,Male,0,0,40,United-States,<=50K
37,State-gov,264593,Bachelors,13,Never-married,Exec-managerial,Unmarried,White,Female,0,0,48,United-States,>50K
36,Private,224919,Bachelors,13,Divorced,Craft-repair,Unmarried,White,Male,0,0,48,South,<=50K
44,Private,128760,HS-grad,9,Never-married,Other-service,Unmarried,White,Male,0,0,20,United-States,<=50K
38,Private,272780,Some-college,10,Married-civ-spouse,Sales,Husband,White,Male,0,0,40,United-States,<=50K
47,Federal-gov,146212,Some-college,10,Separated,Machine-op-inspct,Other-relative,White,Female,0,0,40,United-States,<=50K
41,Federal-gov,357026,Bachelors,13,Widowed,Prof-specialty,Other-relative,White,Male,0,0,49,United-States,>50K
38,Self-emp-not-inc,449210,HS-grad,9,Married-civ-spouse,Sales,Husband,Black,Male,0,0,50,United-States,<=50K
38,Private,206117,Assoc-voc,11,Married-civ-spouse,Sales,Husband,White,Male,0,0,50,United-States,>50K
45,Private,197209,HS-grad,9,Divorced,Other-service,Not-in-family,White,Male,0,0,40,United-States,<=50K
25,Federal-gov,182997,Bachelors,13,Never-married,Exec-managerial,Not-in-family,Black,Male,0,2519,60,United-States,<=50K
39,Private,168234,7th-8th,4,Married-civ-spouse,Machine-op-inspct,Husband,Black,Male,0,0,62,United-States,<=50K
33,Private,243946,HS-grad,9,Divorced,Adm-clerical,Own-child,White,Male,3220,0,45,Iran,<=50K
44,Private,91385,Doctorate,16,Divorced,Prof-specialty,Unmarried,White,Male,0,0,40,United-States,>50K
42,Private,165001,Masters,14,Divorced,Protective-serv,Own-child,White,Female,0,0,40,United-States,<=50K
39,Private,388503,Assoc-voc,11,Widowed,Prof-specialty,Own-child,White,Male,0,0,60,United-States,<=50K
31,Federal-gov,216458,11th,7,Married-civ-spouse,Other-service,Husband,White,Male,0,0,35,United-States,<=50K
42,Private,160028,HS-grad,9,Married-civ-spouse,Other-service,Husband,White,Male,0,0,35,United-States,<=50K
50,Private,212354,Bachelors,13,Separated,Prof-specialty,Unmarried,Other,Female,0,0,70,United-States,<=50K
46,Private,97548,Prof-school,15,Married-civ-spouse,Sales,Husband,White,Male,0,0,45,El-Salvador,>50K
31,Private,197760,HS-grad,9,Widowed,Exec-managerial,Other-relative,Other,Male,0,0,55,Guatemala,<=50K
35,Private,294825,Bachelors,13,Married-civ-spouse,Prof-specialty,Wife,Asian-Pac-Islander,Female,0,0,45,Cuba,<=50K
29,Private,111183,Some-college,10,Never-married,Adm-clerical,Own-child,White,Male,0,0,40,United-States,<=50K
61,Local-gov,467832,Assoc-acdm,12,Widowed,Prof-specialty,Not-in-family,White,Male,0,0,35,India,<=50K
47,Private,112050,Bachelors,13,Married-civ-spouse,Tech-support,Husband,White,Male,0,0,40,United-States,<=50K
66,Private,228550,1st-4th,2,Married-civ-spouse,Other-service,Wife,Black,Female,0,0,40,United-States,<=50K
35,Private,130320,HS-grad,9,Married-civ-spouse,Machine-op-inspct,Husband,Amer-Indian-Eskimo,Male,0,2256,52,United-States,<=50K
39,Self-emp-not-inc,236590,Bachelors,13,Divorced,Exec-managerial,Other-relative,White,Male,0,0,35,United-States,<=50K
61,Private,259191,Masters,14,Widowed,Prof-specialty,Unmarried,White,Female,0,0,38,Mexico,<=50K
38,Self-emp-not-inc,343997,Assoc-voc,11,Married-civ-spouse,Sales,Husband,Black,Male,0,0,55,United-States,>50K
29,Private,336987,Bachelors,13,Married-civ-spouse,Sales,Husband,White,Male,0,0,40,United-States,<=50K
30,Private,131798,Assoc-acdm,12,Married-spouse-absent,Other-service,Own-child,White,Male,0,0,26,El-Salvador,<=50K
25,State-gov,246413,Prof-school,15,Married-civ-spouse,Craft-repair,Wife,Black,Female,0,0,50,United-States,>50K
27,Private,132981,Some-college,10,Married-civ-spouse,Protective-serv,Husband,Black,Male,0,0,20,United-States,<=50K
26,Self-emp-not-inc,204920,Bachelors,13,Never-married,Prof-specialty,Not-in-family,Other,Male,0,0,53,Mexico,<=50K
33,Private,264796,Some-college,10,Married-civ-spouse,Transport-moving,Husband,White,Male,0,0,60,United-States,<=50K
56,Self-emp-inc,293820,Some-college,10,Married-civ-spouse,Protective-serv,Wife,White,Female,0,0,40,United-States,>50K
35,Private,232136,11th,7,Divorced,Other-service,Unmarried,White,Female,0,0,40,United-States,<=50K
53,Private,132767,Some-college,10,Widowed,Exec-managerial,Not-in-family,White,Female,0,0,40,United-States,<=50K
37,Private,149302,Some-college,10,Married-civ-spouse,Exec-managerial,Husband,White,Male,0,0,70,United-States,>50K
40,State-gov,385693,HS-grad,9,Divorced,Farming-fishing,Not-in-family,White,Female,0,0,40,United-States,<=50K
30,Private,141753,Prof-school,15,Never-married,Machine-op-inspct,Not-in-family,White,Female,4487,0,40,Italy,<=50K
30,Self-emp-not-inc,211666,Masters,14,Never-married,Exec-managerial,Own-child,White,Male,0,0,55,United-States,<=50K
36,State-gov,482496,Bachelors,13,Married-civ-spouse,Craft-repair,Own-child,White,Male,0,0,45,United-States,>50K
32,Private,236601,Bachelors,13,Married-civ-spouse,Adm-clerical,Husband,White,Male,0,0,50,United-States,>50K
49,Self-emp-not-inc,172697,Assoc-voc,11,Married-civ-spouse,Craft-repair,Husband,White,Male,0,0,35,United-States,<=50K
49,Private,212411,11th,7,Married-civ-spouse,Machine-op-inspct,Wife,White,Female,0,0,48,United-States,<=50K
46,Private,118082,Some-college,10,Married-civ-spouse,Exec-managerial,Husband,White,Male,0,1987,80,United-States,>50K
43,Private,128313,Some-college,10,Widowed,Craft-repair,Not-in-family,White,Male,0,0,45,United-States,>50K
29,Self-emp-inc,266109,Masters,14,Married-civ-spouse,Adm-clerical,Husband,White,Male,0,0,43,United-States,>50K
54,State-gov,148382,Some-college,10,Never-married,Farming-fishing,Unmarried,White,Female,0,0,40,United-States,<=50K
55,Private,303832,9th,5,Divorced,Sales,Unmarried,White,Female,0,0,45,United-States,<=50K
55,Self-emp-not-inc,140687,5th-6th,3,Married-civ-spouse,Machine-op-inspct,Husband,White,Male,0,0,40,United-States,<=50K
49,Private,148879,HS-grad,9,Never-married,Handlers-cleaners,Not-in-family,White,Female,0,0,40,United-States,<=50K
29,Self-emp-not-inc,169612,Bachelors,13,Married-civ-spouse,Transport-moving,Husband,White,Male,0,0,45,United-States,<=50K
64,Private,278351,HS-grad,9,Married-civ-spouse,Craft-repair,Husband,White,Male,0,0,45,United-States,<=50K
55,Private,259797,HS-grad,9,Married-civ-spouse,Handlers-cleaners,Husband,Black,Male,0,0,42,China,<=50K
61,Private,113399,Bachelors,13,Married-civ-spouse,Protective-serv,Wife,White,Female,0,0,40,United-States,>50K
47,Private,114044,Bachelors,13,Married-civ-spouse,Protective-serv,Husband,White,Male,0,0,50,United-States,>50K
30,Federal-gov,129738,HS-grad,9,Married-civ-spouse,Adm-clerical,Husband,White,Male,0,0,40,Philippines,<=50K
39,Private,157297,Bachelors,13,Married-civ-spouse,Exec-managerial,Wife,Black,Female,0,0,60,United-States,<=50K
46,Private,319314,Bachelors,13,Divorced,Exec-managerial,Other-relative,White,Male,0,0,40,United-States,>50K
26,Private,324714,11th,7,Married-civ-spouse,Transport-moving,Husband,White,Male,0,0,40,United-States,<=50K
24,State-gov,274273,Bachelors,13,Married-civ-spouse,Exec-managerial,Husband,Black,Male,0,0,53,United-States,<=50K
35,Private,147198,Some-college,10,Married-civ-spouse,Craft-repair,Wife,Black,Female,0,0,35,United-States,<=50K
39,State-gov,218905,Assoc-acdm,12,Married-civ-spouse,Craft-repair,Other-relative,White,Male,0,0,55,Poland,<=50K
26,Self-emp-not-inc,172861,HS-grad,9,Married-spouse-absent,Adm-clerical,Own-child,White,Male,0,0,72,Puerto-Rico,<=50K
60,Self-emp-not-inc,170209,Doctorate,16,Married-civ-spouse,Sales,Husband,White,Male,0,0,48,United-States,>50K
39,Private,221933,Bachelors,13,Married-civ-spouse,Sales,Wife,White,Female,0,0,50,United-States,<=50K
44,Private,396004,Some-college,10,Divorced,Other-service,Not-in-family,Black,Female,0,0,16,United-States,<=50K
56,State-gov,308270,Assoc-voc,11,Married-civ-spouse,Adm-clerical,Wife,White,Female,6953,0,40,United-States,<=50K
61,Private,91614,Some-college,10,Divorced,Other-service,Other-relative,White,Male,0,0,25,United-States,<=50K
49,Private,124631,HS-grad,9,Married-civ-spouse,Sales,Husband,White,Male,0,0,43,United-States,<=50K
55,Private,171579,Some-college,10,Divorced,Exec-managerial,Unmarried,White,Male,5198,0,44,United-States,<=50K
35,Local-gov,213413,HS-grad,9,Divorced,Prof-specialty,Not-in-family,White,Male,0,0,38,United-States,<=50K
46,Private,210692,Bachelors,13,Divorced,Prof-specialty,Own-child,Black,Male,0,0,60,United-States,<=50K
25,Private,415422,Masters,14,Never-married,Adm-clerical,Other-relative,White,Male,0,0,48,United-States,<=50K
25,Private,372139,Assoc-acdm,12,Never-married,Other-service,Unmarried,White,Male,0,0,25,United-States,<=50K
57,Self-emp-not-inc,62028,Masters,14,Divorced,Prof-specialty,Not-in-family,White,Male,0,0,40,United-States,>50K
60,Private,147675,5th-6th,3,Widowed,Adm-clerical,Own-child,White,Male,0,0,40,United-States,<=50K
33,Private,56601,5th-6th,3,Married-civ-spouse,Machine-op-inspct,Husband,White,Male,0,0,35,United-States,<=50K
34,Private,272676,Some-college,10,Married-civ-spouse,Exec-managerial,Husband,White,Male,0,0,50,United-States,<=50K
30,Private,199064,Doctorate,16,Never-married,Sales,Not-in-family,Black,Female,0,0,40,Mexico,<=50K
31,Private,141364,Masters,14,Married-civ-spouse,Sales,Husband,White,Male,0,1803,45,United-States,>50K
22,Private,215882,Some-college,10,Never-married,Protective-serv,Own-child,White,Male,0,0,38,United-States,<=50K
33,Private,116295,Bachelors,13,Divorced,Prof-specialty,Not-in-family,Black,Male,0,0,45,United-States,<=50K
21,Private,103111,11th,7,Never-married,Machine-op-inspct,Not-in-family,White,Female,0,0,40,United-States,<=50K
38,State-gov,95000,HS-grad,9,Married-civ-spouse,Craft-repair,Husband,White,Male,0,0,45,United-States,<=50K
61,Self-emp-inc,233497,Assoc-voc,11,Married-civ-spouse,Other-service,Husband,Black,Male,0,0,35,Poland,<=50K
41,Private,196966,Bachelors,13,Separated,Exec-managerial,Own-child,White,Female,0,0,45,United-States,<=50K
52,State-gov,170765,Some-college,10,Never-married,Exec-managerial,Unmarried,Black,Male,0,0,45,Poland,<=50K
34,Private,209677,Bachelors,13,Married-civ-spouse,Exec-managerial,Wife,White,Female,0,0,60,United-States,>50K
29,Private,192843,Masters,14,Never-married,Prof-specialty,Not-in-family,White,Male,0,0,50,United-States,<=50K
31,Federal-gov,551132,Doctorate,16,Never-married,Prof-specialty,Not-in-family,White,Male,0,0,40,United-States,<=50K
62,Self-emp-not-inc,231752,HS-grad,9,Married-civ-spouse,Other-service,Wife,Amer-Indian-Eskimo,Female,0,0,40,United-States,<=50K
36,Private,162687,Assoc-voc,11,Divorced,Craft-repair,Own-child,Black,Male,0,0,40,United-States,<=50K
48,Private,304496,HS-grad,9,Never-married,Handlers-cleaners,Unmarried,White,Male,0,0,20,United-States,<=50K
38,Private,279405,11th,7,Married-civ-spouse,Craft-repair,Own-child,White,Male,0,0,30,United-States,<=50K
62,Local-gov,284747,Prof-school,15,Married-civ-spouse,Exec-managerial,Wife,White,Female,0,0,45,United-States,>50K
68,State-gov,220890,Bachelors,13,Widowed,Craft-repair,Unmarried,White,Male,0,0,55,Columbia,<=50K
72,Private,152281,7th-8th,4,Married-AF-spouse,Handlers-cleaners,Husband,White,Male,0,0,45,United-States,<=50K
53,Self-emp-not-inc,295642,Masters,14,Never-married,Exec-managerial,Other-relative,Black,Male,0,0,45,United-States,>50K
21,Private,154446,HS-grad,9,Never-married,Handlers-cleaners,Not-in-family,White,Male,0,0,42,United-States,<=50K
37,Local-gov,197925,HS-grad,9,Divorced,Other-service,Not-in-family,White,Female,0,0,20,United-States,<=50K
38,Self-emp-not-inc,65152,Doctorate,16,Married-civ-spouse,Exec-managerial,Wife,White,Female,0,0,40,United-States,>50K
35,Private,141161,Masters,14,Separated,Prof-specialty,Not-in-family,White,Male,0,0,42,United-States,<=50K
31,Private,176875,HS-grad,9,Married-civ-spouse,Craft-repair,Husband,White,Male,0,0,48,United-States,>50K
50,Private,285471,Some-college,10,Married-civ-spouse,Prof-specialty,Husband,White,Male,0,0,50,United-States,>50K
41,Self-emp-not-inc,160249,7th-8th,4,Never-married,Craft-repair,Not-in-family,White,Male,0,0,40,United-States,<=50K
20,Private,148483,10th,6,Never-married,Other-service,Own-child,White,Male,0,0,40,Mexico,<=50K
64,Private,406817,7th-8th,4,Married-civ-spouse,Handlers-cleaners,Husband,White,Male,0,2222,50,United-States,<=50K
36,Private,173935,9th,5,Married-civ-spouse,Machine-op-inspct,Other-relative,White,Male,0,0,30,United-States,<=50K
22,Private,467059,Some-college,10,Never-married,Transport-moving,Not-in-family,White,Female,0,0,47,Germany,<=50K
33,Private,275915,Bachelors,13,Married-civ-spouse,Prof-specialty,Husband,White,Male,0,0,38,United-States,<=50K
23,Private,232897,HS-grad,9,Never-married,Transport-moving,Own-child,White,Male,0,0,30,United-States,<=50K
50,Private,88814,Some-college,10,Married-civ-spouse,Machine-op-inspct,Husband,White,Male,0,0,35,United-States,<=50K
22,Private,222445,Assoc-acdm,12,Married-civ-spouse,Machine-op-inspct,Husband,Other,Male,0,0,35,India,<=50K
39,Private,328922,Bachelors,13,Married-civ-spouse,Exec-managerial,Husband,White,Male,0,0,60,United-States,<=50K
40,Private,300818,Some-college,10,Married-civ-spouse,Sales,Husband,White,Male,0,0,25,Jamaica,<=50K
30,Private,127533,Some-college,10,Separated,Farming-fishing,Not-in-family,Black,Male,0,0,58,United-States,<=50K
39,Private,713201,HS-grad,9,Married-civ-spouse,Other-service,Husband,Black,Male,0,0,25,United-States,<=50K
39,Self-emp-not-inc,148385,Bachelors,13,Separated,Exec-managerial,Own-child,White,Male,0,0,50,United-States,<=50K
35,Private,171406,Assoc-voc,11,Married-civ-spouse,Exec-managerial,Husband,White,Male,0,0,50,United-States,<=50K
55,Private,58960,HS-grad,9,Married-civ-spouse,Other-service,Husband,White,Male,0,0,15,United-States,<=50K
64,Self-emp-not-inc,169845,Doctorate,16,Divorced,Exec-managerial,Unmarried,White,Female,0,1861,40,United-States,>50K
65,Private,239401,HS-grad,9,Divorced,Craft-repair,Not-in-family,White,Male,0,0,40,United-States,>50K
60,Private,199431,Assoc-voc,11,Divorced,Sales,Own-child,White,Male,0,0,50,United-States,<=50K
35,Private,128982,Some-college,10,Married-spouse-absent,Exec-managerial,Not-in-family,White,Male,0,0,35,United-States,<=50K
35,Private,97663,HS-grad,9,Divorced,Sales,Own-child,White,Male,0,0,40,United-States,<=50K
43,Private,330169,Bachelors,13,Married-civ-spouse,Craft-repair,Wife,White,Female,0,0,48,United-States,>50K
27,Local-gov,114327,Bachelors,13,Never-married,Prof-specialty,Unmarried,White,Male,2383,0,40,United-States,<=50K
48,Private,245872,Assoc-acdm,12,Married-civ-spouse,Exec-managerial,Husband,White,Male,0,0,40,United-States,<=50K
28,Private,145729,Some-college,10,Married-civ-spouse,Handlers-cleaners,Husband,Black,Male,0,0,45,United-States,>50K
43,Private,207251,Doctorate,16,Married-civ-spouse,Exec-managerial,Husband,White,Male,0,0,60,Philippines,>50K
32,Private,297269,Some-college,10,Married-civ-spouse,Tech-support,Husband,White,Male,0,0,40,United-States,<=50K
24,Private,68610,Assoc-voc,11,Never-married,Craft-repair,Own-child,White,Male,0,0,30,United-States,<=50K
58,Private,126448,Prof-school,15,Divorced,Protective-serv,Not-in-family,Black,Female,0,0,40,United-States,>50K
27,Private,164646,HS-grad,9,Never-married,Machine-op-inspct,Own-child,White,Male,3070,0,40,Philippines,<=50K
35,Private,169546,Assoc-voc,11,Never-married,Machine-op-inspct,Unmarried,White,Male,0,0,25,United-States,<=50K
41,Private,188162,Assoc-acdm,12,Never-married,Craft-repair,Not-in-family,White,Male,0,0,40,United-States,<=50K
64,Private,177424,HS-grad,9,Divorced,Other-service,Not-in-family,White,Male,0,0,15,Ireland,<=50K
28,Private,160226,Some-college,10,Never-married,Sales,Not-in-family,White,Female,41195,0,40,United-States,<=50K
26,Private,274143,Masters,14,Separated,Tech-support,Other-relative,White,Male,0,0,38,Haiti,>50K
28,Private,173652,11th,7,Never-married,Sales,Own-child,White,Female,0,0,45,United-States,<=50K
49,Private,124223,11th,7,Divorced,Machine-op-inspct,Unmarried,White,Female,0,1588,40,United-States,<=50K
33,Private,161493,Masters,14,Married-civ-spouse,Exec-managerial,Husband,White,Male,0,0,44,United-States,<=50K
47,Private,180710,HS-grad,9,Divorced,Craft-repair,Own-child,White,Male,0,0,38,United-States,<=50K
51,Private,142074,HS-grad,9,Married-civ-spouse,Adm-clerical,Wife,Black,Female,0,0,43,Cuba,<=50K
63,Private,124509,Bachelors,13,Married-civ-spouse,Prof-specialty,Husband,White,Male,0,0,45,United-States,<=50K
45,Private,205150,7th-8th,4,Divorced,Farming-fishing,Not-in-family,White,Male,0,0,40,United-States,<=50K
39,Private,103313,HS-grad,9,Married-civ-spouse,Craft-repair,Husband,White,Male,0,0,50,United-States,<=50K
42,Self-emp-inc,109406,Masters,14,Married-civ-spouse,Prof-specialty,Husband,White,Male,0,0,50,United-States,<=50K
39,Private,235872,HS-grad,9,Never-married,Exec-managerial,Unmarried,White,Male,0,0,40,United-States,<=50K
60,Private,218639,Assoc-acdm,12,Married-civ-spouse,Exec-managerial,Husband,White,Male,0,0,55,United-States,<=50K
38,Private,199740,Bachelors,13,Married-civ-spouse,Exec-managerial,Wife,Asian-Pac-Islander,Female,0,1376,40,Trinadad&Tobago,<=50K
63,State-gov,364575,Doctorate,16,Married-civ-spouse,Other-service,Wife,White,Female,0,0,40,United-States,<=50K
33,Self-emp-not-inc,138426,Assoc-acdm,12,Divorced,Protective-serv,Unmarried,White,Female,0,0,50,United-States,<=50K
67,Private,213882,HS-grad,9,Married-civ-spouse,Adm-clerical,Husband,White,Male,0,0,52,United-States,<=50K
32,Private,342458,Bachelors,13,Divorced,Prof-specialty,Unmarried,White,Male,0,0,54,United-States,<=50K
37,Private,83294,Masters,14,Married-civ-spouse,Machine-op-inspct,Husband,White,Male,0,0,44,United-States,<=50K
59,Private,143080,Some-college,10,Married-civ-spouse,Adm-clerical,Husband,White,Male,0,0,45,Japan,<=50K
30,Private,292612,HS-grad,9,Never-married,Adm-clerical,Not-in-family,White,Male,0,1999,52,United-States,<=50K
63,Private,222431,Masters,14,Widowed,Exec-managerial,Other-relative,White,Male,0,0,46,United-States,<=50K
38,Private,183415,HS-grad,9,Married-civ-spouse,Exec-managerial,Husband,White,Male,0,0,40,United-States,>50K
55,Private,261257,9th,5,Married-civ-spouse,Machine-op-inspct,Husband,White,Male,0,2270,40,United-States,>50K
41,Private,495969,Bachelors,13,Divorced,Exec-managerial,Not-in-family,White,Male,0,0,35,Trinadad&Tobago,<=50K
40,Private,210324,11th,7,Married-civ-spouse,Sales,Husband,White,Male,0,0,34,United-States,<=50K
57,Local-gov,250355,11th,7,Married-civ-spouse,Machine-op-inspct,Husband,White,Male,0,1685,40,United-States,<=50K
69,Private,360347,7th-8th,4,Married-civ-spouse,Transport-moving,Wife,White,Female,0,0,17,United-States,<=50K
25,Private,178716,Bachelors,13,Married-civ-spouse,Prof-specialty,Husband,White,Male,0,2169,45,United-States,<=50K
34,Private,286677,Bachelors,13,Married-civ-spouse,Adm-clerical,Husband,White,Male,0,0,40,United-States,>50K
62,Private,212113,7th-8th,4,Separated,Transport-moving,Not-in-family,Black,Male,0,0,40,United-States,<=50K
41,State-gov,164383,HS-grad,9,Married-civ-spouse,Craft-repair,Wife,White,Female,0,0,44,United-States,<=50K
34,State-gov,141723,Some-college,10,Widowed,Exec-managerial,Other-relative,White,Female,0,0,40,United-States,<=50K
68,Private,156093,Masters,14,Married-civ-spouse,Adm-clerical,Husband,White,Male,0,0,50,United-States,>50K
37,Private,125874,HS-grad,9,Divorced,Other-service,Not-in-family,White,Male,0,0,25,United-States,<=50K
28,Private,396739,11th,7,Never-married,Other-service,Unmarried,White,Male,0,0,35,United-States,<=50K
29,Private,112815,Some-college,10,Married-civ-spouse,Other-service,Wife,Black,Female,0,1690,40,United-States,<=50K
71,Private,151220,HS-grad,9,Married-civ-spouse,Other-service,Husband,White,Male,0,0,40,United-States,<=50K
59,Private,150495,HS-grad,9,Married-civ-spouse,Prof-specialty,Husband,Amer-Indian-Eskimo,Male,0,0,40,United-States,>50K
32,Local-gov,93391,HS-grad,9,Married-civ-spouse,Adm-clerical,Wife,White,Female,0,0,40,United-States,<=50K
47,Private,226749,Bachelors,13,Married-civ-spouse,Prof-specialty,Husband,White,Male,0,0,40,United-States,<=50K
53,Private,88030,Prof-school,15,Married-civ-spouse,Sales,Husband,White,Male,0,0,40,United-States,>50K
32,Private,254453,HS-grad,9,Divorced,Craft-repair,Not-in-family,Amer-Indian-Eskimo,Male,0,0,40,United-States,<=50K
48,Private,267191,Masters,14,Married-civ-spouse,Sales,Other-relative,White,Male,0,0,49,United-States,<=50K
34,Self-emp-not-inc,378303,Assoc-voc,11,Divorced,Adm-clerical,Not-in-family,White,Male,0,0,35,United-States,<=50K
39,Private,145406,Some-college,10,Married-civ-spouse,Other-service,Wife,White,Female,0,0,40,United-States,<=50K
31,Private,207604,HS-grad,9,Married-civ-spouse,Craft-repair,Own-child,White,Male,0,0,50,United-States,<=50K
34,Private,144877,Some-college,10,Married-civ-spouse,Other-service,Husband,White,Male,0,0,35,United-States,<=50K
32,Private,197142,Assoc-voc,11,Married-civ-spouse,Prof-specialty,Husband,Black,Male,0,0,40,United-States,<=50K
33,Private,302283,5th-6th,3,Married-spouse-absent,Machine-op-inspct,Own-child,White,Female,0,0,48,United-States,<=50K
72,Private,251478,HS-grad,9,Widowed,Other-service,Other-relative,Amer-Indian-Eskimo,Female,0,0,38,United-States,<=50K
33,Private,246438,Doctorate,16,Never-married,Prof-specialty,Not-in-family,Amer-Indian-Eskimo,Male,0,0,60,Canada,>50K
54,Local-gov,159904,HS-grad,9,Never-married,Prof-specialty,Not-in-family,White,Male,0,0,55,United-States,<=50K
35,Local-gov,170687,10th,6,Never-married,Farming-fishing,Not-in-family,White,Male,0,0,35,Philippines,<=50K
24,Private,232187,HS-grad,9,Married-civ-spouse,Machine-op-inspct,Husband,White,Male,0,1633,40,United-States,<=50K
36,Private,120249,Bachelors,13,Married-civ-spouse,Prof-specialty,Wife,Asian-Pac-Islander,Female,0,0,45,United-States,<=50K
46,Private,586025,Bachelors,13,Married-civ-spouse,Machine-op-inspct,Husband,White,Male,0,1696,50,United-States,>50K
42,Private,137247,HS-grad,9,Divorced,Exec-managerial,Not-in-family,Asian-Pac-Islander,Male,0,0,45,United-States,<=50K
39,Private,138125,Masters,14,Married-civ-spouse,Exec-managerial,Husband,White,Male,0,0,40,United-States,<=50K
72,State-gov,212866,HS-grad,9,Widowed,Machine-op-inspct,Unmarried,White,Male,0,0,43,United-States,<=50K
25,Private,264164,HS-grad,9,Married-civ-spouse,Prof-specialty,Husband,White,Male,0,0,48,United-States,>50K
48,Self-emp-not-inc,166986,Bachelors,13,Married-civ-spouse,Prof-specialty,Husband,White,Male,0,0,53,United-States,>50K
53,Private,112557,Assoc-voc,11,Divorced,Prof-specialty,Not-in-family,Asian-Pac-Islander,Male,0,0,40,United-States,>50K
52,Private,68466,Bachelors,13,Married-civ-spouse,Prof-specialty,Husband,Black,Male,0,0,50,Mexico,<=50K
32,Private,252153,9th,5,Married-civ-spouse,Farming-fishing,Husband,White,Male,0,0,40,United-States,<=50K
54,Private,79343,Some-college,10,Married-civ-spouse,Machine-op-inspct,Husband,White,Male,0,0,50,United-States,<=50K
37,Local-gov,202091,Doctorate,16,Married-civ-spouse,Exec-managerial,Wife,White,Female,0,0,40,United-States,>50K
57,Private,207670,7th-8th,4,Divorced,Machine-op-inspct,Not-in-family,Black,Male,0,0,40,United-States,<=50K
57,Private,128508,HS-grad,9,Divorced,Machine-op-inspct,Unmarried,White,Female,0,0,20,United-States,<=50K
26,Self-emp-inc,140222,Bachelors,13,Never-married,Prof-specialty,Other-relative,White,Male,0,0,50,United-States,<=50K
40,Private,206843,Masters,14,Married-civ-spouse,Prof-specialty,Husband,White,Male,0,0,40,United-States,>50K
51,Self-emp-not-inc,243976,Bachelors,13,Married-civ-spouse,Craft-repair,Wife,White,Female,0,0,48,United-States,>50K
29,Private,81885,Assoc-acdm,12,Married-civ-spouse,Sales,Wife,Asian-Pac-Islander,Female,0,0,38,Honduras,<=50K
51,Private,182517,Doctorate,16,Married-civ-spouse,Exec-managerial,Husband,White,Male,0,0,54,United-States,>50K
46,Private,136893,Prof-school,15,Married-civ-spouse,Sales,Husband,White,Male,0,0,40,United-States,>50K
25,Federal-gov,238805,Bachelors,13,Never-married,Adm-clerical,Own-child,White,Male,0,0,30,United-States,<=50K
37,Private,219779,Some-college,10,Married-civ-spouse,Machine-op-inspct,Husband,Black,Male,0,0,40,United-States,<=50K
37,Local-gov,191650,Assoc-voc,11,Divorced,Handlers-cleaners,Not-in-family,White,Male,0,0,40,United-States,<=50K
34,Private,401124,7th-8th,4,Married-civ-spouse,Handlers-cleaners,Husband,White,Male,0,0,40,United-States,<=50K
28,Private,229440,HS-grad,9,Married-civ-spouse,Other-service,Husband,White,Male,0,0,20,United-States,<=50K
37,Private,156401,Masters,14,Married-civ-spouse,Prof-specialty,Husband,White,Male,0,0,45,United-States,<=50K
43,Private,112544,HS-grad,9,Married-civ-spouse,Protective-serv,Husband,White,Male,0,0,40,United-States,>50K
22,Private,246429,Assoc-voc,11,Never-married,Adm-clerical,Own-child,White,Male,0,0,40,United-States,<=50K
31,Private,78591,Bachelors,13,Married-civ-spouse,Prof-specialty,Wife,White,Female,0,0,45,United-States,>50K
29,Private,282098,Bachelors,13,Never-married,Protective-serv,Unmarried,White,Female,0,0,35,United-States,<=50K
29,Federal-gov,77383,Assoc-acdm,12,Never-married,Priv-house-serv,Not-in-family,White,Female,0,1818,30,United-States,<=50K
55,Private,116373,Some-college,10,Married-civ-spouse,Adm-clerical,Husband,White,Male,0,0,45,United-States,>50K
29,Private,147352,Assoc-acdm,12,Never-married,Other-service,Own-child,White,Female,0,0,39,United-States,<=50K
47,Private,145168,HS-grad,9,Widowed,Sales,Unmarried,White,Male,0,0,40,United-States,<=50K
60,State-gov,448940,Bachelors,13,Married-civ-spouse,Prof-specialty,Husband,Black,Male,0,0,50,United-States,>50K
49,Private,110455,Some-college,10,Widowed,Transport-moving,Unmarried,White,Male,0,0,40,United-States,<=50K
37,Federal-gov,166816,Bachelors,13,Married-civ-spouse,Exec-managerial,Husband,White,Male,0,2398,35,United-States,>50K
46,Private,194146,Prof-school,15,Married-civ-spouse,Exec-managerial,Husband,Black,Male,0,0,40,United-States,>50K
23,Federal-gov,339198,Bachelors,13,Never-married,Exec-managerial,Own-child,White,Male,0,0,38,United-States,<=50K
64,Private,155422,Bachelors,13,Divorced,Adm-clerical,Unmarried,White,Female,0,0,48,United-States,>50K
34,Private,133914,Some-college,10,Married-civ-spouse,Adm-clerical,Wife,White,Female,0,0,47,Mexico,<=50K
41,Private,89236,9th,5,Married-civ-spouse,Farming-fishing,Husband,Black,Male,0,0,40,United-States,<=50K
31,Self-emp-not-inc,167753,Some-college,10,Married-civ-spouse,Sales,Wife,White,Female,0,0,20,United-States,<=50K
38,Private,211058,HS-grad,9,Married-civ-spouse,Machine-op-inspct,Husband,White,Male,4286,0,40,United-States,>50K
38,Private,156631,Doctorate,16,Separated,Adm-clerical,Own-child,White,Female,0,0,40,United-States,<=50K
68,Private,210752,Masters,14,Married-spouse-absent,Prof-specialty,Not-in-family,White,Male,0,0,40,Mexico,<=50K
47,Federal-gov,141793,HS-grad,9,Married-civ-spouse,Transport-moving,Husband,White,Male,0,0,38,United-States,<=50K
64,Private,183175,HS-grad,9,Married-AF-spouse,Sales,Husband,White,Male,0,0,50,Germany,<=50K
30,Private,171489,Some-college,10,Divorced,Other-service,Not-in-family,White,Male,0,0,16,Cuba,<=50K
30,Private,339839,Bachelors,13,Divorced,Exec-managerial,Own-child,White,Female,0,0,40,United-States,>50K
43,Private,245841,HS-grad,9,Never-married,Transport-moving,Not-in-family,White,Male,0,0,35,United-States,<=50K
49,Private,118609,Some-college,10,Divorced,Exec-managerial,Unmarried,White,Female,0,0,60,United-States,>50K
32,Private,445463,Masters,14,Married-civ-spouse,Transport-moving,Husband,White,Male,0,0,40,United-States,<=50K
70,Federal-gov,218234,11th,7,Married-civ-spouse,Other-service,Husband,White,Male,0,0,40,United-States,>50K
33,Private,174969,Assoc-voc,11,Divorced,Tech-support,Other-relative,White,Male,0,0,45,United-States,<=50K
29,Private,153204,Bachelors,13,Never-married,Other-service,Own-child,White,Female,0,0,35,Greece,<=50K
36,State-gov,67719,Some-college,10,Married-civ-spouse,Craft-repair,Wife,Black,Female,0,0,40,United-States,<=50K
19,Private,112241,HS-grad,9,Never-married,Handlers-cleaners,Own-child,White,Female,0,0,38,United-States,<=50K
57,Local-gov,131440,Bachelors,13,Separated,Prof-specialty,Not-in-family,Black,Male,0,0,45,United-States,<=50K
47,Federal-gov,149880,Bachelors,13,Divorced,Prof-specialty,Not-in-family,White,Male,0,0,37,United-States,<=50K
32,Private,96537,Some-college,10,Separated,Handlers-cleaners,Own-child,White,Male,0,0,40,United-States,<=50K
51,Private,110141,Some-college,10,Married-civ-spouse,Exec-managerial,Husband,Asian-Pac-Islander,Male,0,0,50,United-States,<=50K
32,Local-gov,110290,Some-college,10,Married-civ-spouse,Exec-managerial,Husband,White,Male,0,0,70,United-States,>50K
37,Federal-gov,285645,HS-grad,9,Divorced,Exec-managerial,Unmarried,White,Female,0,0,50,United-States,>50K
49,Self-emp-not-inc,65824,Some-college,10,Married-civ-spouse,Sales,Husband,White,Male,0,0,40,United-States,>50K
36,State-gov,214364,Doctorate,16,Married-civ-spouse,Prof-specialty,Husband,White,Male,0,0,55,India,>50K
51,Local-gov,198219,HS-grad,9,Married-civ-spouse,Farming-fishing,Husband,White,Male,0,0,45,United-States,>50K
41,Private,289434,Some-college,10,Never-married,Adm-clerical,Other-relative,White,Female,0,0,40,Mexico,<=50K
44,Private,221093,Assoc-voc,11,Married-civ-spouse,Other-service,Husband,White,Male,0,0,20,United-States,<=50K
40,Private,201734,HS-grad,9,Married-civ-spouse,Adm-clerical,Wife,White,Female,0,0,38,United-States,<=50K
48,Private,99421,Masters,14,Married-civ-spouse,Farming-fishing,Husband,White,Male,0,2602,40,United-States,<=50K
39,Private,149386,HS-grad,9,Married-civ-spouse,Adm-clerical,Husband,White,Male,0,0,45,United-States,>50K
55,Private,120770,5th-6th,3,Divorced,Priv-house-serv,Not-in-family,Black,Male,0,0,40,Mexico,<=50K
57,Private,253002,Masters,14,Married-civ-spouse,Prof-specialty,Wife,Other,Female,0,1981,35,United-States,>50K
57,Self-emp-not-inc,141742,HS-grad,9,Married-civ-spouse,Sales,Husband,White,Male,4200,0,45,United-States,<=50K
43,Private,254256,Prof-school,15,Married-civ-spouse,Tech-support,Husband,White,Male,0,0,30,United-States,<=50K
68,Private,162772,9th,5,Widowed,Sales,Other-relative,White,Male,0,0,40,United-States,<=50K
32,Federal-gov,135604,Bachelors,13,Married-civ-spouse,Sales,Wife,White,Female,0,0,55,United-States,<=50K
45,Private,268222,Some-college,10,Married-civ-spouse,Prof-specialty,Husband,White,Male,0,2303,38,United-States,<=50K
48,State-gov,87872,Assoc-acdm,12,Married-civ-spouse,Handlers-cleaners,Husband,White,Male,0,0,40,United-States,<=50K
51,State-gov,132707,Some-college,10,Never-married,Other-service,Not-in-family,White,Female,0,0,40,United-States,<=50K
51,Private,385083,HS-grad,9,Married-civ-spouse,Sales,Husband,White,Male,4795,0,44,United-States,<=50K
40,Self-emp-inc,597157,Assoc-acdm,12,Married-civ-spouse,Other-service,Husband,White,Male,0,0,45,United-States,<=50K
36,Local-gov,218511,Masters,14,Divorced,Craft-repair,Unmarried,White,Female,0,0,40,United-States,<=50K
20,Private,219179,9th,5,Divorced,Craft-repair,Not-in-family,White,Male,0,2219,45,United-States,>50K
38,Private,81172,Some-college,10,Married-civ-spouse,Transport-moving,Wife,White,Female,0,0,50,United-States,>50K
31,Private,118137,Assoc-acdm,12,Divorced,Exec-managerial,Unmarried,White,Female,0,0,60,United-States,>50K
31,Federal-gov,151765,Bachelors,13,Married-civ-spouse,Exec-managerial,Wife,White,Female,0,0,48,United-States,<=50K
34,Private,180199,Bachelors,13,Married-civ-spouse,Prof-specialty,Wife,White,Female,0,0,50,United-States,>50K
65,Self-emp-not-inc,80241,Some-college,10,Divorced,Other-service,Unmarried,White,Male,0,0,25,United-States,<=50K
44,Private,183680,HS-grad,9,Married-civ-spouse,Other-service,Husband,White,Male,0,0,25,United-States,<=50K
49,Federal-gov,145514,Bachelors,13,Married-civ-spouse,Other-service,Husband,White,Male,0,0,16,United-States,<=50K
24,Private,368620,Some-college,10,Married-civ-spouse,Prof-specialty,Husband,White,Male,0,0,55,United-States,>50K
22,Private,110939,HS-grad,9,Never-married,Craft-repair,Own-child,White,Female,0,0,39,United-States,<=50K
47,Private,184248,HS-grad,9,Married-civ-spouse,Transport-moving,Husband,White,Male,0,0,37,Jamaica,<=50K
45,Private,136660,Bachelors,13,Divorced,Prof-specialty,Unmarried,White,Female,0,0,40,United-States,<=50K
47,Federal-gov,442022,10th,6,Never-married,Handlers-cleaners,Unmarried,White,Male,0,0,40,United-States,<=50K
44,Private,136540,HS-grad,9,Married-civ-spouse,Other-service,Wife,White,Female,0,0,45,United-States,<=50K
32,Self-emp-not-inc,143185,HS-grad,9,Never-married,Machine-op-inspct,Unmarried,Asian-Pac-Islander,Male,0,0,60,United-States,<=50K
52,Private,263154,Some-college,10,Married-civ-spouse,Transport-moving,Husband,Black,Male,0,0,40,United-States,<=50K
50,Private,209259,Some-college,10,Married-civ-spouse,Adm-clerical,Wife,White,Female,0,0,45,United-States,<=50K
45,Private,65129,5th-6th,3,Divorced,Other-service,Unmarried,White,Female,0,0,16,United-States,<=50K
38,State-gov,287117,HS-grad,9,Married-civ-spouse,Sales,Wife,White,Female,0,0,48,United-States,<=50K
38,Private,160116,HS-grad,9,Divorced,Craft-repair,Not-in-family,Black,Male,0,0,45,United-States,<=50K
37,Private,213631,HS-grad,9,Married-civ-spouse,Craft-repair,Wife,White,Female,0,0,50,United-States,>50K
31,Self-emp-inc,274271,HS-grad,9,Married-spouse-absent,Machine-op-inspct,Unmarried,White,Male,0,0,45,United-States,<=50K
43,Private,218431,9th,5,Widowed,Farming-fishing,Other-relative,White,Male,0,0,45,United-States,<=50K
35,Private,254963,HS-grad,9,Never-married,Handlers-cleaners,Own-child,Black,Male,0,0,35,United-States,<=50K
44,Private,215693,Bachelors,13,Divorced,Tech-support,Own-child,White,Female,8698,0,44,United-States,>50K
37,Private,164396,Bachelors,13,Divorced,Prof-specialty,Not-in-family,White,Male,0,0,38,United-States,>50K
24,Private,245435,HS-grad,9,Divorced,Handlers-cleaners,Not-in-family,White,Male,0,0,40,United-States,<=50K
46,Local-gov,58313,HS-grad,9,Married-civ-spouse,Handlers-cleaners,Husband,White,Male,0,0,40,United-States,<=50K
44,Private,361756,Masters,14,Divorced,Prof-specialty,Not-in-family,Black,Male,0,0,40,United-States,>50K
26,Private,71832,Bachelors,13,Married-civ-spouse,Protective-serv,Wife,White,Female,0,0,40,United-States,>50K
37,Private,186403,Some-college,10,Married-civ-spouse,Sales,Husband,White,Male,0,0,40,United-States,>50K
31,Private,224152,Bachelors,13,Never-married,Prof-specialty,Other-relative,White,Male,0,0,41,England,<=50K
25,Private,348898,Bachelors,13,Married-civ-spouse,Prof-specialty,Other-relative,Asian-Pac-Islander,Male,0,0,35,United-States,>50K
29,Federal-gov,159116,Assoc-acdm,12,Separated,Machine-op-inspct,Not-in-family,White,Male,0,0,40,United-States,<=50K
69,Federal-gov,143825,5th-6th,3,Married-civ-spouse,Machine-op-inspct,Husband,White,Male,0,1949,40,United-States,<=50K
36,Private,337421,Some-college,10,Never-married,Prof-specialty,Not-in-family,White,Male,0,0,40,United-States,<=50K
31,Private,264214,Assoc-voc,11,Divorced,Sales,Not-in-family,White,Female,0,0,43,United-States,<=50K
31,Private,186168,Bachelors,13,Married-civ-spouse,Protective-serv,Husband,Black,Male,0,0,38,United-States,<=50K
22,Private,256787,HS-grad,9,Married-civ-spouse,Tech-support,Wife,White,Female,0,0,35,United-States,<=50K
47,Federal-gov,280384,HS-grad,9,Married-civ-spouse,Exec-managerial,Wife,White,Female,0,0,45,United-States,<=50K
38,Private,257875,Some-college,10,Married-civ-spouse,Exec-managerial,Husband,White,Male,0,0,50,United-States,<=50K
49,Private,280698,11th,7,Divorced,Handlers-cleaners,Unmarried,White,Female,0,0,40,United-States,<=50K
40,Private,354339,Some-college,10,Divorced,Priv-house-serv,Not-in-family,White,Female,0,0,40,Honduras,<=50K
43,Private,128000,HS-grad,9,Never-married,Other-service,Not-in-family,White,Male,0,0,35,United-States,<=50K
34,Private,167473,HS-grad,9,Married-civ-spouse,Sales,Wife,Black,Female,0,0,35,United-States,<=50K
47,Private,149396,HS-grad,9,Married-civ-spouse,Other-service,Husband,White,Male,0,0,40,United-States,<=50K
50,Private,255676,Masters,14,Married-civ-spouse,Prof-specialty,Husband,White,Male,0,0,45,United-States,>50K
34,Private,213946,9th,5,Widowed,Transport-moving,Unmarried,White,Male,0,0,20,Peru,<=50K
45,Private,203006,Some-college,10,Married-civ-spouse,Adm-clerical,Wife,Amer-Indian-Eskimo,Female,0,0,60,United-States,>50K
38,Private,152572,Some-college,10,Married-civ-spouse,Other-service,Husband,White,Male,0,0,35,Mexico,<=50K
17,Private,273275,5th-6th,3,Never-married,Handlers-cleaners,Own-child,White,Male,0,0,40,United-States,<=50K
57,Private,371440,Bachelors,13,Married-civ-spouse,Adm-clerical,Husband,Black,Male,0,0,40,United-States,<=50K
41,Private,139403,Some-college,10,Married-spouse-absent,Craft-repair,Not-in-family,White,Female,0,0,40,United-States,<=50K
34,Private,178501,Some-college,10,Divorced,Adm-clerical,Not-in-family,White,Male,0,0,40,United-States,<=50K
25,Private,279331,HS-grad,9,Never-married,Craft-repair,Own-child,Black,Male,0,0,40,United-States,<=50K
46,Private,607529,Bachelors,13,Married-civ-spouse,Prof-specialty,Husband,White,Male,0,0,40,United-States,<=50K
26,Private,258396,Assoc-voc,11,Married-civ-spouse,Machine-op-inspct,Husband,White,Male,0,0,48,United-States,<=50K
36,Private,284322,Bachelors,13,Married-civ-spouse,Prof-specialty,Husband,White,Male,0,0,55,United-States,>50K
34,Private,95081,Some-college,10,Married-civ-spouse,Transport-moving,Husband,White,Male,0,0,43,Puerto-Rico,>50K
72,Private,175761,7th-8th,4,Married-AF-spouse,Transport-moving,Husband,White,Male,0,0,40,United-States,<=50K
37,Private,296939,HS-grad,9,Widowed,Craft-repair,Unmarried,White,Male,0,0,30,United-States,>50K
51,Private,408796,Bachelors,13,Never-married,Armed-Forces,Own-child,White,Female,0,0,40,United-States,<=50K
47,Private,464204,Bachelors,13,Married-civ-spouse,Prof-specialty,Husband,White,Male,0,0,70,United-States,>50K
45,Private,186519,HS-grad,9,Married-civ-spouse,Sales,Husband,White,Male,0,0,40,United-States,>50K
23,Private,226812,HS-grad,9,Never-married,Exec-managerial,Other-relative,White,Male,0,0,35,Italy,<=50K
28,Private,481517,HS-grad,9,Separated,Exec-managerial,Own-child,White,Male,0,0,45,United-States,<=50K
22,Private,121260,Some-college,10,Never-married,Sales,Unmarried,White,Female,0,0,35,United-States,<=50K
32,Federal-gov,124616,HS-grad,9,Divorced,Sales,Not-in-family,Asian-Pac-Islander,Male,0,0,35,United-States,<=50K
26,Private,164816,Some-college,10,Married-civ-spouse,Tech-support,Husband,White,Male,0,0,45,United-States,<=50K
35,Private,145893,HS-grad,9,Married-civ-spouse,Prof-specialty,Husband,White,Male,0,1613,45,United-States,>50K
38,State-gov,550145,Some-college,10,Married-civ-spouse,Other-service,Husband,White,Male,0,0,40,Mexico,<=50K
46,Private,293678,HS-grad,9,Married-civ-spouse,Other-service,Wife,White,Female,0,0,16,United-States,<=50K
22,Private,413846,Assoc-acdm,12,Married-civ-spouse,Craft-repair,Husband,White,Male,0,0,40,United-States,<=50K
44,Private,336028,Doctorate,16,Married-civ-spouse,Farming-fishing,Husband,White,Male,10282,0,55,Italy,>50K
41,Without-pay,490910,Some-college,10,Married-civ-spouse,Exec-managerial,Husband,White,Male,0,0,8,United-States,<=50K
59,Private,87696,HS-grad,9,Married-civ-spouse,Machine-op-inspct,Husband,White,Male,0,0,40,United-States,<=50K
30,Private,204754,Some-college,10,Married-civ-spouse,Craft-repair,Husband,White,Male,0,0,60,United-States,<=50K
59,Private,268795,Bachelors,13,Divorced,Sales,Not-in-family,White,Male,0,0,43,United-States,>50K
73,Private,221213,Masters,14,Divorced,Exec-managerial,Not-in-family,Black,Male,0,0,80,Mexico,>50K
51,Private,358507,Assoc-acdm,12,Married-civ-spouse,Handlers-cleaners,Wife,White,Female,0,0,45,United-States,<=50K
29,Private,148982,11th,7,Divorced,Transport-moving,Not-in-family,Asian-Pac-Islander,Male,0,0,40,United-States,<=50K
36,Self-emp-not-inc,227772,Bachelors,13,Married-civ-spouse,Sales,Husband,White,Male,0,0,50,United-States,<=50K
49,Private,372765,Masters,14,Married-civ-spouse,Prof-specialty,Husband,Black,Male,0,0,40,United-States,>50K
27,Private,99747,Bachelors,13,Never-married,Prof-specialty,Other-relative,Black,Female,0,0,40,United-States,<=50K
20,Private,117305,7th-8th,4,Never-married,Farming-fishing,Own-child,White,Female,0,0,41,Cuba,<=50K
41,Private,306330,Doctorate,16,Divorced,Sales,Unmarried,White,Male,0,0,50,United-States,>50K
62,Private,291313,Bachelors,13,Widowed,Prof-specialty,Own-child,Other,Male,0,0,38,United-States,<=50K
50,Local-gov,99410,Bachelors,13,Married-civ-spouse,Craft-repair,Wife,White,Female,0,0,45,United-States,>50K
40,Private,246409,Bachelors,13,Married-civ-spouse,Prof-specialty,Husband,Black,Male,0,0,45,United-States,>50K
27,Private,451290,Some-college,10,Never-married,Machine-op-inspct,Not-in-family,Asian-Pac-Islander,Male,0,0,40,United-States,<=50K
58,Private,191398,HS-grad,9,Widowed,Craft-repair,Unmarried,White,Female,0,0,50,Philippines,<=50K
26,Self-emp-inc,213039,Some-college,10,Married-civ-spouse,Adm-clerical,Husband,White,Male,5293,0,38,United-States,>50K
66,Self-emp-inc,152884,9th,5,Married-civ-spouse,Transport-moving,Wife,White,Female,0,0,55,United-States,<=50K
34,Self-emp-not-inc,271066,Bachelors,13,Married-civ-spouse,Exec-managerial,Husband,White,Male,0,0,42,United-States,<=50K
56,Private,399565,HS-grad,9,Divorced,Sales,Not-in-family,White,Male,0,0,40,United-States,<=50K
44,Private,93319,HS-grad,9,Married-civ-spouse,Transport-moving,Husband,White,Male,0,0,45,United-States,<=50K
55,Private,171166,9th,5,Married-civ-spouse,Transport-moving,Wife,White,Female,0,0,30,United-States,<=50K
28,Private,191893,Bachelors,13,Never-married,Prof-specialty,Not-in-family,White,Male,0,0,40,United-States,<=50K
43,State-gov,250237,Assoc-voc,11,Married-civ-spouse,Machine-op-inspct,Husband,White,Male,0,0,35,United-States,<=50K
43,Local-gov,188678,Bachelors,13,Married-civ-spouse,Tech-support,Husband,Other,Male,0,1507,50,United-States,<=50K
41,Federal-gov,205065,Some-college,10,Married-civ-spouse,Sales,Husband,Black,Male,0,0,55,United-States,>50K
21,Private,389328,11th,7,Never-married,Other-service,Own-child,White,Female,0,0,45,United-States,<=50K
28,Private,388640,Some-college,10,Never-married,Sales,Other-relative,Black,Female,0,0,45,United-States,<=50K
22,Private,214652,HS-grad,9,Married-civ-spouse,Craft-repair,Husband,White,Male,0,0,43,United-States,<=50K
24,Private,134893,Assoc-voc,11,Never-married,Other-service,Not-in-family,White,Male,0,0,15,United-States,<=50K
44,Private,149608,Assoc-voc,11,Married-civ-spouse,Transport-moving,Husband,White,Male,0,0,35,United-States,<=50K
46,Federal-gov,60270,HS-grad,9,Married-civ-spouse,Prof-specialty,Husband,White,Male,0,0,36,United-States,<=50K
34,State-gov,75244,HS-grad,9,Divorced,Craft-repair,Not-in-family,White,Female,3482,0,35,United-States,<=50K
28,Federal-gov,139780,Assoc-voc,11,Married-civ-spouse,Sales,Husband,White,Male,0,0,50,United-States,<=50K
35,Private,537829,HS-grad,9,Separated,Other-service,Own-child,Black,Male,0,0,16,Philippines,<=50K
38,Self-emp-inc,242861,Bachelors,13,Divorced,Sales,Own-child,White,Female,0,0,45,United-States,>50K
29,Private,336079,Assoc-acdm,12,Never-married,Adm-clerical,Not-in-family,Black,Male,0,0,40,United-States,<=50K
50,Federal-gov,322964,Doctorate,16,Never-married,Prof-specialty,Own-child,White,Male,0,0,55,United-States,>50K
63,Private,396440,HS-grad,9,Widowed,Craft-repair,Not-in-family,Black,Male,9418,0,40,United-States,>50K
18,Self-emp-not-inc,225598,12th,8,Separated,Other-service,Not-in-family,Asian-Pac-Islander,Male,0,0,28,United-States,<=50K
52,Private,85549,Doctorate,16,Married-civ-spouse,Sales,Wife,White,Female,0,0,43,United-States,<=50K
30,Private,140500,Doctorate,16,Married-civ-spouse,Exec-managerial,Husband,White,Male,0,0,50,United-States,>50K
22,Private,219385,HS-grad,9,Separated,Craft-repair,Unmarried,White,Male,0,0,40,China,<=50K
55,Private,191245,Doctorate,16,Widowed,Exec-managerial,Unmarried,White,Male,0,0,45,United-States,>50K
20,Private,144223,12th,8,Never-married,Other-service,Own-child,Black,Male,0,0,20,Mexico,<=50K
32,Private,348698,HS-grad,9,Married-civ-spouse,Other-service,Husband,White,Male,0,0,36,United-States,<=50K
51,Self-emp-inc,202607,9th,5,Divorced,Sales,Not-in-family,Black,Male,0,0,40,United-States,<=50K
48,Private,172566,HS-grad,9,Divorced,Craft-repair,Not-in-family,Asian-Pac-Islander,Male,0,0,45,United-States,<=50K
56,Private,168377,Doctorate,16,Married-civ-spouse,Prof-specialty,Husband,White,Male,0,0,31,United-States,>50K
67,Federal-gov,120360,Bachelors,13,Divorced,Exec-managerial,Unmarried,White,Female,0,0,40,United-States,<=50K
47,Private,124899,Some-college,10,Married-civ-spouse,Craft-repair,Husband,White,Male,0,0,44,United-States,<=50K
62,Private,228366,Bachelors,13,Divorced,Adm-clerical,Other-relative,Black,Female,0,0,50,United-States,<=50K
27,Private,153392,Bachelors,13,Never-married,Machine-op-inspct,Unmarried,White,Male,0,0,25,United-States,<=50K
45,Private,322761,Bachelors,13,Married-civ-spouse,Farming-fishing,Husband,White,Male,0,0,40,United-States,>50K
53,Self-emp-not-inc,113879,HS-grad,9,Divorced,Craft-repair,Not-in-family,Asian-Pac-Islander,Male,0,0,46,United-States,<=50K
37,Private,133427,HS-grad,9,Married-spouse-absent,Exec-managerial,Not-in-family,White,Male,0,0,45,Mexico,<=50K
41,Federal-gov,160475,Assoc-voc,11,Married-civ-spouse,Machine-op-inspct,Wife,White,Female,0,0,45,United-States,<=50K
52,Private,230645,9th,5,Divorced,Craft-repair,Not-in-family,Black,Male,0,0,40,United-States,<=50K
55,Self-emp-not-inc,343969,Masters,14,Married-civ-spouse,Prof-specialty,Own-child,White,Male,0,0,38,United-States,<=50K
35,Private,137244,Bachelors,13,Married-civ-spouse,Exec-managerial,Wife,Black,Female,0,1945,40,United-States,<=50K
58,Private,293034,7th-8th,4,Divorced,Adm-clerical,Own-child,White,Female,0,0,50,United-States,<=50K
27,Private,125101,Assoc-voc,11,Never-married,Sales,Own-child,Asian-Pac-Islander,Female,0,0,48,United-States,<=50K
28,Private,116484,Assoc-voc,11,Married-civ-spouse,Machine-op-inspct,Husband,White,Male,0,0,50,United-States,<=50K
31,Private,106091,HS-grad,9,Married-civ-spouse,Adm-clerical,Husband,White,Male,0,0,40,United-States,<=50K
46,Private,239526,Assoc-acdm,12,Widowed,Adm-clerical,Not-in-family,White,Male,0,0,35,United-States,<=50K
26,Private,217802,Bachelors,13,Married-civ-spouse,Prof-specialty,Husband,White,Male,0,0,40,United-States,>50K
56,Private,212556,7th-8th,4,Married-civ-spouse,Handlers-cleaners,Husband,White,Male,0,0,34,United-States,<=50K
27,Private,145718,Some-college,10,Never-married,Adm-clerical,Not-in-family,White,Male,0,0,25,United-States,<=50K
43,Private,140742,HS-grad,9,Married-civ-spouse,Prof-specialty,Husband,White,Male,0,0,38,United-States,>50K
20,State-gov,171120,HS-grad,9,Never-married,Adm-clerical,Not-in-family,White,Male,0,0,40,United-States,<=50K
42,Self-emp-not-inc,252737,Assoc-acdm,12,Divorced,Other-service,Not-in-family,White,Male,0,0,38,United-States,<=50K
36,Private,120584,HS-grad,9,Widowed,Craft-repair,Not-in-family,White,Female,0,0,45,Cuba,>50K
73,Private,223022,9th,5,Never-married,Sales,Other-relative,Black,Male,0,0,30,United-States,<=50K
38,Private,304737,Doctorate,16,Married-civ-spouse,Craft-repair,Husband,White,Male,0,0,38,United-States,>50K
57,Private,221407,Masters,14,Divorced,Adm-clerical,Unmarried,White,Male,0,0,38,United-States,>50K
23,Private,338759,Masters,14,Never-married,Craft-repair,Own-child,White,Male,2329,0,40,United-States,<=50K
29,Self-emp-not-inc,171064,Some-college,10,Married-civ-spouse,Farming-fishing,Husband,White,Male,0,0,48,United-States,>50K
30,Private,187343,Bachelors,13,Never-married,Prof-specialty,Not-in-family,White,Male,0,0,40,United-States,>50K
39,Private,98810,Some-college,10,Married-civ-spouse,Machine-op-inspct,Wife,White,Female,0,0,30,Puerto-Rico,<=50K
25,Private,270289,HS-grad,9,Married-civ-spouse,Other-service,Wife,White,Female,0,0,35,United-States,<=50K
40,Private,201103,Some-college,10,Married-civ-spouse,Machine-op-inspct,Husband,Amer-Indian-Eskimo,Male,0,0,48,United-States,<=50K
30,Private,149220,Bachelors,13,Married-civ-spouse,Adm-clerical,Husband,White,Male,0,0,40,United-States,>50K
29,Self-emp-not-inc,105126,Bachelors,13,Never-married,Prof-specialty,Other-relative,White,Female,0,0,40,United-States,<=50K
43,Private,213836,Some-college,10,Never-married,Craft-repair,Not-in-family,Black,Male,0,0,40,United-States,<=50K
50,Private,163034,Assoc-acdm,12,Married-civ-spouse,Priv-house-serv,Husband,White,Male,0,0,20,United-States,<=50K
49,Private,179994,7th-8th,4,Married-civ-spouse,Priv-house-serv,Husband,White,Male,0,0,40,Portugal,<=50K
24,Private,115095,HS-grad,9,Never-married,Machine-op-inspct,Own-child,Black,Male,0,0,43,Greece,<=50K
26,Local-gov,135529,Bachelors,13,Never-married,Prof-specialty,Not-in-family,White,Female,0,0,42,United-States,<=50K
40,Private,426227,7th-8th,4,Married-civ-spouse,Other-service,Husband,Black,Male,0,0,35,United-States,<=50K
63,Self-emp-inc,257874,HS-grad,9,Married-civ-spouse,Machine-op-inspct,Wife,Black,Female,0,0,45,Mexico,<=50K
51,Private,237035,Assoc-voc,11,Never-married,Craft-repair,Not-in-family,White,Male,0,0,40,United-States,<=50K
61,Private,132112,HS-grad,9,Married-civ-spouse,Transport-moving,Husband,Asian-Pac-Islander,Male,0,0,40,India,<=50K
64,Private,161019,Bachelors,13,Never-married,Exec-managerial,Other-relative,White,Male,0,0,40,United-States,<=50K
47,Private,390942,Assoc-voc,11,Married-civ-spouse,Exec-managerial,Husband,White,Male,0,0,50,United-States,<=50K
52,Private,430029,HS-grad,9,Never-married,Adm-clerical,Own-child,White,Male,0,0,44,Columbia,<=50K
59,Private,237707,Masters,14,Never-married,Other-service,Unmarried,White,Female,0,0,25,United-States,<=50K
20,Private,290190,HS-grad,9,Never-married,Handlers-cleaners,Own-child,White,Male,0,0,43,United-States,<=50K
39,Self-emp-inc,210324,HS-grad,9,Married-civ-spouse,Exec-managerial,Wife,Black,Female,0,0,50,United-States,>50K
46,Private,385164,Some-college,10,Married-civ-spouse,Handlers-cleaners,Husband,White,Male,0,0,37,United-States,<=50K
36,Federal-gov,154207,HS-grad,9,Never-married,Sales,Not-in-family,White,Male,0,0,40,United-States,<=50K
39,Private,187077,Bachelors,13,Married-civ-spouse,Prof-specialty,Husband,White,Male,0,0,40,United-States,<=50K
32,Private,215890,10th,6,Divorced,Transport-moving,Not-in-family,White,Male,0,0,38,United-States,<=50K
60,Self-emp-not-inc,342732,Masters,14,Never-married,Machine-op-inspct,Not-in-family,White,Male,0,0,45,United-States,>50K
31,Private,376830,Some-college,10,Separated,Craft-repair,Unmarried,White,Female,0,0,43,United-States,<=50K
51,Federal-gov,174594,Assoc-acdm,12,Married-spouse-absent,Other-service,Unmarried,White,Male,0,0,40,United-States,<=50K
31,Private,177953,Some-college,10,Married-civ-spouse,Prof-specialty,Husband,Black,Male,0,2352,40,United-States,<=50K
68,Private,130942,HS-grad,9,Widowed,Sales,Not-in-family,Black,Male,0,0,40,United-States,<=50K
37,Private,311366,Masters,14,Married-civ-spouse,Tech-support,Husband,Black,Male,0,0,40,United-States,<=50K
27,Local-gov,132556,11th,7,Married-civ-spouse,Farming-fishing,Husband,White,Male,0,0,40,United-States,<=50K
26,Private,211681,Bachelors,13,Married-civ-spouse,Prof-specialty,Wife,White,Female,0,1512,35,United-States,<=50K
39,Private,168230,Some-college,10,Divorced,Other-service,Not-in-family,White,Male,0,0,35,United-States,<=50K
36,Private,96882,Some-college,10,Married-civ-spouse,Other-service,Wife,White,Female,0,0,40,United-States,<=50K
58,State-gov,131141,HS-grad,9,Married-civ-spouse,Adm-clerical,Husband,White,Male,0,0,60,United-States,<=50K
35,Local-gov,205352,Some-college,10,Married-civ-spouse,Craft-repair,Husband,White,Male,0,0,40,United-States,>50K
27,Private,124934,Bachelors,13,Separated,Exec-managerial,Not-in-family,White,Male,0,0,45,United-States,<=50K
40,Private,156057,HS-grad,9,Married-civ-spouse,Prof-specialty,Husband,White,Male,0,0,40,Germany,<=50K
29,Private,130178,Doctorate,16,Married-civ-spouse,Prof-specialty,Husband,Asian-Pac-Islander,Male,0,0,38,United-States,>50K
32,Private,181138,Masters,14,Married-civ-spouse,Exec-managerial,Wife,White,Female,0,0,60,United-States,>50K
68,Self-emp-not-inc,129954,Assoc-voc,11,Married-civ-spouse,Machine-op-inspct,Wife,Black,Female,0,0,49,United-States,<=50K
28,Local-gov,106655,Bachelors,13,Married-civ-spouse,Prof-specialty,Husband,White,Male,0,2039,40,United-States,<=50K
23,Private,160107,Assoc-acdm,12,Married-civ-spouse,Adm-clerical,Husband,Other,Male,0,0,55,United-States,<=50K
52,Private,144381,Some-college,10,Divorced,Craft-repair,Not-in-family,White,Male,0,0,30,Philippines,<=50K
40,Private,173803,10th,6,Divorced,Handlers-cleaners,Unmarried,White,Female,0,0,44,United-States,<=50K
20,Private,200553,Some-college,10,Never-married,Machine-op-inspct,Own-child,Black,Male,0,0,38,United-States,<=50K
20,Private,198478,11th,7,Never-married,Sales,Own-child,Black,Male,0,0,36,United-States,<=50K
59,Private,86822,HS-grad,9,Married-civ-spouse,Craft-repair,Husband,White,Male,0,0,40,United-States,>50K
54,Private,416946,Masters,14,Married-civ-spouse,Prof-specialty,Wife,White,Female,0,0,40,United-States,<=50K
66,Private,68737,HS-grad,9,Married-civ-spouse,Sales,Husband,Asian-Pac-Islander,Male,0,0,40,United-States,>50K
67,Private,220284,HS-grad,9,Widowed,Prof-specialty,Not-in-family,Other,Male,0,0,45,United-States,>50K
52,Private,229388,Masters,14,Married-civ-spouse,Prof-specialty,Husband,White,Male,0,0,50,Iran,<=50K
27,Private,207483,HS-grad,9,Divorced,Adm-clerical,Not-in-family,White,Female,0,0,45,United-States,<=50K
29,Private,222408,Bachelors,13,Separated,Other-service,Own-child,White,Male,0,0,25,United-States,<=50K
21,Self-emp-not-inc,102443,HS-grad,9,Never-married,Sales,Not-in-family,White,Female,0,0,48,United-States,<=50K
49,Private,199440,9th,5,Widowed,Other-service,Unmarried,White,Male,3211,0,38,United-States,<=50K
43,Private,82236,HS-grad,9,Never-married,Other-service,Unmarried,White,Female,0,0,30,United-States,<=50K
33,Local-gov,133831,Masters,14,Divorced,Other-service,Not-in-family,White,Female,0,0,40,Italy,<=50K
40,Private,152913,HS-grad,9,Divorced,Craft-repair,Unmarried,White,Female,0,0,40,United-States,<=50K
51,Federal-gov,146762,HS-grad,9,Married-civ-spouse,Machine-op-inspct,Husband,White,Male,0,0,45,Philippines,<=50K
55,State-gov,137199,HS-grad,9,Never-married,Craft-repair,Own-child,White,Male,0,0,41,United-States,<=50K
50,Local-gov,153336,Bachelors,13,Widowed,Prof-specialty,Not-in-family,White,Male,0,0,63,United-States,<=50K
33,Private,114205,7th-8th,4,Married-civ-spouse,Handlers-cleaners,Wife,White,Female,0,0,48,United-States,<=50K
61,Self-emp-not-inc,219822,9th,5,Married-civ-spouse,Farming-fishing,Wife,Black,Female,0,0,70,United-States,<=50K
47,Local-gov,159769,HS-grad,9,Married-civ-spouse,Prof-specialty,Wife,Black,Female,0,0,40,United-States,>50K
50,Private,225265,Masters,14,Married-civ-spouse,Exec-managerial,Wife,White,Female,15203,0,45,United-States,>50K
27,Private,274712,Bachelors,13,Married-civ-spouse,Prof-specialty,Husband,White,Male,0,0,40,Mexico,>50K
39,Private,127191,Assoc-voc,11,Married-civ-spouse,Craft-repair,Husband,White,Male,0,0,50,United-States,>50K
39,Self-emp-not-inc,76820,Assoc-acdm,12,Married-civ-spouse,Exec-managerial,Wife,White,Female,0,0,45,United-States,>50K
44,Private,224520,Assoc-acdm,12,Never-married,Other-service,Own-child,White,Male,0,0,50,United-States,<=50K
33,Private,235776,Bachelors,13,Never-married,Prof-specialty,Not-in-family,White,Male,0,0,45,United-States,<=50K
42,Private,153027,Some-college,10,Divorced,Adm-clerical,Not-in-family,White,Male,0,0,50,United-States,<=50K
33,Private,157551,Assoc-voc,11,Never-married,Protective-serv,Not-in-family,White,Male,0,0,20,United-States,<=50K
26,Private,146189,HS-grad,9,Married-civ-spouse,Other-service,Wife,White,Female,0,0,25,United-States,<=50K
64,Private,157476,Bachelors,13,Widowed,Farming-fishing,Not-in-family,Black,Female,0,0,45,United-States,<=50K
54,Private,78515,10th,6,Married-civ-spouse,Handlers-cleaners,Husband,Black,Male,0,0,40,United-States,<=50K
29,Private,142462,HS-grad,9,Never-married,Handlers-cleaners,Not-in-family,Black,Male,0,0,38,Canada,<=50K
36,Private,275657,Bachelors,13,Divorced,Exec-managerial,Unmarried,Black,Male,0,0,50,United-States,<=50K
31,Private,117414,11th,7,Divorced,Other-service,Not-in-family,Asian-Pac-Islander,Male,0,0,40,United-States,<=50K
34,State-gov,204608,Bachelors,13,Married-civ-spouse,Exec-managerial,Husband,White,Male,0,0,55,United-States,<=50K
31,Self-emp-inc,139284,HS-grad,9,Married-civ-spouse,Tech-support,Husband,White,Male,0,2446,44,United-States,>50K
34,Private,61911,HS-grad,9,Never-married,Priv-house-serv,Unmarried,White,Female,0,0,30,United-States,<=50K
49,Private,186405,Bachelors,13,Separated,Transport-moving,Other-relative,White,Male,0,0,32,United-States,>50K
35,Private,106659,HS-grad,9,Married-civ-spouse,Exec-managerial,Husband,White,Male,0,0,38,United-States,<=50K
56,Local-gov,64710,Preschool,1,Married-civ-spouse,Priv-house-serv,Husband,White,Male,0,0,40,United-States,>50K
20,Federal-gov,211134,7th-8th,4,Never-married,Craft-repair,Own-child,White,Male,0,0,40,United-States,<=50K
36,Private,295923,Bachelors,13,Married-civ-spouse,Exec-managerial,Husband,White,Male,0,0,40,United-States,>50K
60,Private,308048,Some-college,10,Married-civ-spouse,Transport-moving,Husband,White,Male,0,0,48,Mexico,<=50K
32,Local-gov,119650,HS-grad,9,Married-civ-spouse,Exec-managerial,Husband,Black,Male,0,0,40,United-States,>50K
43,Local-gov,91785,Assoc-voc,11,Married-civ-spouse,Adm-clerical,Wife,White,Female,0,0,25,United-States,<=50K
20,Private,453971,HS-grad,9,Never-married,Machine-op-inspct,Not-in-family,White,Male,0,0,39,United-States,<=50K
69,Private,106204,Assoc-acdm,12,Married-civ-spouse,Prof-specialty,Husband,White,Male,0,0,45,United-States,<=50K
42,Private,146756,Some-college,10,Married-civ-spouse,Other-service,Wife,White,Female,0,0,20,Canada,<=50K
31,Federal-gov,182570,Bachelors,13,Married-civ-spouse,Prof-specialty,Wife,Black,Female,0,0,35,United-States,<=50K
28,Private,79649,Bachelors,13,Divorced,Prof-specialty,Not-in-family,White,Male,0,0,38,United-States,>50K
29,Private,240397,Some-college,10,Never-married,Machine-op-inspct,Other-relative,White,Male,0,0,40,England,<=50K
52,Local-gov,148745,Assoc-voc,11,Married-civ-spouse,Sales,Husband,White,Male,0,0,40,Guatemala,<=50K
39,Private,157251,Some-college,10,Divorced,Machine-op-inspct,Not-in-family,Black,Female,0,0,35,United-States,<=50K
37,Private,115053,Assoc-acdm,12,Married-spouse-absent,Transport-moving,Other-relative,White,Male,0,2555,35,United-States,<=50K
30,Self-emp-inc,120713,Some-college,10,Divorced,Craft-repair,Not-in-family,White,Female,0,0,55,United-States,<=50K
63,Self-emp-not-inc,206663,Some-college,10,Divorced,Adm-clerical,Own-child,White,Female,4668,0,40,Guatemala,<=50K
32,Private,244289,Bachelors,13,Married-civ-spouse,Prof-specialty,Wife,White,Female,0,0,55,United-States,<=50K
28,Private,215371,HS-grad,9,Divorced,Adm-clerical,Not-in-family,Black,Male,0,0,45,Mexico,<=50K
38,Private,136269,Doctorate,16,Married-civ-spouse,Adm-clerical,Husband,White,Male,0,0,35,United-States,<=50K
25,Private,245852,HS-grad,9,Married-civ-spouse,Prof-specialty,Husband,White,Male,0,2452,50,United-States,<=50K
31,Private,178724,Masters,14,Divorced,Prof-specialty,Not-in-family,Asian-Pac-Islander,Male,0,0,48,United-States,<=50K
33,Private,431026,Some-college,10,Married-civ-spouse,Other-service,Wife,White,Female,0,0,40,United-States,<=50K
25,State-gov,244883,11th,7,Married-civ-spouse,Other-service,Husband,White,Male,0,0,40,United-States,<=50K
63,Federal-gov,142547,5th-6th,3,Widowed,Craft-repair,Not-in-family,Black,Male,0,0,40,United-States,<=50K
29,Private,560037,Some-college,10,Never-married,Sales,Other-relative,Asian-Pac-Islander,Male,0,0,40,United-States,<=50K
49,Private,411623,Assoc-voc,11,Married-AF-spouse,Adm-clerical,Wife,White,Female,0,0,40,Cuba,<=50K
32,Federal-gov,291847,Bachelors,13,Married-civ-spouse,Exec-managerial,Husband,White,Male,0,0,55,United-States,>50K
31,Private,172453,Assoc-voc,11,Married-civ-spouse,Sales,Husband,White,Male,0,0,40,United-States,<=50K
25,Private,180934,Assoc-acdm,12,Married-civ-spouse,Adm-clerical,Husband,White,Male,0,0,50,United-States,<=50K
56,Private,169938,Masters,14,Married-civ-spouse,Exec-managerial,Husband,White,Male,0,0,50,United-States,>50K
63,Private,121121,7th-8th,4,Divorced,Handlers-cleaners,Own-child,White,Male,0,0,40,United-States,<=50K
69,Private,133420,Bachelors,13,Married-civ-spouse,Prof-specialty,Husband,White,Male,0,0,45,United-States,<=50K
33,Private,244549,7th-8th,4,Married-civ-spouse,Machine-op-inspct,Husband,Other,Male,0,0,40,United-States,<=50K
46,Private,407029,HS-grad,9,Divorced,Adm-clerical,Unmarried,White,Male,0,0,40,United-States,<=50K
53,Private,245536,HS-grad,9,Married-civ-spouse,Machine-op-inspct,Husband,White,Male,0,2411,48,United-States,<=50K
56,Private,105843,Some-college,10,Married-civ-spouse,Adm-clerical,Husband,White,Male,0,0,45,United-States,>50K
29,Private,301264,Assoc-voc,11,Married-civ-spouse,Handlers-cleaners,Husband,White,Male,0,0,38,United-States,<=50K
51,Private,76966,Doctorate,16,Married-civ-spouse,Prof-specialty,Husband,White,Male,0,0,50,United-States,>50K
32,Private,126117,Assoc-acdm,12,Married-civ-spouse,Craft-repair,Husband,White,Male,0,0,45,United-States,<=50K
55,Private,140623,HS-grad,9,Married-civ-spouse,Adm-clerical,Husband,White,Male,0,0,40,England,>50K
35,Private,228759,Masters,14,Married-civ-spouse,Adm-clerical,Husband,White,Male,0,0,40,United-States,<=50K
37,Local-gov,423979,Some-college,10,Divorced,Sales,Unmarried,White,Male,0,0,37,United-States,<=50K
50,Private,224550,Bachelors,13,Married-civ-spouse,Prof-specialty,Husband,White,Male,0,0,45,United-States,>50K
45,Private,137767,Assoc-acdm,12,Married-civ-spouse,Tech-support,Husband,White,Male,0,0,40,United-States,>50K
55,State-gov,211268,Some-college,10,Married-civ-spouse,Adm-clerical,Wife,White,Female,0,0,45,United-States,<=50K
33,Private,119138,Bachelors,13,Divorced,Farming-fishing,Not-in-family,Black,Male,0,0,40,United-States,<=50K
57,Private,253724,HS-grad,9,Married-civ-spouse,Tech-support,Husband,Asian-Pac-Islander,Male,0,0,40,United-States,<=50K
31,Private,168259,Assoc-voc,11,Married-civ-spouse,Machine-op-inspct,Husband,White,Male,0,0,25,United-States,<=50K
24,Private,192601,12th,8,Married-civ-spouse,Craft-repair,Husband,White,Male,0,0,25,United-States,<=50K
62,Private,246852,11th,7,Married-civ-spouse,Other-service,Wife,White,Female,0,0,30,United-States,<=50K
32,Self-emp-not-inc,302721,Bachelors,13,Married-civ-spouse,Craft-repair,Husband,Amer-Indian-Eskimo,Male,0,0,45,United-States,>50K
44,Private,157485,HS-grad,9,Married-civ-spouse,Exec-managerial,Husband,White,Male,0,1314,60,India,<=50K
43,Private,181946,Doctorate,16,Married-civ-spouse,Protective-serv,Husband,White,Male,0,0,45,United-States,>50K
38,Private,218470,HS-grad,9,Divorced,Farming-fishing,Not-in-family,Black,Male,0,0,44,United-States,<=50K
31,Private,232418,Bachelors,13,Divorced,Tech-support,Own-child,White,Female,0,0,42,United-States,<=50K
45,Self-emp-not-inc,202823,7th-8th,4,Married-civ-spouse,Farming-fishing,Husband,White,Male,0,0,50,United-States,>50K
48,Private,179557,Assoc-voc,11,Divorced,Exec-managerial,Own-child,Amer-Indian-Eskimo,Male,0,0,40,Philippines,<=50K
28,Private,215660,Assoc-acdm,12,Married-civ-spouse,Transport-moving,Husband,White,Male,0,0,55,United-States,<=50K
31,Self-emp-not-inc,394703,HS-grad,9,Divorced,Other-service,Not-in-family,Asian-Pac-Islander,Male,0,0,25,United-States,<=50K
47,Private,164185,Bachelors,13,Never-married,Adm-clerical,Unmarried,White,Male,0,0,35,United-States,<=50K
52,Private,186446,Bachelors,13,Never-married,Exec-managerial,Unmarried,Black,Male,0,0,45,United-States,<=50K
47,Private,233922,9th,5,Married-civ-spouse,Machine-op-inspct,Husband,Black,Male,0,0,52,United-States,<=50K
39,Private,486206,HS-grad,9,Married-AF-spouse,Craft-repair,Husband,White,Male,0,0,36,United-States,>50K
29,Private,240763,Assoc-voc,11,Married-civ-spouse,Priv-house-serv,Husband,White,Male,0,0,35,United-States,<=50K
35,Private,305449,Masters,14,Married-civ-spouse,Sales,Husband,White,Male,0,0,40,United-States,>50K
52,Private,150243,Bachelors,13,Separated,Exec-managerial,Not-in-family,White,Male,0,0,36,Peru,<=50K
25,Local-gov,143165,Some-college,10,Married-civ-spouse,Exec-managerial,Husband,White,Male,0,0,50,Mexico,<=50K
30,Private,208864,HS-grad,9,Married-civ-spouse,Prof-specialty,Husband,Asian-Pac-Islander,Male,0,0,35,United-States,<=50K
59,Private,250483,HS-grad,9,Married-civ-spouse,Adm-clerical,Husband,White,Male,0,0,40,Mexico,<=50K
28,State-gov,230833,Some-college,10,Never-married,Sales,Own-child,White,Male,0,0,40,United-States,<=50K
31,Private,86380,Doctorate,16,Married-civ-spouse,Exec-managerial,Husband,Asian-Pac-Islander,Male,0,0,57,United-States,>50K
27,Private,160726,HS-grad,9,Never-married,Exec-managerial,Not-in-family,White,Male,0,0,55,United-States,<=50K
45,Federal-gov,252307,Masters,14,Married-civ-spouse,Craft-repair,Husband,Black,Male,0,0,43,United-States,>50K
48,Private,170332,Bachelors,13,Married-civ-spouse,Prof-specialty,Husband,White,Male,0,0,50,United-States,>50K
33,Self-emp-inc,62164,Assoc-voc,11,Married-civ-spouse,Exec-managerial,Husband,White,Male,0,0,40,United-States,<=50K
53,Private,122032,Doctorate,16,Never-married,Exec-managerial,Not-in-family,White,Male,0,0,45,United-States,>50K
51,Private,252180,HS-grad,9,Married-civ-spouse,Exec-managerial,Husband,White,Male,0,0,50,United-States,>50K
31,Private,127250,HS-grad,9,Divorced,Adm-clerical,Not-in-family,White,Male,0,0,40,United-States,<=50K
52,Private,224612,Assoc-acdm,12,Married-civ-spouse,Craft-repair,Husband,White,Male,0,0,43,United-States,<=50K
48,Private,74251,HS-grad,9,Divorced,Priv-house-serv,Other-relative,Black,Male,0,0,25,United-States,<=50K
62,Private,196835,HS-grad,9,Married-civ-spouse,Prof-specialty,Wife,White,Female,0,0,45,Mexico,>50K
31,Private,213526,Bachelors,13,Married-civ-spouse,Exec-managerial,Wife,White,Female,0,0,38,United-States,>50K
33,Private,218911,Some-college,10,Married-civ-spouse,Sales,Husband,White,Male,0,0,40,United-States,>50K
29,Private,236705,Bachelors,13,Never-married,Protective-serv,Own-child,White,Male,0,0,45,United-States,<=50K
38,Private,157412,HS-grad,9,Never-married,Sales,Not-in-family,White,Male,0,0,40,United-States,<=50K
27,Private,155224,Assoc-voc,11,Married-civ-spouse,Farming-fishing,Wife,White,Female,0,0,50,United-States,<=50K
52,Private,199750,Some-college,10,Divorced,Craft-repair,Not-in-family,White,Male,0,0,30,United-States,<=50K
55,Private,261614,Bachelors,13,Married-civ-spouse,Craft-repair,Husband,White,Male,0,0,40,United-States,>50K
67,Private,153535,Assoc-voc,11,Divorced,Craft-repair,Unmarried,White,Male,0,0,40,United-States,<=50K
43,Private,178634,HS-grad,9,Married-civ-spouse,Adm-clerical,Husband,White,Male,0,0,45,United-States,<=50K
36,Self-emp-not-inc,174611,Assoc-voc,11,Married-civ-spouse,Exec-managerial,Husband,Other,Male,0,0,45,United-States,<=50K
35,Federal-gov,143748,Masters,14,Married-civ-spouse,Prof-specialty,Husband,White,Male,0,0,45,United-States,>50K
41,Private,570354,11th,7,Separated,Priv-house-serv,Other-relative,White,Male,0,0,20,United-States,<=50K
37,Local-gov,111503,Some-college,10,Divorced,Tech-support,Own-child,Asian-Pac-Islander,Male,0,0,40,United-States,<=50K
32,State-gov,300829,Some-college,10,Separated,Exec-managerial,Not-in-family,White,Male,0,0,38,United-States,<=50K
35,Local-gov,397932,Assoc-voc,11,Divorced,Sales,Other-relative,White,Male,0,0,50,United-States,>50K
68,Private,160453,Assoc-acdm,12,Divorced,Sales,Not-in-family,White,Male,0,0,50,United-States,<=50K
40,Federal-gov,320389,HS-grad,9,Married-civ-spouse,Exec-managerial,Husband,White,Male,0,0,45,United-States,>50K
39,Private,299522,Assoc-voc,11,Married-civ-spouse,Adm-clerical,Husband,White,Male,0,0,30,India,>50K
27,Self-emp-inc,226389,Some-college,10,Married-civ-spouse,Handlers-cleaners,Husband,White,Male,0,0,35,United-States,<=50K
45,Private,156668,Some-college,10,Married-civ-spouse,Other-service,Wife,White,Female,0,0,35,United-States,>50K
25,Local-gov,262434,Assoc-acdm,12,Never-married,Exec-managerial,Not-in-family,White,Male,0,0,46,United-States,<=50K
54,Private,211345,Some-college,10,Divorced,Transport-moving,Not-in-family,White,Male,0,1501,50,United-States,<=50K
21,Private,179486,11th,7,Never-married,Handlers-cleaners,Not-in-family,White,Female,0,0,40,United-States,<=50K
52,Private,218041,HS-grad,9,Married-civ-spouse,Machine-op-inspct,Husband,Black,Male,0,0,40,United-States,<=50K
42,Local-gov,86168,Assoc-acdm,12,Never-married,Adm-clerical,Not-in-family,White,Male,0,0,52,United-States,<=50K
33,Private,182805,10th,6,Never-married,Farming-fishing,Not-in-family,White,Male,0,0,60,Mexico,<=50K
47,Private,182154,Bachelors,13,Divorced,Prof-specialty,Not-in-family,White,Male,0,0,38,United-States,<=50K
44,Private,126298,Assoc-acdm,12,Married-civ-spouse,Other-service,Husband,White,Male,0,0,15,United-States,<=50K
57,Private,289597,HS-grad,9,Married-civ-spouse,Sales,Husband,White,Male,0,0,30,United-States,<=50K
30,Local-gov,167210,Bachelors,13,Never-married,Adm-clerical,Unmarried,White,Male,7501,0,42,United-States,>50K
30,Private,150937,HS-grad,9,Married-civ-spouse,Prof-specialty,Husband,White,Male,0,0,45,United-States,>50K
63,Private,197780,HS-grad,9,Married-civ-spouse,Machine-op-inspct,Other-relative,White,Male,0,0,45,United-States,<=50K
24,Private,239411,Bachelors,13,Never-married,Prof-specialty,Own-child,White,Female,0,0,60,United-States,<=50K
54,Private,247227,11th,7,Widowed,Machine-op-inspct,Not-in-family,White,Male,0,0,20,United-States,<=50K
50,Private,149084,Some-college,10,Married-civ-spouse,Adm-clerical,Husband,Black,Male,0,0,40,United-States,>50K
53,Private,155422,Assoc-voc,11,Married-civ-spouse,Sales,Husband,White,Male,0,0,45,United-States,>50K
25,Private,121601,Bachelors,13,Never-married,Adm-clerical,Not-in-family,Black,Female,0,0,40,United-States,<=50K
34,Private,151400,Masters,14,Married-civ-spouse,Exec-managerial,Wife,White,Female,0,0,45,United-States,<=50K
62,Private,451984,Bachelors,13,Married-civ-spouse,Prof-specialty,Husband,White,Male,0,0,40,United-States,>50K
55,Private,130852,Masters,14,Married-civ-spouse,Machine-op-inspct,Husband,White,Male,0,0,40,United-States,<=50K
28,Private,295933,Assoc-voc,11,Never-married,Adm-clerical,Unmarried,White,Male,0,0,20,United-States,<=50K
33,Private,349977,Assoc-voc,11,Married-civ-spouse,Machine-op-inspct,Wife,White,Female,0,0,40,United-States,<=50K
34,Private,165375,Some-college,10,Married-AF-spouse,Exec-managerial,Husband,White,Male,0,0,40,United-States,<=50K
26,Self-emp-not-inc,112955,Bachelors,13,Never-married,Tech-support,Own-child,White,Female,0,0,50,United-States,<=50K
38,Private,99326,HS-grad,9,Divorced,Tech-support,Not-in-family,White,Male,0,1964,35,United-States,<=50K
31,Private,215202,Bachelors,13,Married-civ-spouse,Prof-specialty,Husband,Black,Male,0,0,50,United-States,<=50K
19,Self-emp-inc,129969,Some-college,10,Never-married,Exec-managerial,Not-in-family,Black,Male,0,0,40,United-States,<=50K
31,Self-emp-not-inc,186041,9th,5,Married-civ-spouse,Craft-repair,Husband,White,Male,0,0,55,United-States,>50K
54,Private,259791,Bachelors,13,Married-civ-spouse,Sales,Wife,White,Female,0,0,38,United-States,>50K
24,Private,350862,HS-grad,9,Married-civ-spouse,Exec-managerial,Husband,White,Male,7078,0,45,United-States,<=50K
56,Private,332145,Prof-school,15,Never-married,Exec-managerial,Other-relative,White,Male,0,0,50,Mexico,>50K
60,Private,251352,Some-college,10,Married-spouse-absent,Sales,Other-relative,White,Male,0,0,38,United-States,<=50K
66,Private,244252,9th,5,Divorced,Other-service,Not-in-family,White,Male,0,0,40,Mexico,<=50K
32,Local-gov,355100,Doctorate,16,Never-married,Exec-managerial,Own-child,White,Male,0,0,40,United-States,<=50K
59,Private,124463,Doctorate,16,Married-AF-spouse,Sales,Wife,White,Female,0,0,60,United-States,<=50K
37,Private,65717,HS-grad,9,Married-civ-spouse,Craft-repair,Husband,White,Male,0,0,40,United-States,<=50K
36,Private,128289,HS-grad,9,Divorced,Exec-managerial,Own-child,White,Female,0,0,40,United-States,<=50K
28,Private,164137,Some-college,10,Married-civ-spouse,Handlers-cleaners,Husband,White,Male,0,0,41,England,<=50K
36,Private,283516,HS-grad,9,Married-civ-spouse,Sales,Wife,White,Female,41566,0,40,United-States,>50K
28,Private,227720,Assoc-acdm,12,Married-civ-spouse,Adm-clerical,Husband,White,Male,0,0,40,United-States,<=50K
52,Private,131962,Bachelors,13,Married-civ-spouse,Exec-managerial,Husband,White,Male,0,0,45,United-States,>50K
40,Private,126212,Bachelors,13,Married-spouse-absent,Tech-support,Own-child,White,Male,0,0,40,United-States,<=50K
41,Private,172352,Bachelors,13,Married-civ-spouse,Protective-serv,Wife,White,Female,0,0,20,United-States,>50K
41,Private,128747,HS-grad,9,Married-civ-spouse,Adm-clerical,Other-relative,Asian-Pac-Islander,Male,0,0,38,United-States,<=50K
26,Private,126253,Assoc-voc,11,Married-civ-spouse,Craft-repair,Wife,Black,Female,0,0,40,United-States,<=50K
39,Private,123091,9th,5,Never-married,Machine-op-inspct,Not-in-family,Black,Male,0,0,45,Mexico,<=50K
42,Private,160505,HS-grad,9,Married-civ-spouse,Exec-managerial,Husband,White,Male,0,0,70,South,<=50K
30,Private,124615,Some-college,10,Married-spouse-absent,Handlers-cleaners,Other-relative,White,Male,0,0,35,Philippines,<=50K
56,Private,199584,Some-college,10,Divorced,Machine-op-inspct,Not-in-family,White,Male,0,0,40,United-States,<=50K
58,Local-gov,271281,Some-college,10,Married-civ-spouse,Adm-clerical,Husband,White,Male,0,0,48,United-States,>50K
73,Private,170824,Assoc-acdm,12,Never-married,Handlers-cleaners,Other-relative,White,Female,0,1504,50,United-States,<=50K
31,Private,191094,Some-college,10,Married-civ-spouse,Tech-support,Wife,White,Female,0,0,40,United-States,<=50K
32,Private,221479,Bachelors,13,Married-civ-spouse,Sales,Husband,White,Male,0,0,45,Japan,<=50K
26,Private,235658,Bachelors,13,Married-AF-spouse,Prof-specialty,Husband,White,Male,0,0,45,United-States,<=50K
26,State-gov,126705,HS-grad,9,Married-civ-spouse,Other-service,Wife,White,Female,0,0,44,United-States,<=50K
48,Private,265340,HS-grad,9,Never-married,Tech-support,Own-child,White,Male,0,0,40,Japan,<=50K
32,Federal-gov,141299,HS-grad,9,Married-civ-spouse,Sales,Husband,White,Male,0,0,40,United-States,<=50K
42,Private,255555,Some-college,10,Married-civ-spouse,Machine-op-inspct,Husband,White,Male,0,0,38,United-States,<=50K
51,Self-emp-not-inc,430330,Bachelors,13,Divorced,Prof-specialty,Not-in-family,White,Male,0,0,40,United-States,<=50K
23,Private,85470,Masters,14,Never-married,Craft-repair,Own-child,White,Male,0,0,30,Mexico,<=50K
65,Private,357789,Prof-school,15,Never-married,Transport-moving,Not-in-family,White,Male,0,0,31,Japan,>50K
60,Private,271957,HS-grad,9,Married-civ-spouse,Adm-clerical,Husband,White,Male,0,0,40,United-States,<=50K
33,Private,231501,HS-grad,9,Married-civ-spouse,Other-service,Wife,White,Female,0,0,45,United-States,<=50K
29,Private,133839,9th,5,Never-married,Priv-house-serv,Other-relative,Black,Male,0,0,30,United-States,<=50K
26,Federal-gov,271896,Assoc-voc,11,Never-married,Tech-support,Not-in-family,Black,Male,0,0,43,United-States,<=50K
44,Private,299941,11th,7,Married-civ-spouse,Farming-fishing,Husband,White,Male,0,0,30,United-States,<=50K
69,Local-gov,181053,HS-grad,9,Married-civ-spouse,Other-service,Husband,White,Male,0,0,25,United-States,<=50K
24,Federal-gov,162211,HS-grad,9,Divorced,Exec-managerial,Unmarried,White,Female,0,0,54,United-States,<=50K
34,Local-gov,236013,Doctorate,16,Married-civ-spouse,Sales,Husband,White,Male,0,0,45,El-Salvador,>50K
41,Private,196902,Assoc-acdm,12,Never-married,Sales,Not-in-family,Black,Male,0,0,30,United-States,<=50K
20,Self-emp-not-inc,104577,Some-college,10,Never-married,Sales,Own-child,White,Male,0,0,55,United-States,<=50K
36,Private,217390,Doctorate,16,Married-civ-spouse,Exec-managerial,Husband,Black,Male,0,2214,45,Cuba,>50K
21,Federal-gov,372057,Some-college,10,Never-married,Tech-support,Unmarried,White,Male,6224,0,43,United-States,<=50K
27,Self-emp-not-inc,209323,Bachelors,13,Married-civ-spouse,Exec-managerial,Husband,Black,Male,0,0,48,United-States,<=50K
31,Private,369499,Some-college,10,Married-civ-spouse,Other-service,Husband,White,Male,0,0,35,United-States,<=50K
51,Private,311550,Some-college,10,Widowed,Craft-repair,Unmarried,White,Male,0,0,25,United-States,<=50K
28,Private,350351,Bachelors,13,Never-married,Transport-moving,Own-child,Black,Female,0,0,40,United-States,<=50K
48,Private,77365,Bachelors,13,Widowed,Prof-specialty,Other-relative,White,Male,0,0,36,United-States,<=50K
42,Private,152826,HS-grad,9,Divorced,Prof-specialty,Unmarried,White,Female,0,0,40,Philippines,<=50K
60,Private,130568,11th,7,Divorced,Transport-moving,Not-in-family,White,Male,0,0,40,United-States,<=50K
32,Private,96373,Doctorate,16,Married-civ-spouse,Prof-specialty,Husband,Amer-Indian-Eskimo,Male,0,0,60,United-States,<=50K
38,Private,112194,Bachelors,13,Married-civ-spouse,Prof-specialty,Husband,Asian-Pac-Islander,Male,0,0,70,United-States,<=50K
41,Federal-gov,205184,Masters,14,Married-civ-spouse,Exec-managerial,Husband,Black,Male,0,0,50,United-States,>50K
66,Self-emp-inc,146684,Masters,14,Widowed,Exec-managerial,Not-in-family,Asian-Pac-Islander,Female,0,0,61,United-States,<=50K
36,Local-gov,133116,Bachelors,13,Married-civ-spouse,Craft-repair,Wife,White,Female,0,1934,43,United-States,<=50K
43,Private,147421,Some-college,10,Never-married,Sales,Own-child,White,Female,0,0,60,United-States,<=50K
32,Private,235984,Some-college,10,Married-civ-spouse,Craft-repair,Husband,White,Male,0,0,50,United-States,>50K
30,Private,131778,Some-college,10,Married-civ-spouse,Prof-specialty,Husband,White,Male,0,0,48,United-States,<=50K
24,Federal-gov,280667,HS-grad,9,Never-married,Exec-managerial,Not-in-family,White,Male,0,0,45,United-States,<=50K
37,Private,162722,HS-grad,9,Married-civ-spouse,Prof-specialty,Wife,Asian-Pac-Islander,Female,0,0,40,United-States,<=50K
40,Private,380696,Doctorate,16,Never-married,Prof-specialty,Not-in-family,White,Male,0,0,50,United-States,>50K
34,Private,241084,Bachelors,13,Married-civ-spouse,Exec-managerial,Husband,White,Male,0,0,45,United-States,>50K
41,Private,134406,9th,5,Married-civ-spouse,Other-service,Husband,White,Male,0,0,50,United-States,<=50K
44,Local-gov,162173,Assoc-voc,11,Married-civ-spouse,Prof-specialty,Wife,White,Female,0,2263,55,United-States,<=50K
43,Private,186777,Bachelors,13,Married-civ-spouse,Exec-managerial,Wife,Black,Female,0,0,50,United-States,>50K
45,Local-gov,114916,HS-grad,9,Married-civ-spouse,Prof-specialty,Own-child,White,Male,0,0,40,United-States,<=50K
33,Local-gov,128766,Some-college,10,Married-civ-spouse,Prof-specialty,Wife,White,Female,0,1912,45,United-States,<=50K
42,Private,119376,Bachelors,13,Married-civ-spouse,Exec-managerial,Own-child,White,Male,0,0,45,United-States,>50K
46,Private,229089,HS-grad,9,Divorced,Other-service,Unmarried,White,Male,0,0,40,United-States,<=50K
42,Private,203154,Doctorate,16,Married-civ-spouse,Prof-specialty,Husband,White,Male,0,0,50,United-States,>50K
40,Private,226992,Prof-school,15,Married-civ-spouse,Adm-clerical,Wife,White,Female,0,0,45,United-States,>50K
33,Local-gov,268589,Bachelors,13,Married-civ-spouse,Adm-clerical,Husband,White,Male,0,0,40,United-States,<=50K
51,Private,102284,HS-grad,9,Married-spouse-absent,Transport-moving,Unmarried,Asian-Pac-Islander,Female,0,0,50,United-States,<=50K
60,Self-emp-inc,166493,Masters,14,Widowed,Adm-clerical,Other-relative,White,Female,0,0,30,United-States,>50K
42,Private,179968,Assoc-voc,11,Widowed,Other-service,Not-in-family,White,Male,0,0,40,United-States,<=50K
39,Private,264158,HS-grad,9,Married-civ-spouse,Handlers-cleaners,Husband,Black,Male,2975,0,35,United-States,>50K
44,Federal-gov,168376,HS-grad,9,Widowed,Protective-serv,Other-relative,White,Female,0,0,40,Canada,<=50K
38,Private,114981,Masters,14,Married-civ-spouse,Farming-fishing,Wife,Black,Female,0,0,40,United-States,>50K
31,Private,415413,Bachelors,13,Divorced,Adm-clerical,Not-in-family,White,Male,0,0,40,Cuba,<=50K
41,Self-emp-not-inc,212231,Doctorate,16,Married-civ-spouse,Sales,Husband,White,Male,0,0,50,United-States,>50K
37,Private,299015,Some-college,10,Married-civ-spouse,Sales,Husband,White,Male,0,1396,35,United-States,<=50K
26,Private,226148,HS-grad,9,Divorced,Exec-managerial,Not-in-family,White,Male,7103,0,43,United-States,<=50K
43,Private,369594,Bachelors,13,Divorced,Prof-specialty,Not-in-family,White,Male,0,0,40,United-States,<=50K
28,Private,101674,Assoc-voc,11,Married-civ-spouse,Farming-fishing,Wife,White,Female,0,0,40,United-States,<=50K
40,Private,323871,HS-grad,9,Married-civ-spouse,Machine-op-inspct,Husband,Black,Male,0,1927,45,United-States,<=50K
37,Private,86496,HS-grad,9,Married-civ-spouse,Adm-clerical,Husband,Asian-Pac-Islander,Male,0,0,48,United-States,<=50K
26,Private,321507,Bachelors,13,Married-civ-spouse,Prof-specialty,Husband,White,Male,0,0,50,United-States,<=50K
40,Private,444119,HS-grad,9,Widowed,Exec-managerial,Other-relative,White,Female,0,0,45,United-States,<=50K
61,Private,126895,Assoc-acdm,12,Married-civ-spouse,Handlers-cleaners,Wife,White,Female,0,0,38,United-States,<=50K
45,Private,175301,Some-college,10,Divorced,Exec-managerial,Unmarried,White,Male,0,0,40,United-States,<=50K
65,Private,100721,Doctorate,16,Married-civ-spouse,Prof-specialty,Husband,White,Male,0,0,50,United-States,>50K
30,Federal-gov,171905,Bachelors,13,Separated,Machine-op-inspct,Not-in-family,White,Male,0,0,32,United-States,<=50K
33,Private,332261,Bachelors,13,Married-civ-spouse,Tech-support,Husband,White,Male,0,0,50,United-States,<=50K
56,Local-gov,335168,Some-college,10,Divorced,Sales,Unmarried,White,Male,0,0,35,United-States,<=50K
56,Self-emp-not-inc,315966,11th,7,Married-civ-spouse,Other-service,Wife,White,Female,0,0,35,India,<=50K
40,Self-emp-not-inc,197821,11th,7,Married-civ-spouse,Transport-moving,Husband,White,Male,0,0,45,India,<=50K
59,State-gov,118827,Prof-school,15,Married-civ-spouse,Craft-repair,Husband,Black,Male,0,0,40,United-States,>50K
47,Private,97852,Some-college,10,Married-civ-spouse,Craft-repair,Husband,White,Male,0,0,40,United-States,<=50K
66,Private,324853,HS-grad,9,Widowed,Sales,Not-in-family,White,Male,0,0,44,United-States,<=50K
38,Self-emp-inc,122356,Some-college,10,Married-civ-spouse,Sales,Wife,White,Female,2071,0,40,United-States,>50K
34,Private,170816,7th-8th,4,Married-civ-spouse,Machine-op-inspct,Wife,White,Female,0,0,45,United-States,<=50K
27,Self-emp-not-inc,223622,Bachelors,13,Married-civ-spouse,Tech-support,Husband,White,Male,0,0,38,United-States,<=50K
46,Private,93611,Some-college,10,Never-married,Adm-clerical,Not-in-family,Black,Male,0,0,55,United-States,<=50K
31,Self-emp-not-inc,132181,Assoc-acdm,12,Married-AF-spouse,Other-service,Husband,White,Male,0,0,20,United-States,<=50K
34,Private,146178,Some-college,10,Divorced,Sales,Other-relative,White,Male,0,0,35,United-States,<=50K
28,Private,195529,Assoc-acdm,12,Married-civ-spouse,Other-service,Husband,White,Male,0,0,40,South,<=50K
56,Private,293006,Some-college,10,Separated,Machine-op-inspct,Own-child,White,Female,9058,0,30,United-States,<=50K
59,Private,110838,Some-college,10,Widowed,Craft-repair,Not-in-family,White,Male,0,0,40,Japan,<=50K
32,Private,160034,HS-grad,9,Divorced,Protective-serv,Own-child,White,Male,0,0,40,United-States,<=50K
25,Local-gov,324575,HS-grad,9,Never-married,Craft-repair,Other-relative,White,Female,0,0,54,United-States,<=50K
42,Local-gov,460784,Bachelors,13,Never-married,Prof-specialty,Not-in-family,White,Male,0,0,35,United-States,>50K
30,Private,168709,Some-college,10,Never-married,Prof-specialty,Not-in-family,White,Male,0,0,55,United-States,<=50K
61,Private,175509,Doctorate,16,Widowed,Prof-specialty,Not-in-family,Other,Female,0,0,55,United-States,>50K
33,Private,157129,Assoc-acdm,12,Married-civ-spouse,Other-service,Wife,White,Female,0,0,40,India,<=50K
38,Private,163096,10th,6,Divorced,Machine-op-inspct,Own-child,White,Male,0,0,42,United-States,<=50K
21,Private,410400,11th,7,Never-married,Handlers-cleaners,Own-child,White,Female,14717,0,43,United-States,<=50K
21,Private,305564,11th,7,Never-married,Other-service,Own-child,White,Male,0,0,20,United-States,<=50K
20,Private,146094,Some-college,10,Married-civ-spouse,Handlers-cleaners,Husband,White,Male,0,0,38,United-States,<=50K
25,Private,167783,Assoc-voc,11,Married-civ-spouse,Protective-serv,Own-child,White,Male,0,0,41,United-States,>50K
35,Private,274036,Masters,14,Married-civ-spouse,Prof-specialty,Husband,White,Male,0,0,50,Taiwan,>50K
40,Private,201594,Masters,14,Never-married,Prof-specialty,Not-in-family,White,Female,0,0,44,United-States,<=50K
51,Self-emp-inc,155450,Bachelors,13,Divorced,Prof-specialty,Own-child,White,Female,0,0,40,United-States,>50K
63,Private,206101,Some-college,10,Divorced,Sales,Own-child,White,Male,0,0,45,United-States,<=50K
19,Private,128876,Some-college,10,Never-married,Sales,Not-in-family,Black,Male,0,0,43,United-States,<=50K
54,Private,148530,9th,5,Married-civ-spouse,Craft-repair,Husband,White,Male,0,0,40,Ireland,<=50K
43,Private,114784,HS-grad,9,Married-civ-spouse,Exec-managerial,Husband,White,Male,0,0,50,United-States,<=50K
35,Private,233596,HS-grad,9,Married-civ-spouse,Sales,Husband,White,Male,0,0,40,United-States,<=50K
49,Private,148088,Doctorate,16,Married-civ-spouse,Exec-managerial,Own-child,White,Male,0,0,35,United-States,>50K
65,State-gov,230889,Doctorate,16,Divorced,Exec-managerial,Unmarried,Black,Female,0,0,50,United-States,>50K
23,Private,150892,Doctorate,16,Married-civ-spouse,Sales,Wife,White,Female,0,0,40,United-States,>50K
46,Self-emp-not-inc,135685,Bachelors,13,Married-civ-spouse,Prof-specialty,Husband,White,Male,0,0,50,United-States,>50K
23,Self-emp-inc,473547,Bachelors,13,Married-civ-spouse,Prof-specialty,Husband,Black,Male,0,0,48,United-States,>50K
43,Local-gov,300240,Bachelors,13,Married-civ-spouse,Prof-specialty,Wife,Asian-Pac-Islander,Female,0,0,40,United-States,>50K
58,Private,266469,7th-8th,4,Widowed,Machine-op-inspct,Other-relative,White,Female,0,0,45,United-States,<=50K
38,Private,168210,Assoc-acdm,12,Married-civ-spouse,Adm-clerical,Husband,White,Male,0,0,35,United-States,<=50K
52,Private,221882,10th,6,Married-civ-spouse,Handlers-cleaners,Husband,White,Male,0,0,40,United-States,<=50K
27,Private,255941,Assoc-voc,11,Married-spouse-absent,Adm-clerical,Other-relative,White,Female,0,0,43,United-States,<=50K
26,Private,115565,Assoc-acdm,12,Married-civ-spouse,Prof-specialty,Husband,Asian-Pac-Islander,Male,0,0,40,United-States,>50K
43,Private,278077,HS-grad,9,Married-civ-spouse,Handlers-cleaners,Wife,White,Female,0,1909,50,United-States,<=50K
33,Local-gov,250928,Doctorate,16,Never-married,Adm-clerical,Not-in-family,White,Male,0,0,40,United-States,>50K
57,Private,168009,Some-college,10,Married-civ-spouse,Craft-repair,Husband,White,Male,0,0,40,Mexico,<=50K
50,Private,85457,HS-grad,9,Married-civ-spouse,Handlers-cleaners,Husband,White,Male,0,0,40,United-States,>50K
36,Private,138189,Some-college,10,Married-civ-spouse,Machine-op-inspct,Husband,White,Male,0,0,35,United-States,<=50K
33,State-gov,287255,Assoc-voc,11,Separated,Sales,Not-in-family,White,Male,5450,0,40,United-States,<=50K
46,Private,119166,Some-college,10,Never-married,Machine-op-inspct,Unmarried,White,Male,0,0,42,United-States,<=50K
64,Private,249210,HS-grad,9,Married-civ-spouse,Machine-op-inspct,Husband,White,Male,0,0,48,United-States,<=50K
42,Private,88989,Bachelors,13,Married-civ-spouse,Prof-specialty,Husband,White,Male,0,0,60,United-States,>50K
70,Private,237901,Assoc-acdm,12,Married-spouse-absent,Other-service,Not-in-family,White,Female,0,0,50,United-States,<=50K
35,Federal-gov,155514,HS-grad,9,Married-civ-spouse,Machine-op-inspct,Wife,Black,Female,0,0,35,Canada,<=50K
51,Private,276648,Assoc-acdm,12,Married-civ-spouse,Tech-support,Wife,White,Female,0,0,40,United-States,>50K
57,Self-emp-not-inc,176444,Prof-school,15,Married-civ-spouse,Exec-managerial,Husband,White,Male,15175,0,60,United-States,>50K
48,Federal-gov,104237,HS-grad,9,Divorced,Exec-managerial,Not-in-family,White,Female,0,0,35,United-States,<=50K
29,Private,255648,Assoc-acdm,12,Divorced,Exec-managerial,Other-relative,White,Male,0,0,47,United-States,<=50K
37,Federal-gov,272055,HS-grad,9,Divorced,Craft-repair,Not-in-family,White,Male,0,0,55,United-States,<=50K
49,State-gov,181597,5th-6th,3,Divorced,Other-service,Not-in-family,White,Male,0,0,50,United-States,<=50K
42,Private,182810,Masters,14,Married-civ-spouse,Exec-managerial,Husband,Black,Male,0,0,38,United-States,>50K
30,State-gov,298084,Some-college,10,Never-married,Prof-specialty,Own-child,White,Male,0,0,40,United-States,<=50K
42,Private,177142,HS-grad,9,Married-civ-spouse,Sales,Husband,White,Male,0,1967,20,United-States,<=50K
27,Private,355939,Some-college,10,Never-married,Machine-op-inspct,Not-in-family,Asian-Pac-Islander,Male,0,0,40,United-States,<=50K
28,Self-emp-not-inc,144642,HS-grad,9,Never-married,Exec-managerial,Unmarried,Black,Male,0,0,40,Mexico,<=50K
34,Self-emp-inc,130882,HS-grad,9,Married-civ-spouse,Transport-moving,Own-child,White,Male,5166,0,73,United-States,>50K
46,Federal-gov,187826,Doctorate,16,Married-civ-spouse,Prof-specialty,Husband,Black,Male,0,0,50,United-States,<=50K
33,Local-gov,139293,Assoc-voc,11,Married-civ-spouse,Protective-serv,Husband,White,Male,0,0,60,Trinadad&Tobago,>50K
24,Private,159015,Bachelors,13,Never-married,Protective-serv,Own-child,White,Male,0,0,55,United-States,<=50K
35,Local-gov,138668,Some-college,10,Married-civ-spouse,Machine-op-inspct,Husband,White,Male,0,0,40,United-States,<=50K
33,Private,156238,HS-grad,9,Married-civ-spouse,Prof-specialty,Wife,White,Female,0,0,51,United-States,<=50K
46,Private,145143,9th,5,Married-civ-spouse,Craft-repair,Wife,White,Female,0,0,30,United-States,<=50K
43,Federal-gov,107138,Masters,14,Married-civ-spouse,Exec-managerial,Husband,Black,Male,0,0,50,Canada,>50K
59,Private,387416,HS-grad,9,Never-married,Sales,Not-in-family,White,Female,0,0,35,United-States,<=50K
31,Local-gov,109774,Assoc-voc,11,Divorced,Adm-clerical,Other-relative,White,Female,0,0,44,United-States,<=50K
46,Private,179074,Some-college,10,Separated,Machine-op-inspct,Other-relative,Black,Male,0,0,40,United-States,<=50K
43,Private,181098,Masters,14,Married-spouse-absent,Exec-managerial,Not-in-family,Black,Female,0,0,50,United-States,>50K
63,Private,151210,Bachelors,13,Divorced,Sales,Not-in-family,White,Male,0,0,38,United-States,<=50K
53,Local-gov,63097,9th,5,Never-married,Craft-repair,Not-in-family,White,Male,0,0,40,United-States,<=50K
21,Self-emp-inc,77989,Some-college,10,Never-married,Tech-support,Not-in-family,White,Male,0,0,50,Vietnam,<=50K
28,Private,159346,Some-college,10,Divorced,Adm-clerical,Not-in-family,Other,Male,0,0,25,United-States,<=50K
43,Private,118110,Bachelors,13,Divorced,Exec-managerial,Other-relative,Asian-Pac-Islander,Male,0,0,40,United-States,<=50K
36,Private,184667,HS-grad,9,Never-married,Other-service,Own-child,White,Female,0,0,20,United-States,<=50K
61,Self-emp-not-inc,204848,HS-grad,9,Divorced,Sales,Other-relative,White,Female,0,0,40,United-States,<=50K
48,Local-gov,468749,Some-college,10,Married-civ-spouse,Machine-op-inspct,Husband,White,Male,0,0,25,United-States,<=50K
37,Private,118592,Doctorate,16,Married-civ-spouse,Prof-specialty,Husband,White,Male,5014,0,50,England,>50K
39,Private,243877,Masters,14,Married-spouse-absent,Craft-repair,Unmarried,White,Male,0,0,44,United-States,<=50K
53,Private,133503,9th,5,Married-civ-spouse,Craft-repair,Husband,White,Male,0,0,44,United-States,<=50K
38,Federal-gov,200024,Bachelors,13,Never-married,Tech-support,Not-in-family,White,Male,0,0,40,United-States,>50K
39,Local-gov,126061,Bachelors,13,Never-married,Exec-managerial,Unmarried,White,Female,0,0,60,United-States,<=50K
51,Private,284598,Doctorate,16,Married-civ-spouse,Exec-managerial,Husband,White,Male,0,0,41,United-States,>50K
29,Private,356538,Some-college,10,Never-married,Transport-moving,Other-relative,White,Male,0,0,20,United-States,<=50K
52,Private,314870,Bachelors,13,Married-civ-spouse,Exec-managerial,Husband,White,Male,0,0,60,United-States,>50K
37,Private,338201,HS-grad,9,Never-married,Craft-repair,Own-child,White,Female,4613,0,44,United-States,>50K
47,State-gov,120442,Bachelors,13,Divorced,Prof-specialty,Not-in-family,White,Male,0,0,40,United-States,<=50K
43,Private,502200,HS-grad,9,Married-civ-spouse,Craft-repair,Wife,White,Female,0,0,50,United-States,<=50K
27,Private,282545,11th,7,Never-married,Other-service,Not-in-family,White,Male,14055,0,15,United-States,<=50K
42,Private,256935,HS-grad,9,Married-civ-spouse,Sales,Wife,Black,Female,0,0,40,Jamaica,<=50K
34,Federal-gov,142548,Some-college,10,Married-civ-spouse,Farming-fishing,Husband,White,Male,0,0,20,United-States,>50K
26,Private,143532,Some-college,10,Never-married,Machine-op-inspct,Other-relative,White,Male,0,0,40,United-States,<=50K
41,Private,310167,Masters,14,Married-civ-spouse,Prof-specialty,Wife,White,Female,0,0,55,United-States,>50K
65,Self-emp-not-inc,186299,Assoc-voc,11,Married-spouse-absent,Other-service,Not-in-family,White,Male,0,0,20,United-States,<=50K
60,Private,106792,Masters,14,Widowed,Prof-specialty,Unmarried,White,Male,0,0,35,United-States,<=50K
67,Federal-gov,190045,Bachelors,13,Divorced,Exec-managerial,Not-in-family,White,Male,0,0,55,United-States,>50K
43,Private,106555,Assoc-voc,11,Married-civ-spouse,Farming-fishing,Husband,White,Male,0,0,40,United-States,<=50K
33,Private,188420,Prof-school,15,Married-civ-spouse,Sales,Husband,Black,Male,0,0,44,Jamaica,>50K
48,Private,140056,Bachelors,13,Divorced,Prof-specialty,Other-relative,White,Female,0,0,40,United-States,<=50K
39,Private,403458,Some-college,10,Divorced,Tech-support,Not-in-family,White,Male,0,0,40,Puerto-Rico,<=50K
37,Local-gov,78613,Bachelors,13,Married-civ-spouse,Prof-specialty,Husband,White,Male,0,0,55,United-States,>50K
60,Private,484547,Some-college,10,Divorced,Other-service,Other-relative,White,Male,0,0,40,United-States,<=50K
41,Self-emp-not-inc,174832,Masters,14,Married-civ-spouse,Prof-specialty,Husband,White,Male,0,0,50,Honduras,>50K
43,Local-gov,209086,Prof-school,15,Married-AF-spouse,Exec-managerial,Other-relative,White,Male,0,0,50,United-States,>50K
38,Private,98831,Bachelors,13,Never-married,Prof-specialty,Not-in-family,White,Male,0,0,40,United-States,<=50K
42,Private,136237,HS-grad,9,Never-married,Prof-specialty,Unmarried,White,Male,0,0,40,United-States,<=50K
22,Private,220197,Some-college,10,Never-married,Sales,Unmarried,White,Female,0,1369,35,United-States,<=50K
36,Federal-gov,78233,Bachelors,13,Never-married,Exec-managerial,Not-in-family,White,Female,0,0,57,United-States,<=50K
38,Private,377666,Bachelors,13,Never-married,Prof-specialty,Not-in-family,Black,Male,0,0,40,United-States,<=50K
35,Federal-gov,220803,Bachelors,13,Divorced,Exec-managerial,Unmarried,White,Male,0,0,45,United-States,<=50K
22,Private,276978,Some-college,10,Married-civ-spouse,Craft-repair,Wife,White,Female,0,0,40,United-States,<=50K
46,Private,94242,Assoc-voc,11,Divorced,Other-service,Not-in-family,White,Male,0,0,25,United-States,<=50K
42,Private,241292,HS-grad,9,Divorced,Tech-support,Own-child,White,Male,0,0,40,United-States,<=50K
57,Private,131484,Bachelors,13,Widowed,Tech-support,Unmarried,White,Male,0,0,55,India,>50K
48,Private,165154,Prof-school,15,Married-civ-spouse,Prof-specialty,Wife,White,Female,0,0,39,Mexico,>50K
59,Local-gov,220222,Bachelors,13,Married-civ-spouse,Sales,Wife,White,Female,0,0,52,United-States,<=50K
47,Private,214243,HS-grad,9,Widowed,Farming-fishing,Unmarried,White,Male,8987,0,48,United-States,>50K
56,Private,336511,7th-8th,4,Married-spouse-absent,Priv-house-serv,Unmarried,Black,Male,0,0,50,United-States,<=50K
32,Private,143710,Masters,14,Married-civ-spouse,Craft-repair,Husband,White,Male,0,0,40,United-States,<=50K
37,Private,406173,Bachelors,13,Married-civ-spouse,Sales,Wife,White,Female,15958,0,36,United-States,>50K
62,Private,158323,9th,5,Never-married,Handlers-cleaners,Not-in-family,Asian-Pac-Islander,Male,100007,0,40,United-States,<=50K
30,Private,77028,Doctorate,16,Never-married,Exec-managerial,Not-in-family,White,Male,0,1506,45,United-States,>50K
33,Private,331611,Assoc-voc,11,Widowed,Adm-clerical,Unmarried,White,Male,6619,0,35,Mexico,<=50K
49,Private,342516,HS-grad,9,Married-civ-spouse,Exec-managerial,Husband,White,Male,41472,0,45,United-States,>50K
31,Private,144471,9th,5,Married-civ-spouse,Sales,Husband,White,Male,0,0,40,United-States,<=50K
38,Self-emp-not-inc,101055,Assoc-voc,11,Married-civ-spouse,Other-service,Wife,Black,Female,0,0,30,United-States,<=50K
33,Private,151033,HS-grad,9,Married-civ-spouse,Handlers-cleaners,Husband,White,Male,0,0,40,United-States,<=50K
56,Private,325374,HS-grad,9,Married-civ-spouse,Machine-op-inspct,Husband,White,Male,0,0,40,Germany,<=50K
21,Private,94484,Some-college,10,Never-married,Prof-specialty,Not-in-family,White,Male,0,0,40,United-States,<=50K
56,Federal-gov,110707,Some-college,10,Married-spouse-absent,Prof-specialty,Unmarried,White,Male,0,0,50,United-States,<=50K
31,Private,205792,Some-college,10,Divorced,Craft-repair,Unmarried,White,Male,0,0,41,United-States,<=50K
26,Private,251664,11th,7,Never-married,Farming-fishing,Unmarried,White,Male,0,1707,25,United-States,<=50K
38,Federal-gov,220054,Assoc-voc,11,Married-civ-spouse,Adm-clerical,Wife,White,Female,0,0,55,United-States,<=50K
35,Private,226702,Bachelors,13,Divorced,Prof-specialty,Not-in-family,White,Male,0,2014,40,United-States,<=50K
38,Private,125059,Assoc-voc,11,Never-married,Exec-managerial,Not-in-family,White,Male,0,0,45,Philippines,<=50K
46,Private,444718,Some-college,10,Never-married,Other-service,Unmarried,White,Male,0,0,40,United-States,<=50K
26,Private,238503,Some-college,10,Never-married,Sales,Not-in-family,White,Female,0,0,40,United-States,>50K
37,Self-emp-not-inc,281202,Prof-school,15,Married-civ-spouse,Exec-managerial,Husband,White,Male,0,0,38,United-States,>50K
38,Private,165866,HS-grad,9,Married-civ-spouse,Adm-clerical,Wife,White,Female,0,0,35,United-States,>50K
21,Private,190274,HS-grad,9,Never-married,Craft-repair,Not-in-family,White,Male,0,0,40,United-States,<=50K
43,Local-gov,156204,HS-grad,9,Married-civ-spouse,Priv-house-serv,Wife,White,Female,0,0,45,United-States,<=50K
49,Self-emp-inc,288795,Some-college,10,Never-married,Adm-clerical,Other-relative,White,Male,0,0,40,United-States,<=50K
26,Local-gov,124198,Bachelors,13,Never-married,Exec-managerial,Unmarried,White,Male,0,0,60,United-States,<=50K
59,Private,383001,Bachelors,13,Never-married,Exec-managerial,Own-child,Asian-Pac-Islander,Male,0,0,55,Cuba,<=50K
64,Private,260357,HS-grad,9,Widowed,Craft-repair,Not-in-family,White,Female,0,0,40,United-States,<=50K
24,Self-emp-not-inc,186562,Assoc-voc,11,Never-married,Craft-repair,Own-child,Black,Male,0,1772,70,Canada,<=50K
40,Private,180022,Masters,14,Married-civ-spouse,Tech-support,Husband,White,Male,0,0,35,United-States,>50K
24,Private,153881,Assoc-acdm,12,Married-civ-spouse,Other-service,Husband,White,Male,0,0,40,United-States,>50K
41,Private,108334,9th,5,Married-civ-spouse,Other-service,Husband,White,Male,0,0,35,United-States,<=50K
55,Private,136359,Masters,14,Never-married,Prof-specialty,Not-in-family,White,Male,0,0,38,United-States,<=50K
31,Private,272121,HS-grad,9,Married-civ-spouse,Adm-clerical,Husband,White,Male,0,0,40,United-States,>50K
29,Private,133447,HS-grad,9,Married-civ-spouse,Machine-op-inspct,Wife,White,Female,0,0,38,United-States,<=50K
50,Local-gov,136932,11th,7,Never-married,Other-service,Own-child,Asian-Pac-Islander,Male,0,0,15,United-States,<=50K
25,Private,159519,HS-grad,9,Never-married,Tech-support,Not-in-family,Black,Female,0,0,40,United-States,<=50K
48,Private,115673,Assoc-acdm,12,Married-civ-spouse,Exec-managerial,Husband,White,Male,0,0,40,United-States,<=50K
45,Private,207103,HS-grad,9,Married-civ-spouse,Machine-op-inspct,Husband,White,Male,0,0,40,United-States,<=50K
49,Private,205005,HS-grad,9,Divorced,Adm-clerical,Not-in-family,White,Female,0,0,40,United-States,<=50K
57,Private,292147,Assoc-voc,11,Widowed,Tech-support,Unmarried,White,Female,0,0,38,United-States,>50K
23,Federal-gov,63880,Some-college,10,Never-married,Machine-op-inspct,Own-child,White,Female,0,0,40,United-States,<=50K
27,Private,236374,Some-college,10,Never-married,Craft-repair,Own-child,White,Male,0,2305,40,United-States,<=50K
32,Private,124794,Assoc-acdm,12,Married-civ-spouse,Other-service,Wife,White,Female,0,1494,38,Philippines,<=50K
36,Local-gov,105449,Bachelors,13,Married-civ-spouse,Exec-managerial,Husband,Black,Male,0,0,60,United-States,>50K
31,Private,197697,Masters,14,Married-civ-spouse,Other-service,Husband,White,Male,0,0,31,United-States,>50K
35,Private,222772,Some-college,10,Never-married,Prof-specialty,Own-child,Black,Male,0,0,40,India,<=50K
42,Private,292072,Some-college,10,Never-married,Other-service,Not-in-family,White,Female,0,0,15,United-States,<=50K
29,Private,95101,HS-grad,9,Separated,Machine-op-inspct,Not-in-family,White,Male,0,0,40,United-States,<=50K
25,Private,161407,Assoc-voc,11,Married-civ-spouse,Protective-serv,Husband,White,Male,0,2629,40,Mexico,>50K
62,Private,84105,Some-college,10,Widowed,Adm-clerical,Not-in-family,Other,Male,0,0,45,United-States,<=50K
37,Private,198165,Masters,14,Married-civ-spouse,Prof-specialty,Husband,White,Male,0,0,35,Mexico,>50K
50,State-gov,354182,HS-grad,9,Married-civ-spouse,Exec-managerial,Husband,Asian-Pac-Islander,Male,0,0,40,United-States,>50K
31,Federal-gov,342233,Some-college,10,Never-married,Sales,Not-in-family,Asian-Pac-Islander,Male,0,0,45,Trinadad&Tobago,<=50K
42,Private,154709,Assoc-voc,11,Divorced,Adm-clerical,Not-in-family,White,Male,0,0,40,United-States,<=50K
53,Self-emp-not-inc,194606,Masters,14,Widowed,Prof-specialty,Own-child,White,Male,0,1662,45,United-States,>50K
61,Local-gov,221712,Bachelors,13,Never-married,Prof-specialty,Not-in-family,White,Male,0,0,60,United-States,<=50K
43,Private,309147,Masters,14,Widowed,Exec-managerial,Unmarried,White,Female,0,0,40,United-States,>50K
62,Federal-gov,100349,10th,6,Divorced,Craft-repair,Unmarried,White,Female,0,0,50,United-States,<=50K
41,Private,123701,Prof-school,15,Never-married,Prof-specialty,Not-in-family,White,Female,0,0,57,Cuba,>50K
30,Federal-gov,209562,Assoc-voc,11,Married-civ-spouse,Prof-specialty,Wife,White,Female,0,0,40,United-States,<=50K
56,Private,121208,Bachelors,13,Divorced,Tech-support,Not-in-family,White,Male,0,0,40,United-States,>50K
54,Federal-gov,198744,Bachelors,13,Widowed,Sales,Not-in-family,White,Male,0,0,35,United-States,<=50K
63,Private,287665,HS-grad,9,Married-civ-spouse,Sales,Husband,White,Male,0,0,55,United-States,<=50K
45,Private,259698,Doctorate,16,Married-civ-spouse,Sales,Husband,Asian-Pac-Islander,Male,0,0,45,United-States,>50K
20,Private,197106,HS-grad,9,Never-married,Tech-support,Not-in-family,Black,Male,0,0,35,United-States,<=50K
35,Private,118784,Some-college,10,Married-civ-spouse,Machine-op-inspct,Husband,White,Male,0,0,45,United-States,<=50K
40,Self-emp-not-inc,295921,Assoc-voc,11,Never-married,Machine-op-inspct,Not-in-family,Black,Male,0,0,60,United-States,<=50K
49,Private,180887,Bachelors,13,Separated,Exec-managerial,Not-in-family,White,Female,0,0,50,United-States,<=50K
20,Private,281034,11th,7,Never-married,Farming-fishing,Own-child,White,Male,0,0,50,United-States,<=50K
42,Private,189742,Doctorate,16,Widowed,Craft-repair,Not-in-family,Asian-Pac-Islander,Female,0,0,41,United-States,>50K
36,Federal-gov,307365,Some-college,10,Married-civ-spouse,Sales,Husband,White,Male,0,0,40,United-States,<=50K
40,Private,154089,Some-college,10,Divorced,Craft-repair,Unmarried,White,Female,0,0,50,United-States,<=50K
71,Private,223295,9th,5,Divorced,Other-service,Not-in-family,White,Male,6947,0,38,United-States,<=50K
35,Private,96385,HS-grad,9,Divorced,Farming-fishing,Not-in-family,White,Male,0,0,35,Mexico,<=50K
44,Private,176355,Masters,14,Married-civ-spouse,Tech-support,Husband,White,Male,0,0,35,United-States,>50K
47,Private,300668,Bachelors,13,Married-civ-spouse,Protective-serv,Husband,Black,Male,0,1976,48,United-States,<=50K
32,Private,84780,Doctorate,16,Married-civ-spouse,Tech-support,Husband,White,Male,0,0,35,United-States,>50K
25,Private,369503,Assoc-voc,11,Married-civ-spouse,Machine-op-inspct,Husband,White,Male,0,0,40,United-States,<=50K
42,State-gov,74522,Bachelors,13,Separated,Prof-specialty,Unmarried,White,Female,0,1557,60,United-States,>50K
35,Private,306934,Bachelors,13,Married-civ-spouse,Prof-specialty,Wife,White,Female,0,0,50,United-States,>50K
68,Private,369556,HS-grad,9,Married-civ-spouse,Farming-fishing,Husband,White,Male,5090,0,50,United-States,>50K
22,Federal-gov,340121,Bachelors,13,Divorced,Transport-moving,Unmarried,White,Male,2783,0,40,Haiti,<=50K
35,Private,118124,Bachelors,13,Married-civ-spouse,Prof-specialty,Husband,White,Male,0,0,40,United-States,>50K
32,Private,183038,Some-college,10,Married-civ-spouse,Machine-op-inspct,Husband,White,Male,0,0,20,United-States,<=50K
49,Private,189875,HS-grad,9,Married-civ-spouse,Prof-specialty,Husband,White,Male,0,0,47,United-States,<=50K
30,Self-emp-not-inc,281098,Bachelors,13,Never-married,Exec-managerial,Not-in-family,White,Female,0,0,50,Mexico,<=50K
37,Local-gov,210894,HS-grad,9,Married-civ-spouse,Priv-house-serv,Husband,White,Male,0,0,16,United-States,<=50K
34,Private,263800,Some-college,10,Married-civ-spouse,Sales,Husband,White,Male,0,0,38,Mexico,<=50K
31,Private,60485,Prof-school,15,Married-civ-spouse,Prof-specialty,Wife,Other,Female,0,0,40,United-States,>50K
22,Private,125192,Assoc-acdm,12,Never-married,Exec-managerial,Unmarried,White,Male,0,0,49,United-States,<=50K
38,Federal-gov,162509,Doctorate,16,Divorced,Protective-serv,Unmarried,White,Female,0,1708,40,United-States,>50K
48,Private,134999,HS-grad,9,Never-married,Exec-managerial,Own-child,White,Female,0,0,40,United-States,<=50K
39,Self-emp-not-inc,185755,Bachelors,13,Married-civ-spouse,Adm-clerical,Husband,White,Male,0,0,55,United-States,>50K
38,Private,237535,Assoc-acdm,12,Married-civ-spouse,Prof-specialty,Wife,White,Female,0,0,40,United-States,<=50K
64,Private,182249,Assoc-acdm,12,Divorced,Machine-op-inspct,Unmarried,Black,Female,0,0,44,United-States,<=50K
30,Private,261964,Assoc-acdm,12,Never-married,Other-service,Unmarried,White,Male,0,0,18,Jamaica,<=50K
60,Private,243514,HS-grad,9,Widowed,Craft-repair,Not-in-family,White,Male,0,0,45,United-States,<=50K
31,Private,97544,Assoc-voc,11,Divorced,Machine-op-inspct,Not-in-family,White,Male,0,0,30,United-States,<=50K
35,Self-emp-not-inc,128737,Bachelors,13,Married-civ-spouse,Craft-repair,Husband,White,Male,0,0,60,United-States,<=50K
39,Federal-gov,201615,HS-grad,9,Married-civ-spouse,Transport-moving,Wife,White,Female,0,0,60,United-States,<=50K
52,State-gov,248011,HS-grad,9,Divorced,Prof-specialty,Not-in-family,White,Male,7398,0,50,United-States,>50K
47,Local-gov,160739,Masters,14,Married-civ-spouse,Exec-managerial,Husband,White,Male,0,0,60,United-States,>50K
25,Self-emp-not-inc,352291,Bachelors,13,Married-civ-spouse,Prof-specialty,Wife,White,Female,0,0,40,United-States,<=50K
61,Self-emp-not-inc,319175,Some-college,10,Married-civ-spouse,Other-service,Husband,White,Male,0,0,40,United-States,<=50K
54,Private,396732,9th,5,Never-married,Other-service,Not-in-family,Black,Male,0,0,30,United-States,<=50K
39,Private,196699,Masters,14,Married-civ-spouse,Exec-managerial,Wife,White,Female,6552,0,40,Hong,<=50K
35,Private,207760,Bachelors,13,Married-civ-spouse,Exec-managerial,Wife,White,Female,6591,0,40,United-States,>50K
41,Private,129719,Bachelors,13,Married-civ-spouse,Exec-managerial,Husband,White,Male,0,0,55,United-States,<=50K
51,Private,119761,Assoc-voc,11,Married-civ-spouse,Machine-op-inspct,Husband,White,Male,0,0,40,United-States,<=50K
39,Private,162446,Doctorate,16,Never-married,Farming-fishing,Not-in-family,White,Male,0,2558,20,Mexico,<=50K
43,Private,347057,Masters,14,Never-married,Prof-specialty,Not-in-family,Black,Female,0,0,80,United-States,>50K
37,Private,376496,HS-grad,9,Divorced,Prof-specialty,Unmarried,White,Female,0,0,50,United-States,<=50K
41,Self-emp-not-inc,287633,Assoc-voc,11,Married-spouse-absent,Machine-op-inspct,Unmarried,White,Female,0,0,50,United-States,<=50K
37,Private,216420,HS-grad,9,Widowed,Adm-clerical,Not-in-family,Black,Male,0,0,40,United-States,<=50K
23,Private,572567,HS-grad,9,Separated,Other-service,Not-in-family,White,Male,0,0,25,United-States,<=50K
24,Private,346512,HS-grad,9,Divorced,Tech-support,Not-in-family,White,Male,4008,0,32,United-States,<=50K
31,Local-gov,100165,Some-college,10,Never-married,Exec-managerial,Own-child,White,Male,0,0,35,United-States,<=50K
26,Federal-gov,180325,Masters,14,Married-civ-spouse,Prof-specialty,Wife,Black,Female,0,0,50,United-States,<=50K
44,Private,135082,HS-grad,9,Married-civ-spouse,Exec-managerial,Husband,White,Male,0,1571,55,United-States,<=50K
38,Private,349101,Some-college,10,Married-civ-spouse,Craft-repair,Husband,White,Male,0,0,40,United-States,<=50K
25,Self-emp-not-inc,257074,Doctorate,16,Divorced,Exec-managerial,Not-in-family,White,Male,0,1625,45,United-States,<=50K
34,Private,194797,Bachelors,13,Married-civ-spouse,Exec-managerial,Wife,White,Female,0,0,49,Mexico,<=50K
57,Private,390985,Bachelors,13,Divorced,Other-service,Not-in-family,White,Male,0,0,25,United-States,<=50K
58,Private,265314,Bachelors,13,Widowed,Tech-support,Not-in-family,White,Male,0,0,40,United-States,>50K
19,Private,276003,10th,6,Never-married,Craft-repair,Own-child,Black,Male,0,0,38,United-States,<=50K
61,Private,63560,Masters,14,Married-civ-spouse,Other-service,Husband,White,Male,0,0,40,Mexico,<=50K
61,Private,248233,Masters,14,Divorced,Sales,Own-child,White,Male,0,0,45,Vietnam,<=50K
52,Self-emp-not-inc,98191,7th-8th,4,Married-civ-spouse,Other-service,Husband,White,Male,0,0,25,United-States,<=50K
53,Self-emp-not-inc,372907,Some-college,10,Separated,Exec-managerial,Unmarried,White,Male,0,0,45,United-States,<=50K
43,Private,195744,Bachelors,13,Married-civ-spouse,Prof-specialty,Husband,White,Male,0,0,70,United-States,<=50K
43,Federal-gov,192183,Bachelors,13,Never-married,Exec-managerial,Not-in-family,White,Male,0,0,60,United-States,<=50K
33,State-gov,243501,Bachelors,13,Married-civ-spouse,Sales,Husband,White,Male,0,0,25,United-States,>50K
42,Private,156835,HS-grad,9,Never-married,Exec-managerial,Own-child,White,Male,0,0,38,United-States,<=50K
41,Private,123545,Bachelors,13,Divorced,Adm-clerical,Unmarried,White,Male,0,0,48,United-States,>50K
42,Private,162145,Masters,14,Divorced,Exec-managerial,Unmarried,White,Female,0,0,60,United-States,>50K
66,Private,126829,HS-grad,9,Married-civ-spouse,Craft-repair,Husband,White,Male,4292,0,40,United-States,>50K
60,Self-emp-not-inc,170738,HS-grad,9,Married-civ-spouse,Other-service,Husband,White,Male,0,0,40,United-States,<=50K
48,Private,162592,Bachelors,13,Married-civ-spouse,Prof-specialty,Wife,White,Female,0,0,51,United-States,>50K
29,Self-emp-not-inc,210304,Bachelors,13,Never-married,Prof-specialty,Not-in-family,White,Male,0,0,45,United-States,<=50K
34,Private,141372,Some-college,10,Married-civ-spouse,Sales,Husband,White,Male,0,0,20,United-States,<=50K
36,Private,270323,Some-college,10,Divorced,Craft-repair,Own-child,White,Female,0,0,40,United-States,<=50K
46,Private,244067,HS-grad,9,Never-married,Tech-support,Unmarried,White,Male,0,0,40,India,<=50K
61,Federal-gov,101425,Assoc-acdm,12,Widowed,Craft-repair,Own-child,Black,Male,0,0,40,United-States,<=50K
44,Private,336479,HS-grad,9,Married-civ-spouse,Transport-moving,Husband,White,Male,0,0,40,United-States,<=50K
38,Local-gov,104509,Bachelors,13,Married-civ-spouse,Sales,Wife,White,Female,0,0,41,United-States,<=50K
54,Private,184791,Some-college,10,Married-spouse-absent,Tech-support,Unmarried,White,Male,0,0,40,Iran,<=50K
37,State-gov,243717,Assoc-acdm,12,Married-civ-spouse,Prof-specialty,Wife,White,Female,0,0,48,United-States,>50K
40,Private,180722,Assoc-acdm,12,Divorced,Craft-repair,Not-in-family,White,Male,13779,0,50,United-States,>50K
50,Private,279529,HS-grad,9,Married-civ-spouse,Tech-support,Husband,White,Male,0,0,40,United-States,<=50K
40,Federal-gov,155898,Bachelors,13,Married-civ-spouse,Prof-specialty,Wife,White,Female,0,0,38,United-States,>50K
34,Private,270608,Masters,14,Married-civ-spouse,Sales,Husband,White,Male,0,0,45,United-States,<=50K
44,Private,197301,HS-grad,9,Married-civ-spouse,Sales,Husband,Black,Male,0,0,50,United-States,<=50K
32,Private,152110,Doctorate,16,Married-civ-spouse,Exec-managerial,Husband,White,Male,0,0,60,United-States,>50K
45,Federal-gov,246313,Masters,14,Married-civ-spouse,Adm-clerical,Other-relative,White,Male,0,0,40,United-States,>50K
33,Private,502898,Assoc-voc,11,Married-civ-spouse,Prof-specialty,Husband,White,Male,0,0,40,United-States,<=50K
54,Private,99341,Some-college,10,Widowed,Sales,Unmarried,White,Male,0,0,30,Cuba,<=50K
31,Private,93332,Some-college,10,Married-civ-spouse,Farming-fishing,Wife,White,Female,0,0,43,United-States,<=50K
63,Private,195168,HS-grad,9,Married-civ-spouse,Machine-op-inspct,Husband,White,Male,0,0,25,United-States,<=50K
64,Private,121959,7th-8th,4,Never-married,Machine-op-inspct,Other-relative,White,Male,0,0,35,India,<=50K
55,Private,241577,Masters,14,Divorced,Prof-specialty,Not-in-family,White,Male,0,0,45,United-States,>50K
35,Private,110354,HS-grad,9,Separated,Sales,Unmarried,White,Female,0,0,35,United-States,<=50K
26,Private,109102,Some-college,10,Never-married,Sales,Not-in-family,White,Male,0,0,50,United-States,<=50K
19,Private,125064,Some-college,10,Never-married,Prof-specialty,Own-child,White,Female,0,0,45,United-States,<=50K
45,Private,272050,Some-college,10,Married-civ-spouse,Protective-serv,Husband,White,Male,0,0,40,United-States,<=50K
45,Private,341774,Masters,14,Married-civ-spouse,Exec-managerial,Wife,White,Female,0,0,35,United-States,<=50K
35,Private,153386,HS-grad,9,Married-civ-spouse,Craft-repair,Husband,Black,Male,0,0,44,United-States,>50K
44,Private,160175,7th-8th,4,Divorced,Farming-fishing,Not-in-family,White,Male,0,0,48,United-States,<=50K
61,Private,145061,HS-grad,9,Widowed,Machine-op-inspct,Unmarried,White,Female,0,0,45,United-States,<=50K
47,Self-emp-not-inc,144723,Masters,14,Married-civ-spouse,Prof-specialty,Husband,White,Male,0,0,40,United-States,>50K
57,Private,245279,Some-college,10,Married-civ-spouse,Craft-repair,Husband,White,Male,0,0,44,China,<=50K
51,Private,198243,Bachelors,13,Divorced,Exec-managerial,Not-in-family,White,Female,0,0,50,United-States,<=50K
30,Private,246759,HS-grad,9,Married-civ-spouse,Adm-clerical,Husband,White,Male,0,0,34,Jamaica,<=50K
54,Private,124615,HS-grad,9,Married-civ-spouse,Transport-moving,Husband,White,Male,0,0,60,United-States,<=50K
48,Private,271837,Masters,14,Never-married,Other-service,Not-in-family,White,Female,0,0,50,United-States,<=50K
39,Private,182172,Some-college,10,Married-civ-spouse,Adm-clerical,Husband,White,Male,14845,0,40,United-States,>50K
63,Local-gov,123928,Assoc-acdm,12,Married-civ-spouse,Sales,Husband,White,Male,3104,0,45,United-States,>50K
43,Local-gov,113838,Bachelors,13,Never-married,Exec-managerial,Own-child,White,Male,0,0,35,United-States,<=50K
60,State-gov,88650,HS-grad,9,Widowed,Tech-support,Not-in-family,White,Male,0,0,40,United-States,<=50K
66,Private,337125,Some-college,10,Divorced,Exec-managerial,Unmarried,White,Female,10787,0,48,United-States,<=50K
26,Private,153068,HS-grad,9,Never-married,Craft-repair,Not-in-family,White,Female,0,0,48,United-States,<=50K
37,Private,143739,Assoc-voc,11,Never-married,Other-service,Unmarried,Black,Male,0,0,16,United-States,<=50K
37,Private,247439,Masters,14,Married-civ-spouse,Prof-specialty,Wife,White,Female,0,0,50,United-States,>50K
31,Federal-gov,219046,Masters,14,Married-civ-spouse,Adm-clerical,Wife,Black,Female,0,0,35,United-States,>50K
32,Private,213160,Bachelors,13,Married-civ-spouse,Exec-managerial,Wife,White,Female,0,0,60,United-States,>50K
54,Private,116613,Assoc-voc,11,Married-civ-spouse,Sales,Wife,White,Female,0,0,42,United-States,<=50K
24,Local-gov,478034,Assoc-acdm,12,Married-civ-spouse,Handlers-cleaners,Husband,White,Male,0,0,40,United-States,<=50K
60,Private,103838,Assoc-voc,11,Widowed,Machine-op-inspct,Not-in-family,White,Male,0,0,40,Philippines,<=50K
31,Private,276349,Masters,14,Married-civ-spouse,Exec-managerial,Wife,White,Female,0,0,35,United-States,<=50K
30,Private,134346,Bachelors,13,Divorced,Prof-specialty,Not-in-family,White,Male,0,0,55,United-States,<=50K
27,Private,208159,HS-grad,9,Married-civ-spouse,Exec-managerial,Husband,White,Male,0,0,60,United-States,<=50K
30,Private,227907,Some-college,10,Married-spouse-absent,Exec-managerial,Not-in-family,White,Male,0,0,45,United-States,<=50K
35,Private,44522,Bachelors,13,Married-civ-spouse,Prof-specialty,Wife,White,Female,0,0,45,United-States,<=50K
30,Private,157537,Bachelors,13,Never-married,Sales,Own-child,White,Male,0,0,45,United-States,<=50K
45,Private,158850,11th,7,Married-civ-spouse,Handlers-cleaners,Husband,White,Male,0,0,46,United-States,<=50K
54,Private,225793,Some-college,10,Divorced,Craft-repair,Own-child,Other,Male,0,0,40,United-States,<=50K
46,Private,167261,Bachelors,13,Married-civ-spouse,Prof-specialty,Wife,White,Female,0,0,56,United-States,>50K
29,Local-gov,138585,Bachelors,13,Divorced,Exec-managerial,Not-in-family,Black,Male,0,0,40,United-States,<=50K
29,Private,385840,Assoc-voc,11,Never-married,Tech-support,Not-in-family,White,Female,0,0,55,United-States,<=50K
52,Private,213415,Bachelors,13,Separated,Sales,Not-in-family,White,Male,0,0,40,United-States,>50K
24,Private,92533,Masters,14,Separated,Tech-support,Unmarried,White,Female,0,0,45,United-States,<=50K
42,Self-emp-not-inc,130197,Doctorate,16,Married-civ-spouse,Prof-specialty,Wife,Black,Female,0,0,37,Mexico,>50K
25,Federal-gov,443176,Doctorate,16,Never-married,Exec-managerial,Own-child,Black,Male,0,0,38,United-States,<=50K
46,Private,240808,Masters,14,Divorced,Tech-support,Unmarried,White,Female,0,0,50,Puerto-Rico,<=50K
59,Private,222021,Bachelors,13,Separated,Armed-Forces,Not-in-family,White,Male,0,0,46,United-States,<=50K
23,Private,130827,Some-college,10,Married-civ-spouse,Transport-moving,Husband,White,Male,0,0,40,United-States,<=50K
47,Private,110632,Bachelors,13,Married-civ-spouse,Prof-specialty,Husband,White,Male,0,0,50,United-States,>50K
51,Private,164834,Masters,14,Married-civ-spouse,Sales,Husband,White,Male,0,0,41,United-States,<=50K
24,Local-gov,179224,Some-college,10,Divorced,Adm-clerical,Not-in-family,White,Male,0,0,50,United-States,<=50K
29,Private,273301,Bachelors,13,Never-married,Exec-managerial,Own-child,Asian-Pac-Islander,Female,3309,0,50,United-States,<=50K
17,Federal-gov,218792,12th,8,Never-married,Handlers-cleaners,Own-child,Black,Male,0,0,48,United-States,<=50K
62,Private,211288,HS-grad,9,Married-civ-spouse,Machine-op-inspct,Wife,Asian-Pac-Islander,Female,0,0,43,United-States,<=50K
42,State-gov,138963,Bachelors,13,Married-civ-spouse,Farming-fishing,Husband,White,Male,14661,0,40,United-States,>50K
33,State-gov,175397,Some-college,10,Never-married,Adm-clerical,Not-in-family,Black,Male,0,0,44,United-States,<=50K
44,Private,129053,Prof-school,15,Married-civ-spouse,Sales,Husband,White,Male,0,0,40,United-States,<=50K
49,Self-emp-not-inc,55160,7th-8th,4,Married-civ-spouse,Craft-repair,Husband,White,Male,0,0,45,United-States,>50K
36,Local-gov,276225,Bachelors,13,Married-civ-spouse,Protective-serv,Husband,Asian-Pac-Islander,Male,0,0,40,United-States,<=50K
36,Private,141597,Some-college,10,Married-civ-spouse,Other-service,Husband,White,Male,0,0,30,United-States,<=50K
55,Private,89198,Masters,14,Widowed,Tech-support,Unmarried,White,Male,0,0,45,United-States,<=50K
54,Federal-gov,212701,HS-grad,9,Separated,Prof-specialty,Not-in-family,White,Male,0,0,38,United-States,<=50K
42,Private,571410,Bachelors,13,Never-married,Sales,Not-in-family,White,Male,0,0,45,United-States,>50K
35,Private,187910,11th,7,Married-civ-spouse,Handlers-cleaners,Wife,Black,Female,0,0,48,United-States,<=50K
25,Private,193067,Bachelors,13,Never-married,Craft-repair,Own-child,White,Male,0,0,33,United-States,<=50K
52,Self-emp-inc,292671,Assoc-voc,11,Married-civ-spouse,Craft-repair,Wife,White,Female,0,0,50,United-States,<=50K
45,Private,148960,11th,7,Married-civ-spouse,Transport-moving,Wife,White,Female,0,0,45,United-States,<=50K
21,Federal-gov,187785,HS-grad,9,Never-married,Protective-serv,Own-child,White,Female,0,0,40,Japan,<=50K
35,Private,170903,Doctorate,16,Married-civ-spouse,Protective-serv,Wife,Asian-Pac-Islander,Female,0,0,25,United-States,>50K
48,Private,150254,HS-grad,9,Married-civ-spouse,Exec-managerial,Husband,White,Male,0,0,35,United-States,<=50K
46,Self-emp-not-inc,196899,Bachelors,13,Married-civ-spouse,Adm-clerical,Husband,White,Male,0,0,45,United-States,<=50K
43,Private,190896,HS-grad,9,Never-married,Craft-repair,Own-child,White,Female,0,0,55,United-States,<=50K
42,Private,186478,Assoc-acdm,12,Widowed,Exec-managerial,Unmarried,White,Male,0,0,60,Canada,<=50K
34,Private,98854,HS-grad,9,Never-married,Craft-repair,Own-child,White,Male,0,0,35,United-States,<=50K
37,Self-emp-inc,82502,HS-grad,9,Divorced,Adm-clerical,Not-in-family,White,Male,0,0,60,United-States,>50K
61,Private,168692,Some-college,10,Married-civ-spouse,Craft-repair,Wife,White,Female,0,0,50,United-States,<=50K
65,Private,214492,HS-grad,9,Widowed,Prof-specialty,Unmarried,Black,Male,0,0,45,United-States,<=50K
57,Private,236570,Assoc-voc,11,Married-civ-spouse,Sales,Husband,White,Male,0,0,50,United-States,<=50K
46,Private,87167,HS-grad,9,Married-civ-spouse,Other-service,Husband,White,Male,0,0,35,United-States,<=50K
45,Private,135758,Assoc-voc,11,Never-married,Exec-managerial,Unmarried,White,Male,0,0,45,United-States,<=50K
41,Private,333710,11th,7,Married-civ-spouse,Handlers-cleaners,Husband,White,Male,0,0,40,United-States,<=50K
56,Private,176384,10th,6,Never-married,Transport-moving,Own-child,Black,Male,0,0,40,Mexico,<=50K
23,Private,109852,11th,7,Married-civ-spouse,Other-service,Husband,White,Male,0,0,30,United-States,<=50K
50,Private,358011,HS-grad,9,Married-civ-spouse,Adm-clerical,Husband,Black,Male,0,0,40,United-States,<=50K
18,State-gov,202722,12th,8,Never-married,Other-service,Own-child,White,Male,0,0,24,United-States,<=50K
37,Private,203464,Doctorate,16,Never-married,Prof-specialty,Not-in-family,White,Male,0,0,50,United-States,>50K
19,State-gov,237894,HS-grad,9,Never-married,Craft-repair,Own-child,White,Female,0,0,20,United-States,<=50K
24,Private,74699,HS-grad,9,Never-married,Exec-managerial,Own-child,White,Male,0,0,40,United-States,<=50K
44,Private,273375,Some-college,10,Married-civ-spouse,Other-service,Wife,White,Female,0,1484,35,United-States,<=50K
56,State-gov,237396,HS-grad,9,Married-civ-spouse,Farming-fishing,Own-child,White,Male,4889,0,30,United-States,<=50K
27,Private,228416,HS-grad,9,Married-civ-spouse,Adm-clerical,Wife,White,Female,0,0,44,United-States,<=50K
50,Private,220747,10th,6,Divorced,Transport-moving,Not-in-family,White,Male,0,0,40,United-States,<=50K
33,Private,168300,Bachelors,13,Never-married,Exec-managerial,Unmarried,Black,Female,0,0,40,Cuba,<=50K
70,Private,151415,5th-6th,3,Widowed,Handlers-cleaners,Unmarried,White,Male,3894,0,44,United-States,<=50K
55,Private,148035,5th-6th,3,Married-civ-spouse,Sales,Husband,White,Male,0,0,45,United-States,<=50K
19,Private,229082,12th,8,Never-married,Sales,Other-relative,White,Male,0,0,44,United-States,<=50K
37,Private,168704,HS-grad,9,Never-married,Adm-clerical,Not-in-family,White,Male,0,0,38,United-States,<=50K
22,Private,73409,Assoc-acdm,12,Never-married,Transport-moving,Own-child,White,Male,0,0,50,El-Salvador,<=50K
69,Local-gov,239361,11th,7,Separated,Adm-clerical,Not-in-family,White,Female,0,0,40,United-States,<=50K
41,Private,222654,HS-grad,9,Married-civ-spouse,Transport-moving,Husband,White,Male,0,0,45,United-States,<=50K
26,Private,196575,Some-college,10,Never-married,Machine-op-inspct,Not-in-family,Black,Male,0,0,40,United-States,>50K
67,Self-emp-not-inc,203893,HS-grad,9,Divorced,Tech-support,Unmarried,White,Female,0,0,30,United-States,<=50K
41,State-gov,160994,Bachelors,13,Married-civ-spouse,Exec-managerial,Other-relative,White,Male,0,1683,60,United-States,>50K
50,Private,142840,Bachelors,13,Separated,Exec-managerial,Unmarried,White,Female,0,0,50,United-States,>50K
53,Private,131732,HS-grad,9,Married-civ-spouse,Sales,Husband,Asian-Pac-Islander,Male,0,0,40,United-States,>50K
46,Private,119883,Bachelors,13,Married-civ-spouse,Sales,Husband,White,Male,0,0,40,United-States,>50K
54,Private,190628,Bachelors,13,Divorced,Protective-serv,Other-relative,Black,Female,0,0,45,United-States,<=50K
22,Private,202252,Bachelors,13,Divorced,Exec-managerial,Unmarried,White,Male,0,0,40,Mexico,<=50K
41,Private,127720,Doctorate,16,Married-civ-spouse,Protective-serv,Wife,White,Female,0,0,40,United-States,>50K
27,Federal-gov,269079,HS-grad,9,Never-married,Exec-managerial,Not-in-family,White,Male,0,0,40,United-States,<=50K
33,Private,175840,Some-college,10,Married-civ-spouse,Sales,Husband,White,Male,0,1723,48,United-States,>50K
28,Private,159085,HS-grad,9,Married-civ-spouse,Machine-op-inspct,Wife,White,Female,0,0,30,United-States,<=50K
51,Private,100835,Bachelors,13,Married-civ-spouse,Armed-Forces,Husband,White,Male,0,0,40,United-States,>50K
35,Private,310586,Masters,14,Separated,Armed-Forces,Not-in-family,White,Male,0,0,38,Guatemala,<=50K
62,Private,264483,Masters,14,Widowed,Prof-specialty,Not-in-family,Asian-Pac-Islander,Male,15912,0,80,United-States,>50K
44,Private,190220,Masters,14,Never-married,Adm-clerical,Not-in-family,Asian-Pac-Islander,Male,0,0,36,United-States,<=50K
34,Private,161980,HS-grad,9,Married-civ-spouse,Craft-repair,Husband,White,Male,0,0,40,United-States,>50K
61,Private,196109,Doctorate,16,Divorced,Prof-specialty,Not-in-family,White,Female,0,0,40,United-States,>50K
54,Self-emp-not-inc,184657,Bachelors,13,Never-married,Tech-support,Unmarried,White,Female,6816,0,35,United-States,<=50K
40,Local-gov,117968,Masters,14,Married-civ-spouse,Machine-op-inspct,Husband,White,Male,0,0,36,United-States,<=50K
32,Private,119189,Some-college,10,Widowed,Tech-support,Other-relative,Black,Female,0,0,40,United-States,<=50K
59,Private,257953,Some-college,10,Divorced,Craft-repair,Not-in-family,White,Male,0,0,40,United-States,<=50K
54,Private,250332,Some-college,10,Separated,Prof-specialty,Not-in-family,White,Male,0,0,55,Cuba,<=50K
39,Federal-gov,185077,9th,5,Never-married,Transport-moving,Unmarried,White,Female,0,0,36,United-States,<=50K
24,Private,93308,Bachelors,13,Married-civ-spouse,Exec-managerial,Wife,White,Female,0,0,40,United-States,<=50K
30,Private,231834,Some-college,10,Married-civ-spouse,Machine-op-inspct,Wife,White,Female,0,0,40,United-States,<=50K
36,Private,144452,Bachelors,13,Married-civ-spouse,Prof-specialty,Husband,White,Male,0,0,49,United-States,>50K
47,Self-emp-not-inc,128212,Doctorate,16,Married-civ-spouse,Prof-specialty,Husband,White,Male,0,1884,60,United-States,>50K
35,Private,223145,11th,7,Married-AF-spouse,Other-service,Husband,White,Male,0,0,45,United-States,<=50K
52,Private,169769,Bachelors,13,Married-civ-spouse,Prof-specialty,Husband,White,Male,0,0,45,India,>50K
36,State-gov,185358,Assoc-voc,11,Married-civ-spouse,Farming-fishing,Husband,White,Male,0,0,40,United-States,<=50K
50,Private,200982,Some-college,10,Married-civ-spouse,Adm-clerical,Husband,White,Male,0,0,30,United-States,>50K
25,Private,126781,Bachelors,13,Married-civ-spouse,Prof-specialty,Wife,Asian-Pac-Islander,Female,0,0,55,United-States,<=50K
53,Federal-gov,143975,HS-grad,9,Married-civ-spouse,Sales,Husband,White,Male,0,0,38,United-States,<=50K
31,Private,179179,Bachelors,13,Divorced,Exec-managerial,Unmarried,White,Female,0,0,40,United-States,>50K
38,Private,302887,Bachelors,13,Married-civ-spouse,Sales,Husband,White,Male,0,0,40,United-States,>50K
54,Private,139067,HS-grad,9,Divorced,Exec-managerial,Not-in-family,White,Female,0,0,40,United-States,>50K
54,Local-gov,117042,Bachelors,13,Married-civ-spouse,Craft-repair,Husband,Black,Male,0,0,48,United-States,<=50K
54,State-gov,290928,Some-college,10,Married-civ-spouse,Prof-specialty,Husband,White,Male,0,0,40,United-States,>50K
40,Private,163396,Assoc-acdm,12,Never-married,Other-service,Not-in-family,White,Male,0,0,35,United-States,<=50K
36,Private,143919,Masters,14,Married-civ-spouse,Protective-serv,Wife,White,Female,0,0,40,United-States,>50K
46,Federal-gov,144301,Bachelors,13,Married-civ-spouse,Prof-specialty,Husband,White,Male,0,2200,45,United-States,<=50K
45,Private,173827,Some-college,10,Never-married,Prof-specialty,Not-in-family,White,Female,0,0,70,United-States,<=50K
49,Local-gov,138855,Masters,14,Married-civ-spouse,Other-service,Wife,White,Female,0,0,30,United-States,<=50K
65,Private,129895,Some-college,10,Divorced,Transport-moving,Own-child,White,Male,0,0,27,United-States,<=50K
36,State-gov,329825,Some-college,10,Married-civ-spouse,Craft-repair,Husband,White,Male,4128,0,40,United-States,<=50K
29,Private,149180,Bachelors,13,Married-civ-spouse,Adm-clerical,Wife,White,Female,0,0,49,United-States,<=50K
37,Private,200785,Doctorate,16,Married-civ-spouse,Prof-specialty,Husband,White,Male,0,0,39,United-States,>50K
69,State-gov,219907,Doctorate,16,Married-civ-spouse,Sales,Husband,White,Male,0,0,46,United-States,>50K
65,Private,135068,HS-grad,9,Married-civ-spouse,Transport-moving,Wife,White,Female,0,0,40,United-States,>50K
46,Private,223954,Some-college,10,Divorced,Tech-support,Not-in-family,White,Male,0,0,40,United-States,>50K
41,Local-gov,234745,10th,6,Married-civ-spouse,Machine-op-inspct,Husband,White,Male,3961,0,40,United-States,<=50K
41,Private,307091,Some-college,10,Never-married,Tech-support,Own-child,Black,Male,4346,0,45,United-States,>50K
29,Federal-gov,124145,Bachelors,13,Never-married,Sales,Not-in-family,White,Male,0,0,43,United-States,<=50K
65,Private,244290,1st-4th,2,Divorced,Machine-op-inspct,Not-in-family,White,Female,0,0,55,United-States,<=50K
41,Private,84967,Some-college,10,Married-civ-spouse,Transport-moving,Husband,Black,Male,0,0,44,United-States,<=50K
32,Private,288984,5th-6th,3,Married-civ-spouse,Craft-repair,Husband,White,Male,0,0,35,United-States,<=50K
24,Private,104049,Assoc-voc,11,Married-civ-spouse,Adm-clerical,Husband,White,Male,0,0,35,United-States,<=50K
29,Private,168076,Some-college,10,Married-civ-spouse,Prof-specialty,Wife,White,Female,0,0,50,El-Salvador,<=50K
45,Private,133746,Some-college,10,Divorced,Machine-op-inspct,Other-relative,White,Male,0,0,45,Iran,<=50K
50,Local-gov,136652,7th-8th,4,Married-civ-spouse,Machine-op-inspct,Husband,White,Male,0,0,25,United-States,<=50K
62,Private,115412,HS-grad,9,Never-married,Other-service,Not-in-family,White,Male,0,0,45,United-States,<=50K
31,Local-gov,200361,Some-college,10,Married-civ-spouse,Handlers-cleaners,Wife,White,Female,0,0,35,United-States,<=50K
29,Private,212942,Bachelors,13,Never-married,Sales,Not-in-family,White,Male,2072,0,44,United-States,<=50K
37,Private,258684,Some-college,10,Married-civ-spouse,Tech-support,Husband,White,Male,0,0,20,United-States,<=50K
57,State-gov,215528,Some-college,10,Married-civ-spouse,Other-service,Husband,White,Male,0,0,25,United-States,<=50K
37,Private,83972,Assoc-acdm,12,Never-married,Adm-clerical,Not-in-family,White,Female,0,0,40,United-States,<=50K
27,Private,274411,Some-college,10,Married-AF-spouse,Craft-repair,Husband,Other,Male,0,0,44,United-States,<=50K
46,Local-gov,105849,Assoc-acdm,12,Divorced,Craft-repair,Unmarried,White,Female,0,0,45,United-States,<=50K
41,Self-emp-not-inc,138978,Assoc-acdm,12,Married-civ-spouse,Craft-repair,Husband,White,Male,0,2182,40,Canada,<=50K
39,Private,132220,Some-college,10,Married-civ-spouse,Craft-repair,Wife,White,Female,0,0,35,Mexico,<=50K
30,Private,93446,Bachelors,13,Never-married,Prof-specialty,Not-in-family,White,Male,0,0,40,United-States,<=50K
53,Private,140599,Bachelors,13,Married-civ-spouse,Prof-specialty,Husband,White,Male,0,0,45,United-States,>50K
29,Private,211308,Some-college,10,Never-married,Craft-repair,Not-in-family,White,Female,0,0,35,United-States,<=50K
46,Private,163591,Bachelors,13,Never-married,Other-service,Unmarried,White,Male,0,0,25,United-States,<=50K
65,Private,365098,Some-college,10,Divorced,Protective-serv,Other-relative,White,Male,0,0,40,United-States,<=50K
35,Private,270789,Assoc-acdm,12,Married-civ-spouse,Priv-house-serv,Husband,White,Male,0,0,25,United-States,<=50K
36,Private,68157,HS-grad,9,Married-civ-spouse,Machine-op-inspct,Husband,White,Male,0,0,55,United-States,<=50K
65,Self-emp-not-inc,258769,11th,7,Never-married,Craft-repair,Not-in-family,White,Male,0,0,60,Cuba,<=50K
26,Private,373771,Bachelors,13,Never-married,Tech-support,Not-in-family,White,Female,0,0,40,United-States,<=50K
65,Private,216333,HS-grad,9,Widowed,Sales,Not-in-family,White,Female,0,0,40,Philippines,<=50K
29,Private,115893,Assoc-voc,11,Divorced,Tech-support,Unmarried,White,Male,0,0,30,United-States,<=50K
63,Private,214820,Bachelors,13,Married-civ-spouse,Sales,Husband,White,Male,0,0,40,United-States,<=50K
25,Private,299906,Bachelors,13,Married-civ-spouse,Prof-specialty,Own-child,White,Male,0,0,40,United-States,<=50K
33,Private,318229,Doctorate,16,Divorced,Prof-specialty,Not-in-family,White,Male,0,0,60,United-States,<=50K
26,Federal-gov,145723,HS-grad,9,Married-AF-spouse,Adm-clerical,Husband,White,Male,0,0,40,United-States,<=50K
30,Private,160051,HS-grad,9,Married-spouse-absent,Craft-repair,Not-in-family,White,Male,0,0,40,United-States,<=50K
35,Self-emp-inc,344321,HS-grad,9,Never-married,Tech-support,Not-in-family,White,Male,0,0,30,United-States,<=50K
44,Private,177173,11th,7,Never-married,Farming-fishing,Not-in-family,Other,Male,0,0,40,United-States,<=50K
46,Private,112624,HS-grad,9,Married-civ-spouse,Exec-managerial,Husband,White,Male,0,0,50,Columbia,<=50K
60,Private,322193,HS-grad,9,Separated,Sales,Not-in-family,White,Male,0,0,40,United-States,<=50K
40,Private,335206,HS-grad,9,Married-civ-spouse,Other-service,Husband,White,Male,0,0,50,United-States,<=50K
36,Private,346039,Some-college,10,Married-civ-spouse,Craft-repair,Husband,White,Male,0,0,40,United-States,<=50K
24,Self-emp-inc,96259,Assoc-acdm,12,Never-married,Exec-managerial,Unmarried,White,Female,6560,0,45,China,<=50K
24,Private,133724,HS-grad,9,Never-married,Transport-moving,Not-in-family,White,Male,0,0,40,United-States,<=50K
30,Private,135954,11th,7,Never-married,Farming-fishing,Unmarried,White,Male,0,0,50,United-States,<=50K
35,Private,127539,Prof-school,15,Married-civ-spouse,Adm-clerical,Husband,White,Male,0,0,55,Philippines,<=50K
29,Federal-gov,180400,Bachelors,13,Divorced,Exec-managerial,Not-in-family,White,Male,0,0,50,United-States,<=50K
31,Self-emp-not-inc,139941,Assoc-acdm,12,Married-civ-spouse,Adm-clerical,Husband,White,Male,0,0,40,Hungary,<=50K
55,Private,833218,Preschool,1,Divorced,Other-service,Not-in-family,Other,Male,0,0,20,United-States,<=50K
54,Self-emp-not-inc,161841,Prof-school,15,Married-spouse-absent,Other-service,Not-in-family,White,Female,0,0,15,United-States,<=50K
33,State-gov,234242,HS-grad,9,Married-civ-spouse,Exec-managerial,Husband,White,Male,0,0,45,United-States,<=50K
56,Private,173467,Bachelors,13,Married-civ-spouse,Prof-specialty,Husband,White,Male,0,0,40,India,<=50K
33,Private,241692,Masters,14,Never-married,Exec-managerial,Not-in-family,White,Male,0,0,43,United-States,<=50K
46,Private,184062,Some-college,10,Divorced,Craft-repair,Other-relative,White,Male,7174,0,55,United-States,>50K
33,Private,91192,Bachelors,13,Married-civ-spouse,Prof-specialty,Husband,White,Male,0,0,45,United-States,<=50K
42,Private,152052,Masters,14,Married-civ-spouse,Adm-clerical,Husband,White,Male,0,0,55,United-States,>50K
34,Private,222498,Bachelors,13,Never-married,Sales,Unmarried,White,Female,99817,0,43,United-States,<=50K
43,Private,73623,Bachelors,13,Married-spouse-absent,Exec-managerial,Other-relative,White,Male,0,0,40,United-States,<=50K
41,Private,294057,Bachelors,13,Married-spouse-absent,Prof-specialty,Other-relative,Black,Male,5628,0,50,United-States,<=50K
46,Private,217186,Assoc-acdm,12,Married-civ-spouse,Craft-repair,Husband,White,Male,0,0,45,United-States,<=50K
31,State-gov,44384,Assoc-voc,11,Married-civ-spouse,Craft-repair,Husband,White,Male,0,0,40,United-States,<=50K
46,Federal-gov,119282,Bachelors,13,Married-civ-spouse,Exec-managerial,Husband,White,Male,0,0,55,United-States,<=50K
33,Private,129703,HS-grad,9,Married-civ-spouse,Other-service,Husband,White,Male,0,0,15,Philippines,<=50K
40,Private,280798,HS-grad,9,Married-civ-spouse,Other-service,Other-relative,White,Male,0,0,35,United-States,<=50K
63,Federal-gov,134728,Bachelors,13,Married-civ-spouse,Craft-repair,Husband,Black,Male,0,0,43,United-States,>50K
32,Federal-gov,187866,Bachelors,13,Married-civ-spouse,Exec-managerial,Wife,White,Female,0,0,40,United-States,>50K
38,Private,149679,Bachelors,13,Never-married,Armed-Forces,Not-in-family,White,Male,0,0,40,United-States,>50K
39,Private,217372,Bachelors,13,Married-civ-spouse,Exec-managerial,Husband,White,Male,0,0,55,United-States,>50K
38,Private,302057,Bachelors,13,Married-civ-spouse,Protective-serv,Husband,Asian-Pac-Islander,Male,0,0,38,United-States,<=50K
36,Private,222428,Bachelors,13,Married-civ-spouse,Tech-support,Husband,White,Male,0,0,45,United-States,<=50K
29,State-gov,254704,Assoc-voc,11,Married-civ-spouse,Sales,Wife,White,Female,0,0,50,United-States,>50K
25,Private,281088,Some-college,10,Never-married,Other-service,Not-in-family,White,Male,0,0,31,United-States,<=50K
39,Self-emp-not-inc,111127,HS-grad,9,Never-married,Exec-managerial,Not-in-family,Black,Female,0,1818,45,United-States,<=50K
43,Private,224974,Some-college,10,Married-civ-spouse,Other-service,Wife,White,Female,0,0,25,United-States,<=50K
56,Private,136386,HS-grad,9,Divorced,Tech-support,Not-in-family,White,Male,0,0,44,Peru,<=50K
30,Private,136187,Some-college,10,Married-civ-spouse,Prof-specialty,Husband,White,Male,0,0,50,United-States,<=50K
65,State-gov,196417,7th-8th,4,Married-civ-spouse,Machine-op-inspct,Husband,White,Male,0,0,40,England,<=50K
23,Federal-gov,122547,Bachelors,13,Married-AF-spouse,Prof-specialty,Husband,White,Male,0,0,70,Mexico,>50K
37,Private,191682,Bachelors,13,Divorced,Sales,Not-in-family,White,Male,0,0,60,Columbia,<=50K
23,Private,72272,Prof-school,15,Divorced,Exec-managerial,Own-child,White,Male,0,1907,49,Mexico,>50K
32,Self-emp-inc,85994,Doctorate,16,Married-civ-spouse,Sales,Husband,Other,Male,0,0,70,United-States,>50K
27,Private,109259,HS-grad,9,Never-married,Sales,Not-in-family,White,Male,0,0,35,United-States,<=50K
47,Self-emp-not-inc,63264,Bachelors,13,Never-married,Exec-managerial,Unmarried,White,Male,0,0,40,United-States,<=50K
23,Private,192059,Bachelors,13,Never-married,Sales,Own-child,White,Male,0,0,45,Taiwan,<=50K
26,Private,105202,Some-college,10,Divorced,Sales,Own-child,White,Male,10625,0,40,United-States,>50K
26,Private,501841,HS-grad,9,Never-married,Exec-managerial,Own-child,White,Male,0,0,45,United-States,<=50K
26,Private,211256,Some-college,10,Married-civ-spouse,Prof-specialty,Wife,White,Female,4931,0,50,United-States,<=50K
45,Private,313786,Prof-school,15,Divorced,Exec-managerial,Unmarried,White,Male,0,0,45,United-States,>50K
31,Private,158311,HS-grad,9,Divorced,Farming-fishing,Not-in-family,White,Female,0,0,40,United-States,<=50K
40,Private,173711,Masters,14,Widowed,Craft-repair,Own-child,White,Female,0,0,40,United-States,>50K
30,State-gov,271203,Bachelors,13,Never-married,Prof-specialty,Not-in-family,White,Male,0,0,40,United-States,<=50K
50,Local-gov,179849,Masters,14,Divorced,Exec-managerial,Not-in-family,White,Male,0,0,38,United-States,<=50K
46,Private,291161,Doctorate,16,Divorced,Sales,Unmarried,White,Female,0,0,38,United-States,>50K
29,Private,96649,HS-grad,9,Never-married,Handlers-cleaners,Not-in-family,White,Male,0,0,40,United-States,<=50K
37,Private,43047,HS-grad,9,Married-civ-spouse,Handlers-cleaners,Husband,White,Male,3200,0,43,Mexico,<=50K
32,Private,252965,Masters,14,Married-civ-spouse,Tech-support,Husband,Other,Male,0,0,46,United-States,<=50K
71,Private,487880,Masters,14,Never-married,Prof-specialty,Own-child,White,Male,0,0,45,United-States,<=50K
30,Private,484756,HS-grad,9,Divorced,Machine-op-inspct,Unmarried,White,Female,0,0,40,United-States,<=50K
40,State-gov,176416,HS-grad,9,Married-civ-spouse,Exec-managerial,Husband,White,Male,0,0,40,United-States,<=50K
64,Federal-gov,97436,10th,6,Married-civ-spouse,Other-service,Wife,White,Female,0,0,40,Dominican-Republic,<=50K
44,Private,129143,Some-college,10,Married-civ-spouse,Machine-op-inspct,Husband,White,Male,0,0,45,United-States,<=50K
34,Private,190598,Masters,14,Married-civ-spouse,Exec-managerial,Wife,White,Female,5798,0,48,United-States,>50K
28,Private,270365,Bachelors,13,Never-married,Prof-specialty,Not-in-family,White,Male,0,0,40,United-States,<=50K
41,Federal-gov,234072,HS-grad,9,Never-married,Prof-specialty,Not-in-family,White,Male,0,0,50,United-States,<=50K
39,Private,262956,HS-grad,9,Never-married,Adm-clerical,Not-in-family,White,Male,0,0,52,United-States,<=50K
40,Private,174224,Prof-school,15,Married-civ-spouse,Exec-managerial,Wife,White,Female,0,0,36,United-States,>50K
24,Private,139275,HS-grad,9,Divorced,Handlers-cleaners,Unmarried,White,Female,0,0,40,United-States,<=50K
47,Private,206944,HS-grad,9,Never-married,Exec-managerial,Own-child,White,Male,0,0,40,United-States,<=50K
22,Private,180892,Assoc-acdm,12,Divorced,Adm-clerical,Unmarried,White,Male,0,0,30,United-States,<=50K
37,Self-emp-not-inc,236631,HS-grad,9,Never-married,Machine-op-inspct,Not-in-family,White,Male,0,1958,40,United-States,<=50K
49,Private,197501,HS-grad,9,Married-civ-spouse,Machine-op-inspct,Husband,White,Male,0,0,40,United-States,>50K
40,Private,123378,Bachelors,13,Married-civ-spouse,Prof-specialty,Husband,White,Male,0,0,45,United-States,<=50K
20,Private,162477,Some-college,10,Never-married,Other-service,Own-child,White,Female,0,2371,40,United-States,>50K
35,Private,84039,HS-grad,9,Never-married,Craft-repair,Own-child,Asian-Pac-Islander,Male,0,0,38,Honduras,<=50K
30,Private,105520,Some-college,10,Married-civ-spouse,Adm-clerical,Wife,White,Female,0,0,43,United-States,<=50K
63,Private,165526,Masters,14,Married-civ-spouse,Exec-managerial,Husband,White,Male,0,0,40,United-States,>50K
44,Private,172926,Assoc-acdm,12,Married-civ-spouse,Prof-specialty,Husband,White,Male,0,0,38,United-States,<=50K
33,State-gov,380556,Some-college,10,Married-civ-spouse,Prof-specialty,Wife,White,Female,0,0,40,India,<=50K
51,Private,561038,Masters,14,Married-civ-spouse,Adm-clerical,Wife,Other,Female,0,0,20,United-States,<=50K
64,Self-emp-not-inc,282790,Doctorate,16,Never-married,Sales,Own-child,White,Female,0,0,20,United-States,>50K
37,Private,160091,Bachelors,13,Married-civ-spouse,Sales,Wife,White,Female,0,0,40,United-States,<=50K
19,State-gov,116835,HS-grad,9,Never-married,Other-service,Own-child,White,Male,0,0,35,United-States,<=50K
51,Self-emp-not-inc,231970,Assoc-acdm,12,Divorced,Machine-op-inspct,Not-in-family,White,Male,0,0,38,United-States,<=50K
30,Private,491895,HS-grad,9,Never-married,Exec-managerial,Not-in-family,White,Male,0,1909,55,United-States,<=50K
44,Private,186746,Some-college,10,Divorced,Adm-clerical,Unmarried,White,Female,0,0,40,United-States,<=50K
24,Private,161092,Bachelors,13,Married-civ-spouse,Exec-managerial,Husband,Black,Male,0,2264,55,United-States,>50K
39,Self-emp-not-inc,156196,Some-college,10,Married-civ-spouse,Craft-repair,Husband,Black,Male,0,0,50,United-States,>50K
27,Local-gov,85537,Bachelors,13,Never-married,Prof-specialty,Not-in-family,White,Male,0,0,70,United-States,<=50K
27,Private,181126,HS-grad,9,Separated,Adm-clerical,Not-in-family,White,Male,0,0,35,United-States,<=50K
58,Private,87985,5th-6th,3,Widowed,Farming-fishing,Other-relative,White,Female,0,0,40,United-States,<=50K
36,Private,197659,Masters,14,Divorced,Adm-clerical,Unmarried,White,Male,0,0,40,United-States,<=50K
39,Private,251800,Assoc-voc,11,Married-civ-spouse,Prof-specialty,Husband,White,Male,0,0,45,United-States,<=50K
46,Self-emp-not-inc,122194,Some-college,10,Never-married,Craft-repair,Unmarried,White,Male,5227,0,38,United-States,<=50K
31,Private,216561,Masters,14,Married-civ-spouse,Craft-repair,Husband,White,Male,7091,0,43,United-States,>50K
31,Private,180253,Assoc-acdm,12,Married-civ-spouse,Priv-house-serv,Wife,White,Female,0,0,40,United-States,<=50K
33,Private,208667,Some-college,10,Married-civ-spouse,Adm-clerical,Husband,Asian-Pac-Islander,Male,0,0,40,Italy,>50K
58,Private,123274,Masters,14,Divorced,Exec-managerial,Own-child,White,Male,0,0,50,United-States,<=50K
30,Private,152518,Some-college,10,Never-married,Prof-specialty,Own-child,Black,Male,0,0,45,Cuba,<=50K
61,Private,177671,HS-grad,9,Never-married,Sales,Own-child,White,Male,0,0,44,United-States,<=50K
63,Private,191280,Some-college,10,Married-civ-spouse,Machine-op-inspct,Husband,Amer-Indian-Eskimo,Male,0,0,40,United-States,<=50K
27,Private,256666,Bachelors,13,Married-civ-spouse,Sales,Husband,White,Male,0,0,40,United-States,<=50K
41,Private,470332,HS-grad,9,Never-married,Other-service,Not-in-family,White,Male,0,0,20,United-States,<=50K
69,Private,290227,HS-grad,9,Widowed,Prof-specialty,Unmarried,White,Male,7668,0,50,El-Salvador,>50K
36,Self-emp-inc,228404,Assoc-voc,11,Separated,Other-service,Not-in-family,White,Male,0,0,40,United-States,<=50K
45,Federal-gov,152798,Doctorate,16,Married-civ-spouse,Exec-managerial,Wife,White,Female,0,0,38,United-States,>50K
38,Private,210827,Bachelors,13,Divorced,Prof-specialty,Own-child,Black,Male,0,0,60,United-States,<=50K
45,Self-emp-not-inc,94270,HS-grad,9,Married-civ-spouse,Other-service,Husband,White,Male,0,0,40,England,<=50K
52,Private,235343,Some-college,10,Divorced,Handlers-cleaners,Not-in-family,White,Male,0,0,60,United-States,<=50K
66,Private,256006,Some-college,10,Married-civ-spouse,Sales,Wife,White,Female,0,0,35,United-States,>50K
58,Local-gov,157887,9th,5,Divorced,Handlers-cleaners,Own-child,Black,Male,0,2371,35,United-States,<=50K
23,Private,52152,HS-grad,9,Divorced,Machine-op-inspct,Unmarried,White,Female,14790,0,52,United-States,<=50K
46,Private,234216,Prof-school,15,Married-spouse-absent,Adm-clerical,Not-in-family,White,Male,0,0,45,United-States,<=50K
30,Private,303767,Bachelors,13,Married-civ-spouse,Exec-managerial,Wife,Asian-Pac-Islander,Female,14403,0,63,United-States,<=50K
36,Private,62946,Masters,14,Married-civ-spouse,Craft-repair,Husband,White,Male,0,0,39,United-States,<=50K
26,Private,140463,11th,7,Never-married,Craft-repair,Unmarried,White,Male,0,0,40,United-States,<=50K
31,Local-gov,225992,HS-grad,9,Never-married,Craft-repair,Not-in-family,Black,Male,0,0,40,United-States,<=50K
38,Private,317644,Bachelors,13,Divorced,Prof-specialty,Not-in-family,White,Male,0,0,50,United-States,>50K
35,Private,135797,HS-grad,9,Married-civ-spouse,Sales,Husband,White,Male,0,0,35,United-States,<=50K
27,Private,209346,HS-grad,9,Married-civ-spouse,Farming-fishing,Husband,White,Male,0,0,45,United-States,>50K
32,Private,148054,Masters,14,Married-civ-spouse,Prof-specialty,Husband,Black,Male,0,0,55,United-States,>50K
35,Self-emp-not-inc,100174,Masters,14,Divorced,Sales,Own-child,White,Male,0,0,40,United-States,<=50K
27,Private,470569,Bachelors,13,Married-civ-spouse,Exec-managerial,Husband,White,Male,0,0,40,United-States,<=50K
37,Self-emp-not-inc,198104,HS-grad,9,Divorced,Craft-repair,Own-child,White,Female,0,0,50,United-States,>50K
32,Private,256580,HS-grad,9,Married-civ-spouse,Transport-moving,Husband,White,Male,0,0,40,United-States,>50K
33,Private,131135,Some-college,10,Never-married,Craft-repair,Other-relative,Asian-Pac-Islander,Male,0,1481,40,United-States,<=50K
33,Federal-gov,99471,HS-grad,9,Married-civ-spouse,Craft-repair,Husband,Black,Male,0,2185,30,United-States,<=50K
28,Private,148997,Bachelors,13,Never-married,Prof-specialty,Not-in-family,White,Female,0,0,48,United-States,<=50K
65,Private,164362,9th,5,Never-married,Other-service,Unmarried,Black,Male,0,0,15,United-States,<=50K
37,Private,419412,HS-grad,9,Married-civ-spouse,Adm-clerical,Husband,White,Male,0,0,55,United-States,<=50K
27,Private,206074,Some-college,10,Married-civ-spouse,Priv-house-serv,Husband,Black,Male,0,0,40,United-States,<=50K
22,Federal-gov,186901,Some-college,10,Separated,Prof-specialty,Unmarried,White,Male,0,0,45,United-States,<=50K
27,Private,249327,HS-grad,9,Married-civ-spouse,Transport-moving,Husband,White,Male,0,0,30,United-States,<=50K
25,Private,141483,Assoc-acdm,12,Never-married,Farming-fishing,Own-child,White,Male,0,0,40,United-States,<=50K
35,Private,469148,HS-grad,9,Married-civ-spouse,Craft-repair,Husband,White,Male,0,0,25,United-States,<=50K
31,Federal-gov,347426,Some-college,10,Married-civ-spouse,Handlers-cleaners,Husband,White,Male,0,0,25,United-States,<=50K
28,Federal-gov,129360,Some-college,10,Married-civ-spouse,Handlers-cleaners,Husband,White,Male,1802,0,60,United-States,<=50K
42,Private,145092,Prof-school,15,Married-civ-spouse,Craft-repair,Wife,White,Female,0,0,38,United-States,>50K
45,Private,195637,11th,7,Married-civ-spouse,Machine-op-inspct,Husband,White,Male,99830,0,45,United-States,<=50K
25,Private,171732,HS-grad,9,Married-civ-spouse,Adm-clerical,Husband,White,Male,4288,0,40,United-States,<=50K
34,Private,130583,HS-grad,9,Separated,Adm-clerical,Not-in-family,White,Male,0,0,40,United-States,<=50K
19,Private,102285,10th,6,Never-married,Machine-op-inspct,Own-child,White,Male,0,0,38,United-States,<=50K
36,Private,195904,HS-grad,9,Married-civ-spouse,Adm-clerical,Husband,White,Male,0,0,40,United-States,<=50K
35,Private,276933,Bachelors,13,Married-civ-spouse,Tech-support,Husband,White,Male,0,0,40,United-States,<=50K
45,Private,160582,Bachelors,13,Never-married,Tech-support,Own-child,White,Male,0,0,35,Puerto-Rico,<=50K
45,Private,110551,Bachelors,13,Married-civ-spouse,Prof-specialty,Husband,White,Male,0,0,45,Jamaica,<=50K
69,Local-gov,199264,HS-grad,9,Married-civ-spouse,Protective-serv,Husband,White,Male,0,0,48,Puerto-Rico,<=50K
64,Private,247512,HS-grad,9,Married-spouse-absent,Craft-repair,Unmarried,White,Male,0,0,55,India,<=50K
64,Private,187796,Assoc-voc,11,Widowed,Sales,Other-relative,White,Female,0,0,40,Germany,>50K
38,Private,94445,Bachelors,13,Married-civ-spouse,Exec-managerial,Husband,White,Male,0,0,40,United-States,>50K
59,Private,242551,Assoc-acdm,12,Separated,Tech-support,Not-in-family,White,Male,0,0,44,United-States,<=50K
34,Private,154705,HS-grad,9,Married-civ-spouse,Exec-managerial,Husband,White,Male,0,0,40,United-States,>50K
28,Self-emp-not-inc,136758,9th,5,Separated,Craft-repair,Not-in-family,White,Male,0,0,55,Philippines,<=50K
47,Self-emp-inc,120643,HS-grad,9,Divorced,Craft-repair,Not-in-family,White,Male,0,0,59,United-States,<=50K
52,Self-emp-inc,180920,Some-college,10,Married-civ-spouse,Other-service,Husband,White,Male,0,0,40,United-States,<=50K
20,Private,209224,12th,8,Never-married,Farming-fishing,Own-child,White,Female,0,0,52,United-States,<=50K
29,Private,98503,Some-college,10,Divorced,Adm-clerical,Unmarried,White,Male,0,0,55,United-States,>50K
58,Private,572187,HS-grad,9,Married-civ-spouse,Adm-clerical,Husband,Black,Male,0,1951,40,United-States,<=50K
35,Private,141371,Prof-school,15,Divorced,Sales,Not-in-family,White,Male,0,0,45,United-States,<=50K
64,Private,240834,Some-college,10,Widowed,Sales,Unmarried,White,Female,0,0,48,United-States,>50K
35,Private,361888,Assoc-acdm,12,Separated,Sales,Not-in-family,White,Female,0,0,40,Mexico,<=50K
55,Private,401046,Some-college,10,Married-civ-spouse,Craft-repair,Husband,White,Male,0,1579,45,United-States,>50K
66,Private,181183,HS-grad,9,Married-civ-spouse,Adm-clerical,Husband,White,Male,0,0,38,United-States,<=50K
20,Private,159634,Some-college,10,Never-married,Sales,Not-in-family,White,Female,0,1401,40,Mexico,<=50K
63,Private,164927,Bachelors,13,Married-civ-spouse,Exec-managerial,Husband,White,Male,11298,0,40,United-States,>50K
42,Private,255954,Assoc-voc,11,Married-civ-spouse,Farming-fishing,Husband,Black,Male,4046,0,43,United-States,<=50K
43,Private,263678,Assoc-acdm,12,Never-married,Craft-repair,Unmarried,White,Female,0,0,45,United-States,<=50K
40,Local-gov,176752,Bachelors,13,Never-married,Adm-clerical,Unmarried,White,Male,0,0,40,United-States,<=50K
59,Private,153192,10th,6,Married-civ-spouse,Handlers-cleaners,Husband,White,Male,0,0,48,United-States,<=50K
25,Private,125299,Masters,14,Married-civ-spouse,Exec-managerial,Husband,Black,Male,0,0,55,United-States,>50K
34,Private,305648,9th,5,Married-civ-spouse,Farming-fishing,Husband,White,Male,0,0,35,United-States,<=50K
28,Private,316464,Assoc-voc,11,Divorced,Craft-repair,Own-child,White,Female,0,0,40,United-States,<=50K
50,Private,265548,HS-grad,9,Married-civ-spouse,Prof-specialty,Husband,White,Male,0,0,40,United-States,>50K
62,Private,186657,Preschool,1,Married-civ-spouse,Machine-op-inspct,Wife,White,Female,0,0,43,United-States,<=50K
29,Private,104954,Some-college,10,Married-spouse-absent,Craft-repair,Unmarried,White,Male,0,0,45,United-States,<=50K
25,Private,136056,HS-grad,9,Married-civ-spouse,Exec-managerial,Husband,White,Male,0,0,40,United-States,>50K
30,Local-gov,277673,Some-college,10,Never-married,Sales,Not-in-family,Other,Female,0,0,40,United-States,<=50K
48,Private,391191,Bachelors,13,Divorced,Prof-specialty,Not-in-family,White,Male,0,2263,59,United-States,>50K
30,Local-gov,152801,HS-grad,9,Never-married,Adm-clerical,Unmarried,White,Male,0,0,40,United-States,>50K
32,Private,306157,Bachelors,13,Separated,Prof-specialty,Not-in-family,White,Male,0,0,45,United-States,<=50K
40,Private,242610,Some-college,10,Married-civ-spouse,Prof-specialty,Wife,White,Female,0,0,48,United-States,>50K
40,Private,135542,Some-college,10,Married-civ-spouse,Craft-repair,Wife,White,Female,0,0,51,United-States,>50K
53,Private,247092,Assoc-acdm,12,Married-AF-spouse,Craft-repair,Wife,White,Female,0,0,40,United-States,<=50K
60,Private,372988,Some-college,10,Married-civ-spouse,Prof-specialty,Wife,White,Female,0,0,60,United-States,<=50K
21,Private,143812,12th,8,Never-married,Other-service,Own-child,White,Male,0,0,30,El-Salvador,<=50K
53,Private,111988,HS-grad,9,Married-civ-spouse,Machine-op-inspct,Husband,White,Male,0,0,50,United-States,<=50K
59,Private,171570,HS-grad,9,Divorced,Adm-clerical,Other-relative,White,Male,0,0,45,Philippines,>50K
33,Private,172758,HS-grad,9,Married-civ-spouse,Sales,Husband,White,Male,0,0,45,Mexico,<=50K
25,Private,197688,Bachelors,13,Never-married,Prof-specialty,Not-in-family,White,Male,0,0,50,United-States,<=50K
28,Private,205310,Assoc-voc,11,Never-married,Craft-repair,Unmarried,White,Male,0,0,40,United-States,<=50K
46,Private,117985,Doctorate,16,Married-civ-spouse,Adm-clerical,Husband,White,Male,0,1943,40,United-States,>50K
55,Private,221288,Prof-school,15,Widowed,Sales,Own-child,White,Male,0,0,48,Puerto-Rico,>50K
35,Private,209144,Bachelors,13,Divorced,Exec-managerial,Not-in-family,White,Male,0,0,45,United-States,<=50K
27,Self-emp-not-inc,208759,11th,7,Married-civ-spouse,Transport-moving,Husband,Black,Male,0,0,70,United-States,<=50K
27,Private,126777,HS-grad,9,Married-spouse-absent,Tech-support,Other-relative,White,Male,0,0,45,El-Salvador,<=50K
31,Private,260841,HS-grad,9,Married-civ-spouse,Tech-support,Husband,White,Male,0,0,35,United-States,<=50K
65,Private,215025,7th-8th,4,Divorced,Handlers-cleaners,Not-in-family,White,Male,0,0,40,United-States,<=50K
30,Federal-gov,211769,Doctorate,16,Never-married,Prof-specialty,Not-in-family,White,Male,0,0,38,United-States,>50K
41,Local-gov,217825,Masters,14,Married-civ-spouse,Craft-repair,Wife,Black,Female,0,0,30,United-States,>50K
63,Private,209490,HS-grad,9,Married-AF-spouse,Prof-specialty,Husband,White,Male,0,0,40,United-States,<=50K
66,Self-emp-not-inc,88330,HS-grad,9,Married-civ-spouse,Prof-specialty,Husband,White,Male,9428,0,49,Germany,<=50K
41,Private,362021,Assoc-voc,11,Married-civ-spouse,Machine-op-inspct,Wife,White,Female,0,0,40,United-States,<=50K
44,Federal-gov,150046,Bachelors,13,Married-civ-spouse,Transport-moving,Husband,Black,Male,0,0,43,United-States,<=50K
38,Private,116407,Bachelors,13,Married-civ-spouse,Prof-specialty,Wife,White,Female,0,0,55,United-States,>50K
29,Private,482890,Some-college,10,Married-civ-spouse,Craft-repair,Wife,White,Female,0,0,43,United-States,<=50K
49,Private,315630,11th,7,Married-spouse-absent,Craft-repair,Unmarried,White,Male,0,0,30,United-States,<=50K
59,Private,158668,9th,5,Divorced,Adm-clerical,Own-child,White,Male,0,0,38,United-States,<=50K
33,Private,85336,Masters,14,Married-civ-spouse,Adm-clerical,Husband,White,Male,4379,0,40,United-States,<=50K
19,Private,250451,9th,5,Never-married,Transport-moving,Own-child,White,Male,0,2472,30,United-States,<=50K
35,Private,279695,5th-6th,3,Never-married,Machine-op-inspct,Own-child,White,Male,0,0,45,United-States,<=50K
31,Private,197124,Bachelors,13,Divorced,Craft-repair,Not-in-family,White,Male,2736,0,38,Germany,>50K
57,Private,238837,Doctorate,16,Married-civ-spouse,Prof-specialty,Husband,White,Male,0,0,50,United-States,>50K
59,Private,148341,HS-grad,9,Divorced,Exec-managerial,Not-in-family,White,Male,0,0,45,United-States,<=50K
33,Private,259270,Doctorate,16,Married-civ-spouse,Exec-managerial,Wife,White,Female,0,0,50,United-States,>50K
49,Private,165635,HS-grad,9,Married-civ-spouse,Protective-serv,Husband,White,Male,0,0,30,Peru,>50K
53,State-gov,94228,Bachelors,13,Married-AF-spouse,Prof-specialty,Husband,White,Male,0,0,50,United-States,>50K
58,Private,315518,Assoc-voc,11,Widowed,Other-service,Not-in-family,White,Male,0,0,35,Jamaica,<=50K
34,Private,121851,HS-grad,9,Never-married,Handlers-cleaners,Not-in-family,Black,Female,0,0,40,Mexico,<=50K
30,Private,113452,HS-grad,9,Never-married,Adm-clerical,Not-in-family,Black,Female,0,0,60,United-States,<=50K
37,Private,139500,Doctorate,16,Divorced,Tech-support,Not-in-family,Asian-Pac-Islander,Male,0,0,44,United-States,>50K
33,Private,217812,HS-grad,9,Married-civ-spouse,Adm-clerical,Wife,White,Female,0,0,50,United-States,>50K
22,State-gov,133782,Bachelors,13,Never-married,Other-service,Own-child,White,Male,0,0,30,Columbia,<=50K
28,Private,142454,Assoc-voc,11,Never-married,Handlers-cleaners,Other-relative,White,Female,0,0,44,United-States,<=50K
26,Private,117921,HS-grad,9,Never-married,Transport-moving,Not-in-family,White,Male,0,0,35,United-States,<=50K
30,Private,70562,Assoc-voc,11,Married-civ-spouse,Handlers-cleaners,Husband,White,Male,0,0,50,United-States,<=50K
36,Local-gov,176827,Some-college,10,Never-married,Adm-clerical,Unmarried,White,Female,0,0,60,United-States,<=50K
34,Self-emp-inc,219292,HS-grad,9,Married-civ-spouse,Adm-clerical,Wife,White,Female,0,0,40,United-States,<=50K
19,Private,188521,HS-grad,9,Never-married,Craft-repair,Own-child,White,Male,0,0,40,United-States,<=50K
39,Private,83068,7th-8th,4,Never-married,Machine-op-inspct,Not-in-family,White,Male,0,0,60,United-States,<=50K
39,Private,227505,Bachelors,13,Separated,Craft-repair,Not-in-family,White,Male,0,0,45,United-States,<=50K
25,Federal-gov,296357,Bachelors,13,Divorced,Sales,Unmarried,White,Male,0,0,48,United-States,<=50K
36,Private,197710,HS-grad,9,Separated,Sales,Not-in-family,White,Male,0,0,20,United-States,<=50K
20,Private,248374,HS-grad,9,Divorced,Handlers-cleaners,Other-relative,White,Male,0,0,40,India,<=50K
57,Private,166906,Some-college,10,Married-spouse-absent,Exec-managerial,Unmarried,Asian-Pac-Islander,Male,5572,0,60,United-States,<=50K
51,Federal-gov,595413,Bachelors,13,Separated,Tech-support,Not-in-family,White,Male,0,0,38,United-States,>50K
35,Private,156490,HS-grad,9,Married-civ-spouse,Craft-repair,Husband,White,Male,0,1654,40,United-States,<=50K
38,Self-emp-not-inc,76351,HS-grad,9,Married-civ-spouse,Exec-managerial,Husband,White,Male,0,0,40,United-States,>50K
72,Private,234944,Some-college,10,Divorced,Transport-moving,Unmarried,White,Female,0,0,30,United-States,<=50K
59,Private,311774,5th-6th,3,Divorced,Craft-repair,Not-in-family,White,Male,0,0,50,China,<=50K
42,Private,305856,HS-grad,9,Married-civ-spouse,Handlers-cleaners,Husband,White,Male,0,0,40,United-States,<=50K
36,State-gov,193527,Bachelors,13,Married-civ-spouse,Farming-fishing,Wife,White,Female,0,0,38,United-States,<=50K
41,Private,87617,HS-grad,9,Divorced,Craft-repair,Own-child,Black,Male,0,0,48,United-States,<=50K
23,Self-emp-inc,314047,Bachelors,13,Married-civ-spouse,Exec-managerial,Husband,White,Male,0,0,49,United-States,<=50K
23,Private,211153,Bachelors,13,Married-civ-spouse,Prof-specialty,Husband,White,Male,0,0,50,United-States,<=50K
20,Private,169279,11th,7,Never-married,Handlers-cleaners,Own-child,Black,Male,0,0,40,United-States,<=50K
60,Private,256853,HS-grad,9,Married-civ-spouse,Machine-op-inspct,Husband,White,Male,0,0,44,United-States,<=50K
46,Private,141014,HS-grad,9,Married-civ-spouse,Adm-clerical,Husband,White,Male,0,0,40,United-States,<=50K
21,Private,323969,9th,5,Never-married,Machine-op-inspct,Not-in-family,Black,Female,3711,0,30,United-States,<=50K
31,Self-emp-not-inc,538568,Masters,14,Married-civ-spouse,Prof-specialty,Wife,White,Female,0,0,45,United-States,<=50K
50,Private,151095,HS-grad,9,Married-civ-spouse,Prof-specialty,Wife,Black,Female,0,0,60,United-States,<=50K
29,Private,94206,Some-college,10,Never-married,Craft-repair,Unmarried,Other,Male,0,0,40,United-States,<=50K
42,State-gov,254540,Some-college,10,Never-married,Exec-managerial,Own-child,Other,Female,0,0,60,United-States,<=50K
48,Private,143486,Bachelors,13,Married-civ-spouse,Prof-specialty,Husband,White,Male,0,0,48,United-States,<=50K
52,Private,193900,Assoc-voc,11,Never-married,Sales,Not-in-family,White,Male,0,0,40,Cuba,<=50K
33,Private,152042,Prof-school,15,Married-civ-spouse,Sales,Wife,White,Female,0,0,48,United-States,>50K
43,Private,137897,5th-6th,3,Married-spouse-absent,Other-service,Not-in-family,White,Male,7530,0,15,United-States,<=50K
60,Private,85472,HS-grad,9,Never-married,Sales,Not-in-family,White,Male,0,0,40,United-States,<=50K
33,Self-emp-not-inc,153066,Masters,14,Married-civ-spouse,Craft-repair,Wife,White,Female,0,0,40,United-States,>50K
35,Private,281235,11th,7,Married-civ-spouse,Machine-op-inspct,Wife,White,Female,0,2232,45,United-States,<=50K
33,Private,121223,Some-college,10,Married-civ-spouse,Craft-repair,Husband,White,Male,0,1897,38,United-States,>50K
46,Private,131527,Assoc-acdm,12,Married-civ-spouse,Sales,Wife,Other,Female,0,0,40,United-States,<=50K
37,Private,186205,Some-college,10,Never-married,Prof-specialty,Not-in-family,White,Male,0,0,50,United-States,<=50K
62,Private,248606,Masters,14,Widowed,Prof-specialty,Unmarried,White,Female,0,0,40,United-States,<=50K
50,Private,215542,Assoc-voc,11,Married-civ-spouse,Machine-op-inspct,Husband,Black,Male,0,0,38,United-States,<=50K
66,Private,125302,HS-grad,9,Married-civ-spouse,Adm-clerical,Wife,White,Female,0,0,35,United-States,<=50K
33,State-gov,195334,Some-college,10,Never-married,Craft-repair,Other-relative,White,Male,0,0,38,United-States,<=50K
54,Private,264056,9th,5,Divorced,Machine-op-inspct,Other-relative,White,Male,0,0,40,United-States,<=50K
41,Private,206646,HS-grad,9,Never-married,Adm-clerical,Not-in-family,White,Female,0,0,40,United-States,<=50K
47,Private,222610,HS-grad,9,Married-civ-spouse,Exec-managerial,Own-child,White,Male,0,0,55,United-States,<=50K
36,Private,327195,Assoc-acdm,12,Never-married,Tech-support,Not-in-family,White,Male,0,0,40,United-States,<=50K
30,Private,267711,Assoc-acdm,12,Married-civ-spouse,Adm-clerical,Husband,White,Male,0,0,40,United-States,<=50K
45,Private,165847,Assoc-acdm,12,Married-civ-spouse,Sales,Wife,White,Female,0,0,45,United-States,<=50K
57,Private,101173,Some-college,10,Divorced,Other-service,Own-child,White,Male,0,0,30,United-States,<=50K
34,Private,162757,Assoc-acdm,12,Divorced,Craft-repair,Not-in-family,White,Male,0,0,45,United-States,<=50K
54,Self-emp-not-inc,224234,Doctorate,16,Married-civ-spouse,Prof-specialty,Husband,White,Male,0,0,45,United-States,<=50K
57,Private,99321,HS-grad,9,Divorced,Adm-clerical,Unmarried,White,Male,0,0,33,Puerto-Rico,<=50K
39,Private,199941,HS-grad,9,Never-married,Other-service,Own-child,White,Female,0,0,20,United-States,<=50K
27,State-gov,70753,Some-college,10,Never-married,Other-service,Not-in-family,White,Male,0,0,16,Mexico,<=50K
35,Private,456685,Assoc-voc,11,Married-civ-spouse,Tech-support,Husband,White,Male,0,0,59,Germany,<=50K
43,Local-gov,152545,Bachelors,13,Married-civ-spouse,Adm-clerical,Husband,White,Male,0,0,40,United-States,<=50K
40,Private,193290,HS-grad,9,Married-civ-spouse,Other-service,Husband,White,Male,0,0,35,United-States,<=50K
32,Private,119826,HS-grad,9,Divorced,Machine-op-inspct,Not-in-family,Black,Male,0,0,38,United-States,<=50K
50,Private,178350,Doctorate,16,Married-civ-spouse,Tech-support,Other-relative,White,Male,0,0,38,United-States,>50K
28,Private,100207,HS-grad,9,Never-married,Craft-repair,Other-relative,White,Male,0,1685,48,United-States,<=50K
49,Private,173482,Doctorate,16,Married-civ-spouse,Transport-moving,Husband,White,Male,0,0,45,United-States,>50K
37,Private,345586,HS-grad,9,Married-civ-spouse,Other-service,Other-relative,Black,Male,0,0,50,United-States,<=50K
48,Self-emp-not-inc,178942,Bachelors,13,Married-civ-spouse,Protective-serv,Husband,White,Male,0,0,50,Cuba,>50K
60,Private,229644,Masters,14,Divorced,Exec-managerial,Not-in-family,White,Male,0,0,60,United-States,>50K
32,Private,207413,Assoc-acdm,12,Married-civ-spouse,Machine-op-inspct,Husband,White,Male,0,0,35,United-States,<=50K
35,Private,122662,HS-grad,9,Married-civ-spouse,Sales,Husband,White,Male,0,0,40,United-States,<=50K
48,Private,176405,Bachelors,13,Married-civ-spouse,Prof-specialty,Husband,White,Male,0,0,40,United-States,<=50K
30,Private,100764,Masters,14,Never-married,Sales,Not-in-family,White,Male,0,0,40,United-States,<=50K
35,Private,108692,HS-grad,9,Never-married,Other-service,Not-in-family,White,Male,0,0,20,United-States,<=50K
49,State-gov,547421,Assoc-voc,11,Married-civ-spouse,Other-service,Husband,Black,Male,0,0,15,United-States,<=50K
55,Private,143018,Bachelors,13,Divorced,Sales,Not-in-family,White,Male,0,0,55,United-States,<=50K
52,Federal-gov,171809,HS-grad,9,Married-civ-spouse,Adm-clerical,Husband,Asian-Pac-Islander,Male,0,0,48,United-States,>50K
44,Private,225722,Masters,14,Married-civ-spouse,Tech-support,Wife,White,Female,0,0,44,Puerto-Rico,<=50K
28,Private,189149,Assoc-acdm,12,Never-married,Sales,Unmarried,White,Male,0,0,40,United-States,<=50K
41,Private,94182,HS-grad,9,Married-civ-spouse,Adm-clerical,Husband,White,Male,0,0,48,Mexico,<=50K
65,Federal-gov,61884,HS-grad,9,Never-married,Prof-specialty,Not-in-family,White,Male,0,0,40,United-States,<=50K
39,Private,295047,Doctorate,16,Married-AF-spouse,Craft-repair,Husband,White,Male,0,0,43,Puerto-Rico,>50K
56,Self-emp-not-inc,157707,Some-college,10,Married-civ-spouse,Handlers-cleaners,Wife,White,Female,0,0,13,United-States,<=50K
32,Private,163868,HS-grad,9,Married-civ-spouse,Other-service,Husband,White,Male,0,0,20,United-States,<=50K
44,Private,160260,HS-grad,9,Married-civ-spouse,Prof-specialty,Wife,White,Female,0,0,40,United-States,<=50K
41,Private,249375,Some-college,10,Married-civ-spouse,Craft-repair,Wife,White,Female,0,1625,44,United-States,>50K
23,Private,395409,Assoc-acdm,12,Never-married,Craft-repair,Not-in-family,White,Male,0,1676,40,United-States,<=50K
52,Private,303542,9th,5,Divorced,Transport-moving,Not-in-family,White,Male,0,0,45,United-States,<=50K
28,Self-emp-not-inc,373057,Bachelors,13,Married-civ-spouse,Tech-support,Husband,White,Male,0,0,50,United-States,>50K
48,Private,143154,Bachelors,13,Married-civ-spouse,Machine-op-inspct,Husband,White,Male,0,0,43,United-States,<=50K
26,Private,278204,Bachelors,13,Married-civ-spouse,Prof-specialty,Wife,Asian-Pac-Islander,Female,0,0,40,United-States,>50K
53,Self-emp-not-inc,86292,HS-grad,9,Divorced,Sales,Not-in-family,White,Male,0,0,45,Germany,<=50K
47,Private,214487,Masters,14,Married-civ-spouse,Exec-managerial,Own-child,White,Male,0,0,50,United-States,<=50K
25,Private,109423,Some-college,10,Divorced,Other-service,Unmarried,White,Female,0,0,45,United-States,<=50K
29,State-gov,93784,Bachelors,13,Never-married,Prof-specialty,Other-relative,White,Male,0,0,58,United-States,<=50K
35,State-gov,247650,Assoc-acdm,12,Never-married,Sales,Not-in-family,White,Male,0,0,40,United-States,<=50K
34,Self-emp-inc,189831,HS-grad,9,Married-civ-spouse,Handlers-cleaners,Husband,White,Male,0,0,50,United-States,<=50K
28,Private,201421,Bachelors,13,Married-civ-spouse,Prof-specialty,Other-relative,White,Male,0,0,43,United-States,<=50K
47,Self-emp-not-inc,397102,HS-grad,9,Divorced,Machine-op-inspct,Unmarried,White,Male,0,0,60,United-States,<=50K
17,Private,133275,HS-grad,9,Never-married,Other-service,Not-in-family,White,Male,0,2408,20,United-States,<=50K
54,Federal-gov,236697,HS-grad,9,Married-civ-spouse,Prof-specialty,Husband,Black,Male,0,0,40,United-States,<=50K
40,Federal-gov,238878,Assoc-acdm,12,Married-civ-spouse,Craft-repair,Husband,White,Male,0,0,50,United-States,<=50K
41,Private,125757,HS-grad,9,Married-civ-spouse,Craft-repair,Wife,White,Female,0,0,50,United-States,<=50K
59,Local-gov,216941,Masters,14,Divorced,Adm-clerical,Not-in-family,White,Male,0,0,40,United-States,<=50K
74,Private,141630,10th,6,Married-civ-spouse,Craft-repair,Husband,White,Male,0,0,44,United-States,<=50K
57,Private,191900,HS-grad,9,Married-civ-spouse,Protective-serv,Husband,White,Male,0,1563,40,United-States,<=50K
53,Private,139215,HS-grad,9,Married-civ-spouse,Other-service,Wife,White,Female,0,0,45,United-States,<=50K
38,Private,90863,HS-grad,9,Never-married,Prof-specialty,Own-child,White,Female,0,0,40,Italy,<=50K
32,Private,160454,Bachelors,13,Divorced,Sales,Other-relative,White,Male,0,0,48,United-States,>50K
49,Private,150597,Some-college,10,Married-civ-spouse,Sales,Wife,White,Female,4638,0,45,United-States,>50K
20,Private,162919,10th,6,Never-married,Other-service,Not-in-family,White,Male,0,0,20,United-States,<=50K
31,Private,264222,HS-grad,9,Married-civ-spouse,Sales,Husband,White,Male,0,0,44,United-States,<=50K
45,Federal-gov,325345,HS-grad,9,Married-civ-spouse,Tech-support,Husband,Black,Male,0,0,40,United-States,<=50K
25,Private,236643,Some-college,10,Never-married,Transport-moving,Not-in-family,White,Female,0,0,50,United-States,<=50K
39,Local-gov,91327,11th,7,Divorced,Machine-op-inspct,Own-child,Black,Female,0,0,43,United-States,<=50K
44,Private,265729,Some-college,10,Married-civ-spouse,Adm-clerical,Husband,White,Male,0,0,38,United-States,<=50K
53,Local-gov,234782,1st-4th,2,Married-civ-spouse,Farming-fishing,Husband,White,Male,0,1792,36,United-States,<=50K
24,Private,337219,Bachelors,13,Married-civ-spouse,Farming-fishing,Wife,White,Female,0,0,44,United-States,<=50K
60,State-gov,521205,Prof-school,15,Married-AF-spouse,Exec-managerial,Husband,Black,Male,0,0,35,United-States,>50K
44,Self-emp-not-inc,168318,Masters,14,Divorced,Prof-specialty,Unmarried,White,Female,0,0,45,United-States,>50K
23,Private,321728,Some-college,10,Married-civ-spouse,Transport-moving,Husband,White,Male,0,0,50,United-States,<=50K
37,Private,191563,Some-college,10,Married-civ-spouse,Machine-op-inspct,Wife,White,Female,0,0,40,United-States,<=50K
25,Private,158133,Bachelors,13,Divorced,Machine-op-inspct,Unmarried,White,Male,0,0,40,United-States,<=50K
31,Self-emp-inc,208072,Assoc-voc,11,Married-civ-spouse,Exec-managerial,Wife,White,Female,0,0,40,United-States,<=50K
51,Private,126079,HS-grad,9,Married-civ-spouse,Exec-managerial,Wife,White,Female,7692,0,40,United-States,>50K
21,Private,172710,7th-8th,4,Never-married,Other-service,Own-child,Asian-Pac-Islander,Male,0,0,42,United-States,>50K
46,Private,289770,HS-grad,9,Divorced,Other-service,Unmarried,White,Female,0,0,16,United-States,<=50K
52,Private,197556,Bachelors,13,Never-married,Prof-specialty,Not-in-family,Black,Female,0,0,60,United-States,<=50K
20,Private,80056,HS-grad,9,Never-married,Exec-managerial,Own-child,White,Male,0,0,40,United-States,<=50K
40,Federal-gov,233703,Some-college,10,Widowed,Prof-specialty,Not-in-family,White,Male,0,0,45,United-States,<=50K
31,Private,142069,Some-college,10,Divorced,Craft-repair,Own-child,White,Male,0,0,25,United-States,<=50K
54,Private,139936,Preschool,1,Widowed,Transport-moving,Not-in-family,White,Female,0,0,30,United-States,<=50K
57,Federal-gov,222260,Assoc-acdm,12,Divorced,Machine-op-inspct,Not-in-family,Asian-Pac-Islander,Male,0,0,50,Mexico,<=50K
38,Private,106407,Bachelors,13,Divorced,Machine-op-inspct,Own-child,White,Female,0,0,30,United-States,<=50K
47,Private,175284,HS-grad,9,Married-civ-spouse,Other-service,Husband,White,Male,0,0,25,United-States,<=50K
57,Federal-gov,548244,HS-grad,9,Married-civ-spouse,Exec-managerial,Husband,White,Male,0,0,60,United-States,<=50K
31,Private,278716,11th,7,Married-civ-spouse,Other-service,Own-child,White,Male,0,0,37,United-States,<=50K
54,Private,241377,HS-grad,9,Divorced,Protective-serv,Not-in-family,White,Male,0,0,40,United-States,<=50K
27,Private,180475,Assoc-acdm,12,Married-civ-spouse,Sales,Wife,White,Female,0,0,30,United-States,<=50K
34,Private,160295,HS-grad,9,Married-civ-spouse,Craft-repair,Wife,White,Female,0,0,45,United-States,>50K
48,Local-gov,83459,Bachelors,13,Never-married,Exec-managerial,Unmarried,White,Male,0,0,43,United-States,<=50K
45,Private,199380,Bachelors,13,Married-civ-spouse,Tech-support,Husband,White,Male,0,0,40,United-States,<=50K
32,Private,224254,HS-grad,9,Married-civ-spouse,Adm-clerical,Husband,White,Male,0,0,40,United-States,<=50K
42,Self-emp-inc,144598,Assoc-voc,11,Divorced,Craft-repair,Unmarried,White,Male,0,0,45,United-States,<=50K
27,Private,100797,Some-college,10,Divorced,Machine-op-inspct,Unmarried,White,Female,0,0,55,United-States,<=50K
31,State-gov,203937,Bachelors,13,Married-civ-spouse,Prof-specialty,Husband,White,Male,0,0,58,United-States,>50K
59,Private,147003,HS-grad,9,Married-civ-spouse,Handlers-cleaners,Wife,White,Female,0,0,40,United-States,<=50K
38,Private,195990,Doctorate,16,Married-civ-spouse,Sales,Husband,White,Male,0,0,43,United-States,>50K
22,Private,141195,HS-grad,9,Divorced,Tech-support,Unmarried,White,Male,0,2614,50,United-States,<=50K
20,State-gov,163447,10th,6,Never-married,Transport-moving,Other-relative,White,Male,0,0,44,United-States,<=50K
36,Private,103116,Masters,14,Divorced,Adm-clerical,Not-in-family,White,Male,0,0,40,United-States,<=50K
33,Private,329137,11th,7,Married-civ-spouse,Handlers-cleaners,Husband,White,Male,0,0,40,United-States,<=50K
52,Self-emp-inc,171881,11th,7,Married-civ-spouse,Transport-moving,Wife,White,Female,0,2329,41,United-States,<=50K
57,Private,222723,Bachelors,13,Separated,Sales,Not-in-family,White,Male,0,0,45,South,<=50K
25,Private,77766,Some-college,10,Married-civ-spouse,Adm-clerical,Husband,White,Male,0,0,40,United-States,<=50K
58,Private,200819,Bachelors,13,Married-civ-spouse,Exec-managerial,Wife,White,Female,0,0,38,United-States,>50K
49,Federal-gov,92404,10th,6,Divorced,Machine-op-inspct,Own-child,White,Male,0,0,48,United-States,<=50K
31,State-gov,274888,HS-grad,9,Divorced,Sales,Not-in-family,White,Male,0,0,40,United-States,<=50K
22,Private,463637,Some-college,10,Married-civ-spouse,Craft-repair,Wife,White,Female,0,0,40,Taiwan,<=50K
54,Self-emp-not-inc,217412,9th,5,Married-civ-spouse,Machine-op-inspct,Husband,White,Male,0,0,40,United-States,<=50K
27,Private,441513,HS-grad,9,Never-married,Priv-house-serv,Not-in-family,White,Male,0,0,40,United-States,<=50K
31,Private,348761,Bachelors,13,Married-civ-spouse,Tech-support,Husband,White,Male,0,0,40,United-States,<=50K
30,Private,202774,Some-college,10,Married-civ-spouse,Craft-repair,Wife,Black,Female,0,0,30,United-States,<=50K
39,Local-gov,294610,HS-grad,9,Married-civ-spouse,Sales,Wife,White,Female,0,0,45,United-States,>50K
29,Self-emp-not-inc,205785,Some-college,10,Married-civ-spouse,Tech-support,Husband,White,Male,0,0,50,United-States,<=50K
34,Private,149257,7th-8th,4,Married-civ-spouse,Farming-fishing,Husband,White,Male,0,0,40,United-States,<=50K
35,Private,139850,Bachelors,13,Divorced,Sales,Not-in-family,White,Male,3810,0,40,Cuba,>50K
42,Private,101023,11th,7,Married-civ-spouse,Sales,Husband,White,Male,0,0,48,United-States,<=50K
33,Without-pay,242971,HS-grad,9,Married-civ-spouse,Machine-op-inspct,Own-child,White,Male,0,0,4,United-States,<=50K
33,Private,136564,Some-college,10,Divorced,Sales,Unmarried,Asian-Pac-Islander,Female,0,0,50,United-States,<=50K
29,Federal-gov,265880,Assoc-voc,11,Married-spouse-absent,Exec-managerial,Unmarried,White,Male,0,0,50,United-States,>50K
36,Private,125157,HS-grad,9,Never-married,Adm-clerical,Not-in-family,White,Male,0,0,40,India,<=50K
32,Self-emp-not-inc,189328,Bachelors,13,Divorced,Other-service,Not-in-family,Asian-Pac-Islander,Male,0,0,20,United-States,<=50K
34,Private,217945,11th,7,Divorced,Farming-fishing,Not-in-family,White,Male,0,2161,50,United-States,<=50K
33,Private,181506,Bachelors,13,Married-civ-spouse,Machine-op-inspct,Husband,Black,Male,0,0,30,United-States,<=50K
54,State-gov,195163,7th-8th,4,Married-civ-spouse,Handlers-cleaners,Husband,White,Male,0,0,44,United-States,<=50K
71,Local-gov,112808,7th-8th,4,Married-civ-spouse,Sales,Wife,White,Female,0,0,40,United-States,<=50K
48,Private,141454,HS-grad,9,Married-civ-spouse,Tech-support,Husband,White,Male,0,0,43,United-States,<=50K
37,Federal-gov,125865,Bachelors,13,Married-civ-spouse,Protective-serv,Husband,White,Male,0,0,45,United-States,<=50K
33,Private,106196,Some-college,10,Never-married,Machine-op-inspct,Own-child,White,Female,0,0,20,United-States,<=50K
41,Private,144140,Prof-school,15,Never-married,Sales,Not-in-family,White,Female,0,0,38,United-States,<=50K
57,Private,194008,Some-college,10,Widowed,Other-service,Not-in-family,White,Male,0,1636,15,United-States,<=50K
45,Private,198947,Some-college,10,Divorced,Craft-repair,Not-in-family,White,Female,13749,0,38,United-States,<=50K
41,Private,256504,Bachelors,13,Married-civ-spouse,Prof-specialty,Husband,White,Male,0,0,50,India,>50K
51,Private,190283,7th-8th,4,Married-civ-spouse,Machine-op-inspct,Husband,White,Male,0,0,40,United-States,<=50K
39,Private,295666,Prof-school,15,Married-civ-spouse,Sales,Wife,White,Female,0,0,48,United-States,<=50K
31,Private,476616,HS-grad,9,Divorced,Exec-managerial,Not-in-family,White,Male,0,0,40,United-States,<=50K
51,Private,209869,Masters,14,Married-civ-spouse,Exec-managerial,Wife,White,Female,0,0,40,United-States,<=50K
50,Self-emp-not-inc,170120,Masters,14,Married-civ-spouse,Farming-fishing,Husband,White,Male,0,0,60,England,<=50K
29,Private,159062,HS-grad,9,Never-married,Exec-managerial,Unmarried,Asian-Pac-Islander,Male,0,0,60,United-States,<=50K
27,Private,280194,Bachelors,13,Married-civ-spouse,Tech-support,Husband,White,Male,0,0,35,United-States,<=50K
64,Self-emp-not-inc,138794,Bachelors,13,Married-civ-spouse,Prof-specialty,Husband,White,Male,0,0,38,Poland,<=50K
46,Private,213577,Prof-school,15,Married-civ-spouse,Prof-specialty,Wife,White,Female,0,0,45,United-States,>50K
51,Private,233228,Bachelors,13,Married-civ-spouse,Exec-managerial,Husband,White,Male,0,2330,45,United-States,>50K
29,Private,278714,Some-college,10,Married-civ-spouse,Sales,Husband,White,Male,0,0,40,United-States,<=50K
25,Private,182632,11th,7,Never-married,Handlers-cleaners,Not-in-family,White,Female,0,0,45,United-States,<=50K
30,Federal-gov,104740,Assoc-acdm,12,Married-spouse-absent,Other-service,Not-in-family,White,Female,0,0,33,United-States,<=50K
35,Private,231973,Assoc-voc,11,Never-married,Machine-op-inspct,Not-in-family,Amer-Indian-Eskimo,Male,0,0,44,United-States,<=50K
25,Private,234843,HS-grad,9,Divorced,Farming-fishing,Not-in-family,Other,Male,0,0,40,United-States,<=50K
33,Private,287269,5th-6th,3,Married-civ-spouse,Transport-moving,Wife,Black,Female,0,0,40,United-States,<=50K
26,Private,171325,Assoc-acdm,12,Married-civ-spouse,Sales,Husband,Asian-Pac-Islander,Male,0,0,40,India,<=50K
31,State-gov,365586,Some-college,10,Married-civ-spouse,Sales,Husband,White,Male,0,0,40,United-States,<=50K
37,State-gov,142026,Bachelors,13,Married-civ-spouse,Prof-specialty,Wife,White,Female,0,0,40,United-States,<=50K
34,Private,289859,Assoc-voc,11,Married-civ-spouse,Other-service,Husband,Black,Male,3721,0,40,Poland,<=50K
47,Self-emp-inc,247701,Some-college,10,Married-civ-spouse,Farming-fishing,Husband,Black,Male,0,0,40,United-States,>50K
46,Private,224535,Prof-school,15,Married-civ-spouse,Prof-specialty,Husband,White,Male,0,0,40,United-States,>50K
45,Private,123230,HS-grad,9,Married-civ-spouse,Adm-clerical,Husband,White,Male,0,0,55,United-States,<=50K
27,Private,318196,HS-grad,9,Never-married,Exec-managerial,Not-in-family,White,Female,0,0,40,United-States,>50K
55,Private,116583,Assoc-acdm,12,Married-civ-spouse,Exec-managerial,Wife,White,Female,0,0,40,United-States,<=50K
42,Private,125052,Bachelors,13,Married-civ-spouse,Prof-specialty,Husband,White,Male,0,0,45,United-States,<=50K
51,Private,102542,Bachelors,13,Married-civ-spouse,Prof-specialty,Husband,White,Male,0,0,56,United-States,>50K
32,Private,152369,Some-college,10,Married-civ-spouse,Sales,Husband,White,Male,0,0,40,United-States,<=50K
59,Private,118483,HS-grad,9,Widowed,Machine-op-inspct,Other-relative,White,Male,0,0,39,United-States,<=50K
39,Self-emp-not-inc,182929,HS-grad,9,Never-married,Tech-support,Other-relative,White,Male,0,0,55,United-States,<=50K
30,Private,196734,Bachelors,13,Divorced,Machine-op-inspct,Other-relative,Other,Male,0,0,40,United-States,<=50K
42,Self-emp-not-inc,237101,HS-grad,9,Married-civ-spouse,Other-service,Husband,White,Male,0,0,40,Dominican-Republic,<=50K
26,Local-gov,231484,Bachelors,13,Never-married,Exec-managerial,Not-in-family,White,Male,0,0,48,United-States,<=50K
47,Private,292013,HS-grad,9,Married-civ-spouse,Adm-clerical,Wife,White,Female,0,0,45,Mexico,<=50K
56,Private,289475,HS-grad,9,Married-civ-spouse,Sales,Husband,White,Male,0,0,50,Germany,<=50K
70,Local-gov,271563,Masters,14,Never-married,Prof-specialty,Not-in-family,White,Male,0,0,45,United-States,>50K
31,Self-emp-not-inc,140424,Masters,14,Married-civ-spouse,Adm-clerical,Husband,White,Male,0,0,35,United-States,>50K
31,Private,172088,Some-college,10,Married-civ-spouse,Handlers-cleaners,Husband,White,Male,0,0,48,United-States,<=50K
60,Self-emp-inc,490039,10th,6,Divorced,Other-service,Not-in-family,White,Male,0,0,39,United-States,<=50K
37,Self-emp-not-inc,309081,Some-college,10,Widowed,Handlers-cleaners,Own-child,Black,Male,0,0,50,United-States,<=50K
38,Private,207180,11th,7,Married-civ-spouse,Farming-fishing,Husband,Asian-Pac-Islander,Male,0,0,40,United-States,>50K
31,Private,155776,Doctorate,16,Married-civ-spouse,Prof-specialty,Wife,Amer-Indian-Eskimo,Female,0,0,64,United-States,>50K
54,Private,211519,Doctorate,16,Divorced,Exec-managerial,Own-child,White,Female,0,0,45,United-States,>50K
43,Self-emp-not-inc,273904,Masters,14,Married-civ-spouse,Prof-specialty,Husband,White,Male,2493,0,40,United-States,>50K
46,Private,285532,Bachelors,13,Married-civ-spouse,Prof-specialty,Husband,White,Male,0,0,45,United-States,>50K
32,State-gov,106666,10th,6,Married-civ-spouse,Craft-repair,Wife,White,Female,0,0,43,China,<=50K
25,State-gov,55083,HS-grad,9,Married-civ-spouse,Protective-serv,Husband,White,Male,0,0,38,United-States,<=50K
37,Private,147888,5th-6th,3,Married-civ-spouse,Handlers-cleaners,Husband,Black,Male,0,0,45,United-States,<=50K
34,Federal-gov,183018,HS-grad,9,Married-civ-spouse,Farming-fishing,Husband,White,Male,0,0,40,United-States,>50K
64,Private,267053,Some-college,10,Married-civ-spouse,Prof-specialty,Husband,White,Male,0,0,60,United-States,<=50K
44,Local-gov,393526,HS-grad,9,Married-civ-spouse,Protective-serv,Husband,White,Male,0,0,38,United-States,<=50K
58,Private,234040,Some-college,10,Married-civ-spouse,Craft-repair,Wife,Asian-Pac-Islander,Female,0,0,48,United-States,>50K
49,Private,138987,Bachelors,13,Married-civ-spouse,Prof-specialty,Husband,Black,Male,5081,0,38,Cuba,>50K
24,Private,131100,HS-grad,9,Never-married,Machine-op-inspct,Not-in-family,White,Male,0,0,42,United-States,<=50K
30,Private,163467,11th,7,Married-civ-spouse,Handlers-cleaners,Husband,White,Male,0,0,37,United-States,<=50K
51,Private,315377,HS-grad,9,Never-married,Transport-moving,Not-in-family,White,Male,5577,0,26,United-States,<=50K
22,Private,143760,HS-grad,9,Never-married,Transport-moving,Own-child,Asian-Pac-Islander,Male,0,0,40,United-States,<=50K
22,Private,390389,HS-grad,9,Never-married,Machine-op-inspct,Own-child,White,Male,0,0,50,United-States,<=50K
28,Self-emp-not-inc,124719,Bachelors,13,Married-spouse-absent,Exec-managerial,Not-in-family,White,Male,0,0,60,United-States,<=50K
40,Private,137215,Assoc-acdm,12,Never-married,Craft-repair,Unmarried,White,Male,0,0,40,United-States,>50K
32,Private,193543,7th-8th,4,Widowed,Machine-op-inspct,Own-child,White,Male,0,0,44,Japan,<=50K
39,Self-emp-not-inc,150367,11th,7,Married-civ-spouse,Transport-moving,Wife,White,Female,0,0,40,United-States,<=50K
25,Private,197148,Masters,14,Married-civ-spouse,Prof-specialty,Husband,Asian-Pac-Islander,Male,7242,0,48,United-States,>50K
22,Self-emp-not-inc,119441,Some-college,10,Married-civ-spouse,Transport-moving,Husband,Black,Male,0,0,60,United-States,<=50K
33,Private,163138,Bachelors,13,Married-civ-spouse,Tech-support,Husband,White,Male,0,0,43,United-States,<=50K
35,Private,71245,Bachelors,13,Married-civ-spouse,Exec-managerial,Wife,White,Female,0,0,45,Jamaica,<=50K
36,Private,173585,HS-grad,9,Married-civ-spouse,Sales,Wife,White,Female,0,2478,35,United-States,>50K
41,Private,287128,Some-college,10,Married-civ-spouse,Craft-repair,Husband,White,Male,0,0,45,Mexico,<=50K
38,Private,168571,Doctorate,16,Never-married,Prof-specialty,Not-in-family,Black,Male,0,0,55,United-States,>50K
57,State-gov,145631,Some-college,10,Separated,Adm-clerical,Unmarried,White,Female,0,0,40,Puerto-Rico,<=50K
38,Private,171054,11th,7,Divorced,Farming-fishing,Unmarried,Black,Female,0,0,35,United-States,<=50K
48,Private,105321,Bachelors,13,Divorced,Craft-repair,Own-child,Black,Male,0,0,39,United-States,<=50K
47,Self-emp-not-inc,230289,Doctorate,16,Never-married,Machine-op-inspct,Other-relative,White,Female,0,0,55,United-States,>50K
34,State-gov,83115,Some-college,10,Married-civ-spouse,Sales,Husband,White,Male,0,0,48,United-States,<=50K
22,Private,158352,Some-college,10,Never-married,Craft-repair,Unmarried,Black,Female,0,0,40,United-States,<=50K
42,Private,272907,HS-grad,9,Married-civ-spouse,Handlers-cleaners,Husband,White,Male,0,1828,20,United-States,<=50K
53,Private,206189,1st-4th,2,Widowed,Handlers-cleaners,Not-in-family,White,Male,0,0,40,United-States,<=50K
42,Private,103144,Some-college,10,Married-civ-spouse,Transport-moving,Husband,Asian-Pac-Islander,Male,0,0,40,United-States,<=50K
34,Federal-gov,114746,Bachelors,13,Never-married,Exec-managerial,Not-in-family,White,Female,0,0,80,India,<=50K
48,Private,115488,Masters,14,Divorced,Exec-managerial,Own-child,White,Male,0,0,55,United-States,>50K
67,Private,302228,HS-grad,9,Married-civ-spouse,Transport-moving,Husband,Black,Male,0,0,35,China,<=50K
21,Private,188554,HS-grad,9,Never-married,Handlers-cleaners,Own-child,White,Female,0,0,38,United-States,<=50K
34,Private,121420,HS-grad,9,Married-civ-spouse,Transport-moving,Husband,Asian-Pac-Islander,Male,0,0,35,United-States,<=50K
29,Federal-gov,113257,Bachelors,13,Married-civ-spouse,Armed-Forces,Wife,White,Female,0,0,20,United-States,<=50K
33,Local-gov,219506,HS-grad,9,Never-married,Transport-moving,Unmarried,White,Male,0,0,35,United-States,<=50K
30,Federal-gov,150999,Some-college,10,Divorced,Transport-moving,Not-in-family,White,Male,4021,0,38,United-States,<=50K
45,Private,148254,Assoc-voc,11,Married-civ-spouse,Handlers-cleaners,Husband,White,Male,0,0,45,United-States,<=50K
48,Private,103412,Some-college,10,Married-civ-spouse,Exec-managerial,Husband,Black,Male,0,0,60,United-States,>50K
59,Private,283777,Preschool,1,Never-married,Other-service,Own-child,Asian-Pac-Islander,Male,0,1811,38,United-States,<=50K
40,Private,370307,Bachelors,13,Married-civ-spouse,Sales,Husband,White,Male,0,0,44,United-States,>50K
37,Private,137750,HS-grad,9,Married-civ-spouse,Exec-managerial,Husband,White,Male,0,0,53,United-States,>50K
28,Local-gov,188810,Masters,14,Married-spouse-absent,Farming-fishing,Not-in-family,White,Male,0,0,40,United-States,<=50K
60,Private,252216,1st-4th,2,Married-civ-spouse,Priv-house-serv,Wife,Black,Female,0,0,20,United-States,<=50K
64,Self-emp-not-inc,158380,Some-college,10,Married-civ-spouse,Adm-clerical,Husband,White,Male,0,0,55,United-States,<=50K
56,Self-emp-not-inc,269261,HS-grad,9,Married-civ-spouse,Sales,Husband,White,Male,0,0,55,United-States,>50K
64,Private,267689,HS-grad,9,Married-civ-spouse,Sales,Husband,White,Male,0,0,40,United-States,>50K
59,Private,239151,9th,5,Married-civ-spouse,Farming-fishing,Husband,White,Male,0,0,42,United-States,<=50K
41,Private,157750,Bachelors,13,Married-civ-spouse,Prof-specialty,Husband,White,Male,0,0,45,United-States,>50K
44,Private,512285,Some-college,10,Married-civ-spouse,Craft-repair,Husband,White,Male,0,0,45,United-States,>50K
41,Private,238163,Assoc-voc,11,Divorced,Adm-clerical,Unmarried,White,Female,0,0,45,United-States,<=50K
58,Private,129322,Bachelors,13,Widowed,Exec-managerial,Unmarried,White,Female,0,0,60,United-States,<=50K
60,State-gov,92010,Bachelors,13,Married-civ-spouse,Exec-managerial,Wife,White,Female,0,0,60,United-States,<=50K
24,Private,131143,Some-college,10,Married-civ-spouse,Exec-managerial,Wife,White,Female,0,0,45,United-States,<=50K
33,Private,76776,HS-grad,9,Widowed,Exec-managerial,Not-in-family,White,Male,7431,0,40,United-States,>50K
22,Federal-gov,79527,HS-grad,9,Never-married,Exec-managerial,Own-child,White,Male,0,0,48,United-States,<=50K
55,Private,93671,HS-grad,9,Married-civ-spouse,Machine-op-inspct,Husband,Black,Male,0,0,43,United-States,>50K
38,Private,136848,HS-grad,9,Married-civ-spouse,Sales,Wife,White,Female,0,0,40,United-States,<=50K
21,Local-gov,102562,HS-grad,9,Never-married,Craft-repair,Not-in-family,Black,Male,0,0,40,Honduras,<=50K
44,Private,93884,HS-grad,9,Married-civ-spouse,Farming-fishing,Husband,White,Male,0,0,40,United-States,<=50K
25,State-gov,254585,Assoc-acdm,12,Never-married,Farming-fishing,Other-relative,White,Male,0,0,48,United-States,<=50K
37,Self-emp-inc,232907,Assoc-voc,11,Divorced,Adm-clerical,Not-in-family,White,Male,0,0,60,South,<=50K
28,Private,209672,Bachelors,13,Married-civ-spouse,Exec-managerial,Wife,White,Female,0,0,45,United-States,<=50K
51,Private,349489,9th,5,Married-civ-spouse,Sales,Husband,White,Male,0,0,40,Mexico,<=50K
55,Private,624109,Doctorate,16,Married-civ-spouse,Prof-specialty,Husband,White,Male,0,0,48,United-States,>50K
64,Private,105299,Masters,14,Divorced,Exec-managerial,Not-in-family,White,Male,0,0,40,United-States,<=50K
57,Local-gov,205416,HS-grad,9,Divorced,Craft-repair,Not-in-family,White,Male,0,0,40,United-States,<=50K
55,Private,233209,Some-college,10,Married-spouse-absent,Sales,Not-in-family,White,Male,0,0,36,England,<=50K
58,Self-emp-inc,248511,9th,5,Separated,Other-service,Other-relative,White,Male,0,0,40,United-States,<=50K
34,Private,117412,Bachelors,13,Married-civ-spouse,Exec-managerial,Husband,White,Male,27698,0,60,United-States,>50K
30,Private,171329,Masters,14,Married-civ-spouse,Prof-specialty,Husband,Black,Male,0,0,45,England,<=50K
37,Private,103903,11th,7,Married-civ-spouse,Machine-op-inspct,Husband,White,Male,0,0,40,South,<=50K
38,Self-emp-not-inc,98330,HS-grad,9,Married-civ-spouse,Adm-clerical,Husband,White,Male,0,1469,50,United-States,<=50K
44,Private,238775,HS-grad,9,Married-civ-spouse,Craft-repair,Husband,White,Male,0,0,41,United-States,>50K
44,State-gov,144970,HS-grad,9,Divorced,Sales,Own-child,White,Male,0,0,40,United-States,>50K
23,Private,351277,HS-grad,9,Married-civ-spouse,Handlers-cleaners,Wife,White,Female,0,0,50,United-States,<=50K
39,Private,104178,Some-college,10,Divorced,Adm-clerical,Unmarried,White,Female,0,0,44,United-States,<=50K
34,Private,187304,Bachelors,13,Married-civ-spouse,Prof-specialty,Husband,White,Male,10795,0,55,United-States,>50K
30,Private,230252,Some-college,10,Never-married,Protective-serv,Own-child,White,Female,0,0,40,United-States,<=50K
18,Private,319622,HS-grad,9,Never-married,Prof-specialty,Not-in-family,White,Female,0,0,40,United-States,<=50K
45,Private,360890,HS-grad,9,Married-civ-spouse,Sales,Husband,White,Male,0,0,40,United-States,<=50K
48,Private,183655,Assoc-voc,11,Married-civ-spouse,Sales,Husband,White,Male,0,0,35,Poland,<=50K
48,Self-emp-not-inc,160088,Masters,14,Married-civ-spouse,Exec-managerial,Wife,White,Female,0,0,35,United-States,>50K
39,Private,253908,HS-grad,9,Never-married,Craft-repair,Own-child,White,Male,0,0,38,United-States,<=50K
30,Private,483629,Assoc-acdm,12,Married-spouse-absent,Exec-managerial,Not-in-family,White,Female,0,0,50,United-States,<=50K
47,Federal-gov,170322,Some-college,10,Divorced,Machine-op-inspct,Other-relative,White,Male,0,0,40,United-States,<=50K
21,Private,210083,HS-grad,9,Never-married,Craft-repair,Not-in-family,White,Male,0,0,35,El-Salvador,<=50K
48,Private,190601,Masters,14,Married-civ-spouse,Prof-specialty,Husband,White,Male,0,0,38,Cambodia,>50K
27,Self-emp-not-inc,401089,Assoc-acdm,12,Never-married,Adm-clerical,Not-in-family,Black,Male,0,0,55,United-States,<=50K
72,Private,172477,Bachelors,13,Married-civ-spouse,Prof-specialty,Husband,White,Male,0,0,45,Ireland,<=50K
40,Private,146054,Bachelors,13,Married-civ-spouse,Prof-specialty,Husband,Black,Male,0,0,40,United-States,<=50K
54,Federal-gov,133045,Some-college,10,Married-civ-spouse,Sales,Husband,White,Male,0,0,40,United-States,>50K
41,Private,100856,Assoc-voc,11,Married-civ-spouse,Tech-support,Husband,Black,Male,0,0,50,United-States,>50K
49,Local-gov,157548,Prof-school,15,Married-civ-spouse,Prof-specialty,Husband,White,Male,6003,0,50,United-States,>50K
35,Private,162238,Prof-school,15,Married-civ-spouse,Craft-repair,Wife,White,Female,0,0,43,Jamaica,>50K
40,Private,147995,Masters,14,Married-civ-spouse,Prof-specialty,Husband,White,Male,0,0,55,United-States,>50K
31,Private,338501,Masters,14,Married-civ-spouse,Protective-serv,Wife,Black,Female,0,0,52,United-States,>50K
32,Private,112629,Assoc-voc,11,Never-married,Craft-repair,Own-child,White,Male,0,0,38,United-States,<=50K
51,Self-emp-not-inc,26971,Bachelors,13,Married-civ-spouse,Exec-managerial,Wife,White,Female,0,0,40,United-States,>50K
48,Private,218580,Assoc-voc,11,Never-married,Prof-specialty,Own-child,White,Male,0,0,55,United-States,<=50K
23,Local-gov,262845,11th,7,Married-civ-spouse,Transport-moving,Husband,White,Male,0,0,40,United-States,<=50K
66,State-gov,256001,Assoc-voc,11,Married-civ-spouse,Other-service,Husband,White,Male,0,0,40,Puerto-Rico,<=50K
57,Private,73632,Bachelors,13,Married-spouse-absent,Sales,Own-child,Black,Female,0,0,40,United-States,>50K
46,Federal-gov,202737,Masters,14,Married-civ-spouse,Prof-specialty,Husband,Black,Male,0,0,45,United-States,>50K
35,Private,204366,Bachelors,13,Married-civ-spouse,Prof-specialty,Husband,Black,Male,0,1641,50,Mexico,<=50K
24,Private,220402,Bachelors,13,Never-married,Sales,Not-in-family,White,Male,0,0,50,Puerto-Rico,<=50K
52,Private,177997,HS-grad,9,Married-civ-spouse,Craft-repair,Husband,White,Male,0,0,40,United-States,<=50K
35,Private,254820,Assoc-voc,11,Married-civ-spouse,Exec-managerial,Husband,White,Male,0,0,45,United-States,>50K
50,Federal-gov,239249,Bachelors,13,Divorced,Protective-serv,Own-child,Black,Male,0,0,40,United-States,<=50K
34,Private,218948,Bachelors,13,Married-civ-spouse,Exec-managerial,Wife,White,Female,0,0,35,United-States,>50K
36,Private,232735,Doctorate,16,Never-married,Transport-moving,Unmarried,White,Female,0,0,40,United-States,<=50K
49,Federal-gov,137946,Some-college,10,Married-civ-spouse,Sales,Wife,Other,Female,0,0,40,United-States,<=50K
29,Private,148137,HS-grad,9,Married-civ-spouse,Craft-repair,Husband,Black,Male,0,0,40,United-States,<=50K
36,Private,299316,Bachelors,13,Married-civ-spouse,Transport-moving,Husband,Black,Male,0,0,44,United-States,<=50K
51,Private,131290,Some-college,10,Divorced,Transport-moving,Not-in-family,Black,Male,0,0,40,United-States,<=50K
39,Local-gov,271140,Bachelors,13,Married-civ-spouse,Exec-managerial,Own-child,White,Male,0,0,35,United-States,>50K
63,Private,298125,Assoc-voc,11,Divorced,Adm-clerical,Not-in-family,White,Male,0,0,40,Puerto-Rico,<=50K
44,Private,176641,Some-college,10,Married-civ-spouse,Other-service,Husband,Black,Male,0,0,15,United-States,<=50K
31,Private,334565,Some-college,10,Widowed,Sales,Not-in-family,White,Female,0,0,40,United-States,<=50K
43,Private,349971,Masters,14,Married-civ-spouse,Exec-managerial,Husband,White,Male,0,0,45,United-States,>50K
38,Federal-gov,171028,Some-college,10,Married-civ-spouse,Adm-clerical,Husband,Black,Male,0,0,45,United-States,>50K
24,Federal-gov,161568,Masters,14,Married-civ-spouse,Prof-specialty,Husband,White,Male,0,0,40,United-States,<=50K
42,Private,143834,Some-college,10,Never-married,Machine-op-inspct,Not-in-family,White,Female,0,0,50,England,<=50K
30,Local-gov,139485,Some-college,10,Married-civ-spouse,Transport-moving,Husband,White,Male,0,0,38,United-States,<=50K
29,Self-emp-not-inc,201554,Bachelors,13,Never-married,Prof-specialty,Not-in-family,White,Female,0,0,60,United-States,>50K
42,Private,179967,Assoc-voc,11,Married-civ-spouse,Tech-support,Husband,White,Male,0,0,40,United-States,>50K
44,Private,140012,Bachelors,13,Married-civ-spouse,Exec-managerial,Husband,White,Male,0,0,50,United-States,<=50K
30,Private,175079,HS-grad,9,Never-married,Transport-moving,Not-in-family,White,Female,0,0,40,United-States,<=50K
23,Self-emp-not-inc,492540,HS-grad,9,Married-civ-spouse,Sales,Husband,White,Male,0,0,50,United-States,<=50K
35,Private,218309,HS-grad,9,Married-spouse-absent,Sales,Own-child,White,Male,0,2097,40,United-States,<=50K
21,Private,264743,Some-college,10,Never-married,Exec-managerial,Not-in-family,White,Male,0,0,35,United-States,<=50K
35,Federal-gov,152961,HS-grad,9,Married-spouse-absent,Adm-clerical,Not-in-family,White,Male,0,0,40,United-States,<=50K
49,Private,149762,10th,6,Divorced,Priv-house-serv,Not-in-family,Asian-Pac-Islander,Male,0,0,15,United-States,<=50K
39,Local-gov,120914,Bachelors,13,Widowed,Exec-managerial,Not-in-family,White,Male,0,0,45,United-States,<=50K
47,Private,235558,Some-college,10,Married-civ-spouse,Adm-clerical,Husband,Asian-Pac-Islander,Male,2283,0,40,United-States,>50K
35,Self-emp-inc,69077,Bachelors,13,Married-civ-spouse,Exec-managerial,Wife,White,Female,0,0,55,United-States,>50K
32,Private,188291,Some-college,10,Divorced,Machine-op-inspct,Not-in-family,White,Male,0,0,38,United-States,<=50K
46,Self-emp-not-inc,201785,HS-grad,9,Divorced,Other-service,Own-child,Black,Male,0,0,30,United-States,<=50K
27,Private,277697,Some-college,10,Married-civ-spouse,Prof-specialty,Husband,White,Male,0,0,43,United-States,<=50K
23,Private,196936,Bachelors,13,Married-civ-spouse,Exec-managerial,Husband,Black,Male,0,2010,45,United-States,>50K
41,Private,105302,Some-college,10,Married-civ-spouse,Priv-house-serv,Husband,White,Male,0,0,38,United-States,<=50K
33,Federal-gov,166317,Assoc-acdm,12,Married-spouse-absent,Sales,Unmarried,White,Male,0,0,42,Poland,<=50K
23,Private,279470,Some-college,10,Never-married,Tech-support,Own-child,White,Male,0,0,50,United-States,<=50K
27,Private,372741,11th,7,Married-civ-spouse,Machine-op-inspct,Husband,White,Male,0,0,40,United-States,<=50K
54,Private,340564,Bachelors,13,Married-civ-spouse,Prof-specialty,Wife,White,Female,0,0,45,United-States,>50K
22,Private,213237,Some-college,10,Married-civ-spouse,Sales,Husband,White,Male,0,0,44,United-States,>50K
28,Local-gov,138165,Some-college,10,Never-married,Sales,Not-in-family,Black,Male,0,0,40,United-States,>50K
36,Private,283248,Masters,14,Married-civ-spouse,Armed-Forces,Husband,White,Male,0,0,43,United-States,>50K
32,Private,355377,Bachelors,13,Married-civ-spouse,Adm-clerical,Wife,White,Female,0,0,40,United-States,<=50K
58,Private,339258,Assoc-voc,11,Married-AF-spouse,Tech-support,Husband,White,Male,0,0,50,Cuba,<=50K
39,Private,121410,HS-grad,9,Married-spouse-absent,Machine-op-inspct,Not-in-family,White,Male,0,0,60,United-States,<=50K
32,Local-gov,239320,Some-college,10,Married-civ-spouse,Tech-support,Husband,White,Male,0,0,40,Mexico,>50K
37,Private,127124,HS-grad,9,Separated,Sales,Not-in-family,Black,Male,0,0,40,United-States,<=50K
23,Private,121318,Assoc-voc,11,Married-civ-spouse,Prof-specialty,Husband,White,Male,0,0,40,United-States,<=50K
43,Private,194478,HS-grad,9,Married-civ-spouse,Adm-clerical,Husband,White,Male,0,0,45,United-States,<=50K
39,Local-gov,160490,Some-college,10,Married-civ-spouse,Prof-specialty,Husband,White,Male,0,0,36,United-States,>50K
36,Private,222206,Some-college,10,Married-civ-spouse,Handlers-cleaners,Wife,White,Female,0,0,40,United-States,<=50K
54,Private,101752,Masters,14,Widowed,Prof-specialty,Unmarried,White,Female,0,0,48,United-States,<=50K
43,Private,230063,HS-grad,9,Divorced,Other-service,Not-in-family,White,Male,0,0,40,United-States,<=50K
33,Private,134634,Masters,14,Married-civ-spouse,Prof-specialty,Wife,Black,Female,0,0,50,United-States,>50K
30,Private,143951,HS-grad,9,Never-married,Machine-op-inspct,Own-child,White,Female,0,0,40,United-States,<=50K
23,Private,213646,Doctorate,16,Never-married,Tech-support,Not-in-family,White,Male,0,0,36,United-States,<=50K
44,Private,157147,Masters,14,Married-civ-spouse,Transport-moving,Husband,White,Male,0,0,43,United-States,<=50K
31,Private,136614,10th,6,Never-married,Machine-op-inspct,Not-in-family,White,Female,0,1962,40,United-States,<=50K
33,Private,313131,Bachelors,13,Never-married,Other-service,Own-child,White,Female,0,0,35,United-States,<=50K
62,Private,165053,Assoc-voc,11,Married-spouse-absent,Prof-specialty,Own-child,White,Female,0,0,50,United-States,>50K
33,Private,276052,HS-grad,9,Divorced,Handlers-cleaners,Not-in-family,White,Male,0,0,40,United-States,<=50K
58,Private,202321,HS-grad,9,Married-civ-spouse,Handlers-cleaners,Husband,White,Male,13465,0,50,United-States,<=50K
42,State-gov,213359,Bachelors,13,Married-civ-spouse,Adm-clerical,Husband,White,Male,0,0,20,United-States,<=50K
26,Private,234477,Bachelors,13,Married-civ-spouse,Machine-op-inspct,Wife,Other,Female,0,0,50,Jamaica,>50K
43,State-gov,192697,Masters,14,Married-civ-spouse,Protective-serv,Husband,Other,Male,2875,0,44,United-States,>50K
25,Private,183209,Bachelors,13,Married-civ-spouse,Prof-specialty,Husband,White,Male,2714,0,70,United-States,>50K
26,Private,321860,Assoc-acdm,12,Married-civ-spouse,Exec-managerial,Husband,White,Male,0,0,44,United-States,>50K
55,Private,164862,Bachelors,13,Married-civ-spouse,Exec-managerial,Husband,White,Male,0,0,50,Puerto-Rico,<=50K
28,Private,203636,Some-college,10,Never-married,Adm-clerical,Unmarried,White,Female,0,0,35,United-States,<=50K
38,Private,279281,Some-college,10,Married-civ-spouse,Craft-repair,Wife,White,Female,0,0,40,United-States,<=50K
44,Private,227750,11th,7,Divorced,Other-service,Not-in-family,Black,Male,4695,0,30,United-States,<=50K
52,Private,672795,HS-grad,9,Never-married,Other-service,Unmarried,White,Male,0,0,13,United-States,<=50K
27,Private,166654,HS-grad,9,Married-civ-spouse,Exec-managerial,Husband,White,Male,4496,0,40,United-States,>50K
33,Private,64134,Doctorate,16,Married-civ-spouse,Sales,Husband,White,Male,0,0,43,United-States,<=50K
42,Private,195188,Some-college,10,Married-civ-spouse,Adm-clerical,Husband,White,Male,0,0,50,Ireland,>50K
55,Private,388092,11th,7,Married-civ-spouse,Machine-op-inspct,Wife,Asian-Pac-Islander,Female,0,0,43,United-States,<=50K
36,Private,667173,HS-grad,9,Divorced,Sales,Not-in-family,White,Male,0,0,52,United-States,<=50K
41,Self-emp-not-inc,89665,Doctorate,16,Never-married,Prof-specialty,Not-in-family,White,Male,0,0,48,United-States,>50K
49,Private,215795,HS-grad,9,Divorced,Sales,Unmarried,White,Male,0,0,40,Nicaragua,<=50K
36,Self-emp-not-inc,149941,Assoc-acdm,12,Separated,Craft-repair,Own-child,White,Male,0,0,40,United-States,<=50K
56,Private,194960,Some-college,10,Married-civ-spouse,Exec-managerial,Husband,White,Male,0,0,45,United-States,>50K
54,Private,140794,Doctorate,16,Separated,Sales,Not-in-family,White,Male,0,0,44,United-States,>50K
30,Local-gov,282901,HS-grad,9,Never-married,Handlers-cleaners,Not-in-family,Black,Male,0,0,40,United-States,<=50K
30,Private,359773,11th,7,Never-married,Craft-repair,Own-child,White,Female,0,0,45,United-States,<=50K
48,Private,175881,HS-grad,9,Divorced,Exec-managerial,Not-in-family,White,Male,0,0,60,El-Salvador,<=50K
54,State-gov,153547,Assoc-acdm,12,Married-spouse-absent,Sales,Not-in-family,White,Male,0,0,54,United-States,<=50K
33,Private,192653,HS-grad,9,Never-married,Prof-specialty,Not-in-family,Black,Male,0,0,55,United-States,<=50K
37,Private,176459,Masters,14,Married-civ-spouse,Prof-specialty,Husband,White,Male,5800,0,55,Mexico,>50K
28,Self-emp-not-inc,255855,Assoc-voc,11,Never-married,Machine-op-inspct,Other-relative,Black,Male,0,0,60,United-States,<=50K
63,Private,199547,7th-8th,4,Married-civ-spouse,Handlers-cleaners,Husband,Asian-Pac-Islander,Male,0,0,55,United-States,<=50K
46,Private,233144,Prof-school,15,Married-civ-spouse,Prof-specialty,Husband,Black,Male,0,0,55,England,>50K
58,Self-emp-inc,111777,5th-6th,3,Widowed,Farming-fishing,Other-relative,White,Male,0,0,45,United-States,<=50K
41,Private,164202,9th,5,Married-civ-spouse,Machine-op-inspct,Wife,White,Female,0,0,40,United-States,<=50K
46,Private,200744,HS-grad,9,Married-civ-spouse,Machine-op-inspct,Husband,Black,Male,0,0,40,United-States,<=50K
33,Private,138638,Masters,14,Married-civ-spouse,Tech-support,Wife,White,Female,0,0,43,Cuba,>50K
55,Private,148845,HS-grad,9,Married-civ-spouse,Protective-serv,Husband,White,Male,0,0,40,United-States,>50K
65,Private,202797,9th,5,Widowed,Craft-repair,Own-child,White,Male,14046,0,40,United-States,<=50K
34,Self-emp-not-inc,215162,Some-college,10,Married-civ-spouse,Exec-managerial,Husband,White,Male,0,0,40,United-States,<=50K
33,Private,148501,Masters,14,Married-civ-spouse,Machine-op-inspct,Husband,White,Male,0,1619,40,United-States,<=50K
45,Private,445524,5th-6th,3,Widowed,Other-service,Not-in-family,White,Male,0,0,40,United-States,<=50K
40,Private,291331,Bachelors,13,Never-married,Prof-specialty,Own-child,White,Female,0,0,80,United-States,<=50K
44,Private,125932,11th,7,Divorced,Handlers-cleaners,Not-in-family,Other,Male,0,0,50,United-States,<=50K
31,Private,91228,HS-grad,9,Divorced,Adm-clerical,Other-relative,White,Male,0,0,40,United-States,<=50K
27,State-gov,300261,HS-grad,9,Never-married,Machine-op-inspct,Unmarried,White,Female,6599,0,40,Mexico,<=50K
35,Private,189533,Prof-school,15,Married-civ-spouse,Prof-specialty,Husband,Black,Male,0,0,40,United-States,>50K
42,Private,112701,HS-grad,9,Married-spouse-absent,Sales,Not-in-family,White,Female,0,0,40,United-States,<=50K
42,Local-gov,219916,HS-grad,9,Divorced,Craft-repair,Unmarried,White,Female,0,0,35,United-States,<=50K
48,Private,196900,Doctorate,16,Married-spouse-absent,Prof-specialty,Own-child,White,Female,0,0,40,United-States,>50K
65,Private,202253,Bachelors,13,Never-married,Tech-support,Unmarried,White,Male,0,0,35,United-States,<=50K
33,Federal-gov,295331,11th,7,Married-civ-spouse,Transport-moving,Husband,White,Male,0,0,40,United-States,<=50K
42,Private,231946,Some-college,10,Married-civ-spouse,Prof-specialty,Husband,Black,Male,0,0,40,United-States,<=50K
70,Private,427580,Some-college,10,Separated,Sales,Unmarried,White,Male,0,0,40,Poland,<=50K
49,Local-gov,217189,Bachelors,13,Separated,Exec-managerial,Not-in-family,Black,Male,0,0,60,United-States,>50K
48,Private,74238,HS-grad,9,Married-civ-spouse,Machine-op-inspct,Husband,Asian-Pac-Islander,Male,0,0,45,England,<=50K
32,Private,174442,HS-grad,9,Never-married,Exec-managerial,Not-in-family,White,Male,0,0,51,United-States,<=50K
21,Private,103488,HS-grad,9,Never-married,Craft-repair,Own-child,Black,Male,0,1863,45,United-States,<=50K
58,Private,341758,Masters,14,Divorced,Exec-managerial,Not-in-family,White,Male,3578,0,50,United-States,<=50K
46,Private,211452,HS-grad,9,Married-civ-spouse,Adm-clerical,Husband,White,Male,0,0,50,United-States,<=50K
29,Self-emp-not-inc,143928,Some-college,10,Never-married,Machine-op-inspct,Own-child,White,Female,0,0,40,United-States,<=50K
23,Private,240151,Bachelors,13,Never-married,Prof-specialty,Own-child,White,Male,0,0,45,United-States,<=50K
37,Federal-gov,255672,Some-college,10,Married-civ-spouse,Craft-repair,Husband,White,Male,0,0,52,Italy,<=50K
72,Private,201533,HS-grad,9,Married-civ-spouse,Adm-clerical,Husband,Black,Male,0,0,38,United-States,<=50K
59,State-gov,430690,10th,6,Never-married,Other-service,Other-relative,White,Male,0,0,35,United-States,<=50K
67,Self-emp-not-inc,159144,HS-grad,9,Married-civ-spouse,Craft-repair,Husband,White,Male,0,0,45,United-States,>50K
24,Private,193230,Some-college,10,Never-married,Handlers-cleaners,Own-child,White,Female,0,0,54,Haiti,<=50K
39,Private,181403,Some-college,10,Married-civ-spouse,Prof-specialty,Wife,White,Female,0,0,55,United-States,>50K
29,Private,220336,9th,5,Never-married,Machine-op-inspct,Not-in-family,White,Male,0,0,40,United-States,<=50K
36,Private,178650,Masters,14,Married-civ-spouse,Prof-specialty,Wife,White,Female,0,0,35,United-States,>50K
43,Federal-gov,124704,Some-college,10,Married-civ-spouse,Transport-moving,Wife,White,Female,0,0,45,United-States,<=50K
40,Local-gov,205079,HS-grad,9,Divorced,Machine-op-inspct,Unmarried,White,Male,0,0,45,United-States,<=50K
26,Private,200988,Bachelors,13,Never-married,Prof-specialty,Own-child,White,Male,7536,0,39,Mexico,<=50K
47,Private,261166,Some-college,10,Never-married,Handlers-cleaners,Other-relative,White,Female,0,0,40,United-States,<=50K
62,Local-gov,379526,Bachelors,13,Widowed,Prof-specialty,Not-in-family,White,Male,0,0,50,United-States,>50K
59,Private,253715,7th-8th,4,Widowed,Priv-house-serv,Not-in-family,White,Male,0,2116,40,United-States,<=50K
34,Private,190544,Masters,14,Separated,Prof-specialty,Own-child,White,Male,0,0,40,United-States,<=50K
59,Private,159162,Bachelors,13,Married-civ-spouse,Prof-specialty,Husband,Black,Male,0,0,50,United-States,>50K
21,Private,128862,Some-college,10,Never-married,Sales,Not-in-family,White,Female,0,0,40,Jamaica,<=50K
29,Federal-gov,235217,HS-grad,9,Never-married,Prof-specialty,Not-in-family,White,Male,0,0,45,United-States,<=50K
36,Self-emp-not-inc,102724,Bachelors,13,Married-civ-spouse,Other-service,Wife,White,Female,0,0,49,Canada,<=50K
18,Private,258765,HS-grad,9,Never-married,Tech-support,Own-child,Black,Female,0,1671,40,Hungary,<=50K
39,Private,115622,HS-grad,9,Married-civ-spouse,Machine-op-inspct,Husband,White,Male,0,0,40,United-States,<=50K
54,Private,90449,Bachelors,13,Married-civ-spouse,Prof-specialty,Husband,White,Male,0,0,45,United-States,>50K
26,Private,125615,Bachelors,13,Never-married,Sales,Not-in-family,White,Male,0,0,40,United-States,<=50K
25,Private,301821,Bachelors,13,Never-married,Armed-Forces,Not-in-family,White,Female,0,0,40,United-States,<=50K
31,Private,98719,Some-college,10,Divorced,Other-service,Own-child,White,Male,0,0,30,United-States,<=50K
36,Private,303684,Prof-school,15,Married-civ-spouse,Other-service,Husband,White,Male,0,0,38,United-States,>50K
40,Private,209051,9th,5,Married-civ-spouse,Other-service,Husband,White,Male,0,0,40,United-States,<=50K
50,Private,372398,HS-grad,9,Separated,Exec-managerial,Other-relative,White,Male,0,0,80,United-States,<=50K
63,Private,289044,HS-grad,9,Married-civ-spouse,Other-service,Wife,White,Female,0,0,20,United-States,<=50K
41,Private,370104,7th-8th,4,Married-civ-spouse,Machine-op-inspct,Husband,White,Male,0,0,40,United-States,<=50K
35,Private,237092,HS-grad,9,Never-married,Handlers-cleaners,Own-child,White,Male,0,0,20,United-States,<=50K
48,Private,239890,Some-college,10,Divorced,Sales,Not-in-family,White,Male,0,0,60,United-States,<=50K
49,Private,136625,7th-8th,4,Married-spouse-absent,Craft-repair,Not-in-family,White,Male,0,0,45,United-States,<=50K
36,Private,340150,HS-grad,9,Married-civ-spouse,Tech-support,Husband,White,Male,0,0,40,Mexico,>50K
54,Private,213943,HS-grad,9,Separated,Tech-support,Unmarried,White,Male,0,0,40,United-States,<=50K
50,Private,398392,Bachelors,13,Married-civ-spouse,Machine-op-inspct,Husband,White,Male,0,0,40,United-States,<=50K
32,State-gov,264255,Bachelors,13,Married-civ-spouse,Exec-managerial,Husband,Black,Male,0,0,40,United-States,>50K
64,Self-emp-not-inc,144389,Some-college,10,Married-civ-spouse,Craft-repair,Husband,White,Male,0,0,40,United-States,<=50K
63,Local-gov,248499,Bachelors,13,Widowed,Exec-managerial,Unmarried,White,Female,0,0,50,United-States,<=50K
66,Federal-gov,89801,Bachelors,13,Never-married,Prof-specialty,Not-in-family,White,Male,0,0,40,Philippines,<=50K
32,Private,107030,Assoc-acdm,12,Married-civ-spouse,Craft-repair,Husband,Asian-Pac-Islander,Male,0,0,40,United-States,>50K
29,Private,153106,Some-college,10,Married-civ-spouse,Adm-clerical,Husband,White,Male,0,0,45,United-States,>50K
58,Private,241081,HS-grad,9,Never-married,Sales,Not-in-family,White,Male,0,0,50,United-States,<=50K
40,Local-gov,175966,HS-grad,9,Never-married,Machine-op-inspct,Not-in-family,White,Female,0,0,40,Columbia,<=50K
58,Self-emp-not-inc,64980,Masters,14,Married-civ-spouse,Protective-serv,Wife,Black,Female,0,0,45,Cuba,<=50K
36,Private,229183,Assoc-acdm,12,Separated,Sales,Not-in-family,White,Male,0,0,40,United-States,<=50K
63,Private,231793,Assoc-voc,11,Married-civ-spouse,Protective-serv,Husband,White,Male,0,0,40,United-States,<=50K
25,Private,310419,Masters,14,Never-married,Adm-clerical,Other-relative,White,Male,0,0,40,United-States,<=50K
26,Private,89474,HS-grad,9,Separated,Adm-clerical,Unmarried,White,Male,0,0,20,United-States,<=50K
32,State-gov,269532,Bachelors,13,Married-civ-spouse,Exec-managerial,Husband,White,Male,0,0,59,United-States,>50K
41,Private,244428,HS-grad,9,Married-civ-spouse,Prof-specialty,Husband,Asian-Pac-Islander,Male,0,0,60,United-States,>50K
31,Self-emp-inc,216734,Some-college,10,Married-civ-spouse,Other-service,Wife,White,Female,0,0,45,United-States,<=50K
26,Federal-gov,317307,Some-college,10,Married-civ-spouse,Craft-repair,Other-relative,White,Male,0,0,55,United-States,<=50K
27,Self-emp-inc,262860,Some-college,10,Married-civ-spouse,Other-service,Husband,White,Male,0,0,40,United-States,<=50K
52,Private,156969,11th,7,Divorced,Machine-op-inspct,Not-in-family,White,Male,14662,0,30,Philippines,<=50K
36,Private,310409,11th,7,Never-married,Handlers-cleaners,Other-relative,White,Male,0,0,40,United-States,<=50K
62,Private,147455,Bachelors,13,Never-married,Prof-specialty,Not-in-family,White,Male,0,0,49,United-States,<=50K
24,Private,181895,Bachelors,13,Never-married,Protective-serv,Own-child,White,Male,0,0,40,United-States,<=50K
65,Private,84888,Some-college,10,Divorced,Sales,Not-in-family,White,Male,0,0,50,Puerto-Rico,<=50K
64,Self-emp-not-inc,211437,HS-grad,9,Married-civ-spouse,Prof-specialty,Husband,Black,Male,0,0,50,United-States,<=50K
23,Federal-gov,139859,11th,7,Never-married,Farming-fishing,Not-in-family,White,Female,0,0,38,United-States,<=50K
42,Private,475467,10th,6,Married-civ-spouse,Other-service,Wife,White,Female,0,0,45,Philippines,<=50K
35,Private,159683,Some-college,10,Married-civ-spouse,Machine-op-inspct,Husband,White,Male,0,0,40,United-States,>50K
28,State-gov,222649,Some-college,10,Married-civ-spouse,Machine-op-inspct,Husband,White,Male,0,0,20,United-States,<=50K
26,Private,209862,Bachelors,13,Divorced,Exec-managerial,Not-in-family,Black,Female,0,0,60,United-States,<=50K
40,State-gov,306351,Assoc-voc,11,Married-civ-spouse,Prof-specialty,Husband,Black,Male,0,0,45,United-States,<=50K
31,Private,410874,5th-6th,3,Married-civ-spouse,Machine-op-inspct,Husband,White,Male,0,0,40,United-States,<=50K
52,Self-emp-not-inc,156438,Assoc-voc,11,Married-spouse-absent,Machine-op-inspct,Not-in-family,Black,Male,0,0,38,United-States,<=50K
44,Private,128308,Prof-school,15,Married-civ-spouse,Exec-managerial,Wife,White,Female,0,0,45,United-States,>50K
42,Local-gov,192034,HS-grad,9,Never-married,Machine-op-inspct,Unmarried,White,Male,0,1629,43,United-States,<=50K
35,Local-gov,191351,Assoc-voc,11,Divorced,Craft-repair,Not-in-family,White,Male,0,1739,38,United-States,>50K
34,Private,166609,Some-college,10,Divorced,Other-service,Not-in-family,White,Male,0,0,40,India,<=50K
27,Private,266561,Bachelors,13,Never-married,Adm-clerical,Not-in-family,White,Male,0,0,40,United-States,<=50K
35,Private,215174,Assoc-voc,11,Never-married,Sales,Not-in-family,White,Male,0,0,52,United-States,<=50K
42,Private,61199,11th,7,Married-civ-spouse,Machine-op-inspct,Wife,White,Female,0,0,38,United-States,<=50K
38,Self-emp-not-inc,171800,Doctorate,16,Never-married,Sales,Not-in-family,Asian-Pac-Islander,Male,0,0,45,United-States,>50K
24,Self-emp-not-inc,152534,Assoc-acdm,12,Married-civ-spouse,Sales,Husband,Black,Male,0,0,40,United-States,>50K
35,Private,188822,Assoc-acdm,12,Divorced,Adm-clerical,Own-child,White,Male,0,0,40,United-States,<=50K
31,Private,142703,Some-college,10,Married-civ-spouse,Prof-specialty,Husband,White,Male,0,0,40,United-States,<=50K
64,Private,406075,HS-grad,9,Married-civ-spouse,Other-service,Husband,Black,Male,0,0,23,United-States,<=50K
39,Private,296246,7th-8th,4,Divorced,Machine-op-inspct,Not-in-family,White,Male,0,0,40,India,<=50K
36,Private,148662,Assoc-acdm,12,Married-civ-spouse,Adm-clerical,Husband,White,Male,0,0,35,United-States,>50K
31,Private,98230,Bachelors,13,Married-spouse-absent,Prof-specialty,Not-in-family,White,Male,0,0,60,United-States,>50K
52,Private,217073,HS-grad,9,Married-civ-spouse,Machine-op-inspct,Husband,White,Male,0,0,40,United-States,<=50K
56,Private,330643,HS-grad,9,Widowed,Sales,Not-in-family,White,Male,10252,0,40,United-States,<=50K
57,State-gov,306026,Assoc-voc,11,Married-civ-spouse,Machine-op-inspct,Wife,White,Female,0,0,44,United-States,<=50K
41,Self-emp-inc,89178,Some-college,10,Married-civ-spouse,Sales,Wife,White,Female,0,0,50,United-States,>50K
25,Self-emp-not-inc,253378,Some-college,10,Divorced,Transport-moving,Not-in-family,White,Female,0,0,30,United-States,<=50K
56,Private,218538,Some-college,10,Married-civ-spouse,Other-service,Wife,Asian-Pac-Islander,Female,0,0,40,United-States,<=50K
36,Private,197362,Masters,14,Married-civ-spouse,Farming-fishing,Wife,White,Female,0,0,44,United-States,>50K
32,Private,180211,HS-grad,9,Married-civ-spouse,Sales,Husband,White,Male,0,0,60,China,<=50K
52,Private,85164,Some-college,10,Divorced,Sales,Unmarried,White,Female,0,0,20,United-States,<=50K
31,Private,201004,Bachelors,13,Never-married,Prof-specialty,Not-in-family,Black,Male,0,0,61,South,<=50K
30,Private,136315,Assoc-voc,11,Never-married,Transport-moving,Not-in-family,Other,Female,0,0,50,United-States,<=50K
35,Private,123446,Bachelors,13,Married-spouse-absent,Adm-clerical,Unmarried,White,Female,0,0,40,United-States,<=50K
51,Private,230628,Assoc-acdm,12,Married-civ-spouse,Sales,Husband,White,Male,0,0,45,United-States,<=50K
41,Private,255707,Bachelors,13,Married-civ-spouse,Exec-managerial,Wife,White,Female,0,0,40,South,>50K
60,Private,422283,9th,5,Widowed,Other-service,Not-in-family,Black,Female,0,0,50,United-States,<=50K
32,Private,186104,Bachelors,13,Married-civ-spouse,Sales,Wife,White,Female,27976,0,40,Puerto-Rico,>50K
36,Self-emp-not-inc,79283,Bachelors,13,Married-civ-spouse,Exec-managerial,Husband,Asian-Pac-Islander,Male,0,0,45,United-States,<=50K
32,Private,222140,HS-grad,9,Married-civ-spouse,Sales,Husband,White,Male,0,0,40,United-States,<=50K
47,Private,179797,HS-grad,9,Never-married,Craft-repair,Not-in-family,White,Male,0,0,48,United-States,<=50K
47,Federal-gov,358894,HS-grad,9,Married-civ-spouse,Farming-fishing,Husband,White,Male,0,0,48,United-States,<=50K
35,Private,147833,Assoc-voc,11,Never-married,Machine-op-inspct,Not-in-family,Black,Male,0,0,30,United-States,<=50K
29,Private,113254,Some-college,10,Married-civ-spouse,Other-service,Husband,White,Male,4641,0,35,United-States,>50K
21,Self-emp-not-inc,165849,HS-grad,9,Never-married,Craft-repair,Not-in-family,White,Male,5200,0,50,United-States,<=50K
40,Private,460993,HS-grad,9,Married-civ-spouse,Craft-repair,Husband,White,Male,0,0,29,United-States,<=50K
47,Self-emp-not-inc,352338,Bachelors,13,Married-civ-spouse,Sales,Husband,White,Male,0,0,40,United-States,<=50K
48,Private,124317,Some-college,10,Divorced,Other-service,Not-in-family,Other,Male,0,0,40,United-States,<=50K
37,Local-gov,234033,HS-grad,9,Married-civ-spouse,Exec-managerial,Husband,White,Male,0,0,60,United-States,<=50K
46,Federal-gov,83919,HS-grad,9,Divorced,Prof-specialty,Not-in-family,White,Male,0,0,45,China,<=50K
24,Private,402761,Some-college,10,Never-married,Craft-repair,Not-in-family,White,Female,0,0,45,United-States,<=50K
24,Private,178422,Some-college,10,Married-AF-spouse,Other-service,Wife,White,Female,0,0,40,India,<=50K
54,Private,245806,9th,5,Divorced,Handlers-cleaners,Not-in-family,White,Female,0,0,40,United-States,<=50K
45,Private,70086,Some-college,10,Never-married,Prof-specialty,Other-relative,White,Male,0,0,40,United-States,<=50K
38,Private,181326,HS-grad,9,Married-civ-spouse,Adm-clerical,Husband,Black,Male,0,0,40,United-States,<=50K
67,State-gov,128628,HS-grad,9,Widowed,Adm-clerical,Not-in-family,White,Male,3990,0,40,United-States,<=50K
31,Private,147437,Some-college,10,Divorced,Machine-op-inspct,Own-child,White,Male,0,0,40,United-States,<=50K
23,Private,165196,Bachelors,13,Separated,Craft-repair,Unmarried,White,Female,0,0,40,United-States,<=50K
22,Self-emp-not-inc,210098,HS-grad,9,Married-spouse-absent,Other-service,Other-relative,Black,Male,0,0,25,China,<=50K
34,Self-emp-not-inc,265196,Bachelors,13,Married-civ-spouse,Prof-specialty,Husband,White,Male,0,0,55,United-States,>50K
69,Private,134118,HS-grad,9,Divorced,Exec-managerial,Not-in-family,Black,Male,0,0,50,United-States,<=50K
26,Private,381530,Some-college,10,Never-married,Handlers-cleaners,Not-in-family,White,Female,0,0,40,United-States,<=50K
58,Federal-gov,177437,HS-grad,9,Divorced,Sales,Unmarried,White,Female,0,0,40,United-States,<=50K
44,Private,301694,Assoc-voc,11,Married-spouse-absent,Machine-op-inspct,Not-in-family,White,Male,0,0,23,United-States,<=50K
53,Private,183009,HS-grad,9,Married-civ-spouse,Other-service,Husband,White,Male,0,0,40,United-States,<=50K
32,State-gov,109274,Some-college,10,Married-civ-spouse,Machine-op-inspct,Husband,White,Male,0,0,40,United-States,<=50K
68,Private,134391,Prof-school,15,Married-spouse-absent,Tech-support,Not-in-family,White,Female,0,0,30,United-States,<=50K
64,Self-emp-not-inc,226362,HS-grad,9,Married-civ-spouse,Handlers-cleaners,Husband,White,Male,0,0,50,United-States,<=50K
29,Private,132029,Bachelors,13,Married-civ-spouse,Adm-clerical,Wife,White,Female,0,0,30,United-States,<=50K
42,Private,242218,HS-grad,9,Divorced,Adm-clerical,Other-relative,White,Female,0,0,40,Puerto-Rico,<=50K
55,Private,220024,Doctorate,16,Separated,Adm-clerical,Other-relative,Amer-Indian-Eskimo,Female,0,0,40,United-States,>50K
31,Private,167081,HS-grad,9,Married-civ-spouse,Handlers-cleaners,Wife,White,Female,2821,0,38,United-States,<=50K
22,Private,336872,Assoc-voc,11,Never-married,Other-service,Not-in-family,White,Male,0,0,30,United-States,<=50K
31,Private,255064,Masters,14,Married-civ-spouse,Machine-op-inspct,Husband,White,Male,0,0,46,United-States,>50K
60,Private,247998,Some-college,10,Married-civ-spouse,Exec-managerial,Wife,White,Female,0,0,70,United-States,<=50K
44,Local-gov,245467,Bachelors,13,Married-civ-spouse,Exec-managerial,Husband,White,Male,0,0,35,United-States,>50K
49,Private,246803,Bachelors,13,Married-civ-spouse,Prof-specialty,Husband,White,Male,0,0,60,United-States,<=50K
27,Private,238595,HS-grad,9,Married-civ-spouse,Adm-clerical,Husband,White,Male,4934,0,40,United-States,<=50K
28,Self-emp-not-inc,579319,Assoc-voc,11,Never-married,Adm-clerical,Not-in-family,Other,Male,0,0,40,Germany,<=50K
27,Private,275549,Assoc-acdm,12,Married-civ-spouse,Transport-moving,Husband,White,Male,0,0,38,United-States,<=50K
50,Private,238102,Some-college,10,Widowed,Other-service,Not-in-family,White,Female,0,0,40,United-States,<=50K
46,Private,137468,Some-college,10,Married-civ-spouse,Handlers-cleaners,Husband,Asian-Pac-Islander,Male,0,2469,45,United-States,<=50K
29,Private,558573,HS-grad,9,Never-married,Adm-clerical,Not-in-family,White,Male,0,0,36,Cambodia,<=50K
62,Federal-gov,196875,Assoc-voc,11,Married-spouse-absent,Exec-managerial,Not-in-family,White,Male,0,0,55,United-States,<=50K
52,Private,187804,Bachelors,13,Married-civ-spouse,Craft-repair,Husband,White,Male,0,0,40,United-States,<=50K
30,Private,192425,Bachelors,13,Married-civ-spouse,Adm-clerical,Wife,Black,Female,0,0,40,United-States,>50K
67,Private,396666,HS-grad,9,Divorced,Adm-clerical,Unmarried,White,Male,0,0,25,United-States,<=50K
25,Self-emp-inc,184625,Some-college,10,Married-civ-spouse,Farming-fishing,Husband,White,Male,0,0,40,United-States,<=50K
41,Private,303179,11th,7,Never-married,Machine-op-inspct,Own-child,Amer-Indian-Eskimo,Male,0,0,40,Italy,<=50K
37,State-gov,434996,Bachelors,13,Married-spouse-absent,Adm-clerical,Unmarried,White,Male,0,0,40,United-States,<=50K
45,Private,74224,Prof-school,15,Married-civ-spouse,Exec-managerial,Husband,White,Male,0,0,45,United-States,>50K
56,Private,272295,Bachelors,13,Widowed,Protective-serv,Not-in-family,White,Female,0,0,44,United-States,<=50K
45,Private,182535,HS-grad,9,Divorced,Sales,Not-in-family,Asian-Pac-Islander,Male,0,0,40,Japan,<=50K
58,Private,322306,Bachelors,13,Married-civ-spouse,Prof-specialty,Wife,White,Female,0,0,35,United-States,>50K
27,Private,469429,Masters,14,Never-married,Prof-specialty,Own-child,White,Male,0,0,45,United-States,<=50K
53,Private,103427,HS-grad,9,Divorced,Adm-clerical,Other-relative,White,Female,0,0,60,United-States,<=50K
49,Private,150656,HS-grad,9,Married-civ-spouse,Priv-house-serv,Husband,White,Male,0,0,35,United-States,>50K
48,Private,140082,Prof-school,15,Never-married,Prof-specialty,Not-in-family,White,Male,0,0,60,United-States,<=50K
34,Private,258960,Assoc-voc,11,Never-married,Sales,Unmarried,White,Female,0,0,45,United-States,<=50K
60,Private,287200,HS-grad,9,Married-civ-spouse,Other-service,Wife,White,Female,0,0,30,United-States,<=50K
54,Private,130066,Doctorate,16,Widowed,Tech-support,Unmarried,White,Male,0,0,38,United-States,>50K
51,Private,172049,Masters,14,Married-civ-spouse,Sales,Husband,White,Male,0,0,40,United-States,<=50K
32,Private,95805,Bachelors,13,Married-civ-spouse,Prof-specialty,Husband,White,Male,4132,0,40,United-States,>50K
25,Private,116377,Bachelors,13,Married-civ-spouse,Prof-specialty,Husband,White,Male,0,0,45,United-States,>50K
29,Private,198750,Bachelors,13,Separated,Exec-managerial,Not-in-family,White,Male,0,0,40,United-States,<=50K
23,Private,212689,Assoc-voc,11,Married-civ-spouse,Sales,Husband,White,Male,0,0,40,United-States,>50K
65,Private,106304,7th-8th,4,Married-civ-spouse,Transport-moving,Husband,White,Male,0,0,40,United-States,<=50K
52,Private,437787,HS-grad,9,Married-civ-spouse,Priv-house-serv,Husband,White,Male,0,0,30,United-States,<=50K
31,Private,430385,Doctorate,16,Married-civ-spouse,Exec-managerial,Husband,White,Male,0,0,50,United-States,>50K
53,Private,120693,HS-grad,9,Married-civ-spouse,Exec-managerial,Husband,White,Male,0,0,60,United-States,<=50K
58,Private,262786,Some-college,10,Widowed,Handlers-cleaners,Unmarried,White,Male,0,0,40,Italy,<=50K
27,Private,152978,Bachelors,13,Never-married,Other-service,Own-child,White,Male,0,0,25,United-States,<=50K
49,Self-emp-not-inc,143954,HS-grad,9,Never-married,Farming-fishing,Not-in-family,Black,Male,0,0,45,Mexico,<=50K
25,Federal-gov,68987,Some-college,10,Never-married,Sales,Unmarried,Asian-Pac-Islander,Male,0,0,45,United-States,<=50K
72,Private,319545,Bachelors,13,Widowed,Exec-managerial,Own-child,White,Male,0,0,40,United-States,<=50K
56,Private,137205,Bachelors,13,Married-civ-spouse,Prof-specialty,Husband,Other,Male,0,0,35,United-States,<=50K
38,Private,181102,11th,7,Married-civ-spouse,Transport-moving,Husband,White,Male,0,2267,40,United-States,>50K
49,Private,248849,HS-grad,9,Never-married,Sales,Not-in-family,White,Male,0,0,38,Dominican-Republic,<=50K
66,Private,122368,HS-grad,9,Widowed,Exec-managerial,Unmarried,White,Male,0,0,70,United-States,<=50K
33,Federal-gov,245148,HS-grad,9,Married-civ-spouse,Other-service,Wife,White,Female,0,0,30,United-States,<=50K
31,Self-emp-inc,125941,Some-college,10,Divorced,Adm-clerical,Own-child,Asian-Pac-Islander,Male,0,0,38,United-States,<=50K
27,Private,236042,HS-grad,9,Never-married,Prof-specialty,Not-in-family,White,Male,0,0,50,United-States,<=50K
29,Private,165259,Bachelors,13,Married-civ-spouse,Prof-specialty,Wife,Black,Female,0,0,40,United-States,>50K
37,Private,144989,Bachelors,13,Divorced,Sales,Not-in-family,White,Male,0,0,47,United-States,<=50K
38,Private,136076,7th-8th,4,Married-civ-spouse,Priv-house-serv,Husband,White,Male,0,0,40,United-States,<=50K
35,Private,485555,Some-college,10,Married-civ-spouse,Other-service,Wife,Black,Female,0,0,43,United-States,<=50K
40,Private,165839,Assoc-acdm,12,Divorced,Other-service,Own-child,White,Male,0,0,44,United-States,<=50K
40,Private,229333,HS-grad,9,Married-civ-spouse,Handlers-cleaners,Husband,White,Male,0,1357,44,United-States,<=50K
28,Federal-gov,166058,HS-grad,9,Never-married,Machine-op-inspct,Not-in-family,White,Female,0,0,50,England,<=50K
41,Private,217527,Assoc-acdm,12,Married-civ-spouse,Craft-repair,Husband,White,Male,0,0,40,United-States,<=50K
28,Private,207488,Bachelors,13,Never-married,Transport-moving,Unmarried,White,Male,0,0,40,United-States,<=50K
20,Private,158515,HS-grad,9,Never-married,Exec-managerial,Not-in-family,White,Male,0,0,45,United-States,<=50K
48,Private,276176,Some-college,10,Divorced,Machine-op-inspct,Not-in-family,White,Male,0,0,48,United-States,<=50K
30,Private,140764,Bachelors,13,Married-civ-spouse,Transport-moving,Husband,Black,Male,0,0,40,United-States,<=50K
47,Private,152161,Some-college,10,Married-civ-spouse,Prof-specialty,Husband,White,Male,0,0,60,United-States,<=50K
35,Private,128724,HS-grad,9,Married-civ-spouse,Transport-moving,Husband,Black,Male,0,0,45,Puerto-Rico,<=50K
24,Private,330836,Some-college,10,Never-married,Adm-clerical,Not-in-family,White,Female,0,0,40,United-States,<=50K
56,Private,328147,HS-grad,9,Widowed,Craft-repair,Unmarried,White,Male,9485,0,40,United-States,<=50K
20,Private,231771,10th,6,Never-married,Other-service,Unmarried,White,Female,6910,0,25,United-States,<=50K
23,Private,219141,Bachelors,13,Never-married,Sales,Not-in-family,White,Male,0,0,38,Italy,<=50K
67,Self-emp-not-inc,237147,Prof-school,15,Widowed,Sales,Unmarried,White,Male,0,0,45,United-States,<=50K
34,Private,153970,HS-grad,9,Married-civ-spouse,Craft-repair,Wife,White,Female,0,0,40,United-States,<=50K
25,Private,210143,Bachelors,13,Never-married,Other-service,Not-in-family,White,Male,0,0,16,United-States,<=50K
27,Private,212725,Bachelors,13,Never-married,Sales,Not-in-family,White,Female,0,0,20,United-States,<=50K
55,Private,130539,Assoc-acdm,12,Married-civ-spouse,Sales,Husband,White,Male,0,0,60,United-States,>50K
29,Self-emp-not-inc,321661,Masters,14,Never-married,Other-service,Not-in-family,White,Male,0,0,40,United-States,<=50K
30,Self-emp-not-inc,208126,HS-grad,9,Married-civ-spouse,Transport-moving,Wife,White,Female,0,0,50,United-States,<=50K
22,Private,138357,HS-grad,9,Married-civ-spouse,Other-service,Husband,White,Male,0,0,38,United-States,<=50K
34,State-gov,204172,Bachelors,13,Married-civ-spouse,Sales,Wife,White,Female,0,0,38,United-States,>50K
31,Private,134634,Assoc-voc,11,Separated,Machine-op-inspct,Not-in-family,White,Male,0,0,40,United-States,<=50K
38,Private,323764,Prof-school,15,Never-married,Exec-managerial,Own-child,White,Female,0,0,45,United-States,<=50K
44,Local-gov,204938,Bachelors,13,Married-civ-spouse,Prof-specialty,Husband,Asian-Pac-Islander,Male,0,0,44,Honduras,<=50K
32,Self-emp-not-inc,267445,Bachelors,13,Never-married,Sales,Own-child,White,Male,0,0,38,United-States,<=50K
51,Local-gov,244279,HS-grad,9,Married-civ-spouse,Machine-op-inspct,Wife,Asian-Pac-Islander,Female,0,0,43,United-States,<=50K
66,Federal-gov,192548,Preschool,1,Divorced,Machine-op-inspct,Unmarried,White,Female,0,0,30,United-States,<=50K
53,Private,194528,HS-grad,9,Married-AF-spouse,Adm-clerical,Husband,White,Male,0,0,38,India,<=50K
30,Private,265080,HS-grad,9,Never-married,Machine-op-inspct,Not-in-family,White,Male,0,0,40,United-States,<=50K
18,Federal-gov,200703,11th,7,Never-married,Farming-fishing,Own-child,White,Male,0,0,25,United-States,<=50K
46,Private,42262,Bachelors,13,Widowed,Sales,Unmarried,White,Female,0,0,44,Cuba,<=50K
32,Private,156268,Assoc-acdm,12,Separated,Adm-clerical,Not-in-family,White,Male,0,0,40,United-States,<=50K
49,Private,391527,Bachelors,13,Married-civ-spouse,Prof-specialty,Husband,Black,Male,0,0,40,United-States,>50K
45,Private,400735,Some-college,10,Married-civ-spouse,Sales,Husband,White,Male,0,0,55,United-States,>50K
61,Private,175761,HS-grad,9,Divorced,Exec-managerial,Not-in-family,Asian-Pac-Islander,Male,0,0,48,United-States,<=50K
56,Local-gov,198770,Some-college,10,Divorced,Other-service,Not-in-family,White,Male,0,0,35,United-States,<=50K
60,Private,162547,Bachelors,13,Married-civ-spouse,Tech-support,Husband,White,Male,0,0,40,United-States,>50K
40,Private,257955,HS-grad,9,Married-civ-spouse,Exec-managerial,Wife,White,Female,0,0,60,United-States,<=50K
25,Self-emp-not-inc,157460,HS-grad,9,Never-married,Handlers-cleaners,Other-relative,White,Female,0,0,48,United-States,<=50K
60,Federal-gov,322226,11th,7,Married-civ-spouse,Craft-repair,Husband,Black,Male,0,0,40,United-States,<=50K
21,Self-emp-not-inc,210841,12th,8,Never-married,Handlers-cleaners,Own-child,White,Male,0,0,40,Puerto-Rico,<=50K
50,Federal-gov,173280,Prof-school,15,Married-civ-spouse,Exec-managerial,Husband,White,Male,0,0,48,United-States,>50K
40,Private,103120,Assoc-voc,11,Married-civ-spouse,Sales,Husband,White,Male,0,0,40,Mexico,>50K
59,Private,166213,Assoc-voc,11,Separated,Machine-op-inspct,Unmarried,White,Male,0,0,40,United-States,<=50K
40,State-gov,94680,Masters,14,Never-married,Other-service,Other-relative,White,Male,0,0,30,United-States,<=50K
47,Federal-gov,181334,Some-college,10,Married-civ-spouse,Priv-house-serv,Husband,White,Male,11859,0,25,United-States,<=50K
39,Private,136388,HS-grad,9,Divorced,Exec-managerial,Not-in-family,White,Male,0,0,40,Mexico,<=50K
36,Federal-gov,255992,HS-grad,9,Married-civ-spouse,Sales,Husband,White,Male,0,0,45,United-States,<=50K
35,Private,320353,11th,7,Divorced,Craft-repair,Unmarried,Black,Male,0,0,30,China,<=50K
60,Private,96651,Bachelors,13,Separated,Prof-specialty,Own-child,White,Male,0,0,35,United-States,<=50K
61,Self-emp-not-inc,169346,Bachelors,13,Divorced,Prof-specialty,Own-child,White,Male,0,0,60,United-States,<=50K
43,Private,238809,Masters,14,Married-civ-spouse,Exec-managerial,Own-child,White,Male,0,0,55,South,>50K
22,Self-emp-not-inc,365405,HS-grad,9,Married-civ-spouse,Exec-managerial,Husband,White,Male,0,0,48,Mexico,<=50K
61,Private,348111,Some-college,10,Married-spouse-absent,Sales,Unmarried,White,Female,0,0,45,United-States,<=50K
42,Private,273916,Bachelors,13,Married-civ-spouse,Prof-specialty,Wife,White,Female,0,0,45,Dominican-Republic,>50K
49,Private,110402,Masters,14,Divorced,Prof-specialty,Own-child,White,Male,3373,0,40,United-States,<=50K
53,Private,106169,HS-grad,9,Married-civ-spouse,Machine-op-inspct,Wife,White,Female,0,0,51,United-States,>50K
60,Federal-gov,300332,Bachelors,13,Married-civ-spouse,Exec-managerial,Husband,White,Male,0,0,45,United-States,<=50K
54,Private,183385,Doctorate,16,Widowed,Prof-specialty,Unmarried,White,Male,0,0,45,United-States,>50K
34,Private,78955,HS-grad,9,Divorced,Priv-house-serv,Other-relative,White,Male,0,0,25,United-States,<=50K
50,Private,213949,HS-grad,9,Married-civ-spouse,Sales,Wife,White,Female,0,0,52,United-States,<=50K
47,Private,241287,Prof-school,15,Widowed,Exec-managerial,Other-relative,White,Male,0,0,38,United-States,<=50K
46,Private,317581,9th,5,Married-civ-spouse,Transport-moving,Husband,White,Male,0,0,45,Nicaragua,<=50K
41,Private,467608,Prof-school,15,Married-spouse-absent,Tech-support,Not-in-family,White,Male,0,0,50,Philippines,>50K
41,Private,95303,HS-grad,9,Divorced,Priv-house-serv,Not-in-family,White,Female,0,0,45,United-States,<=50K
33,Private,158518,9th,5,Widowed,Other-service,Unmarried,White,Male,0,0,50,United-States,<=50K
42,Private,118528,Bachelors,13,Married-civ-spouse,Adm-clerical,Husband,White,Male,0,0,40,United-States,<=50K
59,Local-gov,171323,HS-grad,9,Divorced,Sales,Unmarried,White,Male,0,0,44,United-States,<=50K
63,Private,184828,Assoc-acdm,12,Married-civ-spouse,Transport-moving,Husband,White,Male,0,0,50,United-States,<=50K
49,Federal-gov,124010,HS-grad,9,Married-civ-spouse,Sales,Husband,Black,Male,0,0,40,United-States,<=50K
33,Private,230726,Assoc-acdm,12,Married-civ-spouse,Exec-managerial,Husband,White,Male,0,0,35,United-States,<=50K
30,Private,198575,11th,7,Never-married,Handlers-cleaners,Own-child,White,Male,0,0,45,Taiwan,<=50K
51,State-gov,149679,HS-grad,9,Married-civ-spouse,Transport-moving,Husband,White,Male,0,0,35,Philippines,<=50K
38,Local-gov,111457,Some-college,10,Never-married,Machine-op-inspct,Not-in-family,White,Male,5979,0,44,United-States,>50K
37,Private,360611,HS-grad,9,Married-civ-spouse,Machine-op-inspct,Husband,White,Male,0,0,45,Cuba,<=50K
46,Private,135883,Masters,14,Married-civ-spouse,Transport-moving,Husband,White,Male,0,0,40,United-States,<=50K
42,Private,113413,HS-grad,9,Never-married,Exec-managerial,Own-child,White,Male,0,0,40,United-States,<=50K
27,Local-gov,330297,Bachelors,13,Married-spouse-absent,Prof-specialty,Not-in-family,White,Female,33901,0,45,United-States,<=50K
35,Private,254480,Bachelors,13,Married-civ-spouse,Exec-managerial,Husband,White,Male,10571,0,40,United-States,>50K
64,Private,101644,9th,5,Married-civ-spouse,Sales,Husband,White,Male,0,0,38,Jamaica,<=50K
26,State-gov,308525,HS-grad,9,Never-married,Farming-fishing,Own-child,Other,Male,0,0,40,Jamaica,<=50K
63,Private,93229,Masters,14,Widowed,Exec-managerial,Not-in-family,White,Male,0,0,45,United-States,>50K
19,Private,164272,Some-college,10,Never-married,Machine-op-inspct,Own-child,White,Male,0,0,50,United-States,<=50K
36,Private,262296,11th,7,Divorced,Transport-moving,Own-child,White,Male,0,0,40,United-States,<=50K
30,Private,395130,HS-grad,9,Divorced,Other-service,Own-child,White,Male,0,0,15,United-States,<=50K
51,Private,114876,HS-grad,9,Separated,Other-service,Not-in-family,White,Male,0,0,40,Mexico,<=50K
29,Private,296995,HS-grad,9,Never-married,Tech-support,Own-child,Black,Female,8286,0,41,United-States,<=50K
31,Private,170546,Bachelors,13,Married-civ-spouse,Prof-specialty,Husband,Black,Male,0,0,55,United-States,>50K
39,Private,82118,Doctorate,16,Divorced,Prof-specialty,Not-in-family,Black,Male,4123,0,48,United-States,>50K
26,Private,119210,Some-college,10,Never-married,Prof-specialty,Unmarried,White,Female,0,1913,50,United-States,<=50K
48,Federal-gov,150231,Some-college,10,Never-married,Handlers-cleaners,Other-relative,White,Male,0,0,35,United-States,<=50K
69,Federal-gov,230668,Bachelors,13,Divorced,Prof-specialty,Own-child,White,Male,0,0,45,Philippines,<=50K
36,Private,126089,HS-grad,9,Widowed,Sales,Not-in-family,Black,Male,0,0,45,United-States,>50K
56,Private,350928,Prof-school,15,Divorced,Exec-managerial,Not-in-family,White,Male,0,0,55,United-States,<=50K
60,Self-emp-not-inc,97164,Some-college,10,Married-civ-spouse,Other-service,Husband,White,Male,0,0,40,Philippines,<=50K
30,Private,149940,Bachelors,13,Never-married,Prof-specialty,Other-relative,White,Male,0,0,40,United-States,<=50K
53,Self-emp-not-inc,319226,Prof-school,15,Never-married,Sales,Not-in-family,Amer-Indian-Eskimo,Male,0,0,40,United-States,>50K
44,Private,97303,Bachelors,13,Married-civ-spouse,Farming-fishing,Wife,Black,Female,0,0,55,United-States,>50K
50,Private,153776,HS-grad,9,Separated,Protective-serv,Not-in-family,White,Male,0,0,30,United-States,<=50K
34,Private,296366,Masters,14,Married-civ-spouse,Craft-repair,Husband,White,Male,0,2569,35,United-States,>50K
58,Private,449028,Some-college,10,Never-married,Farming-fishing,Other-relative,White,Male,0,0,40,United-States,<=50K
35,Private,118154,Bachelors,13,Married-civ-spouse,Exec-managerial,Wife,White,Female,0,0,40,United-States,>50K
28,Private,42301,Some-college,10,Never-married,Sales,Own-child,White,Female,0,0,48,United-States,<=50K
31,Private,230795,Some-college,10,Married-spouse-absent,Prof-specialty,Not-in-family,White,Male,0,0,41,United-States,>50K
61,Private,574931,HS-grad,9,Married-civ-spouse,Machine-op-inspct,Husband,White,Male,0,0,50,United-States,>50K
48,Local-gov,212494,11th,7,Never-married,Sales,Unmarried,Asian-Pac-Islander,Male,0,0,30,United-States,<=50K
59,Self-emp-not-inc,138666,Doctorate,16,Married-civ-spouse,Adm-clerical,Husband,White,Male,0,0,55,United-States,>50K
38,Federal-gov,294958,HS-grad,9,Married-civ-spouse,Farming-fishing,Other-relative,White,Male,0,0,40,United-States,<=50K
70,Private,94883,1st-4th,2,Divorced,Handlers-cleaners,Not-in-family,White,Male,0,0,35,United-States,<=50K
62,Private,318929,Some-college,10,Divorced,Sales,Other-relative,White,Female,0,0,50,United-States,<=50K
50,Private,60738,HS-grad,9,Never-married,Transport-moving,Not-in-family,White,Female,0,0,38,United-States,<=50K
34,Private,226123,HS-grad,9,Divorced,Craft-repair,Not-in-family,Asian-Pac-Islander,Male,0,0,40,United-States,<=50K
17,Private,141019,HS-grad,9,Never-married,Protective-serv,Not-in-family,White,Male,0,0,50,United-States,<=50K
33,Private,158975,Bachelors,13,Divorced,Sales,Not-in-family,White,Female,0,0,35,United-States,<=50K
36,Self-emp-not-inc,241219,HS-grad,9,Divorced,Craft-repair,Not-in-family,White,Male,0,0,55,Mexico,<=50K
35,Self-emp-not-inc,135706,Assoc-voc,11,Never-married,Handlers-cleaners,Unmarried,White,Male,0,1870,48,United-States,<=50K
33,Self-emp-not-inc,85419,Bachelors,13,Married-civ-spouse,Sales,Husband,White,Male,0,0,40,United-States,>50K
31,Private,108283,11th,7,Married-civ-spouse,Other-service,Husband,White,Male,0,0,40,United-States,<=50K
26,Local-gov,231838,11th,7,Never-married,Priv-house-serv,Unmarried,White,Male,0,0,25,United-States,<=50K
31,Private,245958,HS-grad,9,Married-civ-spouse,Craft-repair,Husband,White,Male,0,0,48,United-States,>50K
39,Private,315637,HS-grad,9,Married-civ-spouse,Sales,Husband,White,Male,0,0,36,United-States,<=50K
33,Private,138406,HS-grad,9,Married-civ-spouse,Tech-support,Wife,Black,Female,0,0,60,United-States,<=50K
62,Federal-gov,415078,7th-8th,4,Separated,Handlers-cleaners,Own-child,White,Male,99604,0,38,United-States,<=50K
55,Private,166582,HS-grad,9,Married-AF-spouse,Tech-support,Husband,White,Male,0,0,40,Philippines,>50K
64,Private,137514,HS-grad,9,Married-civ-spouse,Exec-managerial,Husband,White,Male,0,0,40,United-States,<=50K
37,Private,284002,HS-grad,9,Married-civ-spouse,Transport-moving,Husband,White,Male,0,0,40,United-States,>50K
36,Federal-gov,228484,HS-grad,9,Married-AF-spouse,Transport-moving,Husband,White,Male,4687,0,39,United-States,<=50K
37,State-gov,76369,Assoc-acdm,12,Never-married,Craft-repair,Other-relative,White,Female,0,0,55,United-States,<=50K
62,Private,148145,9th,5,Married-civ-spouse,Adm-clerical,Wife,White,Female,0,1347,48,United-States,<=50K
29,Private,123023,Assoc-acdm,12,Married-civ-spouse,Craft-repair,Husband,White,Male,0,0,45,United-States,<=50K
21,Private,89082,Some-college,10,Never-married,Exec-managerial,Not-in-family,White,Female,0,0,40,United-States,<=50K
23,Local-gov,232543,HS-grad,9,Separated,Exec-managerial,Not-in-family,White,Male,0,0,38,United-States,<=50K
59,Private,232949,Doctorate,16,Never-married,Prof-specialty,Own-child,Asian-Pac-Islander,Male,0,0,40,United-States,<=50K
46,Self-emp-not-inc,143585,HS-grad,9,Divorced,Craft-repair,Not-in-family,White,Male,0,0,60,Mexico,<=50K
62,Private,278469,5th-6th,3,Widowed,Farming-fishing,Other-relative,White,Female,0,0,45,United-States,<=50K
53,Private,266216,9th,5,Divorced,Other-service,Not-in-family,Black,Male,0,2448,35,England,>50K
50,Private,151450,HS-grad,9,Separated,Sales,Not-in-family,White,Male,0,0,40,United-States,<=50K
25,Private,248345,Masters,14,Married-civ-spouse,Prof-specialty,Husband,Black,Male,6882,0,48,United-States,>50K
64,Local-gov,119289,Some-college,10,Married-civ-spouse,Craft-repair,Wife,White,Female,0,0,40,United-States,<=50K
43,Federal-gov,149618,Assoc-acdm,12,Married-civ-spouse,Handlers-cleaners,Husband,Black,Male,0,0,50,United-States,<=50K
43,Self-emp-not-inc,119576,Bachelors,13,Married-civ-spouse,Adm-clerical,Husband,White,Male,0,0,40,Mexico,>50K
40,Private,132912,Some-college,10,Never-married,Other-service,Own-child,White,Female,0,0,40,United-States,<=50K
32,Private,183252,Assoc-voc,11,Divorced,Exec-managerial,Not-in-family,White,Male,0,0,35,United-States,<=50K
38,Private,254230,Some-college,10,Married-AF-spouse,Prof-specialty,Husband,White,Male,0,0,48,United-States,>50K
32,Private,267088,Bachelors,13,Never-married,Exec-managerial,Own-child,White,Male,0,0,40,United-States,<=50K
25,Private,117948,Bachelors,13,Never-married,Sales,Own-child,White,Male,0,0,40,Puerto-Rico,<=50K
33,Private,113290,HS-grad,9,Married-civ-spouse,Prof-specialty,Husband,White,Male,0,0,45,United-States,<=50K
31,Private,189136,HS-grad,9,Married-civ-spouse,Sales,Husband,White,Male,0,0,54,United-States,>50K
51,State-gov,121370,Bachelors,13,Married-civ-spouse,Exec-managerial,Husband,White,Male,0,0,55,United-States,>50K
21,Private,146901,9th,5,Never-married,Craft-repair,Own-child,White,Male,0,0,40,United-States,<=50K
39,Federal-gov,414433,Masters,14,Widowed,Protective-serv,Other-relative,White,Male,0,0,44,Jamaica,<=50K
52,Private,233693,HS-grad,9,Divorced,Transport-moving,Not-in-family,White,Male,0,0,44,United-States,<=50K
60,Private,188459,HS-grad,9,Married-spouse-absent,Machine-op-inspct,Other-relative,White,Female,3558,0,38,United-States,<=50K
33,Private,108750,Assoc-acdm,12,Married-civ-spouse,Machine-op-inspct,Husband,White,Male,0,0,43,United-States,<=50K
38,Private,210624,HS-grad,9,Married-civ-spouse,Craft-repair,Husband,Black,Male,0,0,60,United-States,>50K
56,Private,397144,Some-college,10,Married-civ-spouse,Protective-serv,Husband,White,Male,0,0,44,United-States,>50K
37,Private,132308,Bachelors,13,Married-civ-spouse,Tech-support,Husband,White,Male,0,0,44,United-States,>50K
29,Private,236707,Assoc-acdm,12,Never-married,Adm-clerical,Not-in-family,White,Male,0,0,48,Cuba,<=50K
26,Private,163142,Bachelors,13,Married-civ-spouse,Craft-repair,Husband,White,Male,0,0,45,United-States,<=50K
40,Self-emp-inc,296694,Masters,14,Divorced,Protective-serv,Not-in-family,White,Male,0,0,50,United-States,>50K
47,Private,125917,HS-grad,9,Married-civ-spouse,Exec-managerial,Wife,White,Female,0,0,40,United-States,<=50K
30,Local-gov,138160,Some-college,10,Never-married,Craft-repair,Not-in-family,White,Male,0,0,35,United-States,<=50K
32,Private,120367,Assoc-acdm,12,Never-married,Prof-specialty,Not-in-family,White,Male,6875,0,40,United-States,>50K
21,Self-emp-inc,145228,11th,7,Married-civ-spouse,Farming-fishing,Wife,Asian-Pac-Islander,Female,0,0,35,United-States,<=50K
61,Private,155222,HS-grad,9,Married-civ-spouse,Machine-op-inspct,Husband,Black,Male,0,0,41,Honduras,<=50K
65,Private,294762,Prof-school,15,Married-civ-spouse,Tech-support,Husband,White,Male,0,0,40,United-States,>50K
36,Self-emp-inc,178613,10th,6,Married-civ-spouse,Machine-op-inspct,Husband,White,Male,0,0,16,United-States,<=50K
25,Private,303949,HS-grad,9,Married-civ-spouse,Exec-managerial,Husband,White,Male,0,0,40,United-States,>50K
63,Private,191282,Some-college,10,Widowed,Tech-support,Unmarried,Black,Male,0,0,45,United-States,<=50K
46,Private,264398,HS-grad,9,Married-civ-spouse,Sales,Husband,Amer-Indian-Eskimo,Male,0,0,40,United-States,>50K
62,Private,225564,5th-6th,3,Widowed,Farming-fishing,Not-in-family,Asian-Pac-Islander,Female,0,0,40,United-States,<=50K
24,Private,224004,Assoc-acdm,12,Never-married,Craft-repair,Not-in-family,Black,Male,0,0,50,United-States,<=50K
38,Self-emp-not-inc,211968,Bachelors,13,Never-married,Craft-repair,Not-in-family,White,Male,0,0,35,United-States,<=50K
52,Private,143830,HS-grad,9,Never-married,Craft-repair,Not-in-family,White,Male,0,0,42,United-States,<=50K
36,Private,207231,Masters,14,Married-civ-spouse,Sales,Husband,White,Male,4024,0,35,United-States,>50K
41,State-gov,301726,Masters,14,Divorced,Prof-specialty,Not-in-family,Asian-Pac-Islander,Male,3667,0,38,Trinadad&Tobago,>50K
40,Private,117918,Doctorate,16,Divorced,Exec-managerial,Not-in-family,White,Male,0,0,60,United-States,>50K
56,Private,122338,7th-8th,4,Married-civ-spouse,Transport-moving,Wife,Black,Female,0,0,40,United-States,<=50K
42,Private,246932,HS-grad,9,Married-civ-spouse,Transport-moving,Husband,White,Male,0,0,40,United-States,<=50K
32,Private,285893,Bachelors,13,Married-civ-spouse,Prof-specialty,Wife,White,Female,0,0,55,United-States,<=50K
67,Private,246099,HS-grad,9,Divorced,Exec-managerial,Not-in-family,White,Male,0,0,60,United-States,<=50K
45,Private,123636,Bachelors,13,Married-civ-spouse,Exec-managerial,Wife,White,Female,0,0,45,United-States,<=50K
34,Private,229316,Some-college,10,Married-spouse-absent,Adm-clerical,Not-in-family,White,Male,0,0,40,Portugal,<=50K
57,Local-gov,227130,HS-grad,9,Married-civ-spouse,Tech-support,Husband,White,Male,0,0,50,United-States,>50K
49,Private,238243,Assoc-acdm,12,Married-civ-spouse,Other-service,Wife,White,Female,0,0,40,United-States,<=50K
42,Private,98582,11th,7,Married-civ-spouse,Craft-repair,Wife,Other,Female,0,0,40,Mexico,<=50K
33,Private,130365,Assoc-acdm,12,Married-civ-spouse,Machine-op-inspct,Wife,White,Female,0,0,50,United-States,<=50K
